venue_code,title,start_date,end_date,summary,url,notes
ng,Renoir and Love,2026-10-03,2027-01-31,"Fall in love with Renoir and his Impressionist paintings at the National Gallery. Discover Renoir’s gift for showing love, friendship, and everyday emotion in this Impressionist exhibition. See couples waltzing in the summer air and lovers stealing a glance, families sharing a quiet moment and friends raising a glass, all through the eyes of an artist unmatched in capturing the complexities of how people connect. Experience Renoir at his peak in the 1860s to 1880s, experimenting with style and theme to become an innovator of Impressionism. Walk with him through Montmartre in his iconic painting 'Bal au Moulin de la Galette' (1876) from the Musée d’Orsay, Paris, on display in the UK for the first time. Explore the sun-dappled gardens and swirling dance halls of Paris through 40 paintings, brought together from collections across the world.",https://www.nationalgallery.org.uk/exhibitions/renoir-and-love,"Found on the venue's ""current/upcoming"" listing page."
ng,Waldmüller: Landscapes,,2026-09-20,"Discover the breathtaking landscapes of one of Austria’s greatest painters, Ferdinand Georg Waldmüller (1793–1865). Stroll through forests, scale rugged peaks and marvel at majestic skies across Austria and Sicily. Take in the great trees of Vienna’s Prater Park, the magnificent lakes and mountains of the Salzkammergut region and the tranquil hills and ruins of Sicily. Pause, reflect and wonder at pictures alive with intense colour and light. See why Waldmüller’s work can be compared to the Pre-Raphaelites. Admire the precise brushstrokes which shape each leaf, twig and flower. Explore how he found beauty in nature’s imperfections, through his images of aged trunks and bare branches. Find serenity in the heart of London at this first-ever exhibition dedicated to Waldmüller's landscapes. Exhibition organised by the National Gallery, London in partnership with the Belvedere, Vienna",https://www.nationalgallery.org.uk/exhibitions/waldm%C3%BCller-landscapes,"Found on the venue's ""current/upcoming"" listing page. No opening date published while this exhibition is running."
ng,Monet and Renoir: Painting Side by Side,2026-07-27,2026-09-22,"In the summer of 1869, Monet and Renoir – then young, ambitious artists and close friends – set up their easels side by side at La Grenouillère, a fashionable riverside resort just outside Paris. Working 'en plein air’ (out-of-doors), the artists painted the same lively scene of fashionable Parisians at leisure – though their artworks reveal remarkably different approaches. For the first time in nearly twenty years, the National Gallery is reuniting two of these celebrated paintings created at La Grenouillère, side by side once more. Look closely at each brushstroke and compare the artists' individual Impressionist style and witness a close friendship that helped shape one of the most influential movements in Western art.",https://www.nationalgallery.org.uk/exhibitions/monet-and-renoir-painting-side-by-side,"Found on the venue's ""current/upcoming"" listing page. opening date taken from the site's structured data, not its visible page."
ng,Yinka Shonibare and Thomas Gainsborough: A Conversation,2026-10-15,2027-02-07,"Past meets present as one of Britain’s most celebrated works is playfully reimagined A richly dressed husband and wife sit in the English countryside. Their wealth shines through. This painting from 1750 is one of Britain’s most well-known works, showing off two people – and their privilege. But what happens when this fashionable couple and their land are ripped from the scene? British-Nigerian artist Yinka Shonibare does just that, reimagining Gainsborough’s famous piece in his own way. Through striking sculpture, Shonibare removes the heads of the people in the painting and clothes them in West African textiles.",https://www.nationalgallery.org.uk/exhibitions/yinka-shonibare-and-thomas-gainsborough-a-conversation,"Found on the venue's ""current/upcoming"" listing page."
ng,Van Eyck: The Portraits,2026-11-21,2027-04-11,"Portraiture as we know it begins with van Eyck. His vision and skill launched painting into a new era of unrivalled realism. Watchful eyes, a hint of stubble, wrinkles, flushed cheeks. Van Eyck captured his subjects in all their intimate details. Though these people sat for their portraits 600 years ago, they feel alive today. ‘Van Eyck: The Portraits’ brings together from across Europe all nine of the artist’s known painted portraits, making up half of his surviving works worldwide. Breathing life into van Eyck’s world, the exhibition introduces the men and women he spent his life around. They are not kings, queens and aristocrats; they are successful craftsmen, merchants and the artist’s relatives. This is a story of people. This is the moment when access to art widened.",https://www.nationalgallery.org.uk/exhibitions/van-eyck-the-portraits,"Found on the venue's ""current/upcoming"" listing page."
ng,Catharina van Hemessen: Signature Works,2027-03-04,2027-05-30,"The year is 1551. A talented young artist sits at the easel in her hometown of Antwerp, painting a small portrait with quiet power. After completing the work, she adds the words: ‘Catharina de Hemessen was painting [this] 1551’. In a time when few women worked as artists, Catharina van Hemessen proudly painted her name onto her artworks. This remarkable detail allows us to identify her work as a painter over 450 years later. Today, van Hemessen is the only 16th-century Flemish woman painter who is known to have signed her paintings. In March 2027, the National Gallery will host the first UK exhibition devoted to this pioneering painter. Through a collection of masterful small-scale paintings, the exhibition will show the defining moment a woman artist stepped into the spotlight. Visit 'Catharina van Hemessen: Signature Works’ for free and uncover this pivotal chapter in the history of art.",https://www.nationalgallery.org.uk/exhibitions/catharina-van-hemessen,"Found on the venue's ""current/upcoming"" listing page."
ng,German Expressionism,2027-03-20,2027-08-01,"Across Germany’s major cities, a new generation of artists emerged between 1900 and 1918 to change the rules of painting. They were the German Expressionists. Made up of two pioneering groups – Die Brücke (The Bridge) and Der Blaue Reiter (The Blue Rider) – these young artists painted raw emotions on canvas with a new intensity. Die Brücke was formed by a group of self-taught artists. Rebelling against conservative society, they lived and worked together in the bohemian corners of Dresden and other cities, before moving to Berlin, Germany’s rapidly modernising capital. For them, colour became a way to defy tradition and express themselves in new ways. Der Blaue Reiter came together in Munich around the painters Wassily Kandinsky and Gabriele Münter. The group divided their time between the bustling Munich streets and the lush landscapes around rural Murnau, 40 miles south of the city. There, the lakes and mountains fed their creative vision, full of bright colours and striking shapes.",https://www.nationalgallery.org.uk/exhibitions/german-expressionism-modern-painting-1900-1918,"Found on the venue's ""current/upcoming"" listing page."
ng,Take One Picture 2026,2026-06-04,2026-08-31,"As part of our annual Take One Picture programme, children from across the UK have made artworks inspired by ‘A Regatta on the Grand Canal’ by Canaletto. The painting shows a colourful boat race taking place in Venice. Crowds of people cheer on the gondolas as they race towards the finish line. Children have made a wide range of imaginative projects, all coming from their own questions and ideas about the painting. Who is going to win the race? What’s under the water? Why do the boats look like dragons? This year’s exhibition features artworks from 35 primary schools and is on display in the Roden Centre for Creative Learning.",https://www.nationalgallery.org.uk/exhibitions/take-one-picture-2026,"Found on the venue's ""past"" listing page."
ng,Zurbarán,2026-05-02,2026-08-23,"Enter the spellbinding world of visionary Spanish painter Francisco de Zurbarán. Spend time with his paintings, celebrated for their vivid naturalism and deep emotional power. Move between soaring altarpieces and exquisite still lifes in the first major UK exhibition of this great artist from Baroque Seville. A peer of Murillo and Velázquez, Zurbarán stands out for his drama, mystery and vision. From the rind of a lemon to the timeless gaze of a saint, he finds an intensity in the ordinary. Strong light and deep shadow bring real faces, soft fabrics, fresh fruit and flowers to life. His paintings unite stillness, focus and faith.",https://www.nationalgallery.org.uk/exhibitions/past/zurbaran,"Found on the venue's ""past"" listing page."
ng,Stubbs: Portrait of a Horse,2026-03-12,2026-05-31,"Step into the world of George Stubbs, the visionary British painter. Marvel at his monumental portrait of a rearing racehorse, ‘Scrub’. In the 1750s, Stubbs spent 18 months in a remote barn in Horkstow, Lincolnshire. Hidden away, he devoted his time to studying and drawing the anatomy of horses. What resulted was the most thorough study on the subject for over a hundred years. Incredibly, Stubbs’s pictures of horses are still some of the most accurate ever painted, all while capturing their unique characters. In this exhibition, you’ll meet one of these horses, Scrub. Painted by Stubbs around 1762, we see Scrub rearing in a landscape backdrop — notably without a rider.",https://www.nationalgallery.org.uk/exhibitions/past/stubbs-portrait-of-a-horse,"Found on the venue's ""past"" listing page."
ng,Wright of Derby: From the Shadows,2025-11-07,2026-05-10,"In an interplay of light and darkness, Joseph Wright of Derby conjures sublime pictures of discovery and learning. 'Wright of Derby: From the Shadows' is the first major exhibition dedicated to the British artist’s ‘candlelight’ paintings. We celebrate and look again at his most admired works. Illuminated faces gather around a variety of objects – from classical sculptures and scientific instruments to bones, bladders and animals. Through his unflinching scenes of people watching, Wright of Derby proposes moral questions about acts of looking. The strong light and deep shadows create drama, reminding us of great painters from earlier centuries like Caravaggio. Challenging the traditionally held view of Wright of Derby as a figurehead of the Enlightenment, this exhibition contributes to the ongoing re-evaluation of the artist, portraying him not merely as a ‘painter of light’. More than virtuoso scenes of dramatic light and shade, Wright of Derby used the night-time to explore deeper and more sombre themes, including death, melancholy, morality, scepticism and the sublime.",https://www.nationalgallery.org.uk/exhibitions/past/wright-of-derby-from-the-shadows,"Found on the venue's ""past"" listing page."
ng,ming wong: Dance of the sun on the water | Saltatio solis in aqua,2026-01-15,2026-04-06,"Saint Sebastian is a figure who has inspired artists across generations. A Roman soldier who secretly converted to Christianity, he was persecuted for his faith by being shot with arrows. There are 14 depictions of Saint Sebastian in the National Gallery’s collection, by artists from the Pollaiuolo brothers to Gerrit van Honthorst. Our 2025 Artist in Residence, Ming Wong, continues this tradition with a new short film and installation based on the story of his martyrdom. Wong’s film, called ‘Dance of the sun on the water | Saltatio solis in aqua’, draws on paintings of Saint Sebastian and the landmark film ‘Sebastiane’ (1976) by British filmmaker Derek Jarman, setting the story inside the National Gallery itself. Like Jarman, Wong brings together objects and ideas from different periods of history. The film features a variety of references from the Renaissance to the present to reimagine the life of this iconic saint.",https://www.nationalgallery.org.uk/exhibitions/past/the-national-gallery-artist-in-residence-ming-wong,"Found on the venue's ""past"" listing page."
ng,Edwin Austin Abbey: By the Dawn’s Early Light,2025-11-20,2026-02-15,"From Philadelphia to Gloucestershire, hear the story of a great American artist and his finest painting. See Edwin Austin Abbey’s huge study for ‘The Hours’, the celestial scene that decorates the ceiling of the House of Representatives Chamber, Pennsylvania State Capitol, Harrisburg. His most important work, created late in his career, it was to be his last. A friend of John Singer Sargent, Royal Academician, successful artist and illustrator – Abbey, born 1852 in Philadelphia, left the US in 1878 for the UK, where he would live for the rest of his life. He produced ‘The Hours’ in his Gloucestershire studio, then the largest art studio in Europe, from where both the study and mural were shipped to the US. Abbey’s career spanned an age of renewal in America, one of national expression, optimism and ambition that drove new, grand public architectural commissions like the State Capitol building and inspired literature and the arts.",https://www.nationalgallery.org.uk/exhibitions/past/edwin-austin-abbey-by-the-dawn-s-early-light,"Found on the venue's ""past"" listing page."
ng,Radical Harmony,2025-09-13,2026-02-08,"See paintings by artists including Seurat, Van Gogh, Signac and Pissarro Connect the dots as you experience the world's most significant collection of Neo-Impressionist art. When critics first saw Georges Seurat’s new style of painting, they thought it might bring about the death of painting itself. But what was it about artists like Paul Signac, Anna Boch, Jan Toorop and Henri-Edmond Cross, that ruffled so many feathers? Neo-Impressionists painted in small dots of pure colour. Viewed from a distance, the colours blend to create nuanced tones and an illusion of light. Now known as pointillism, this technique simplified form and played with colour in an entirely new way, verging on the edge of abstraction.",https://www.nationalgallery.org.uk/exhibitions/past/radical-harmony-neo-impressionists,"Found on the venue's ""past"" listing page."
ng,Millet: Life on the Land,2025-08-07,2025-10-19,"The sower, the woodcutter, a shepherd girl. These are the subjects that made French artist Jean-Francois Millet famous. Marking the 150th anniversary of his death, this is an opportunity to see some of Millet’s best-loved paintings and drawings. Born into a farming family in Normandy, Millet moved to the village of Barbizon in 1849 where he put the people who spent their life working on the land, often the poorest of the poor in 19th-century France, at the heart of his work. He knew these people and his realistic, unsentimental approach to painting them was completely new. See his iconic 'L’Angelus' (1859) from the Musée d’Orsay, Paris, a painting typical of the dignified way he captured the working people of his age. A husband and wife stand with their heads bowed. Lit by an almost ethereal, filtered light, they’ve stopped working in the fields to say the Angelus prayer.",https://www.nationalgallery.org.uk/exhibitions/past/millet-life-on-the-land,"Found on the venue's ""past"" listing page."
ng,Take One Picture 2025,2025-06-11,2025-08-31,"See the painting 'The Courtyard of a House in Delft' by Pieter de Hooch through the eyes of a child. Take One Picture is the National Gallery's programme for primary schools. Each year, children make and exhibit artworks in response to one painting in our collection. This year’s painting, by 17th-century Dutch artist de Hooch, has inspired a wide range of projects, from wicker sculptures and cardboard houses to clay tiles and baked apple pies! Presented across three sites in and around the National Gallery, this year's exhibition can be enjoyed as artwork displays and as a digital augmented reality trail.",https://www.nationalgallery.org.uk/exhibitions/past/take-one-picture-2025,"Found on the venue's ""past"" listing page."
ng,José María Velasco,2025-03-29,2025-08-17,"See the first UK exhibition of Mexico’s much-loved artist, José María Velasco. Velasco, working in Mexico in the 19th century, was a man of many interests. He was fascinated by advances in geology, the archaeology of his home country, the study of local flora, and the increasing presence of industrialisation. He painted the sweeping landscapes of the Valley of Mexico, the home of modern-day Mexico City, with exquisite detail. His impressive panoramic views of the valley reveal allusions to Mexico's historic past and its rapidly modernising present. Velasco was keenly aware of his country’s industrialisation, capturing expanding train lines and factories alongside botanically accurate studies of plants. His scientific eye inspired his art, and his love of geology is clear to see in his detailed depictions of rocks and volcanoes.",https://www.nationalgallery.org.uk/exhibitions/past/velasco,"Found on the venue's ""past"" listing page."
ng,The Carracci Cartoons: Myths in the Making,2025-04-10,2025-07-06,"Two artist brothers from Bologna in northern Italy, Annibale and Agostino Carracci, visit Rome in 1594. They are about to take on a huge commission – to decorate rooms in the great Farnese Palace. A private family residence, its owner, Odoardo Farnese newly elected cardinal aged just 20, had inherited great wealth. Having finished the cardinal’s study, in 1597 they start work on the palace’s vast gallery. How to prepare? Two huge charcoal drawings on paper tell us this story. They are preparatory drawings for the hall’s monumental fresco. The word cartoon comes from the Italian ‘cartone’ meaning a large sheet of paper. As well as being a vital part of the creative process, they are works of art in their own right. Alive with mythical sea creatures, gods and goddesses, putti and crashing waves, the drawings reflect the inspiration the Carracci brothers found in Rome’s antique sculptures and recent works by their predecessors, Michelangelo and Raphael. Remarkable survivors of art in the making, the cartoons offer a window into the brothers’ ideas, creative process and technique.",https://www.nationalgallery.org.uk/exhibitions/past/the-carracci-cartoons-myths-in-the-making,"Found on the venue's ""past"" listing page."
ng,"Siena: The Rise of Painting, 1300 ‒1350",2025-03-08,2025-06-22,"Step into Siena. It’s the beginning of the 14th century in central Italy. A golden moment for art, a catalyst of change. Artists Duccio, Simone Martini and the brothers Pietro and Ambrogio Lorenzetti are forging a new way of painting. They paint with a drama that no one has seen before. Faces show emotion. Bodies move in space. Stories flow across panels in colourful scenes. We bring to life a vibrant city of artists collaborating, learning and looking. After centuries of separation, we reunite scenes that once formed part of Duccio’s monumental 'Maestà' altarpiece. Panels from Simone Martini’s glittering Orsini polyptych come together for the first time in living memory. This local artistic phenomenon made waves internationally. Gilded glass, illuminated manuscripts, ivory Madonnas, rugs and silks show Siena’s creative energy spilling over between painters, metalworkers, weavers and carvers across Europe.",https://www.nationalgallery.org.uk/exhibitions/past/siena-the-rise-of-painting,"Found on the venue's ""past"" listing page."
ng,Parmigianino: The Vision of Saint Jerome,2024-12-05,2025-03-09,"Witness one of the most visionary artists of the Renaissance at work and rediscover his masterpiece that pushed art in a new direction. This exhibition explores the creation of Parmigianino’s 'The Madonna and Child with Saints', also known as ‘The Vision of Saint Jerome’. It returns to public display for the first time in 10 years following conservation. Born in the Northern Italian city of Parma, after which he was nicknamed, Girolamo Francesco Maria Mazzola (1503‒1540) was a child prodigy. He drew constantly. At age 21 he moved to Rome, where he impressed the Pope and was praised as a ‘Raphael reborn’. This altarpiece was his first major work there. In 1527, the Sack of Rome erupted around him while he finished the painting. According to legend, looting Imperial soldiers invading his studio were so amazed by it that they let him continue.",https://www.nationalgallery.org.uk/exhibitions/past/parmigianino-the-vision-of-saint-jerome,"Found on the venue's ""past"" listing page."
ng,Discover Constable & The Hay Wain,2024-10-17,2025-02-02,"Find out what lies behind the making of 'The Hay Wain' and its iconic status in British art. Through paintings including George Morland’s building storm and the atmospheric light of William Mulready’s farrier shop, we look at how Constable’s contemporaries created rural scenes. William Blake’s mystic works take us into the realm of the spiritual landscape while we experience the poetic and political landscape through contemporary poetry and prints. We bring together sketches of the scene the artist made over twenty years before producing the finished work in his London studio. When early 19th-century visitors saw Constable’s 'Hay Wain' some found his truthful vision of the Suffolk landscape to be quite radical. Today, over 200 years later, the painting is considered a traditional image of the English countryside. This status has led artists and activists to reinterpret, edit, and react to the painting, particularly in light of our changing climate.",https://www.nationalgallery.org.uk/exhibitions/past/discover-constable-and-the-hay-wain,"Found on the venue's ""past"" listing page."
ng,Van Gogh: Poets and Lovers,2024-09-14,2025-01-19,"Be blown away by Van Gogh’s most spectacular paintings in our once-in-a-century exhibition. Walk with a pair of lovers beneath a starry night. Look up at swirling clouds and cypress trees swaying in the wind. Stay a little while in Van Gogh’s favourite park, the ‘Poet’s Garden’, or under a shady tree in Saint-Rémy. We’re bringing together your most loved of Van Gogh’s paintings from across the globe, some of which are rarely seen in public. They will be paired together with his extraordinary drawings. Over just two years in the south of France, Van Gogh revolutionised his style in a symphony of poetic colour and texture. He was inspired by poets, writers and artists. We look at this time in Arles and Saint-Rémy as a decisive period in his career. His desire to tell stories produced a landscape of poetic imagination and romantic love on an ambitious scale.",https://www.nationalgallery.org.uk/exhibitions/past/van-gogh-poets-and-lovers,"Found on the venue's ""past"" listing page."
ng,NG Stories: Making a National Gallery,2024-10-04,2025-01-12,"Immerse yourself in 200 years of extraordinary National Gallery stories. From a resident family of 14 and an intrepid travelling agent to ground-breaking scientists and a wartime pianist, NG Stories tells the history of the National Gallery through the people who made us what we are today. There’s a slate mine in Wales where paintings were safely stored during the Second World War. A guard dog who became a member of staff. And a Keeper’s family, with 14 children, who lived in the building and kept diaries. You’ll discover some of the untold personal stories of the Gallery and the special memories we have been privileged to help create for our visitors. From childhood adventures to life-changing first art encounters, our visitors have always been at the heart of what we do.",https://www.nationalgallery.org.uk/exhibitions/past/ng-stories,"Found on the venue's ""past"" listing page."
ng,Hockney and Piero: A Longer Look,2024-08-08,2024-10-27,"David Hockney, in his own words, has always been a looker. Throughout his career, Hockney has found inspiration in the work of other artists. He never tires of looking at paintings. For him, there’s magic in it every time, whether that’s enjoying a picture in a gallery or a much-loved poster at home. This very personal show brings together two Hockney paintings, one showing his mother and father and the other depicting his friend, curator Henry Geldzahler. They are displayed with the thread that ties them together, Piero della Francesca’s ‘The Baptism of Christ’. ‘My Parents’ and ‘Looking at Pictures on a Screen’ both include images of paintings from the National Gallery, a place Hockney knows and has loved throughout his long career. The artists whose portraits and landscapes line the walls are to him, his contemporaries. Their paintings inspire him today as much as any other influence on his work. The exhibition, part of our Bicentenary celebrations, is a chance to slow down, to take in what’s in front of us and enjoy life-enhancing art in the Gallery. Just like Hockney’s parents and friend Geldzahler, let’s take a longer look.",https://www.nationalgallery.org.uk/exhibitions/past/hockney-and-piero-a-longer-look,"Found on the venue's ""past"" listing page."
ng,Discover Degas & Miss La La,2024-06-06,2024-09-01,"Degas’s 'Miss La La at the Cirque Fernando' takes centre stage in this exhibition that sheds light on this work with newly discovered information about the painting and its sitter. This radical Impressionist masterwork records an extraordinary moment and features a remarkable figure – the circus artist Miss La La, or Anna Albertine Olga Brown (1858‒1945). In 1879 Degas made the talented aerialist the subject of one of his most original and arresting paintings, capturing her in one of her most striking and perilous acts. Suspended from a rope held between her teeth by a leather mouthpiece, Miss La La is hoisted up towards the ceiling of the Cirque Fernando Featuring new material, from rare, previously untraced drawings of her by Degas, to entirely unpublished photographic portraits of Miss La La, the exhibition turns the spotlight on her, and on the painting, telling their story for the first time at the Gallery.",https://www.nationalgallery.org.uk/exhibitions/past/discover-degas-and-miss-la-la,"Found on the venue's ""past"" listing page."
ng,Take One Picture 2024,2024-08-01,2024-09-01,"As part of our annual Take One Picture programme, primary school children from across the UK have made works inspired by Henri Rousseau’s 'Surprised!' The painting shows a tiger in a jungle storm, crouching low in long grass as rain lashes the foliage and lightning flashes overhead – but who or what is surprised? Children have made a wide range of works in response to the painting. Some were fascinated by the tiger, leading to projects about camouflage and animal eyes. Others focused on the plants, inspiring them to research and recreate rainforest foliage. Many children were concerned about habitat loss affecting tigers, which inspired them to use recycled materials and raise money for conservation charities. This year’s exhibition is part of the Gallery’s Free Festival of Art outside on Trafalgar Square, where you can also take part in creative activities inspired by Rousseau’s Surprised! and the children’s projects.",https://www.nationalgallery.org.uk/exhibitions/past/take-one-picture-2024,"Found on the venue's ""past"" listing page."
ng,The Last Caravaggio,2024-04-18,2024-07-21,"May 1610. Caravaggio is in Naples working on the last picture he'd ever paint. Two months later, he died in mysterious circumstances. But it was during his final tumultuous years that Caravaggio made some of his most striking works. His characteristic style includes tightly cropped scenes and dramatic lighting. He used real models with dirty feet and grimy fingernails. Few paintings are better placed to tell the story of Caravaggio’s final years than his last-known work, 'The Martyrdom of Saint Ursula' (1610, Gallerie d’Italia, Naples). The painting is coming to London for the first time in 20 years.",https://www.nationalgallery.org.uk/exhibitions/past/the-last-caravaggio,"Found on the venue's ""past"" listing page."
rijks,ED VAN DER ELSKEN. UP CLOSE,2026-06-19,2026-09-13,"A cyclist cheekily sticking out her tongue, tough youths on Amsterdam's Nieuwendijk, young women in miniskirts. From The Netherlands to Cuba and Japan, Ed van der Elsken chased the same unfiltered energy. Different streets, a different time - and yet you recognise it. He is one of the most beloved Dutch photographers of the twentieth century. But how did his pictures come about? What did he see that others missed? And what did he set aside, sometimes for years, before he was satisfied? The exhibition Ed van der Elsken. Up Close takes you into his studio. Since 2019, the Rijksmuseum and the Nederlands Fotomuseum have looked after his personal archive together, and for the first time the material has been examined in full. Alongside his best-known photographs, you'll see his handwritten notes, contact sheets covered in red marks, darkroom experiments and newly discovered book dummies.",https://www.rijksmuseum.nl/en/whats-on/exhibitions/ed-van-der-elsken,"Found on the venue's ""current/upcoming"" listing page. opening date read from a sentence, not a date field: ""19 June till 13 September 2026""."
rijks,FIEP WESTENDORP,2026-06-19,2026-09-13,"150 drawings by the illustrator who gave post-war Netherlands a visual language all of its own Jip and Janneke, Pim and Pom, Pluk van de Petteflet. This summer the Rijksmuseum brings together some 150 original drawings by illustrator Fiep Westendorp. From early sketches to the illustrations that have stayed with generations of children. Early sketches, personal drawings, iconic book illustrations and work for Het Parool : you see how versatile Westendorp was, and how her recognisable visual style slowly took shape. Fiep Westendorp (1916–2004) knew from a young age what she wanted to be: an illustrator. She studied first at the Koninklijke School voor Kunst, Techniek en Ambacht (Royal School of Art, Technology and Craft) in 's-Hertogenbosch, then at the Academie van Beeldende Kunsten (Academy of Visual Arts) in Rotterdam. In her early sketchbooks you see her style emerging: quick, keen-eyed, full of humour.",https://www.rijksmuseum.nl/en/whats-on/exhibitions/fiep-westendorp,"Found on the venue's ""current/upcoming"" listing page. opening date read from a sentence, not a date field: ""19 June till 13 September 2026""."
rijks,CAREL VISSER IN THE RIJKSMUSEUM GARDENS,2026-06-05,2026-10-25,"This summer, the Rijksmuseum Gardens are home to the work of Carel Visser, the most influential Dutch sculptor of the twentieth century. Visser's sculptures, some as tall as eight metres or as long as five metres, come from museums, private collections and public spaces. Now they are brought together for the very first time. Carel Visser (1928–2015) had little affinity with traditional sculptors' materials such as marble, stone or wood. Iron was his great love. With a cutting torch and welding equipment, he shaped his sculptures from steel plates and beams. Stacking, repetition and symmetry give his sculptures a rigorous structure that never feels cold. You always recognise something in them. A spine. A branch. An animal at rest. Visser always looked to nature and searched for its essence. What do you see?",https://www.rijksmuseum.nl/en/whats-on/exhibitions/carel-visser,"Found on the venue's ""current/upcoming"" listing page. opening date read from a sentence, not a date field: ""5 June to 25 October (year taken from the listing page)""."
rijks,IN THE RIJKSMUSEUM PRINT CABINETS,,2026-11-29,"With more than 750,000 prints and drawings, the Rijksmuseum's collection is one of the largest in the world. Because of the fragility of the material, we rotate the selection in the print cabinets every six month, allowing us to share new stories each time. This presentation focuses on Roman street art, social satire and Japanese fairy tales. There is also a cabinet dedicated to the Van Eeghen Drawing Book, a unique 17th-century drawing book recently gifted to the museum. In the Rome of the 1520s, Polidoro da Caravaggio (c. 1499–1543) was one of the most sought-after artists of his time. He decorated palace facades with monochrome sgraffiti (layers of scratched plaster) depicting mythological and historical scenes, visible to everyone passing on the street. Many of these facade decorations have been lost, but drawings and prints keep them alive. They show how his innovative work spread and inspired artists across Europe. This early 17th-century drawing book is a recent gift to the Rijksmuseum, named after the family who owned it for 300 years. It is unique in having survived fully intact. It contains around thirty drawings, including a series of biblical scenes attributed to Rombout Uylenburgh and his workshop. Uylenburgh emigrated with his family from Friesland to Kraków, where he became a court painter. In 1612 he moved to Danzig (now Gdańsk), a port city with many Dutch inhabitants. There the book likely came into the possession of the Amsterdam merchant Reyer Claesz., whose name appears on the binding. After his death, Uylenburgh fell into obscurity. No refined beauty here, but a glimpse of raw reality. The prints of Giuseppe Mitelli (c. 1634–1718) are considered forerunners of the cartoon. With humour and sharp satire, he depicts wealthy young men, street vendors and beggars in a world of stark inequality. Success, love, honour: almost everything is for sale. His portrayals of the fragility of human existence still hit home. Shared experiences remain recognisab",https://www.rijksmuseum.nl/en/whats-on/exhibitions/in-the-rijksmuseum-print-cabinets,"Found on the venue's ""current/upcoming"" listing page. No opening date published while this exhibition is running."
rijks,PARTIALLY CLOSED,,,"Every six months, the curators present new stories from the Rijksmuseum’s Asian art collection. Under the watchful eyes of the Japanese temple guardians, renowned Taiwanese artist Tong Yang-Tze presents two works. There is also a focus on the Taiwanese artist and fashion designer Sophie Hong, the collection of Asian ivory carvings and the Japanese concept of 'kazari' - the art of decoration.",https://www.rijksmuseum.nl/en/whats-on/exhibitions/asian-pavilion,"Found on the venue's ""current/upcoming"" listing page. No closing date found anywhere on the venue's pages."
rijks,WORN,2026-03-27,2027-03-21,"In this intimate fashion presentation, 24 worn, altered and reused garments take centre stage. Signs of wear, repair and craftsmanship tell their story: from 17th-century embroidered mules to a dress worn for generations by the Six family.",https://www.rijksmuseum.nl/en/whats-on/exhibitions/worn,"Found on the venue's ""current/upcoming"" listing page. opening date read from a sentence, not a date field: ""27 March 2026 to 21 March 2027""."
rijks,20th-century Galleries,,2026-11-09,"Every six months we present new spotlight displays in the 20th-century galleries of the Rijksmuseum. This edition highlights the drawings of Madelon Vriesendorp, Charley Toorop’s artistic circle, and the influence of photography on 20th-century advertising.",https://www.rijksmuseum.nl/en/whats-on/exhibitions/new-displays-in-the-20th-century-galleries,"Found on the venue's ""current/upcoming"" listing page. No opening date published while this exhibition is running."
rijks,WILLEM DE KOONING AT WORK,2026-10-09,2027-01-17,"One hundred years ago, Willem de Kooning left the Netherlands for a new life in New York, where he became one of the most influential artists of the 20th century. This autumn, he returns, with a major retrospective of his drawings, complemented by a selection of celebrated paintings and sculptures. Alongside the exhibition, two of his most iconic paintings will be displayed in the Gallery of Honour. The exhibition is a collaboration with the Art Institute of Chicago and The Willem de Kooning Foundation in New York and can be seen from 9 October 2026 until 17 January 2027. De Kooning drawings are not studies for paintings. For him, drawing was a way of exploring. Through sketching, correcting, repeating, and deliberately surprising himself. This process was fundamental to his art in every medium and is visible on nearly every artwork he completed. ""I have to change to stay the same"" (1981), is what he liked to say. And so his art never stood still. In over 120 pieces, you see how his drawing evolved across more than 65 years, from early drawings as a student to rapid charcoal sketches.",https://www.rijksmuseum.nl/en/whats-on/exhibitions/willem-de-kooning-at-work,"Found on the venue's ""current/upcoming"" listing page. closing date read from a sentence, not a date field: ""9 October 2026 until 17 January 2027""."
rijks,DOCUMENT NETHERLANDS: NEW ENERGY,2026-10-09,2027-01-17,"Kadir van Lohuizen photographs the energy transition on and around the North Sea Wind turbines hundreds of metres tall, metres-thick underwater cables, colossal platforms on the open sea. The energy transition is unfolding on a scale that's impossible to grasp. Photographer and filmmaker Kadir van Lohuizen turns his camera on places almost no one ever visits: offshore wind farms, hydrogen plants, CO₂ storage sites and data centres. For the exhibition New Energy , Van Lohuizen was granted exclusive access to these sites in the Netherlands, Germany, Denmark, Norway and the United Kingdom. It offers a panoramic view of a development that plays out largely out of sight, on the open sea and inside closed, complex installations. This exhibition is part of the Document Netherlands series, the Rijksmuseum's annual photography commission in which a Dutch photographer is asked to research and capture a current social theme. Kadir van Lohuizen is known for his sharp eye and his ability to bring large, complex stories close and make them tangible. His best-known projects deal with the consequences of rising sea levels, the diamond industry, migration in the Americas, and the way six megacities process their waste, as well as the global food industry. Kadir has won numerous photojournalism awards, including the World Press Photo Award for his photo series on waste in the world's cities.",https://www.rijksmuseum.nl/en/whats-on/exhibitions/document-netherlands-new-energy,"Found on the venue's ""current/upcoming"" listing page. closing date read from a sentence, not a date field: ""9 October 2026 till 17 January 2027""."
rijks,DRAWING!,2027-02-12,2027-05-23,"Around 1600, the art of drawing experienced a true revolution in the Northern Netherlands. A group of artist friends, including Hendrick Goltzius, Jacques de Gheyn II, and Abraham Bloemaert, found each other in their drive for innovation. Together they brought the art of drawing to unprecedented heights. They experimented with all kinds of materials, techniques, and subjects, and pushed nearly every boundary. With over 100 highlights from European and American collections, this revolution in the art of drawing comes together in a major overview exhibition. The exhibition The Art of Drawing can be seen from 12 February to 23 May 2027 at the Rijksmuseum, followed by 18 June to 26 September 2027 at The Morgan Library & Museum in New York.",https://www.rijksmuseum.nl/en/whats-on/exhibitions/draw,"Found on the venue's ""current/upcoming"" listing page. closing date read from a sentence, not a date field: ""12 February till 23 May 2027""."
rijks,METAMORPHOSES,2026-02-06,2026-05-25,"Passion, desire, lust, jealousy, cunning and deceit. The Rijksmuseum takes you on a journey into one of the greatest and most important sources of inspiration for artists: The Metamorphoses by the poet Ovid.",https://www.rijksmuseum.nl/en/whats-on/exhibitions/metamorphoses,"Found on the venue's ""past"" listing page."
rijks,FAKE!,2026-02-06,2026-05-25,"At a time when AI is becoming increasingly sophisticated, you may ask yourself: when is a photograph real or fake? Yet images have been manipulated, often with surprising ease, since the very beginnings of photography. In FAKE! you will explore 50 historical images from our collection that reveal creative and deceptive visual illusions.",https://www.rijksmuseum.nl/en/whats-on/exhibitions/fake,"Found on the venue's ""past"" listing page."
rijks,SUIT YOURSELF,2025-03-22,2026-03-15,"The intimate spotlight exhibition Suit Yourself presents the exuberant finery worn by flamboyant Dutch men in the 18th and 19th centuries, made with striped velvet, floral embroidery and rich silk fabrics.",https://www.rijksmuseum.nl/en/whats-on/exhibitions/suit-yourself-or100-years-of-menswear-1750-1850,"Found on the venue's ""past"" listing page."
rijks,OCCUPIED CITY,2025-09-12,2026-01-25,"The Rijksmuseum presents two versions of Steve McQueen’s 34-hour video artwork, Occupied City.",https://www.rijksmuseum.nl/en/whats-on/exhibitions/steve-mcqueen-occupied-city,"Found on the venue's ""past"" listing page."
rijks,AT HOME IN THE 17TH CENTURY,2025-10-17,2026-01-11,"What was life really like in the 17th century? That’s the museum’s most-asked question. Now, the time has come to find out. At Home in the 17th Century offers an up-close experience of daily life 400 years ago. Immerse yourself in a full day of the 17th century as you walk among the nine diorama-style displays that make up this exhibition — packed with personal stories and unique objects.",https://www.rijksmuseum.nl/en/whats-on/exhibitions/past/thuis-in-de-17de-eeuw,"Found on the venue's ""past"" listing page."
rijks,DOCUMENT NEDERLAND,2025-11-01,2026-01-11,"The subject of asylum is in the news almost every day. All sorts of people are talking about it: from politicians, media commentators and human rights and aid organisations to members of the public who take one side or another. For Document Nederland, the Rijksmuseum’s annual photographic commission, the artist Tina Farifteh documents the Dutch asylum system. The central figure in her exhibition is a man identified only by his initial: B. Following more than four months in immigration detention at Schiphol Airport and a stay in Ter Apel asylum reception centre, B. is now in the midst of an asylum procedure. By positioning him as the narrator, she reverses the gaze on our asylum procedures: Instead of talking about asylum seekers, she literally has us listen to one of them. In doing so, Farifteh holds up a mirror to the visitor. This exhibition is not about ‘them,’ but us. Tina Farifteh is a photographer, filmmaker and visual artist whose work explores the impact of power structures on the lives of ordinary people. Her earlier works include the audiovisual installation The Flood (2021) and the short documentary Kitten or Refugee? (2023), for which she won the 2024 Silver Camera for Storytelling. Alongside Document Nederland, the Rijksmuseum’s photography gallery is presenting Document Nederland Junior, the annual photographic competition and display for students in secondary and vocational education. The competition shares its theme with the main commission. For each edition, ten young photographers are selected to take part in a masterclass, given this year by Tina Farifteh and experts from the Rijksmuseum. Their photographs will be on display in the second room of the photography gallery.",https://www.rijksmuseum.nl/en/whats-on/exhibitions/past/document-nederland-tina-farifteh,"Found on the venue's ""past"" listing page. opening and closing date read from a sentence, not a date field: ""1 November 2025 to 11 January 2026""."
rijks,ISAMU NOGUCHI,2025-05-28,2025-10-26,"In Isamu Noguchi’s world, sculpture is everywhere. So what does his world look like? Discover his playful sculptures this summer at the free outdoor exhibition in the gardens of the Rijksmuseum.",https://www.rijksmuseum.nl/en/whats-on/exhibitions/past/isamu-noguchi-in-de-rijksmuseumtuinen,"Found on the venue's ""past"" listing page."
rijks,CROSSINGS,2025-07-04,2025-10-12,Discover how colonial and contemporary perspectives converge in photographs from the Indian subcontinent. Past meets present in the Crossings exhibition.,https://www.rijksmuseum.nl/en/whats-on/exhibitions/crossings,"Found on the venue's ""past"" listing page."
rijks,FIONA TAN: MONOMANIA,2025-07-04,2025-09-14,Internationally acclaimed artist Fiona Tan is given carte blanche at the Rijksmuseum. Step into the world of Monomania.,https://www.rijksmuseum.nl/en/whats-on/exhibitions/fiona-tan-monomania,"Found on the venue's ""past"" listing page."
rijks,ASIAN BRONZE,2024-09-27,2025-01-12,"From Shiva and the Buddha to wine casks and weapons. Everything about bronze triggers your senses. For centuries, this material has played a central role in the traditions of Asia. Now you too can experience the beauty of bronze art at last.",https://www.rijksmuseum.nl/en/whats-on/exhibitions/past/asian-bronze,"Found on the venue's ""past"" listing page."
rijks,FESTIVAL FRENZY,2024-09-27,2025-01-12,"Across the Netherlands, major music festivals draw vast, exuberant crowds. In this series, Eddo Hartmann photographs the individual festivalgoer, both one with the throng and lost against the backdrop of the Dutch events industry.",https://www.rijksmuseum.nl/en/whats-on/exhibitions/past/document-nederland,"Found on the venue's ""past"" listing page."
rijks,LEE UFAN,2024-05-28,2024-10-27,"Korean artist Lee Ufan describes his work as ‘art of the encounter’. Find time this summer for your very own calm encounter with Lee Ufan’s sculptures, among the hustle and bustle of museum square.",https://www.rijksmuseum.nl/en/whats-on/exhibitions/past/lee-ufan,"Found on the venue's ""past"" listing page."
rijks,POINT OF VIEW,2024-07-05,2024-09-01,"Did all 17th-century children wear dresses? Why did women have to fight so hard to wear trousers? And what does the size of your desk say about your gender? Point of View explores how ideas around gender have been visualised through the ages, and shows they are constantly changing.",https://www.rijksmuseum.nl/en/whats-on/exhibitions/past/point-of-view,"Found on the venue's ""past"" listing page."
rijks,STOP MOTION,2024-07-05,2024-09-01,De fotocamera bleek iets te kunnen wat het menselijk oog niet kon: een snelle beweging volgen en analyseren. Wat bleek: de paardengalop was altijd verkeerd weergegeven door kunstenaars.,https://www.rijksmuseum.nl/nl/zien-en-doen/tentoonstellingen/afgelopen/stop-motion,"Found on the venue's ""past"" listing page."
rijks,EXPRESS YOURSELF,,,Discover youth culture as seen through the lenses of Gerard Wessel and André Bogaerts. This unique glimpse into teenage lifestyles juxtaposes the wild expressiveness of the nightlife scene captured in Wessel’s photos with Bogaerts’ intimate portraits of teens on the cusp of adulthood – all shot in the period from 1981 to 2012.,https://www.rijksmuseum.nl/en/whats-on/exhibitions/past/express-yourself,"Found on the venue's ""past"" listing page. The venue's page shows only ""16 Feb - 9 June"" for this exhibition's dates — no year is published anywhere."
rijks,RICHARD LONG,,,"Every year, the Rijksmuseum holds an outdoor exhibition, this year featuring Richard Long. Richard Long is famous for his subtle interventions in the landscape at some of the most remote locations around the world. Entrance is free to all in the Rijksmuseum gardens.",https://www.rijksmuseum.nl/en/whats-on/exhibitions/past/richard-long,"Found on the venue's ""past"" listing page. No closing date found anywhere on the venue's pages."
rijks,MISSION MASTERPIECE,,,,https://www.rijksmuseum.nl/en/whats-on/exhibitions/past/mission-masterpiece,"Found on the venue's ""past"" listing page. The venue's own link to this exhibition is broken (HTTP 404). No closing date found anywhere on the venue's pages."
rijks,XXL PAPER,,,"How do you exhibit a 23-metre long painted landscape? A 16-metre-long print of a funeral procession? Or a life-size design for a 12-metre high church window? These are some of the largest works on paper in our collection. With their size and fragility, they are rarely if ever on display. But now they are!",https://www.rijksmuseum.nl/en/whats-on/exhibitions/past/xxl-paper,"Found on the venue's ""past"" listing page. No closing date found anywhere on the venue's pages."
rijks,MODERN JAPANESE LACQUER,,,"The shimmering golden branches of a willow tree, a vigilant praying mantis standing atop an aubergine, sunlight falling on a flower: discover the spectacular detail and beauty of Japanese lacquer this summer.",https://www.rijksmuseum.nl/en/whats-on/exhibitions/past/modern-japanese-lacquer,"Found on the venue's ""past"" listing page. No closing date found anywhere on the venue's pages."
rijks,REVOLUSI!,,,"Diplomats, freedom fighters, victims, liberators. Everyone has a different view. REVOLUSI! is about the Indonesian struggle for independence (1945-‘49), seen through the eyes of people who experienced it. More than 20 personal stories tell us how the ideal of a free Indonesia is fervently pursued; how it is fought over, how it is negotiated, how it is propagated and how the revolution determines human lives.",https://www.rijksmuseum.nl/en/whats-on/exhibitions/past/revolusi,"Found on the venue's ""past"" listing page. No closing date found anywhere on the venue's pages."
rijks,VINCENT MENTZEL,,,"For years, Vincent Mentzel (1945) has been one of the most iconic photographers in the Netherlands. He literally gave shape to the news. During his career photojournalism has changed: from a less important medium to a powerful and independent one with artistic possibilities. Come and see this development through Mentzel's photos.",https://www.rijksmuseum.nl/en/whats-on/exhibitions/past/vincent-mentzel,"Found on the venue's ""past"" listing page. No closing date found anywhere on the venue's pages."
rijks,HENK WILDSCHUT,,,,https://www.rijksmuseum.nl/en/whats-on/exhibitions/past/henk-wildschut,"Found on the venue's ""past"" listing page. The venue's own link to this exhibition is broken (HTTP 404). No closing date found anywhere on the venue's pages."
rijks,ELLSWORTH KELLY,,,"This summer it will be impossible to miss the immense sculptures in the outdoor exhibition Ellsworth Kelly in the Rijksmuseum Gardens. Kelly was one of the most important American artists of the second half of the 20th century. Nine of his sculptures will be displayed in our gardens, and all of them are appearing in the Netherlands for the first time.",https://www.rijksmuseum.nl/en/whats-on/exhibitions/past/ellsworth-kelly,"Found on the venue's ""past"" listing page. The venue's page shows only ""Until 24 October"" for this exhibition's dates — no year is published anywhere."
rijks,SLAVERY,,,"This exhibition about slavery takes the form of personal and real-life stories rather than abstract concepts. There are stories from Brazil, Suriname, and the Caribbean, and from South Africa and Asia.",https://www.rijksmuseum.nl/en/whats-on/exhibitions/past/slavery,"Found on the venue's ""past"" listing page. No closing date found anywhere on the venue's pages."
rijks,ED VAN DER ELSKEN,,,,https://www.rijksmuseum.nl/en/whats-on/exhibitions/past/ed-van-der-elsken,"Found on the venue's ""past"" listing page. The venue's own link to this exhibition is broken (HTTP 404). No closing date found anywhere on the venue's pages."
rijks,THE STRENGTH OF DUTCH MUSEUM COLLECTIONS,,,"With the grateful support of the Rembrandt Association and the Turing Foundation, forty-five museums in the Netherlands are this year staging special presentations of artworks from their permanent collection that merit extra attention. As one of the participating museums, the Rijksmuseum has chosen to showcase two radiant portraits by Piero di Cosimo.",https://www.rijksmuseum.nl/en/whats-on/exhibitions/past/strength-of-dutch-museum-collections,"Found on the venue's ""past"" listing page. The venue's page shows only ""Until 15 December"" for this exhibition's dates — no year is published anywhere."
rijks,THE BEST ITALIAN DRAWINGS,,,"Works by great Italian masters such as Raphael, Michelangelo, Carracci, Barocci, Canaletto, Tiepolo and Piranesi are now being exhibited at the Rijksmuseum in a display of drawings from the museum’s Print Room collection.",https://www.rijksmuseum.nl/en/whats-on/exhibitions/past/highlights-of-italian-drawing,"Found on the venue's ""past"" listing page. The venue's page shows only ""Until 18 November"" for this exhibition's dates — no year is published anywhere."
menil,Wall Drawing Series: Jitish Kallat,2026-09-10,2027-08-08,"The Menil Collection has commissioned artist Jitish Kallat to create a site-specific wall drawing for the entry space of the Menil Drawing Institute. Born in Mumbai, where he continues to live and work, Kallat is a leading figure in contemporary Indian art. His work often probes the intersections of the intimate and the immense, weaving together references to history, science, philosophy, and the cosmic scale of time. Wall Drawing Series: Jitish Kallat is curated by Edouard Kopp, John R. Eckel, Jr. Foundation Chief Curator, Menil Drawing Institute. The series began in 2018 as part of the Institute’s commitment to seeking new approaches to the form and language of drawing. Past participants include Marc Bauer, Mel Bochner, Roni Horn, Marcia Kure, Gladys Nilsson, Ronny Quevedo, and Jorinde Voigt. Over the past three decades, Jitish Kallat has developed a multifaceted practice spanning drawing, painting, sculpture, photography, and time-based media. A recurring approach in his work involves shifting focal lengths across space and time, from the intimate to the cosmic and the present to the historic. Kallat has presented solo exhibitions at the Art Institute of Chicago, the Art Gallery of New South Wales (Sydney), the Frist Art Museum (Nashville), the Philadelphia Museum of Art, and the National Gallery of Modern Art (New Delhi). His work has also been presented at Tate Modern (London), Martin-Gropius-Bau (Berlin), and Mori Art Museum (Tokyo) and at the biennales of Venice, Gwangju, Havana, Bangkok, Curitiba, and Kyiv. Having served as curator and artistic director of the 2014 edition, Kallat is currently president of the Kochi-Muziris Biennale.",https://www.menil.org/exhibition/wall-drawing-series-jitish-kallat,"Found on the venue's ""current"" listing page."
menil,Fragility,2026-09-10,2027-01-24,"This display highlights paper itself—and its incongruous and variable characteristics—as an artistic material. Included are works that present a range of processes, as well as paper sculptures and found papers that imbue a finished work with an additional sense of history and place. Among the artists featured in the exhibition, Lee Krasner relentlessly critiqued her own art, often destroying drawings only to reconstitute them as abstract collages. Ann Hamilton also brought papers together in surprising ways. In her collaborative work poche, 2014, she stitched soft wool between sheets of handmade paper to reflect on the pocket as both storage and protection for the body. Zarina grieved the loss of her husband and her native India by painstakingly puncturing paper with a needle to form intricate compositions. Fragility is curated by Kelly Montana, Associate Curator, Menil Drawing Institute. The exhibition features works that highlight the delicate yet resilient characteristics of the medium of paper",https://www.menil.org/exhibition/fragility,"Found on the venue's ""current"" listing page."
menil,John Akomfrah: The Hour Of The Dog,2026-04-24,2026-10-11,"John Akomfrah: The Hour Of The Dog is an immersive, six-channel video installation by the British artist Sir John Akomfrah. The work, co-commissioned by the Menil Collection and the Baltimore Museum of Art (BMA), explores the history of youth-led Civil Rights–era activism in the American South from 1954 to 1963, and how the participants fought for racial equity through nonviolent marches, protests, boycotts, and voter registration efforts. Runtime: 51 minutes. The Hour Of The Dog begins every hour on the hour. The final screening each day starts at 6 p.m. Activism is not confined to what happens in the streets; it’s bound up with who and how we remember, who and how we mourn, and how we dream forward. John Akomfrah: The Hour Of The Dog is co-curated by Michelle White, Senior Curator, The Menil Collection, and Cecilia Wichmann, BMA Curator and Department Head of Contemporary Art, with Oscar Flores-Montero, BMA Curatorial Assistant of Contemporary Art.",https://www.menil.org/exhibition/john-akomfrah-the-hour-of-the-dog,"Found on the venue's ""current"" listing page."
menil,"Foyer Installation: Mel Bochner, Chryssa, and Dorothy Hood",2026-04-01,2026-10-25,"Explore a selection of works from the museum's permanent collection by artists Mel Bochner, Chryssa, and Dorothy Hood in the foyer.",https://www.menil.org/exhibition/foyer-installation-mel-bochner-chryssa-and-dorothy-hood,"Found on the venue's ""current"" listing page."
menil,Southern Outsider Artists,2026-05-06,2026-12-13,"In the main building hallway galleries, explore an installation of work by self-taught artists from the American South. The display includes paintings by Thornton Dial and Johnnie Swearingen, and assemblage sculptures by Hawkins Bolden, David Butler, and Bessie Harvey.",https://www.menil.org/exhibition/southern-outsider-artists,"Found on the venue's ""current"" listing page."
menil,Terry Winters: Vitalized Geometry,2026-09-25,2027-04-04,"Terry Winters: Vitalized Geometry presents 44 prints and works on paper by the American artist Terry Winters, who draws inspiration from mathematical systems and structures of the natural world. Celebrating two groups of gifts to the Menil and organized in close consultation with the artist, the career-spanning presentation explores the importance of printmaking to Winters’s practice and its dialogue with other forms of making. Each medium is an instrument. Almost in a musical sense, meant to be played; and each affects the developing imagery. How they look, how they feel, and what they mean is conditioned by the materials and procedures. Media is used to embody an image actual size, as vitalized geometry—hopefully with a sense of life. Terry Winters: Vitalized Geometry is curated by Sophie Asakura, Curatorial Associate, The Menil Collection. Two gifts to the museum will be displayed in an exhibition tracing nearly four decades of the artist's works",https://www.menil.org/exhibition/terry-winters-vitalized-geometry,"Found on the venue's ""upcoming"" listing page."
menil,How to Make an Exhibition: The Story of Jermayne MacAgy,2026-12-11,2027-07-18,"This exhibition honors the impact and legacy of the late San Francisco- and Houston-based curator, art historian, and museum director Jermayne MacAgy (1914–1964), who was renowned for her dynamic and groundbreaking installations and innovative approach to curating. MacAgy was among a vanguard of professionals in the 20th century who transformed the art museum into a site of conversation and learning. Working closely with Menil Collection founders John and Dominique de Menil from the mid-1950s until her death a decade later, she deeply impacted the future museum. She encouraged the couple to build a teaching collection and publicly exhibit their art using display techniques that encouraged curiosity and engagement. Dominique de Menil once recalled that MacAgy’s installations created an “atmospheric miracle, which set the work of art in such a light that it would shine and talk to anyone who would care to listen.” How to Make an Exhibition: The Story of Jermayne MacAgy is curated by Michelle White, Senior Curator. Johnson; Susan and Francois de Menil; Betty Moody; Fan and Peter Morris; Carol and David Neuberger; Leslie and Shannon Sasser; MaryRoss Taylor; Wawro-Gray Family Foundation; Morris A. Weiner and Leslie Field; and the City of Houston through Houston Arts Alliance.",https://www.menil.org/exhibition/how-to-make-an-exhibition-the-story-of-jermayne-macagy,"Found on the venue's ""upcoming"" listing page."
menil,"D’MBA: Beauty, Desire, and Collecting an African Mask",2027-05-14,2027-11-07,"D’MBA: Beauty, Desire, and Collecting an African Mask is a focused research and exhibition project examining the large wood headdresses commonly referred to as d’mba, nimba, or yamban among the Baga, Nalu, and neighboring peoples living in Guinea, West Africa. Worn and performed by men for ceremonies and public celebrations that mark significant moments in the cycle of life, the d’mba headdress is the sculptural embodiment of female personhood, sustenance (agricultural and maternal), physical beauty, and generational continuity. During the mid-20th century, at the height of the international market for African art in the United States, the d’mba became one of the objects most coveted by collectors. D’MBA unites for the first time a significant group of headdresses on loan from several art museums in the United States, including Art Institute of Chicago, Baltimore Museum of Art, Davis Museum at Wellesley College, National Museum of African Art, and Yale University Art Gallery. The exhibition of these headdresses, which were acquired during the late 1950s by prominent collectors in the United States, occasions a rare opportunity to pursue a thorough study of these icons of African art at the intersections of mask-making, colonial art education, independence-era cultural politics and religious iconoclasm in Guinea, and the international art market. Concurrently, in the museum’s galleries of African art, the Menil will present Baga Nimba, 2020. The seven-foot tall, gold leaf sculpture by Houston-based Nigerian artist Adeniyi (“Niyi”) Olagunju epitomizes the Pan-African and Diasporic significance of the d’mba headdress from Guinea and its reinvention as a global art form. D’MBA: Beauty, Desire, and Collecting an African Mask is curated by Paul R. Davis, Curator of Collections, The Menil Collection.",https://www.menil.org/exhibition/d-mba-beauty-desire-and-collecting-an-african-mask,"Found on the venue's ""upcoming"" listing page."
menil,Sedona Surreal: Max Ernst and Dorothea Tanning in the American Southwest,2027-09-17,2028-03-12,"In 1946, Max Ernst and Dorothea Tanning left New York City, then the center of the Euro-American art world, for Sedona, Arizona. Over the next ten years, they created some of the most significant works of their careers in this small desert town. Sedona Surreal will reunite the paintings, sculptures, and other artworks that they made there, exploring the construction of artistic modernism far from a large urban center. It will be the first museum exhibition devoted to Ernst and Tanning’s pivotal time in the Southwest. Sedona Surreal: Max Ernst and Dorothea Tanning in the American Southwest is curated by Natalie Dupêcher, Associate Curator of Modern Art, The Menil Collection.",https://www.menil.org/exhibition/sedona-surreal-max-ernst-and-dorothea-tanning-in-the-american-southwest,"Found on the venue's ""upcoming"" listing page."
menil,Photography from The Menil Collection: Curated by Wendy Watriss,2025-12-12,2026-08-16,"Photography from The Menil Collection: Curated by Wendy Watriss is a presentation of documentary-style photographs that underscore how images can ignite conversation about diverse social realities. The exhibition features work by Larry Burrows, Henri Cartier-Bresson, Bruce Davidson, Danny Lyon, and Charles Moore, among other significant practitioners in the 20th century who explored varied approaches to capturing everyday moments, from the mundane to the monumental. The photographs on display were selected by Houston-based photographer and award-winning photojournalist Wendy Watriss. With her late husband, photographer Fred Baldwin, Watriss cofounded FotoFest, a contemporary arts organization whose biennial, city-wide celebration of international photography, established in 1986, transformed Houston’s cultural landscape, globally elevating the medium’s significance. Photography from The Menil Collection: Curated by Wendy Watriss is presented in celebration of the 40th anniversary of the Fotofest biennial in 2026. Wendy Watriss is an esteemed Houston-based photographer, curator, and photojournalist. She was the first woman to win the World Press Feature Award and the Leica Oskar Barnack Award, for her 1982 photo essay on Agent Orange published in Life. In the late 1960s, Watriss began her career as a freelance photographer and writer for publications like Newsweek and the New York Times. With her late husband, photographer Fred Baldwin, she co-founded FotoFest. In 1986 the organization hosted its first biyearly city-wide celebration of international photography and transformed Houston’s cultural landscape, elevating the medium’s significance globally. Watriss served as the Artistic Director of FotoFest for 26 years, curating and organizing more than sixty international and US exhibitions. She has received numerous awards, and her photographs are found in collections internationally, including the Museum of Fine Arts Houston; Amon Carter Museum of American Art, Fort W",https://www.menil.org/exhibition/photography-from-the-menil-collection-curated-by-wendy-watriss,"Found on the venue's ""past"" listing page."
menil,The Gift of Drawing: Cy Twombly,2026-03-27,2026-08-09,"This presentation featured 27 works from a gift to the museum by the Cy Twombly Foundation. The works highlighted in the exhibition covered 30 years of the artist’s activity, from the 1950s to the 1980s and featured a broad range of materials, from graphite to oil paint; techniques such as drawing and collage; and themes that are fundamental to his entire practice, such as classical antiquity, eroticism, and nature. The works in this show, a number of which were on view for the first time, included a series of abstract landscapes from the 1980s, two untitled works from 1970 that resemble the artist’s “blackboard paintings” on view at the Cy Twombly Gallery, and Narcissus, 1975, a collage of paper, with oil, charcoal, and wax crayon on paper with the title of the work written in large capital letters across the bottom. The Gift of Drawing: Cy Twombly was curated by Edouard Kopp, John R. Eckel, Jr. Foundation Chief Curator, Menil Drawing Institute. A selection of works gifted to the museum by the Cy Twombly Foundation will open at the Menil Drawing Institute on March 27, 2026",https://www.menil.org/exhibition/the-gift-of-drawing-cy-twombly,"Found on the venue's ""past"" listing page."
menil,Wall Drawing Series: Gladys Nilsson,2025-09-05,2026-08-09,"Gladys Nilsson’s site-specific work titled Drawing presented fantastical, hybrid beings all surrounding one monumental figure engaged in the act of drawing. A complex, garland-like arrangement of black-and-white characters soared overhead, entangled with one another, while the bystanders below, set apart by gentle color-toning, observed the scene. The bustling composition was marked by deft and fluid lines using a candy-colored palette of crayon, graphite, and acrylic paint and marker pens. Nilsson’s whimsical creation embodied her distinctive sense of humor and levity while taking viewers on a journey through the peculiar beauty of the human experience. Everything I’m interested in looking at usually involves the figure in one way or another. I’m always collecting interactions between folks that occur in daily life, and these filter into my work. The title of the piece is simply ‘Drawing.’ The idea is that the main figure is contained in this space, creating these figures, which take a life of their own. Born in Chicago in 1940, Gladys Nilsson studied painting at the School of the Art Institute of Chicago. Since 1966, Nilsson’s work has been the subject of over 50 solo exhibitions, including sixteen at Phyllis Kind Gallery (1970–1979, 1981–1983, 1987, 1991, and 1994, Chicago and New York), and two at The Candy Store (1971 and 1987, Folsom, California). Her work also has been featured in many important museum exhibitions, such as: Human Concern/Personal Torment (1969, Whitney Museum of American Art); Who Chicago? (1981, Camden Art Center, London); Parallel Visions: Modern Artists and Outsider Art (1992, Los Angeles County Museum of Art); Chicago Imagists (2011, Madison Museum of Contemporary Art, Wisconsin); and What Nerve! Alternative Figures in American Art, 1960 to the Present (2014, Museum of Art, Rhode Island School of Design, Providence). Nilsson is represented in the collections of major museums around the world, including: the Art Institute of Chicago; the L",https://www.menil.org/exhibition/wall-drawing-series-gladys-nilsson,"Found on the venue's ""past"" listing page."
menil,From the Sea,2025-08-20,2026-05-03,"In the main building's hallway galleries, explore an installation of artworks related to the sea.",https://www.menil.org/exhibition/from-the-sea,"Found on the venue's ""past"" listing page."
menil,Foyer Installation: Pop Art,2025-08-20,2026-03-29,"Explore a selection of Pop art from the museum's permanent collection in the foyer. Works by Robert Indiana, Ed Ruscha, and Andy Warhol are on display.",https://www.menil.org/exhibition/foyer-installation-pop-art,"Found on the venue's ""past"" listing page."
menil,Robert Rauschenberg: Fabric Works of the 1970s,2025-09-19,2026-03-01,"On the occasion of the one hundredth birthday of American artist Robert Rauschenberg (1925–2008), the Menil Collection presented an exhibition that looked at the artist’s expressive and conceptual use of fabric as a sculptural medium. Robert Rauschenberg: Fabric Works of the 1970s focused on three groups of works from the 1970s that presented his use of cloth: Venetians, 1972–73, Jammers, 1975–76, and Hoarfrosts, 1974–76. It also explored how Rauschenberg’s attention to textiles relates to his career-long interest in the intersection of art with choreography, theater, and the body. This exhibition is curated by Michelle White, Senior Curator, The Menil Collection. This exhibition was organized with support from the Robert Rauschenberg Foundation. The Menil Collection joined an international roster of institutions commemorating the artist’s 100th birthday. Offodile II; Leslie and Shannon Sasser; Bill Stewart and Johanna Brassert; Mark Wawro and Melanie Gray; and the City of Houston through Houston Arts Alliance. The exhibition is organized for the one hundredth birthday of the Texas-born artist in collaboration with the Robert Rauschenberg Foundation.",https://www.menil.org/exhibition/robert-rauschenberg-fabric-works-of-the-1970s,"Found on the venue's ""past"" listing page."
menil,Lines of Resolution: Drawing at the Advent of Television and Video,2025-10-04,2026-02-08,"Lines of Resolution: Drawing at the Advent of Television and Video explored the relationship between drawing, television, and video from the late 1950s into the 1980s. Personal electronics became widely available during this era and soon made their way into artists’ studios. These electric screens became a source of artistic imagery, a surface for inscription, and a device that could be manipulated to generate entirely new kinds of drawing. This exhibition featured works by twenty-five artists, including drawings, video, mixed media sculpture, and an immersive installation. Exhibited artists included Anne Bean, Teresa Burga, Jaime Davidovich, Walter De Maria, Catherine Elwes, Dov Eylath, Anna Bella Geiger, Sanja Iveković, K.O. Götz, Philip Guston, Joan Jonas, Suzy Lake, Mario Merz, Dennis Oppenheim, Nam June Paik, Letícia Parente, Howardena Pindell, Adrian Piper, Sigmar Polke, Robert Rauschenberg, Ulrike Rosenbach, Gerry Schum, Richard Serra, Mimi Smith, Nina Sobell, and Ursula Wevers. This exhibition was co-curated by Dr. Anna Lovatt, Associate Professor of Art History at Southern Methodist University, and Kelly Montana, Associate Curator, Menil Drawing Institute. The exhibition at the Menil Drawing Institute explores the relationship between drawing, television, and video from the late 1950s into the 1980s.",https://www.menil.org/exhibition/lines-of-resolution-drawing-at-the-advent-of-television-and-video,"Found on the venue's ""past"" listing page."
menil,The Space Between Looking and Loving: Francesca Fuchs and the de Menil House,2025-05-23,2025-11-02,"In 1970, John de Menil wrote to German classical archeologist Dr. Werner Fuchs (1927–2016) seeking to identify the subject of a Roman male torso in his collection. Forty-nine years later, Francesca Fuchs’s discovery of black-and-white photographs depicting the marble torso in her father’s personal effects in Oxford, England, led the Houston-based painter to find the original letter in the museum archives. This exhibition was the artist’s response to the unanswered letter and unexpected familial connection. Featuring new work by Fuchs and selections from the museum’s collection and archives, the exhibition explored the affective power and relational histories of objects in domestic settings, especially those of the de Menil house in Houston, Texas. Born in London and raised in Münster, Germany, Francesca Fuchs moved to Houston in 1996 as a fellow for the Core Program at the Museum of Fine Arts, Houston. During her thirty-year career in Houston and internationally, Fuchs’s work has been a process of honing extended reflections on the nature of everyday objects and illuminating their fundamental truths. Her portraits of objects are re-paintings of paintings, prints, photographs that resist and reconsider their accepted signals of cultural importance, particularly as they relate to the intimacies of life. Fuchs’s work has been included in exhibitions organized by the Institute of Contemporary Art, London; The Whitechapel Art Gallery, London; The Modern Art Museum of Fort Worth; Contemporary Arts Museum Houston; Art Museum of Southeast Texas, Beaumont; The Museum of Fine Arts, Houston; The Suburban, Oak Park, Illinois. In 2018, Art League Houston recognized Fuchs as Texas Artist of the Year. The Space Between Looking and Loving: Francesca Fuchs and the de Menil House was curated by Paul R. Davis, Curator of Collections, The Menil Collection.",https://www.menil.org/exhibition/the-space-between-looking-and-loving-francesca-fuchs-and-the-de-menil-house,"Found on the venue's ""past"" listing page."
menil,Foyer Installation: René Magritte,2025-04-02,2025-08-17,"An installation in the main building foyer celebrates the Menil Collection’s extraordinary holdings of work by the Belgian Surrealist, René Magritte (1898–1967). It focuses on a core group of paintings from the 1950s and ’60s, in which the artist rendered impossible situations with virtuosic precision and uncanny clarity. Now regarded as icons of the Surrealist movement, these paintings were purchased within a couple years of their making by the museum’s founders, John and Dominique de Menil. The de Menils were Magritte’s most important champions in the United States. Beginning in the late 1940s, they bought dozens of his artworks, lent to and organized major exhibitions of his work, and led the publication of a significant, six-volume catalogue raisonné. Through these and other activities, the de Menils fundamentally shaped the artist’s reception and reputation in the postwar American art world. In 2024, the Menil Collection continued this legacy by being a major lender to the first-ever retrospective of Magritte’s work in Australia, including the loan of the paintings in this display.",https://www.menil.org/exhibition/foyer-installation-rene-magritte,"Found on the venue's ""past"" listing page."
menil,"Animals, Monsters, and Creatures from the Collection",2025-01-29,2025-08-17,"This display in the west hallway takes its inspiration from Constant Companions, an exhibition curated by Dominique de Menil and Jermayne MacAgy for the University of St. Thomas in 1964. The show explored monsters in art— “ambivalent, protective, or threatening,” as Dominique wrote in her introduction to the catalogue. She brought a particular interest to animal-human hybrids, their iconography and “complex and ambivalent” meaning. Crossing time periods and geographies, Constant Companions encompassed 300 objects, from paintings, bronze sculptures, and carvings to book illustrations, icons, and vases. The exhibition was met with wide acclaim, covered by NBC News, The New York Times, Vogue, Art in America, and Newsweek, which deemed it “one of the year’s best off-beat shows.” Several outlets noted that it opened to the public one day before Halloween—mounting, in the words of a Houston Chronicle reviewer, “an artistic contribution to these days of black cats and cauldron bubbles.” For the dramatic installation, the gallery space was painted black and partitioned like a maze, with artworks brightly spot lit in cave-like vestibules. Writing to a friend in advance of the opening, John de Menil described it as “an exhibition of monsters, evil or endearing, from 1,000 B.C. to yesterday morning, from Egypt to Peru, from Italy to Siberia.” According to the Houston Post, it became known among locals as simply “The Monster Show.” Paying homage to the 1960s show, this display brings together a selection of paintings and objects that highlight artists’ perennial fascination with fantastic and monstrous creatures.",https://www.menil.org/exhibition/animals-monsters-and-creatures-from-the-collection,"Found on the venue's ""past"" listing page."
menil,What drawing can be: four responses,2025-03-21,2025-08-10,"Four artists stretch the boundaries of drawing and offer new characterizations of what drawing can be. This exhibition featured site-specific installations by Jillian Conrad, Teresita Fernández, Tony Lewis, and Constantin Luser. Each artist had an individual gallery space to explore the experimental potential of the medium, its boundaries, and its connections with other arts, such as sculpture and architecture. Drawings that expand beyond a sheet of paper have a rich history within the 20th century. Examples include Alexander Calder and his wire sculptures from the 1930s and artists of the 1960s, like Dorothea Rockburne and Sol LeWitt, who pushed the parameters of the medium to include text, folded papers, and wall drawings. Eluding labels and limitations, whether they be in terms of material, scale, or ephemerality, the artists in this exhibition will reveal the continuing relevance, agility, and vitality of drawing and how it remains a rich and generative area of investigation. Jillian Conrad (b. 1970) explores questions of materiality and intangibility. Her sculptures and works on paper often engage aspects of the landscape and everyday materials with the goal of locating thresholds between the visible and invisible. Conrad lives and works in Houston. Teresita Fernández (b. 1968) is known for her public installations and large-scale sculptures. Her art offers an expansive view of the landscape, forefronting questions of geography, cartography, cosmology, and political states. Fernandez lives and works in Brooklyn.",https://www.menil.org/exhibition/what-drawing-can-be-four-responses,"Found on the venue's ""past"" listing page."
menil,Wall Drawing Series: Ronny Quevedo,2024-09-13,2025-08-10,"Wall Drawing Series: Ronny Quevedo featured a site-specific work by New York-based artist Ronny Quevedo (b. 1981). The 36-foot triptych, C A R A A C A R A, 2024, explored the relationship between origin, transfer, and translation, with each panel of the composition indicating a different step in the artist’s process. Quevedo uses drawing, particularly schematic renderings, in his practice to explore the visual languages of abstraction, cartography, cosmology, and sport from across the Americas. The artist builds upon these interests with interconnected diagrams and markings spread across his works to express the complex relationships between body, home, field, globe, and celestial spaces. The title, C A R A A C A R A, or “face-to-face"" in English, derives from the pattern paper Quevedo uses in his work—the “face,” or visible side of the fabric in sewing patterns. More abstractly, the artist sees it as a sense of encountering or confrontation that results when cultures or worlds collide. By using dressmaker wax paper as his foremost material, Quevedo can reproduce images in a way that shows the transformation from the initial drawing to its conclusion, while simultaneously connecting with his mother’s history as a seamstress. The first panel of the work was created by smoothing dressmaker wax paper against the surface and imprinting marks by pressing into the wall. For the second panel, that same paper was pressed against the wall using heat, suffusing the surface with blue pigmented wax. In the third panel, the creased and eroded paper is applied directly onto the surface of the wall. Using mica and layers of chalk to intensify the piece, Quevedo echoes the movements and markings created in the initial two panels to form a visual allegory of what we inherit from the past, how it shapes our present, and what we will pass down to the future. Ronny Quevedo received his BFA from Cooper Union in 2003 and his MFA from the Yale School of Art in 2013. From 2012 to 2014, he",https://www.menil.org/exhibition/wall-drawing-series-ronny-quevedo,"Found on the venue's ""past p2"" listing page."
menil,Joe Overstreet: Taking Flight,2025-01-24,2025-07-13,"Joe Overstreet: Taking Flight was the first major museum exhibition in thirty years devoted to the work of this pioneering abstract painter. Renowned for his innovative approach to non-representational painting, American artist Joe Overstreet (1933–2019) consistently sought to intertwine abstraction and social politics. This presentation included his landmark Flight Pattern series of radially suspended paintings from the early 1970s, as well as related bodies of work from the 1960s and 1990s. Overstreet made a significant contribution to postwar art, positioning abstraction as an expansive tool for exploring the idea of freedom and the Black experience in the United States. Joe Overstreet: Taking Flight was organized by Natalie Dupêcher, Associate Curator of Modern Art, The Menil Collection, in collaboration with the artist’s estate. Houston museum highlights three defining series in the artist’s career.",https://www.menil.org/exhibition/joe-overstreet-taking-flight,"Found on the venue's ""past p2"" listing page."
menil,Tacita Dean: Blind Folly,2024-10-11,2025-04-19,"Tacita Dean: Blind Folly was the first major museum survey in the United States of work by British European visual artist Tacita Dean (b. 1965). The exhibition, organized in close collaboration with Dean, spotlighted her career-defining approach to creating art through unmediated and chance-based drawing processes across a variety of mediums, from film to printmaking. Blind Folly, the show’s title, reflects Dean’s desire to let the behavior of her mediums dictate the results of her work. For the artist, the playful and old-fashioned phrase connoting foolishness, “blind folly,” represents the role chance and fate play in the creative act. The exhibition included new works inspired by the artist’s time in Houston, some following her residency at the Menil’s Cy Twombly Gallery, alongside Dean’s monumental blackboard drawings and groups of rarely shown drawings from her studio on paper, found postcards, and albumen photographs. A separate gallery presented a rotating group of her 16mm films. Claes Oldenburg Draws Blueberry Pie This intimate portrait of the American Pop artist Claes Oldenburg (1929–2022) celebrates the act and pleasure of drawing. One of several films by Dean that examines the creative practice of other artists, it captures the virtuosic draughtsman at work in his Manhattan studio.",https://www.menil.org/exhibition/tacita-dean-blind-folly,"Found on the venue's ""past p2"" listing page."
menil,Out of Thin Air: Emerging Forms,2024-09-20,2025-01-26,"Out of Thin Air: Emerging Forms examined drawing as a meditative process that invites the gradual appearance of indeterminate images. Selected from the Menil’s permanent collection, this display of artworks dating from the late 1930s to the present share a visual language of emerging forms. Not fully resolved or strictly defined, the works in this exhibition are open, suggestive images that seem as though they are still in the process of becoming. Artists have embraced this type of practice for myriad reasons that range from an unlocking of the subconscious to an exploration of nature’s most complex systems, including vast cosmic realms and immaterial energies. Artists represented include Lee Bontecou, John Cage, Gustavo Díaz, Hiroyuki Doi, Sonia Gechtoff, Alan Saret, and Hedda Sterne, among others. On view for the first time at the Menil were a group of drawings by the American artist Gregory Masurovsky (1929-2009), whose delicate marks coalesce into transient swarms, vibrations, or cloud formations on the verge of materializing. Consider the artworks in this exhibition as portals, each its own point of entry to personal reflection. Notice how mindful looking can be an introspective, even revelatory encounter, one that parallels the act of drawing.",https://www.menil.org/exhibition/out-of-thin-air-emerging-forms,"Found on the venue's ""past p2"" listing page."
menil,Fragments of Memory,2024-09-20,2025-01-26,"Fragments of Memory, a selection of works from the Menil’s permanent collection, explored the ways in which the past imbues present experiences. In their drawings, the featured artists take up commonplace embodiments of personal and collective memory, such as scrapbooks, snapshots, notes, relics, and odes, to reimagine how we might access fraught memories and contested histories. Memories are incomplete renditions of the past—composites built from slivers of recollections that reveal the emotions behind moments. The drawings presented in this exhibition were created from the mid-20th century to the recent years and represent different ways that artists reanimate the past and propose new understandings of our present. Works displayed from Luc Tuymans (b. 1958) and Jasper Johns (b. 1930) explore how memory fragments as time passes, while pieces by artists like Sari Dienes and Gael Stack layer objects and imagery from their family and friends, presenting a picture of consciousness.",https://www.menil.org/exhibition/fragments-of-memory,"Found on the venue's ""past p2"" listing page."
menil,Portraits of Women from the Collection,2024-03-16,2024-11-10,"The display highlighted a new acquisition by renowned American painter Alice Neel (1900–1984); the 1977 portrait of the New York-based artist and activist Faith Ringgold (1930–2024). Alongside a plaster sculpture of a contemplative and seated figure by Pop artist George Segal was a series of silkscreened paintings by Andy Warhol of Jermayne MacAgy, commissioned in the 1960s by museum founders, John and Dominique de Menil. A close and influential friend of the couple, the late Houston-based curator and art historian was one of the very first subjects of the artist’s now legendary group of square-format portraits.",https://www.menil.org/exhibition/portraits-of-women-from-the-collection,"Found on the venue's ""past p2"" listing page."
menil,"Longing, Grief, and Spirituality: Art Since 1980",2023-06-15,2024-10-10,"Featuring works created over the past forty years, many of which are owned by the Menil, this display presented artists’ response to the precariousness of life through the expression of grief, spirituality, and longing. Artworks included Kara Walker’s powerful 40-foot-long silhouette work, Freedom Fighters for the Society of Forgotten Knowledge, Northern Domestic Scene, 2005; Andy Warhol’s expansive late painting, The Last Supper, 1985; Mel Chin’s monumental sculpture Our Strange Flower of Democracy, 2005, on special loan from the artist; and a major recent acquisition by Nari Ward, Say Can You See, 2021. The installation highlighted a myriad of artistic approaches to political issues of the past decades. Longing, Grief, and Spirituality: Art Since 1980 was curated by Michelle White, Senior Curator.",https://www.menil.org/exhibition/longing-grief-and-spirituality-art-since-1980,"Found on the venue's ""past p2"" listing page."
menil,Foyer Installation: On Kawara,2024-05-08,2024-09-15,"Moon Landing, 1969, a trio of “Date Paintings” by Japanese-born Conceptual artist On Kawara (1932–2014), was on view at the Menil Collection as a special loan from Glenstone Museum, Potomac, Maryland. Each canvas is inscribed with an important date related to the United States’ Apollo 11 lunar landing that put the first humans on the Moon: mission launch (July 16, 1969), landing of the module (July 20, 1969), and departure from the Moon (July 21, 1969). Kawara’s Today series, begun in 1966 and continued until the year before the artist’s death in 2014, comprises nearly 3,000 works that each feature a date meticulously painted in a white sans-serif font on a monochromatic support. Kawara allowed himself one day to create each work; if a painting remained unfinished by midnight, he destroyed it. As a whole, the series calls attention to the passage of time. The Moon Landing canvases are larger than most in the series, a reflection of the cultural magnitude of the events that took place that month. On Kawara was born in Kariya, Japan. A leading figure in Conceptual art, the artist is best known for his ritualistic meditation on time. After immigrating to the United States in 1964, he was integral to New York’s Conceptual art movement, alongside Hanne Darboven, Sol LeWitt, Joseph Kosuth, and John Baldessari. Kawara’s work has been the subject of solo exhibitions at institutions including Kunsthalle Berlin; Moderna Museet, Stockholm; Museum of Fine Arts, Boston; and the Solomon R. Guggenheim Museum, New York.",https://www.menil.org/exhibition/foyer-installation-on-kawara,"Found on the venue's ""past p2"" listing page."
menil,Abstraction after Modernism: Recent Acquisitions,2024-04-26,2024-08-25,"Abstract Expressionism, a modernist approach to artmaking that rose to prominence in the United States during the 1940s and 1950s, intrigued John and Dominique de Menil. Their patronage of several of these artists, such as Barnett Newman and Mark Rothko, has famously become a pillar of the museum’s collection today. Abstraction after Modernism: Recent Acquisitions highlighted work made by succeeding generations of artists who forged new paths in their approaches to non-representational art. The exhibition brought together acquisitions made by the Menil over the past fifteen years, including work by Agnes Denes, Suzan Frecon, Sam Gilliam, Ellsworth Kelly, Rick Lowe, and Richard Serra. The de Menils believed that abstract art offered alternative and spiritual ways of approaching reality. In a world cluttered with images, only abstract art, can bring us to the threshold of the divine.",https://www.menil.org/exhibition/abstraction-after-modernism-recent-acquisitions,"Found on the venue's ""past p2"" listing page."
menil,Wall Drawing Series: Marc Bauer,2023-09-22,2024-08-18,"Swiss artist Marc Bauer (b. 1975) was commissioned to create the fifth installment of the ephemeral wall drawing series at the Menil Drawing Institute. This 36-foot-wide charcoal and pastel mural, titled RESILIENCE, Drawing the Line, 2023, combines powerful imagery from art history with contemporary references to create a thought-provoking narrative. Fascinated by how images circulate through society, Bauer uses sources ranging from personal family albums to cable and social news streams which he reconfigures into a prismatic view of history, culture, and politics. He likens this process to a kind of witnessing, a deliberate and deeply personal way of seeing and understanding the world. For this piece, Bauer layered images of manmade disaster and patriarchal violence alongside depictions of resistance, aid, and affection. His images evoke political battles over climate justice, humane migration policy, and the rights of marginalized communities. The work evolved over its yearlong display with the artist returning to alter the drawing.",https://www.menil.org/exhibition/wall-drawing-series-marc-bauer,"Found on the venue's ""past p2"" listing page."
menil,Janet Sobel: All-Over,2024-02-23,2024-08-11,"Janet Sobel: All-Over focused on the abstract paintings made by Janet Sobel (1893–1968) during the 1940s. Short-lived but meteoric, her career began in 1943, when leading New York dealers, collectors, and other artists took up her work, culminating in her first solo show at New York’s Puma Gallery in 1944, and another solo show at Peggy Guggenheim’s Art of This Century Gallery in 1946. Acclaimed for her skillful use of color and densely layered compositions that spilled to the edges of the support, Sobel pioneered what became known as “all-over” abstraction. American critic Clement Greenberg later called her paintings “the first really all-over effect that I had seen.” Organized with the support of the Sobel family, this exhibition marked the first time her major paintings have been reunited in over sixty years. A selection of works on paper further expanded the exhibition by demonstrating her approach to drawing, with a series of parallel linear strokes that knit foreground and background together into dense, interlocking patterns. Janet Sobel: All-Over was curated by Natalie Dupêcher, Associate Curator of Modern Art, The Menil Collection. The exhibition was organized with the support of the Sobel family.",https://www.menil.org/exhibition/janet-sobel-all-over,"Found on the venue's ""past p2"" listing page."
menil,Ruth Asawa Through Line,2024-03-22,2024-07-21,"Ruth Asawa Through Line was the first exhibition to focus on the artist’s lifelong drawing practice. Widely recognized as a sculptor, Ruth Asawa (1926–2013) drew daily, referring to the act as her “greatest pleasure and the most difficult.” For her, drawing played a foundational role as she experimented with diverse materials and processes to develop a distinct visual language. Through drawing, Asawa explored the world around her and the boundaries of the medium itself, turning everyday encounters into moments of profound beauty, endowing ordinary objects with new aesthetic possibilities. Drawing emerged as a cornerstone of Asawa’s artistic quest in San Francisco, and later became a key component of her role as an arts educator and community leader in the Bay Area. The exhibition presented drawings, collages, watercolors, and sketchbooks alongside stamped prints, paperfolds, and copper-foil works, showing the breadth of Asawa’s innovative practice. Many of the more than one hundred works from public and private collections have not been previously exhibited. Organized thematically, the presentation begun with foundational lessons that the artist absorbed and built upon at Black Mountain College in the late 1940s. Subsequent sections examine the function of repetition and the development of specific motifs and approaches—from the Greek meander to paper folded in structural patterns—and how they recur and change throughout her career. Surveying the artist’s impressive range and expansive approach, Ruth Asawa Through Line offered an unparalleled window into Asawa’s resourceful approach to drawing, with her particular attention to materials, line, surface, and space. Ruth Asawa Through Line was co-curated by Edouard Kopp, John R. Eckel, Jr. Foundation Chief Curator, Menil Drawing Institute and Kim Conaty, Steven and Ann Ames Curator of Drawings and Prints, Whitney Museum of American Art, with Kirsten Marples, Curatorial Associate, Menil Drawing Institute, and Scout Hutc",https://www.menil.org/exhibition/ruth-asawa-through-line,"Found on the venue's ""past p2"" listing page."
louvre,Primeval Waters,2026-05-20,2027-03-15,"Crossed by the only two biblical ‘rivers of paradise’ known today, whose importance and danger may have inspired the Flood myth, ancient Mesopotamia was also the place where irrigation was first invented and developed. These early experiments in mastering water through artificial transformations of the natural environment led to the invention and development of the earliest known hydraulic structures (canals, bridges, aqueducts, pipe systems, artificial lakes and more) in Mesopotamia. These resulted in wide-ranging changes to the land and its inhabitants, whose long-term consequences, both positive and negative, will be explored in the exhibition. This exhibition draws from the extensive collection of the Department of Near Eastern Antiquities, which lends itself well to this subject, and winds through the department’s galleries to raise the issue of water within the Near Eastern antiquities collection and to explore what environmental lessons can be drawn there in both the past and the present. Ariane Thomas, Director of the Department of Near Eastern Antiquities, Musée du Louvre Barbara Couturaud and Grégoire Nicolet, Department of Near Eastern Antiquities, Musée du Louvre",https://www.louvre.fr/en/exhibitions-and-events/exhibitions/primeval-waters,"Found on the venue's ""current/upcoming"" listing page. Also listed on the venue's ""past"" page. Also listed on the venue's ""past 2025"" page. Also listed on the venue's ""past 2024"" page."
louvre,ZURBARÁN,2026-10-07,2027-01-25,"Francisco de Zurbarán, along with Diego Velázquez and Bartolomé Esteban Murillo, is considered one of the greatest Spanish painters of the 17th century. At first considered a Caravaggista with a focus on monastic ascetism, he was gradually recognised in the 20th century as a prodigious colourist and celebrated for his distinctive personal style, which married a simple treatment of volumes with striking naturalism. Though Zurbarán has been the subject of numerous exhibitions over the last ten years, the last large-scale international presentation to focus on his work had been the joint exhibition Zurbarán, mounted by the Metropolitan Museum of Art and the Grand Palais in 1987–1988. Now, the National Gallery, London, the Musée du Louvre and the Art Institute of Chicago have joined forces to offer their visitors a retrospective that allows them to revisit Zurbarán’s paintings (or discover them for the first time), to better understand his work and to stand in awe of the modernity and visual power of his compositions. This is not an exhaustive monographic exhibition, but rather an ambitious selection of the finest paintings, complemented by historical and cultural markers, where visitors can marvel at Zurbarán’s technique and its audacity of form and iconography. The visit, organised into seven parts, will analyse the various facets of Zurbarán’s painted oeuvre both chronologically and thematically, aiming to do justice to the whole of his long career, and occasionally stepping outside of this timeline to compare a group of similar works. The Louvre’s exhibition will place great importance on the monumental paintings, commissioned by Andalusian monasteries, on which Zurbarán’s fame was built, as well as portraits and still lifes, with a special place reserved for the brief career of his son, Juan de Zurbarán (1620–1649). A number of these works, dating from the late 19th and early 20th centuries, will highlight the significant influence Zurbarán exerted on later avant-g",https://www.louvre.fr/en/exhibitions-and-events/exhibitions/zurbaran,"Found on the venue's ""current/upcoming"" listing page."
louvre,SCULPTING COLOUR,2026-10-07,2027-01-25,"‘Sculpting Colour’, presented at the same time and in the same space as the exhibition on the painter Francisco de Zurbarán (1598–1664), and with collaboratively designed scenography, invites visitors to take a close, comparative look at 17th-century Spanish sculpture. The majority of the works to be displayed are religious sculptures of stunning naturalism in polychrome wood, allowing visitors to better understand the cultural and religious context in which the great Spanish painters of the same period (such as Zurbarán, Velázquez and Murillo) produced their works – a period in which painting and sculpture were closely linked. The highlight of the exhibition will be an entire loaned paso – a traditional processional float of five life-size sculpted and painted figures from the early 17th century. This monumental ensemble by Gregorio Fernández, a major sculptor then active in Valladolid, will be presented at eye level so visitors can have a close look. The visit will unfold along a number of thematic axes: the veneration of relics and the role of intercessory saints; the dressing of statues; depictions of the sufferings of Christ and of the Virgin Mary; private devotion; and the Immaculate Conception. In so doing, the exhibition will allow visitors to explore the sculptures’ various uses and meanings and to gain a deeper understanding of their materiality, their regional and stylistic variations, and the personalities of the major sculptors of the time. Active from Castile to Andalusia, they include Gregorio Fernández, Alonso Cano, Juan de Mesa, José de Mora, Pedro de Mena, Jerónimo Francisco García and Miguel Jerónimo García, José de Arce, as well as Pedro Roldán and Luisa Roldán – one of the rare female artists with a career so successful it carried her all the way to the royal court of Spain. In addition to the paso entitled Road to Calvary – one of the most significant loans of the exhibition, never before seen in France – works displayed will include Gregorio F",https://www.louvre.fr/en/exhibitions-and-events/exhibitions/sculpting-colour,"Found on the venue's ""current/upcoming"" listing page."
louvre,LOUVRE PHOTO,2026-11-04,2027-05-03,"The Louvre opened just a few decades before the invention of photography. Combining reality and the world of imagination, journeying through both time and space, the museum would go on to become a wellspring of inspiration for those who practised this new art form. This exhibition ‘Louvre Photo’ takes the Louvre as a model, a subject, a source of inspiration and a starting point for reinvention. Through more than 300 photos of the Louvre – its artworks, its exhibition galleries and its open spaces, as well as visitors both famous and anonymous, museum workers, hidden nooks and behind-the-scenes corridors – ‘Louvre Photo’ invites visitors to explore and uncover, taking a step back and offering a new look at the museum, the institution and its collections – sometimes with a touch of humour and subversiveness. ‘Louvre Photo’ covers the long period spanning from the invention of photography until today, from the first photographers to those invited to photograph the museum in modern times – most recently Robert Polidori. This was a period characterised by momentous events, like the Paris Commune, the First and Second World Wars, and the expansion of tourism and diplomatic relations during the Trente Glorieuses, the thirty-year span of economic prosperity that France enjoyed from 1945 to 1975. In that same time, the Louvre’s history was marked by several milestones, such as its transformation from a palace into a museum under the Second Empire, the displacement and then return of its artworks during the First and Second World Wars, and the Grand Louvre works of the 1980s. ‘Louvre Photo’ limits its subject to a single setting, delimited by the walls of the palace and the gates of the Tuileries Garden. The exhibition will bring out the Louvre’s wealth of photographic archives from its curatorial departments and active documentary records, as well as collections from various French institutions, including the National Archives, the Médiathèque du Patrimoine et de la Photogr",https://www.louvre.fr/en/exhibitions-and-events/exhibitions/louvre-photo,"Found on the venue's ""current/upcoming"" listing page."
louvre,AFFINITIES,2026-06-24,2026-12-31,"Affinities are bonds of both kinship and closeness – a fitting term to evoke the relationship between the Departments of Islamic Art and of the Decorative Arts. These works have not only circulated between East and West since the Middle Ages; their techniques and decoration have served as sources of inspiration for European decorative arts. For over a century, Islamic art was displayed in the Department of Decorative Arts – a dialogue we are proposing to rekindle today by exploring three subjects: light, colour and sculpture. Inviting visitors to wander through the decorative arts galleries, Affinities weaves a tale of great technical and aesthetic innovations in the Islamic world, as well as the fascination they engendered in Europe and in French art collections. Some 50 objects from the Department of Islamic Art, made of a wide range of materials, dating from the 9th to the 17th century and hailing from all regions of the Islamic world, allows visitors to explore the enchantment created by materials and the wonder elicited by objects in the region. They are in fact linked to wonders – ‘Aja’īb in Arabic, designating the wonders of nature and of the visual arts. This exhibition is taking place in the context of the Department of Islamic Art closing for refurbishment, enabling the public to access some of the most important pieces of the Islamic art collection. Annabelle Collinet, Researcher and Collection Manager, Department of Islamic Art",https://www.louvre.fr/en/exhibitions-and-events/exhibitions/affinities,"Found on the venue's ""current/upcoming"" listing page."
louvre,MICHEL LACOSTE’S DONATION TO THE MUSÉE DU LOUVRE,2026-06-26,2027-01-11,"Thanks to the generosity of Michel Lacoste, a hundred precious metalwork pieces entered the collection of the Musée du Louvre in November 2025 through a planned donation of present assets. These varied artworks demonstrate the technical skill and refinement that characterised precious metalworks in France from the 16th to the 18th century. Over the course of six months, an exceptional exhibition in room 605 of the Department of Decorative Arts will present them alongside the Louvre’s collection of silver- and ceramic ware. These hundred works represent about a quarter of the collection amassed since the 2000s by Michel Lacoste, whose passion for precious metalwork was initiated by his maternal grandmother’s gift of the Puiforcat collection sales catalogue. Planned in 1955, this major auction never occurred, as the Greek shipping magnate Stavros Niarchos purchased a vast majority of the lots on offer to deed them subject to usufruct to the Musée du Louvre. Now wishing to share his passion for this type of artwork with the general public, to gift these pieces to future generations and to do his part in enriching the national collections, Michel Lacoste is giving part of his collection to the Musée du Louvre. This choice appeared as evident as the museum is home to the majority of the Puiforcat collection. Of the hundred pieces, one is from the 16th century, 22 from the 17th, 76 from the 18th and one from the 20th. This gift comes to significantly increase the 17th century collection, supplementing it with pieces both from Paris and other French regions, and brings into the museum several master metalworkers such as Jean-Baptiste Chéret, Pierre-François Bonnestrenne and Joseph-Théodore Vancombert for the first time, while completing the existing opus of some of the great master such as Nicolas Delaunay, Claude II Ballin, François-Thomas Germain and Jacques-Nicolas Roëttiers, to cite but a few. Anne Foray-Carlier, Senior Heritage Curator, Department of Decorative Arts.",https://www.louvre.fr/en/exhibitions-and-events/exhibitions/michel-lacoste-s-donation-to-the-musee-du-louvre,"Found on the venue's ""current/upcoming"" listing page."
louvre,HOSTS AT THE LOUVRE,2026-09-24,2026-12-14,"Kader Attia and Elizabeth Peyton are the 2024–2026 Hosts at the Louvre. Kader Attia (born 1970 in Dugny, France; lives and works in Paris and Berlin) is known for his work at the frontier of shape and thought, between logical inquiry and contemporary ideas. Elizabeth Peyton (born 1965 in Connecticut, United States; lives and works in Paris and New York) brings vibrant life to painting through the art of portraiture. For two years, they inhabited the spaces – both physical and imaginary – of the Louvre. Each had a studio on the premises, where they created, conversed with museum personnel, and engaged with the public. Previously studio neighbours, they now share the temporary exhibition space in the Salle de la Chapelle, where the results of their respective sojourns in the museum are on display for all to see. For Attia, this means a film and an installation inspired by his own intimate meanderings in the Louvre, contemplating the fluctuations of ages, memories, and gazes, turning his own vision into a subject. For Peyton, it means paintings and drawings: a mixture of reinterpretations of works from the Louvre, which she has been creating since her early years as an artist, and representations of historic and contemporary subjects, made in her studio in the museum. Their intersecting interpretations of the Louvre make manifest the wealth of resources to be found in the museum and in the works it houses, which serve as a source of inspiration to artists and visitors alike.",https://www.louvre.fr/en/exhibitions-and-events/exhibitions/hosts-at-the-louvre,"Found on the venue's ""current/upcoming"" listing page."
louvre,MICHELANGELO RODIN,2026-04-15,2026-07-20,"Michelangelo and Rodin, in making the body the central subject of their artworks, showed that they both perceived it as animated by an intense inner life. Michelangelo and Rodin, two unrivalled masters of Western sculpture, engage in a dialogue across the centuries. Their works, emblematic of the strength of the body and the depth of the soul, are here brought together for the first time, revealing a continuum between the two artists, marked by clear divisions. Organised into five sections – Two Legendary Artists; Nature and Antiquity: Reinventing the Model; Non Finito; Bodies and Souls; and Energy and Life –, the exhibition associates marble, bronze, plaster, terracotta and cast works with a rich pictorial production. The exhibition route highlights the issues of form and concept that drove the same ambition in both artists: to make manifest the body’s inner energy. The body is thus revealed as the membrane that envelops the soul, a living thing weathering time and movement. We also explore the historic uses of motion in sculpture: how did the reinvention of antiquity and the ways bodies were used foreshadow the divisions of the 20th century? Calling attention to the connections, borrowings and reinterpretations to be found in the works of Michelangelo and Rodin, the exhibition gives a close reading of the myths surrounding these two masters and proposes a new perspective on sculpture not as the making of forms, but as a laboratory for breaking new artistic ground.",https://www.louvre.fr/en/exhibitions-and-events/exhibitions/michelangelo-rodin,"Found on the venue's ""past"" listing page."
louvre,MARTIN SCHONGAUER,2026-04-08,2026-07-20,"Martin Schongauer was one of the most popular Germanic artists of the late Middle Ages – and one of the major figures of this period. Born in Colmar around 1445, Schongauer died in Alt-Breisach in 1491. He was the master of a painting workshop but was best known, even during his lifetime, for his engraving work. While his father and brothers were goldsmiths, he did not practise their craft; it is however likely that he learned to handle the burin in his father’s workshop, a delicate art that he brought to the height of perfection. The exhibition presents a wide selection of his drawings and engravings and, for the first time, a near-complete collection of his paintings (altarpieces and easel paintings), including the 1473 Madonna of the Rose Bower, his only painting on panel whose date of creation is known. His works reveal a well-read artist with a penchant for fine, inventive storytelling and a skilful eye for natural subjects. Martin Schongauer’s engravings were widely circulated and appealed to generations of artists. Artworks from every discipline are brought together in the second half of the exhibition, hailing from all over the European continent and dating up to the start of the 17th century, attesting to the wide-ranging reception his work enjoyed. Pantxika Béguerie De Paepe, Honorary Curator of the Musée Unterlinden. Hélène Grollemund, Musée du Louvre.",https://www.louvre.fr/en/exhibitions-and-events/exhibitions/martin-schongauer,"Found on the venue's ""past"" listing page."
louvre,THE CARRACCI DRAWINGS,2025-11-05,2026-02-02,"Completed at the very beginning of the 17th century, a decorative interior in the heart of the Palazzo Farnese — the current seat of the French Embassy in Italy — would come to be regarded as one of the greatest masterpieces of Western painting. The work in question is the gallery decorated by Annibale Carracci, his brother Agostino, and their students. The Farnese Gallery drew admiration far and wide and inspired the work of many artists due to the beauty of its frescoes as well as that of its preparatory drawings. The Musée du Louvre is moving the Farnese Gallery to Paris, where the most extraordinary collection of preparatory drawings ever assembled will recreate the gallery in the manner of a jigsaw puzzle. The immersive exhibition design reproducing the gallery’s vault will also include a second ceiling: that of the Camerino, a small room Annibale Carracci was given to test his designs. The exhibition aims to give visitors a closer look at the engaging character of the work’s key architect, Annibale Carracci. The Farnese Gallery drawings and other sheets Annibale completed before leaving for Rome will highlight the 34-year-old artist’s determination to bring about a stylistic and intellectual revival. Never before had so many drawings for a painted interior been preserved, from the rapid sketch outlining the artist's initial ideas to the large cartoon measuring several metres per side, which contains a full-scale drawing of the fresco. Victor Hundsbuckler, Curator, Department of Prints and Drawings, Musée du Louvre.",https://www.louvre.fr/en/exhibitions-and-events/exhibitions/the-carracci-drawings,"Found on the venue's ""past"" listing page."
louvre,JACQUES-LOUIS DAVID,2025-10-15,2026-01-26,,https://www.louvre.fr/en/exhibitions-and-events/exhibitions/jacques-louis-david,"Found on the venue's ""past"" listing page. This exhibition's own page could not be read: the venue’s site refused us (HTTP 429)."
louvre,THE MET AT THE LOUVRE,2024-02-29,2025-12-14,,https://www.louvre.fr/en/exhibitions-and-events/exhibitions/the-met-at-the-louvre,"Found on the venue's ""past"" listing page. Also listed on the venue's ""past 2025"" page. This exhibition's own page could not be read: the venue’s site refused us (HTTP 429)."
louvre,A PASSION FOR CHINA,2025-05-14,2025-08-25,,https://www.louvre.fr/en/exhibitions-and-events/exhibitions/a-passion-for-china,"Found on the venue's ""past"" listing page. Also listed on the venue's ""past 2025"" page. This exhibition's own page could not be read: the venue’s site refused us (HTTP 429)."
louvre,LOUVRE COUTURE,2025-01-24,2025-08-24,,https://www.louvre.fr/en/exhibitions-and-events/exhibitions/louvre-couture,"Found on the venue's ""past"" listing page. Also listed on the venue's ""past 2025"" page. This exhibition's own page could not be read: the venue’s site refused us (HTTP 429)."
louvre,MAMLUKS,2025-04-30,2025-07-28,,https://www.louvre.fr/en/exhibitions-and-events/exhibitions/mamluks,"Found on the venue's ""past"" listing page. Also listed on the venue's ""past 2025"" page. This exhibition's own page could not be read: the venue’s site refused us (HTTP 429)."
louvre,THE EXPERIENCE OF NATURE,2025-03-19,2025-06-30,,https://www.louvre.fr/en/exhibitions-and-events/exhibitions/the-experience-of-nature,"Found on the venue's ""past"" listing page. Also listed on the venue's ""past 2025"" page. This exhibition's own page could not be read: the venue’s site refused us (HTTP 429)."
louvre,A NEW LOOK AT CIMABUE,2025-01-22,2025-05-12,"For the first time, the Musée du Louvre is dedicating an exhibition to Cimabue, one of the most important artists of the 13th century. The exhibition is the product of two ‘Cimabue-centric’ events of great importance for the museum: the restoration of the Maestà and the acquisition of a heretofore-unseen Cimabue panel, rediscovered in France in 2019 and listed as a French National Treasure: Christ Mocked. These two paintings, whose restoration was completed in 2024, provide the starting point for this exhibition, which, by bringing together some forty works, aims to illuminate the extraordinary richness and undeniable innovation of Cimabue’s art. Cimabue was one of the first to open Western painting to naturalism, seeking to represent the world, objects and bodies as they truly existed. With him, the conventions of representation inherited from Eastern art, so highly valued until this period, gave way to an inventive art of painting seeking to evoke a three-dimensional space, bodies in volume shaped by subtle shading, articulated limbs, natural postures and human emotions. After an introductory section dedicated to the context of painting in Tuscany – and specifically Pisa – in the mid-13th century, a good deal of the visit focuses on the Louvre’s Maestà; innovations appearing in this painting have led certain art historians to consider it ‘the founding act of Western painting’. Restoration has made visible not only the variety and subtlety of its colours, but many details that had been masked by previous overpaintings, showing the fascination that the East, both Byzantine and Islamic, evoked in Cimabue and his patrons. The crucial question of the relationship between Cimabue and Duccio is then addressed. The visit continues with a section constructed around Cimabue’s eight-panel diptych, of which the Louvre has brought together for the first time the only three panels known today. The narrative vitality and liberty deployed by Cimabue in this work of shimmering col",https://www.louvre.fr/en/exhibitions-and-events/exhibitions/a-new-look-at-cimabue,"Found on the venue's ""past"" listing page. Also listed on the venue's ""past 2025"" page."
louvre,"GUILLON-LETHIÈRE, ""BORN IN GUADELOUPE""",2024-11-13,2025-02-17,"This show, co-organised by the Clark Art Institute in Williamstown (Massachusetts) and the Musée du Louvre, will be the first major monographic exhibition on an artist who has largely faded from view but was counted among the ‘great authorities of his day’ (Charles Blanc). Guillaume Guillon-Lethière was born in Guadeloupe. His mother was a freed slave of African origin, his father a white French royal official. Guillaume studied first in Rouen and then in Paris during the ancien régime and went on to enjoy a brilliant career: director of the French Academy in Rome (1807–1816), elected member of the Institut de France in 1818 and professor at the École des Beaux-Arts from 1819 onwards. He was also a great collector and artistic advisor to Lucien Bonaparte. His artwork reflects his experience of the political upheaval of the period and the succession of political regimes in France from the Revolution to the July Monarchy. Most of his paintings and drawings focus on ancient history. He began his career in a period dominated by the neoclassical style of Jacques-Louis David; his continuation in the classical vein led to his fall from favour in the late 1820s, as the upcoming generation of Romantic artists began taking over. The Louvre’s collection includes two huge paintings by Guillon-Lethière, both measuring almost eight metres in width and inspired by classical heroism: Brutus Condemning his Sons to Death, finished in Rome in 1811, and The Death of Virginia (1828).",https://www.louvre.fr/en/exhibitions-and-events/exhibitions/guillon-lethiere-born-in-guadeloupe,"Found on the venue's ""past"" listing page. Also listed on the venue's ""past 2025"" page."
louvre,A NEW LOOK AT WATTEAU,2024-10-16,2025-02-03,"""The Louvre’s enigmatic painting par excellence."" These are the words that the painter and writer Bernard Dufour used to describe Pierrot, long known as Gilles, by Antoine Watteau (1684–1721). Though this strange character, dressed in white from top to toe, cuts a familiar, even iconic figure, this is a work of absolute originality. From its history to its composition, from its format to its iconography, everything about this piece captivates and intrigues. Its origins remain unknown; the first confirmed mention of its existence only dates back to 1826. Interpreting this painting, inspired by the world of theatre and particularly by Pierrot, the most famous comedy character of this period, is also a difficult task. Thanks to recent conservation work carried out at the Centre for Research and Restoration of Museums of France (C2RMF), which has restored the painting to its former glory, the Musée du Louvre is finally able to give it the monographic exhibition it so richly deserves. The exhibition will explore this mysterious masterpiece, placing it back into the context of theatre life at the start of the 18th century and of the artworks produced by Watteau and his contemporaries. It will also touch on the fascination that Gilles has inspired all the way to the present day, influencing creators of all backgrounds from Fragonard to Picasso to Nadar, from André Derain to Marcel Carné. Each of these painters, authors, actors, photographers and filmmakers made a talented attempt at solving its captivating riddle. The exhibition presents sixty-five works (paintings, drawings, engravings, books, photographs and film excerpts), including seven paintings by Watteau, thanks to the support of various French, European and American museums, including the Bibliothèque Nationale de France, the Gemäldegalerie in Berlin, the Wallace Collection and the National Gallery of Art in Washington, D.C. Standing as an eternally blank page in spite of countless interpretations, Pierrot is stil",https://www.louvre.fr/en/exhibitions-and-events/exhibitions/a-new-look-at-watteau,"Found on the venue's ""past"" listing page. Also listed on the venue's ""past 2025"" page."
louvre,FIGURES OF THE FOOL,2024-10-16,2025-02-03,"The exhibition examines the omnipresence of fools in Western art and culture at the end of the Middle Ages, and attempts to parse the meaning of these figures, who would seem to play a key role in the advent of modernity. The fool may make us laugh, with his abundance of frivolous antics, but he also harbours a wealth of hidden facets of an erotic, scatological, tragic or violent nature. Capable of the best and of the worst, the fool entertains, warns or denounces; he turns societal values on their head and may even overthrow the established order. Within the newly renovated Hall Napoléon, this exhibition, which brings together over 300 works from 90 French, European and American institutions, brings us on a one-of-a-kind journey through Northern European art (English, Flemish, Germanic, and above all French), illuminating the profane aspects of the Middle Ages and revealing a fascinating era of surprising complexity. The exhibition explores the disappearance of the figure of the fool with the Enlightenment and the triumph of reason, and its resurgence at the end of the 18th century and all throughout the 19th. The fool then became a figure with which artists identified, wondering: ‘What if I were the fool?’ Élisabeth Antoine-König, Senior Curator in the Department of Decorative Arts, and Pierre-Yves Le Pogam, Senior Curator in the Department of Sculptures, Musée du Louvre the Cercle des Mécènes du Louvre, the Fondation Etrillard, the New York Medieval Society.",https://www.louvre.fr/en/exhibitions-and-events/exhibitions/figures-of-the-fool,"Found on the venue's ""past"" listing page. Also listed on the venue's ""past 2025"" page."
louvre,MASTERPIECES FROM THE TORLONIA COLLECTION,2024-06-26,2025-01-06,"The largest ever private collection of ancient Roman sculptures, assembled throughout the 19thcentury by the Torlonia princes in Rome, is being shown to the public for the first time since the mid-20th century in a series of special exhibitions. The Louvre will have the privilege of hosting the Torlonia marbles for their first showing outside Italy, in the renovated summer apartments of Anne of Austria – home to the museum’s permanent collection of ancient sculpture since its creation in the late 18th century. Displaying the Torlonia marbles alongside the French national collection will shed new light on the origin of museums and the interest in antiquity – a founding element of Western culture. Showcasing masterpieces of ancient sculpture, the exhibition will present some truly exquisite treasures of Roman art and explore the origins of museums in Europe during the Enlightenment and the 19th century.",https://www.louvre.fr/en/exhibitions-and-events/exhibitions/masterpieces-from-the-torlonia-collection,"Found on the venue's ""past"" listing page. Also listed on the venue's ""past 2025"" page."
louvre,OLYMPISM,2024-04-24,2024-09-16,,https://www.louvre.fr/en/exhibitions-and-events/exhibitions/olympism,"Found on the venue's ""past"" listing page. Also listed on the venue's ""past 2024"" page. This exhibition's own page could not be read: the venue’s site refused us (HTTP 429)."
