venue_code,title,start_date,end_date,summary,url,notes,swept_at
ashmolean,Aphrodite: The Making of a Goddess,2026-10-08,2027-04-11,"Step into the world of Aphrodite, the Greek goddess of love, beauty, and desire – later worshipped by the Romans as Venus. Today she is thought of as a symbol of passion and beauty, but her story is far older and more complex. This major exhibition will explore Aphrodite’s beginnings on the island of Cyprus, where she was worshipped as an all-powerful goddess over 3,000 years ago, and will trace her journey through the Greek and into the Roman world, where she became Venus. The exhibition will reveal how, over the centuries, Aphrodite evolved into an iconic figure symbolising love and beauty as her myths and images flourished – inspiring art, literature, and imagination from the Renaissance to the present day.",https://www.ashmolean.org/exhibition/aphrodite-the-making-of-a-goddess,"Found on the venue's ""current/upcoming"" listing page. opening and closing date read from a sentence, not a date field: ""8 Oct 2026 - 11 Apr 2027"".",2026-09-27T09:33:25.103Z
ashmolean,Renaissance Worlds: Art and the Senses,2027-06-04,2027-10-10,"This major new exhibition explores how art and objects created between 1450 and 1650 delighted the senses and revealed an increasingly connected world. Featuring works by artists including Raphael, Uccello, Dürer, Sofonisba Anguissola, and Antonello da Messina, alongside sculpture, textiles, musical instruments, and exquisite objects from Europe and beyond, Renaissance Worlds reveals a period shaped by global exchanges and alive with colour, texture, music, food, and fragrance. Iridescent images fashioned from hummingbird feathers, the taste of chocolate, the sounds of Renaissance drums and lutes, the scent of incense and spices, and the textures of velvet and silk reveal how Renaissance beholders experienced a multi-sensory and globally-connected world. Ashmolean Members enjoy unlimited free access to all exhibitions, exclusive preview days and special events, our Members' Magazine sent twice a year, plus shop, café and restaurant discounts. Every Membership supports the Museum.",https://www.ashmolean.org/exhibition/renaissance-worlds-art-and-the-senses,"Found on the venue's ""current/upcoming"" listing page. opening and closing date read from a sentence, not a date field: ""4 JUN - 10 OCT 2027"".",2026-09-27T09:33:25.103Z
ashmolean,Ashmolean Now: Soma Surovi Jannat,2026-03-28,2026-11-01,"This is the fifth in the Ashmolean NOW exhibition series, where contemporary artists are invited to create new work inspired by the Ashmolean’s historical collections. This exhibition showcases the work of Bangladeshi artist Soma Surovi Jannat, who draws inspiration from the Sundarbans, the largest mangrove forest in the world, and the Ashmolean collections to address the climate crisis. Her art reflects on environmental issues and the interconnectedness of nature and humanity, especially in Bangladesh, where the Sundarbans, faces threats from climate change. In her paintings and drawings, capturing urgent global and environmental issues, Surovi critiques the link between natural disasters and social inequalities. As the first Bangladeshi artist-in-residence at the Ashmolean, this exhibition marks Surovi's debut solo show in the UK and also the first solo exhibition of a Bangladesh-based artist in a museum in the UK.",https://www.ashmolean.org/exhibition/ashmolean-now-soma-surovi-jannat,"Found on the venue's ""current/upcoming"" listing page. opening and closing date read from a sentence, not a date field: ""28 Mar - 1 Nov 2026"".",2026-09-27T09:33:25.103Z
ashmolean,Restoring Rome: Roman Oxfordshire Coins Display,2025-12-06,2026-11-29,"Coinage remains one of the best represented and most recognisable elements of Roman material culture. This display will showcase a selection of Roman coins in the Ashmolean collection that were found in Oxfordshire and tell the story of the region from the Roman conquest in 43 CE to the end of Roman Britain, around 410 CE. Some of the coins reflect everyday life through trade, soldiers’ pay, or the collection of taxes. Others tell us about Britain’s position in the empire or served as offerings people made to the gods. Discover a group of Iron Age gold staters buried in a flint nodule around the time of the Roman invasion, known as the Henley Hoard, and various Roman coins from Claudius I to the end of Roman Britain. These historic finds were discovered in local towns and villages, such as Cowley, Dorchester, Asthall, Horton, Shiplake and Childrey, and add to the evidence for coin use and circulation in Roman Oxfordshire.",https://www.ashmolean.org/display/roman-oxfordshire-coins-display,"Found on the venue's ""current/upcoming"" listing page. opening date read from a sentence, not a date field: ""6 Dec 2025 - 29 Nov 2026"".",2026-09-27T09:33:25.103Z
ashmolean,Colonial Views of India: Photographs by Eugene Clutterbuck Impey,2026-04-11,2026-12-13,"This is the first exhibition to focus on photographs and negatives in the Ashmolean, and as such features previously unseen photographs of India by Colonel Eugene Clutterbuck Impey (1830–1904). A member of the East India Company, Impey arrived in India in 1851 and took part in military actions during the Indian Uprising of 1857. After the British Crown took control in 1858 following the Uprising, he worked as a political agent until returning to Britain in 1878. Impey’s photographs reflect British imperial interests, showcasing portraits of colonial officers and Indians, as well as staged scenes of daily life, clothing, religious sites, animals, and landscapes. These images often reinforced stereotypes with the aim to justify colonial efforts. Photography, which gained popularity after its debut in 1839, was used to highlight cultural differences. From the mid-1800s British officials documented various social groups in India, often categorising people by ethnicity.",https://www.ashmolean.org/exhibition/colonial-views-of-india-impey-photographs,"Found on the venue's ""current/upcoming"" listing page. opening date read from a sentence, not a date field: ""11 Apr - 13 Dec 2026"".",2026-09-27T09:33:25.103Z
ashmolean,"Sisters, Brothers, Others: Nationality and 20th-Century Chinese Art",2026-07-11,2027-03-07,"Most citizens of the People’s Republic of China are Han, an ethnicity often translated as ‘Chinese.’ Officially, however, 56 different ‘brother and sister nationalities’ make up the country. The Sisters, Brothers, Others exhibition showcases how both Han and non-Han artists in the People's Republic of China have approached notions of 'self' and 'other' in their depictions of nationality and ethnicity. Through artworks and objects ranging from political propaganda posters to intimate self-portraits, the show explores questions of identity and the relationship between artistic and political representation. After the Manchu Qing dynasty fell in 1912, China transformed from an empire representing the power of an emperor into a state representing a nation. How could the diverse population of the former empire be united into a single national identity?",https://www.ashmolean.org/exhibition/sisters-brothers-others-nationality-and-20th-century-chinese-art,"Found on the venue's ""current/upcoming"" listing page. opening date read from a sentence, not a date field: ""11 Jul 2026 - 7 Mar 2027"".",2026-09-27T09:33:25.103Z
ashmolean,Ashmolean Now: Garry Fabian Miller,2026-11-26,2027-06-13,"This is the sixth in the Ashmolean NOW exhibition series, where contemporary artists are invited to create new work inspired by the Ashmolean’s historical collections. This exhibition brings together two British artists separated by nearly two centuries, but united by a shared commitment to landscape, light, and the transformative power of place: Garry Fabian Miller and the 19th-century Romantic painter Samuel Palmer. Garry Fabian Miller is one of the most progressive figures in contemporary photography. He has worked without a camera since the 1980s, to explore the possibilities of light as both medium and subject. Living on Dartmoor, his work has evolved out of daily walks in nature. Mainly working with Cibachrome paper and traditional darkroom chemistry throughout his career, Fabian Miller has experimented with extremely long exposure times that can last for many hours, with time itself becoming a key artistic focus.",https://www.ashmolean.org/exhibition/ashmolean-now-garry-fabian-miller,"Found on the venue's ""current/upcoming"" listing page.",2026-09-27T09:33:25.103Z
ashmolean,In Bloom: How Plants Changed Our World,2026-03-19,2026-08-16,"What do we really know about the plants and flowers in our gardens and window boxes? Beyond their beauty, many have hidden histories – tales of exploration, obsession, and knowledge. This major new exhibition took visitors on a journey from Oxford to the farthest corners of the world and back, uncovering the global stories behind some of Britain’s most beloved blooms – from roses and tulips to camellias and peonies. Featuring over 100 artworks and objects, including drawings, paintings, rare prints, and ceramics, In Bloom explored our changing relationship with the natural world.",https://www.ashmolean.org/exhibition/in-bloom-how-plants-changed-our-world,"Found on the venue's ""past"" listing page. Also listed on the venue's ""past p1"" page. Also listed on the venue's ""past p2"" page.",2026-09-27T09:33:25.103Z
ashmolean,This Is What You Get: Stanley Donwood | Radiohead | Thom Yorke,2025-08-06,2026-01-18,"This major exhibition explored the visual art of Stanley Donwood and Thom Yorke and the iconic images of Radiohead. More than 180 objects were on display from the artists’ 30-year collaboration, including original paintings for album covers, digital compositions, etchings, unpublished drawings, and lyrics in their sketchbooks. This Is What You Get revealed how the artists experimented with early technology, and explores the evolution of the images for Radiohead’s legendary albums and Yorke’s later projects. To date the band, which was formed in Oxfordshire in the mid-1980s, has sold 30 million records worldwide. Developed and curated with Stanley Donwood and Thom Yorke, the show offered a unique opportunity to look at the creative forces behind some of the most important and influential music of the past few decades.",https://www.ashmolean.org/exhibition/this-is-what-you-get-stanley-donwood-radiohead-thom-yorke,"Found on the venue's ""past"" listing page. Also listed on the venue's ""past p1"" page. Also listed on the venue's ""past p2"" page.",2026-09-27T09:33:25.103Z
ashmolean,Anselm Kiefer: Early Works,2025-02-14,2025-06-15,"Anselm Kiefer: Early Works was a landmark exhibition of one of the world's most important living artists, organised in collaboration with the Hall Art Foundation and drawn from the Hall Collection. Featuring paintings, watercolours, artist books, photos and woodcuts, all rarely displayed in the UK, this major exhibition took us back to the origins of Anselm Kiefer. With 45 works made during the period 1969–82, the show explored the artist’s roots, covering an array of cultural, literary and philosophical subjects including recent German history. Best known for his monumental paintings and installations, Anselm Kiefer has become a towering figure of post-war art, and this exhibition was a unique chance for you to see his multi-layered and poignant early works. The exhibition also featured three new paintings chosen by Kiefer from his own collection.",https://www.ashmolean.org/exhibition/anselm-kiefer-early-works,"Found on the venue's ""past"" listing page. Also listed on the venue's ""past p1"" page. Also listed on the venue's ""past p2"" page.",2026-09-27T09:33:25.103Z
ashmolean,"Money Talks: Art, Society & Power",2024-08-09,2025-01-05,"Exploring the place of money in our world through different artistic lenses. Money Talks featured more than 100 objects from across the globe, including artworks by Rembrandt, Andy Warhol, Guerrilla Girls, Grayson Perry and Bansky, and the new phenomenon of cryptocurrency and NFTs. https://www.youtube.com/embed/-TBggQswqJQ?si=K_12bgOydRSkkkY7 Mr Barrie and Mrs Deedee Wigmore The Patrons of the Ashmolean Museum",https://www.ashmolean.org/exhibition/money-talks-art-power-and-society,"Found on the venue's ""past"" listing page. Also listed on the venue's ""past p1"" page. Also listed on the venue's ""past p2"" page.",2026-09-27T09:33:25.103Z
ashmolean,"Pat Suet-Bik Hui & the Three Perfections: Poetry, Calligraphy, Painting",2025-09-20,2026-06-28,"Pat Suet-Bik Hui 許雪碧 (b. 1943) is a US-based Hong Kong artist. This exhibition showcases her work alongside others who engage with the tradition of the 'three perfections' 三絕, which brings together the three art forms of poetry, calligraphy, and painting. The exhibition included works by Hui, her contemporaries, her teacher Lui Shou-Kwan and others of his generation, as well as earlier examples from the 17th, 18th, and 19th centuries. Seeing Hui alongside these other artists gave the context to understand her as both innovator and standard-bearer of tradition. In this tradition, calligraphic brushstrokes are as integral to compositional balance as those used in painting. Likewise, images conjured by a poem and those rendered in a painting combine to create effects neither can achieve alone. Hui’s modern interpretation fuses abstract and semi-abstract washes of colour and ink with simple, restrained calligraphy inscribing poems reflecting on a variety of themes, from love, to loss, to the pleasures of drinking.",https://www.ashmolean.org/exhibition/pat-suet-bik-hui-and-the-three-perfections,"Found on the venue's ""past"" listing page. opening date read from a sentence, not a date field: ""20 Sep 2025 to 28 Jun 2026"".",2026-09-27T09:33:25.103Z
ashmolean,Ashmolean Now: Daphne Wright – Deep-Rooted Things,2025-06-13,2026-02-08,"This was the fourth in the Ashmolean NOW exhibition series, where contemporary artists are invited to create new work inspired by the Ashmolean’s historical collections. This exhibition focused on sculptures by Irish artist Daphne Wright and has been curated by Ashmolean director, Xa Sturgis. Conceived in partnership with the Hugh Lane Gallery in Dublin, the exhibition featured several new works which consider the tradition of still lifes and respond to the sculptures in our Cast Gallery. Daphne Wright works in unfired clay and jesmonite and has long experimented with casting.",https://www.ashmolean.org/exhibition/ashmolean-now-daphne-wright,"Found on the venue's ""past"" listing page. opening date read from a sentence, not a date field: ""13 Jun 2025 to 8 Feb 2026"".",2026-09-27T09:33:25.103Z
ashmolean,Images of Authority: Portraits Between Iran and Europe,2025-03-01,2026-03-15,"As we grapple with the possibilities and excesses of our image-obsessed culture, this free exhibition looked back at the way in which a specific kind of image – portraits – dominated the lives of three contemporaneous rulers: Fath Ali Shah Qajar (1797–1834), King George III (1760–1820), and Napoleon Bonaparte (1799–1814). Juxtaposing portraits on different media from across Iran, Britain and France, the display explored similar and unique strategies developed to convey the personal and political aspirations of these ambitious leaders and astute image-makers. Exhibited for the first time in over a century, are also two recently restored Qajar paintings and some of the discoveries made during their conservation treatment. The Ashmolean Museum gratefully acknowledged the British Institute of Persian Studies, the Flora Foundation, the Pilgrim Trust, the Persian Heritage Foundation, the Yadiran Foundation and additional anonymous donors for supporting the study and restoration of the Qajar paintings.",https://www.ashmolean.org/exhibition/images-of-authority-portraits-between-iran-and-europe,"Found on the venue's ""past"" listing page. opening date read from a sentence, not a date field: ""1 Mar 2025 - 15 Mar 2026"".",2026-09-27T09:33:25.103Z
ashmolean,Kabuki Kimono: Costumes of Bandō Tamasaburō V,2024-12-14,2025-11-09,"This set of striking kabuki costumes belonging to the kabuki actor Bandō Tamasaburō V was on display in the Ashmolean's Textile Gallery. Tamasaburō is the most popular and celebrated onnagata (male actor who performs female roles) currently on the kabuki stage. The costumes selected reflect the wide variety of roles in this actor's long and celebrated theatre career, from court ladies and courtesans to fairy princesses. These intricately crafted kimonos showcased a range of elaborate textile techniques, including weaving, dyeing, embroidery and hand-painting. The beautiful costumes are adorned with cascading wisteria and cherry blossoms by torchlight, golden peacock feathers and swirling dragons. Two of the most spectacular costumes in the new rotation (above and below) were worn by Tamasaburō in the role of high-ranking courtesan Yūgiri in the hugely popular kabuki play 'Love letters from the Pleasure Quarters' (Kuruwa Bunshō). Set in Osaka, it tells the story of a lover’s tiff between merchant’s son Izaemon and the glamorous Yūgiri.",https://www.ashmolean.org/exhibition/kabuki-kimono-display-costumes-of-bando-tamasaburo-v,"Found on the venue's ""past"" listing page. opening date read from a sentence, not a date field: ""14 Dec 2024 until 9 Nov 2025"".",2026-09-27T09:33:25.103Z
ashmolean,Cheung Yee and His 1960s Hong Kong Contemporaries,,2025-09-07,"This exhibition showcases newly-acquired works for the Ashmolean by the Hong Kong artist Cheung Yee (1936–2019). It will be the first substantial display of his work outside Hong Kong, including sculpture and works on paper. Cheung Yee was a leading figure of innovation in the Hong Kong art scene, especially during the 1960s, when the city established its own identity as an artistic centre. His work will be shown alongside those by Lui Shou-Kwan (1919–75), Wucius Wong (b.1936), Liu Kuo-sung (b.1932) and others from the avant-garde Circle Art Group. Displayed with his peers, the works highlight Cheung Yee’s connection with a generation of modern art pioneers from Hong Kong and Taiwan in the latter 20th century. Although Cheung Yee is mainly known as a sculptor, the Ashmolean exhibition will include some outstanding examples of his experiments with works on paper.",https://www.ashmolean.org/exhibition/cheung-lee-and-his-1960s-hong-kong-contemporaries,"Found on the venue's ""past"" listing page. Opening date not provided by the venue, even after the exhibition closed.",2026-09-27T09:33:25.103Z
ashmolean,Sir Winston Churchill at 150 Money Gallery Display,,2025-11-30,"To coincide with the 150th anniversary of the birth of Sir Winston Churchill last autumn (Nov 2024), we have been showcasing a selection of coins and medals from our collection in the Money Gallery. These include a rare proof of a commemorative £2 coin by the Royal Mint, specially produced for the anniversary. The Heberden Coin Room at the Ashmolean has a world-class collection of medals relating to Churchill, mostly thanks to a gift from J. Eric Engstrom of his Churchill Medal Collection in 2020. The display reveals how Churchill has become a key figure in the medallic art of the 20th century. The display explores the range of media in which Churchill finds himself remembered. Alongside the coins and medals are several other objects, including a pamphlet of John Maynard Keynes – on show for the first time – and a striking commemorative mug. This display was supported by a gift given in loving memory of Harry Clay Blaney III",https://www.ashmolean.org/exhibition/churchill-money-gallery-display,"Found on the venue's ""past"" listing page. Opening date not provided by the venue, even after the exhibition closed.",2026-09-27T09:33:25.103Z
ashmolean,Ashmolean Now: Bettina von Zwehl – The Flood,2024-10-18,2025-05-11,"The third in the Ashmolean NOW exhibition series, where contemporary artists are invited to create new work inspired by the Ashmolean’s historical collections. This exhibition featured photographs by London-based artist, Bettina von Zwehl (b. 1971). Von Zwehl's aim is to rekindle wonder and curiosity as critical tools for exploring new ideas and practices. During a residency in Oxford from 2022–23, von Zwehl spent time researching the Ashmolean’s founding collections – the wonderfully diverse objects and works of art which were displayed when the Museum first opened in the 17th century. The artist's time at the Ashmolean served as inspiration for a unique photographic 'Wunderkammer' installation that moves between portraiture, silhouetted fragments, still-life, monumental and miniature elements, as well as non-art objects and specimens from natural history collections.",https://www.ashmolean.org/exhibition/ashmolean-now-bettina-von-zwehl,"Found on the venue's ""past"" listing page. opening date read from a sentence, not a date field: ""18 Oct 2024 - 11 May 2025"".",2026-09-27T09:33:25.103Z
ashmolean,"Demon, Mother, Maker of Kings",2024-06-21,2025-06-15,"In ancient and medieval societies, gods and goddesses were central to how people saw the world. In this display you will discover a group of female divinities of the ancient world offering a glimpse into the many surprising forms of their power, from motherhood, love and fertility, to being fiercely violent and asserting political authority. Each has many different roles and functions in war, battle and death, politics, intelligence, and even navigation. Many scholars in the late Victorian period saw these goddesses as evidence of an ancient ‘Great Goddess’ cult, which they mistakenly interpreted as evidence of matriarchy – a society led by women. These ideas, though useful to feminists, were used by their critics to argue that female power was ‘primitive’ and ‘uncivilised’. Header image: Durga slays the buffalo demon Mahishasuramardini, illustration (detail), 17th century, gouache on paper",https://www.ashmolean.org/exhibition/demon-mother-maker-of-kings-display,"Found on the venue's ""past"" listing page. opening date read from a sentence, not a date field: ""21 Jun 2024 to 15 Jun 2025"".",2026-09-27T09:33:25.103Z
ashmolean,National Treasures: The Wilton Diptych in Oxford,2024-05-10,2024-09-01,"The Ashmolean is proud to have been a partner venue for the National Treasures displays in 2024. As part of its 200th birthday celebrations, the National Gallery loaned 12 paintings to venues around the UK, with the displays all opening on 10 May 2024. The Ashmolean displayed the Wilton Diptych, painted about 1395-9 and made for Richard II, King of England from 1377 to 1399. The small, portable altarpiece is one of a handful of English panel paintings to have survived from the Middle Ages. The Wilton Diptych English or French, painted about 1395-9. Egg on oak.",https://www.ashmolean.org/exhibition/national-treasures-wilton-diptych-in-oxford,"Found on the venue's ""past p1"" listing page. opening date read from a sentence, not a date field: ""10 May 2024 - 1 Sep 2024"".",2026-09-27T09:33:25.103Z
ashmolean,Simple Pleasures: Li Jin with Roger Law,2024-05-04,2024-11-17,"'We are good friends and share the same path in art' – Letter from Li Jin to Roger Law, 2003 This exhibition showcased work by the contemporary Chinese ink master Li Jin – his first solo show in the UK – alongside a selection of drawings and ceramic work by the British caricaturist Roger Law and some of their correspondence. The two artists have been friends for many years. Both share a sense of humour and sharp observation in their artistic endeavours and appreciation of each other's art. Active since the 1980s, Li Jin is best known for his playful and witty depictions of the sensory pleasure of the ordinaries, which subvert the classical themes of an ideal, elegant, and serene life in Chinese literati painting. Li Jin often accompanies his artworks with calligraphy of Buddhist texts.",https://www.ashmolean.org/exhibition/li-jin-with-roger-law-simple-pleasures,"Found on the venue's ""past p1"" listing page. opening date read from a sentence, not a date field: ""4 May - 17 Nov 2024"".",2026-09-27T09:33:25.103Z
ashmolean,Kabuki Legends: Part Two – Stencil Prints by Takahashi Hiromitsu,2024-02-16,2025-02-23,"Japanese artist Takahashi Hiromitsu creates dynamic, colourful prints showing exciting moments in kabuki, a traditional form of dance-drama. This was the second show in a two-part exhibition of his works in Gallery 29. Hiromitsu’s striking designs are not portraits of actual actors, but visualisations of famous kabuki roles. In kabuki, performers wearing elaborate costumes and make-up use stylised movement and song to enact melodramatic stories about love, loyalty and the clash between duty and emotion. The works recall Japan’s traditional ukiyo-e woodblock actor prints, but are made using a different technique – kappazuri, or stencil printing, originally used for dyeing kimono. This process is complex and labour-intensive and Hiromitsu is one of very few artists working in this way today.",https://www.ashmolean.org/exhibition/kabuki-legends-part-two-stencil-prints-of-takahashi-hiromitsu,"Found on the venue's ""past p1"" listing page. opening date read from a sentence, not a date field: ""16 Feb 2024 - 23 Feb 2025"".",2026-09-27T09:33:25.103Z
ashmolean,Ashmolean Now: Pio Abad,2024-02-10,2024-09-08,"Our Pio Abad exhibition, which closed at the Ashmolean in Sep 2024, was one of four nominated for the Turner Prize 2024. Congratulations to the winner Jasleen Kaur for her exhibition Alter Altar, at Tramway in Glasgow. The second in the Ashmolean NOW exhibition series, where contemporary artists are invited to create new work inspired by the Ashmolean’s historical collections. This exhibition, entitled To Those Sitting in Darkness, featured new drawings and objects by London-based artist Pio Abad (b.1983).",https://www.ashmolean.org/exhibition/ashmolean-now-pio-abad-those-sitting-in-darkness,"Found on the venue's ""past p1"" listing page. opening date read from a sentence, not a date field: ""10 Feb - 8 Sep 2024"".",2026-09-27T09:33:25.103Z
ashmolean,Money in Renaissance Germany,2024-01-12,2024-11-10,"This display in the Money Gallery explores the creation of a common currency across the Holy Roman Empire in 1559. It was the first European currency whose units were clearly and consistently marked with their face values in Arab numerals. While the fronts of the coins were harmonised, the backs retained some forms of local reference, which was in some cases quite playfully medieval. Before the adoption of a common silver currency in 1559, parts of the empire faced well-known monetary pressures. In the absence of central control and consensus, different issuing authorities of a similar geographical area minted coins which were superficially the same, but in fact tended to become baser or lighter. This made the currency steadily worse. Images above: Front and back: Silver coin (Leicesterrijksdaalder) of Robert Dudley, Earl of Leicester, Lord of Denbigh, Governor-General of the United Provinces of the Netherlands, 1564-1588 from Harderwijk (Modern), 1587. HCR45928",https://www.ashmolean.org/exhibition/money-in-renaissance-germany,"Found on the venue's ""past p1"" listing page. opening date read from a sentence, not a date field: ""12 Jan - 10 Nov 2024"".",2026-09-27T09:33:25.103Z
mad,La Mode en Majesté. Royal Thai Dress from Tradition to Modernity,2026-05-13,2026-11-01,"The Musée des Arts Décoratifs presents a unique exhibition on the clothing evolution at the Thai court, featuring pieces from the royal collection. Gathering more than a hundred exceptional garments and accessories, the exhibition showcases the royal wardrobes, highlighting the eight traditional Thai costume formats designed by Her Majesty Queen Sirikit in collaboration with a team of historians and local Thai designers. The exhibition also emphasizes the unique history of cultural and artistic dialogue, marked by over thirty years of collaboration between Queen Sirikit and fashion designer Pierre Balmain, later continued with the Balmain and Lesage houses. Organized in collaboration with the Queen Sirikit Museum of Textiles in Thailand and The Sustainable Arts and Crafts Institute of Thailand (SACIT), the exhibition coincides with the celebrations of the 170th and 340th anniversaries of diplomatic relations between France and Thailand (formerly the Kingdom of Siam).",https://madparis.fr/La-Mode-en-Majeste-Royal-Thai-Dress-from-Tradition-to-Modernity,"Found on the venue's ""current"" listing page.",2026-09-27T10:18:17.839Z
mad,A Day in the Eighteenth Century: Chronicle of a Parisian Townhouse,2026-02-18,2026-10-04,"The Musée des Arts Décoratifs invites visitors to step inside the intimate world of an eighteenth-century aristocratic residence and its inhabitants – masters, servants, and household animals. Featuring more than 550 original objects, drawn from the museum’s collections and for most of them, rarely exhibited, ’A Day in the Eighteenth Century: Chronicle of a Parisian Townhouse’ gather all fields of expression of the decorative arts – wood panelling and wallpapers, furniture, ceramics, silverware, clothing and fashion accessories, toys, and jewellery – to recreate the life of a Parisian hôtel particulier in the 1780s. In a cinematic, sound-filled and scented atmosphere, the visitors wander from room to room as if they were close acquaintances, friends, or privileged guests of the family. The exhibition is curated by Ariane James-Sarazin, Chief Heritage Curator responsible for the seventeenth- and eighteenth-century collections and the Nissim de Camondo collection, together with Sophie Motsch, Assistant Curator. The exhibition is designed by FREAKS Architecture.",https://madparis.fr/A-Day-in-the-Eighteenth-Century-Chronicle-of-a-Parisian-Townhouse,"Found on the venue's ""current"" listing page.",2026-09-27T10:18:17.839Z
mad,Look: 40 Years of Fashion at the Museum,2026-09-30,2027-04-04,"To celebrate the 40th anniversary of the founding of the Musée des Arts de la Mode within its walls, the Musée des Arts Décoratifs is presenting an exhibition featuring 40 iconic outfits. The major exhibition, “Look: 40 Years of Fashion at the Museum” reveals the craftsmanship and techniques of the fashion world. From sewing workshops to behind-the-scenes at the museum, these techniques transform garments into works of art. The exhibition invites visitors to follow the dual life of a garment, from before to after it enters the collections. It unveils the stages of creation, conservation, and restoration that bring this exceptional heritage to life, from the initial sketch to the runway show, via fashion photography, and from the museum’s storage to the exhibition. Visitors can discover the beauty of the works and objects that contribute to creating a fashion piece, such as drawings, embroidery samples, patterns, and model archives. Enhanced by photography and worn by increasingly famous models, garments become the stars of fashion shows, which are now conceived as true artistic performances.",https://madparis.fr/Look-40-ans-de-mode-au-musee-2552,"Found on the venue's ""upcoming"" listing page.",2026-09-27T10:18:17.839Z
mad,Rafael Pavarotti. Photographer,2026-10-02,2027-05-02,"For the first time in France, the Musée des Arts Décoratifs presents the work of Brazilian photographer Rafael Pavarotti from October 2, 2026, to May 2, 2027. The exhibition showcases over 200 prints, juxtaposed with photographs from the museum’s collection, from the iconic fashion magazine covers to portraits of international pop culture stars such as Rihanna, Harry Styles, and Beyoncé, as well as campaigns he has created for major fashion houses. His work is characterized by a vibrant, powerful style, producing striking and unique images. Born in 1993 in Pará, within the Amazon rainforest, Pavarotti’s personal history resonates throughout his photographic approach. Strong women in his family, the bright, colorful dishware of his grandmother, and the natural environment of his childhood are central sources of inspiration.",https://madparis.fr/Rafael-Pavarotti-Photographer,"Found on the venue's ""upcoming"" listing page.",2026-09-27T10:18:17.839Z
mad,The language of Walls: Rubbings from China to Notre-Dame,2026-03-18,2026-06-28,"From March 18 to June 28, 2026, the Musée des Arts Décoratifs presents Le langage des murs. Estampages de la Chine à Notre-Dame, the fourth focus exhibition in the Drawing, Wallpaper and Photography Department, coinciding with the Salon du Dessin and Printemps Asiatique. Featuring around one hundred works—including ancient and contemporary rubbings, drawings, and technical tools—the exhibition showcases the art of stone rubbing through a unique selection of the museum’s Chinese and French collections. On that occasion, the museum invites Santiago Hardy, a steepljack, and Delphine Syvilay, then research engineer at the Laboratory for Research on Historic Monuments (LRMH), to present for the first time the marks of the stonemasons and the stamped graffiti uncovered during the restoration of Notre-Dame de Paris.",https://madparis.fr/The-language-of-Walls-Rubbings-from-China-to-Notre-Dame,"Found on the venue's ""past"" listing page.",2026-09-27T10:18:17.839Z
mad,1925-2025. One Hundred Years of Art Deco,2025-10-22,2026-04-26,"The Musée des Arts Décoratifs celebrates the centenary of Art Deco with an exhibition of contemporary scenography. In 1925, the International Exhibition of Modern Decorative and Industrial Arts in Paris marked the peak of Art Deco. Decorators, manufacturers, magazines, department stores, artists, and even foreign nations competed fiercely to occupy Parisian buildings or erect temporary structures to display their latest creations. From October 22, 2025, to April 26, 2026, the Musée des Arts Décoratifs will celebrate the centenary of this great style and its success with an exhibition of contemporary scenography.",https://madparis.fr/1925-2025-One-Hundred-Years-of-Art-Deco,"Found on the venue's ""past"" listing page.",2026-09-27T10:18:17.839Z
mad,Guénaëlle de Carbonnières. In the hollow of images,2025-10-29,2026-02-01,"From October 29, 2025, to February 1, 2026, the Musée des Arts Décoratifs presents the photographic work of the artist Guénaëlle de Carbonnières in the “Cabinet des Dessins, Papiers peints et Photographies”. Her work revolves around collective memory, particularly using archaeological and architectural images. For the first time, she immersed herself in the photographic collections of the Musée des Arts Décoratifs to collect and reveal their secrets, like an archaeological dig.",https://madparis.fr/Guenaelle-de-Carbonnieres-In-the-hollow-of-images,"Found on the venue's ""past"" listing page.",2026-09-27T10:18:17.839Z
mad,Paul Poiret: Fashion is a Feast,2025-06-25,2026-01-11,"The Musée des Arts Décoratifs presents its first major monograph dedicated to Paul Poiret (1879-1944), a key figure in Parisian haute couture at the beginning of the 20th century. Paul Poiret, regarded as the liberator of the female body for removing the corset, revolutionized fashion. The exhibition Paul Poiret. Fashion is a Feast is an immersive journey into the creator’s rich universe, from the Belle Époque to the Roaring Twenties. It explores his creations in the fields of fashion, decorative arts, perfume, celebration, and gastronomy. Through 550 works (clothing, accessories, fine and decorative arts), the exhibition highlights his lasting influence and reveals the extent of his creative genius. It is a fascinating journey into the world of a man whose legacy continues to inspire contemporary fashion designers, from Christian Dior in 1948 to Alphonse Maitrepierre in 2024.",https://madparis.fr/Paul-Poiret-Fashion-is-a-Feast,"Found on the venue's ""past"" listing page.",2026-09-27T10:18:17.839Z
mad,"Bamboo, From Pattern to Work",2025-06-05,2025-09-14,"In the intimate “Cabinet des Dessins, Papiers Peints et Photography” on the museum’s 5th floor, explore one of the recurring motifs in Asian art: bamboo. Dive into the Japanese and Chinese collections of the Musée des Arts Décoratifs for the 8th edition of Printemps Asiatique! Explore one of the recurring motifs in Asian art, bamboo.",https://madparis.fr/Bamboo-From-Pattern-to-Work,"Found on the venue's ""past"" listing page.",2026-09-27T10:18:17.839Z
mad,My Teddy Bear,2024-12-04,2025-06-29,"The undisputed king of toys, the teddy bear descends on the Musée des Arts décoratifs to tell his incredible story. Born at the very beginning of the 20th century, he quickly earned a place for himself in the hearts of children, dethroning toys whose existence dated back to Antiquity, like dolls or animals on wheels. Since then, the teddy bear has become the quasi-universal symbol of childhood, and synonymous with tenderness and gentleness. But how has the former king of animals, revered for his strength and feared for his ferocity, transformed into the most popular of toys?",https://madparis.fr/My-Teddy-Bear,"Found on the venue's ""past"" listing page.",2026-09-27T10:18:17.839Z
mad,Ruhlmann decorator,2025-03-12,2025-06-01,"History has established Jacques-Émile Ruhlmann as the true champion of the 1925 exhibition. From March 12 to June 1, 2025, the Musée des Arts Décoratifs will open the centennial celebration of the 1925 event with a tribute to this exceptional decorator, through drawings, wallpapers and photographs from its collections. While he occasionally participated in the decoration through his furnishings of the Pavilion of the Society of Decorative Artists – a project of the French Embassy – it was in the Collector’s Pavilion that he created an original work. In a building commissioned by his friend the architect Pierre Patout, and soon to be known as the Ruhlmann Pavilion, he designed an ideal home, which he completed, in coordination with with nearly fifty artists.",https://madparis.fr/Jacques-Emile-Ruhlmann-decorator,"Found on the venue's ""past"" listing page.",2026-09-27T10:18:17.839Z
mad,Rococo & co: From Nicolas Pineau to Cindy Sherman,2025-03-12,2025-05-18,"On the occasion of the Dessin 2025 fair, the Musée des Arts Décoratifs is paying tribute to Nicolas Pineau, an ornamental sculptor and architect, one of the major figures of the artistic renewal at the beginning of the 18th century. From its origins at the beginning of the 18th century, the exhibition explores the evolution of the Rococo style and its reappearance in contemporary design and fashion, including Art Nouveau and psychedelic art. Nearly 200 drawings, pieces of furniture, woodwork, objets d’art, lighting, ceramics and fashion items engage in a playful dialogue of curves and counter-curves. Nicolas Pineau and Juste Aurèle Meissonnier are joined by Louis Majorelle, Jean Royère, Alessandro Mendini, Mathieu Lehanneur, the fashion designers Tan Giudicelli and Vivienne Westwood, and the artist Cindy Sherman.",https://madparis.fr/Rococo-co-From-Nicolas-Pineau-to-Cindy-Sherman,"Found on the venue's ""past"" listing page.",2026-09-27T10:18:17.839Z
mad,"Christofle, a brilliant story",2024-11-14,2025-04-20,"The Musée des Arts décoratifs presents a major exhibition on the Maison Christofle, showing how, from its foundation in the 1830s to the present day, this line of talented goldsmiths, begun by Charles Christofle (1805-1863) and Henri Bouilhet (1830-1910), transformed the lines and decorations of silverware, allowing it to become a feature of daily life. Through an immersive and magical exhibition, this large retrospective features a selection of over six hundred pieces of gold and silverwork, paintings, drawings, and posters, from the Bouilhet-Christofle Collection and other major national collections. The first exhibition of this scale, it has been organized by the Musée des Arts décoratifs, which has always maintained close links with the Maison Christofle, recognized as part of France’s tangible heritage since the second half of the 19th century.",https://madparis.fr/Christofle-a-brilliant-story,"Found on the venue's ""past"" listing page.",2026-09-27T10:18:17.839Z
mad,Private Lives: from the Bedroom to Social Media,2024-10-15,2025-03-30,"The Musée des Arts Décoratifs takes you on a fascinating journey into the heart of our inner sanctum through a history of privacy, from the 18th century to the present day. 470 works, including paintings and photographs, as well as decorative art objects, reveal how the private sphere has evolved. From the bedroom as seen by Henri Cartier-Bresson or Nan Goldin and 19th-century wrought-iron beds to the “lit-clos” of the Bouroullec brothers’, from the commode chair to the urinal for women, from waterless hygiene products to the bathroom, from aristocratic beauty to mass consumption, from licentious books to sex toys, from the Walkman to social networks and influence, through the tools of surveillance and protection, the exhibition shows how privacy came to be, and the profound changes it has undergone since then. The increasingly blurred and porous boundaries between private and public have sparked much debates.",https://madparis.fr/Exhibition-L-intime-de-la-chambre-aux-reseaux-sociaux,"Found on the venue's ""past"" listing page.",2026-09-27T10:18:17.839Z
mad,Fashion. Next Gen. ANDAM’s 35th Anniversary,2024-10-01,2025-03-30,"From October 1, 2024, to March 30, 2025, the Musée des Arts Décoratifs celebrates the 35th anniversary of the ANDAM (National Association for the Development of Fashion Arts) through a selection of 17 fashion silhouettes, showcasing its visionary perspective on young creation. The Musée des Arts Décoratifs is home to the national collection of fashion and textiles, which is among the world’s most substantial, spanning from the 18th century to the present. Since 1989, ANDAM has annually awarded emerging designers from the French and international scenes, providing them with the means, through its competition and comprehensive support program, to establish themselves sustainably in the fashion landscape. The collaboration between the Musée des Arts Décoratifs and ANDAM aims to highlight these new fashion players. Winners are invited to offer emblematic pieces from their award-winning collections each year, enriching the museum’s archives of contemporary fashion. Through themes such as the art of tailoring, body deformation, or transparency, the silhouettes and accessories of the 2023 and 2024 winners converse with those of their predecessors from the Museum’s collections. This presentation highlights ANDAM’s openness to the diversity of fashion, which is characterized by aesthetic proposals, technical research and craftsmanship, and the expression of each creator’s personal universe. Featured fashion designers: Martin Margiela, Olivier Guillemin, Gareth Pugh, Udo Edling, Jeremy Scott, Vicente Rey, Koché, Vincent Rubin, Marine Serre, Stéphanie D’Heygère, Ludovic de Saint-Sernin, Ester Manas, Louis-Gabriel Nouchi, Duran Lantink, Ruslan Baginskiy, 31 Février, Glenn Martens for Y/Project, Arthur Avellano, Charlotte Chesnais, Mariot Chanet, three 2024 Fashion winners, one 2024 Accessory winner.",https://madparis.fr/Mode-nouvelles-generations-35-ans-de-L-ANDAM-2483,"Found on the venue's ""past"" listing page.",2026-09-27T10:18:17.839Z
mad,Fashion in the making. Photographs of 1920s and 1930s designs,2024-11-06,2025-01-26,"The exhibition “La mode en modèles” on view from November 6, 2024 to February 26, 2025, presents a selection from the museum’s collection of photographic deposits of fashion models. More than one hundred photographs, drawings, films, and haute couture dresses provide an overview of Parisian fashion creation during the Roaring Twenties, from 1917 to 1939. These often overlooked images, crucial to the legal protection of fashion houses, offer a detailed look at the work of major couturiers, from the Callot sisters to Jeanne Paquin, from Jeanne Lanvin to Elsa Schiaparelli, including Madeleine Vionnet and Jean Patou. They allow us to trace the evolution of fashion innovation and aesthetics during this iconic period.",https://madparis.fr/Fashion-in-the-making-Photographs-of-1920s-and-1930s-designs,"Found on the venue's ""past"" listing page.",2026-09-27T10:18:17.839Z
mad,Luxury in China. Asia Week Paris 2024,2024-06-06,2024-11-24,"On the occasion of the 60th anniversary of cultural relations between China and France and the 7th edition of Asia Week, the Musée des Arts Décoratifsis presenting a new presentation of an important ensemble of Chinese works in its permanent exhibition. This new presentation highlights the exceptional nature of certain materials and numerous Chinese crafting techniques used since antiquity to create luxury objects. These techniques allowed the sublimation of materials such as jade and other hard stones, porcelain, cloisonné or painted enamel, bronze, lacquered wood, feathers, and glass. All the works presented have been selected from the national collections of the Musée des Arts Décoratifs. They illustrate the production of the Yuan (1279-1368), Ming (1368-1644) and Qing (1644-1912) dynasties from the 13th century to the end of the 19th century. This presentation also tells the story of the museum’s collection and the sources of inspiration that these objects have been for artists, designers, and manufacturers for more than 150 years, from the Chinoiserie period of the 18th century to the second half of the 19th century and the Art Nouveau period. The tour begins in the Jewelry Gallery and continues through the permanent galleries, from the medieval halls to the contemporary rooms.",https://madparis.fr/Objets-de-luxe-en-Chine-Printemps-Asiatique-2024-2480,"Found on the venue's ""past"" listing page.",2026-09-27T10:18:17.839Z
mad,"Fashion, Design, Jewellery Exhibit",2024-04-03,2024-11-17,"In April 2024, the Musée des Arts décoratifs will open a new exhibit in the rooms housing the permanent collection devoted to contemporary design, from levels 5 to 9 of the Pavillon de Marsan. For the first time, this presentation will include a selection of fashion and jewellery creations: some thirty couture or ready-to-wear pieces and approximately fifty accessories and jewellery creations that resonate with the museum’s design masterpieces from the 20th century to the present day. In this context, with recent additions to the rooms hosting the Lalanne bequest and the new acquisitions of the Design Circle, the chosen fashion and jewellery works will sublimate the design and artisanal creations already on display, whether in terms of similarities in form or design, or chronologically. This presentation pays a special tribute to the couturiers and creators who have recently contributed to the enrichment of the museum’s collections by means of generous donations. Discover the creations of Balmain, Andrea Crews, Comme des Garçons, Schiaparelli, Issey Miyake, Xuly Bët, Fred Sathal, Elizabeth de Senneville, Valentino, Paco Rabanne, Christian Dior, Hermès, Lanvin, Louis Vuitton, Van Cleef and Arpels, Line Vautrin, Gilles Jonemann, Helmut Lang, Christian Astuguevieille, and many others.",https://madparis.fr/Parcours-mode-bijoux-design-2420,"Found on the venue's ""past"" listing page.",2026-09-27T10:18:17.839Z
mad,Off-site - The Adorned Body : French Fashion and Jewellery 1770–1910,2024-06-24,2024-10-14,"Presented at The Hong Kong Palace Museum in partnership with the Musée des Arts Décoratifs, the exhibition “The Adorned Body: French Fashion and Jewellery 1770–1910” showcases nearly 400 stunning pieces of French costumes, jewellery, and fashion accessories from the collection of the Musée des Arts Décoratifs highlighting the fascinating stories about the evolution of fashion and jewellery in France and the interplay of cultures that shaped French fashion.",https://madparis.fr/Off-site-The-Adorned-Body-French-Fashion-and-Jewellery-1770-1910,"Found on the venue's ""past"" listing page.",2026-09-27T10:18:17.839Z
mad,"The Birth of Department Stores. Fashion, design, toys, advertising. 1852-1925.",2024-04-10,2024-10-13,"From 10 April to 13 October 2024, the Musée des Arts Décoratifs is devoting an exhibition to the birth of department stores, which in the mid-nineteenth century became the new temples of modernity and consumerism. Au Bon Marché, Les Grands Magasins du Louvre, Le Printemps, La Samaritaine, and Les Galeries Lafayette reveal their multiple facets through the prisms of history, politics, and society, from the Second Empire up until their consecration during the International Exhibition of Modern Decorative and Industrial Arts of 1925.",https://madparis.fr/The-Birth-of-Department-Stores-Fashion-design-toys-advertising-1852-1925,"Found on the venue's ""past"" listing page.",2026-09-27T10:18:17.839Z
brit,John Constable: views of nature,2026-06-02,2026-10-04,"Marking the 250th anniversary of Constable's birth in 1776, this display celebrates the painter's lifelong engagement with the landscapes of rural England. A precise observer, John Constable (1776–1837) spent much of his time sketching, drawing and painting outdoors. His most important subjects were the fields and waterways of his native East Anglia and, later in life, the cloudscapes over Hampstead Heath. Constable's sensitivity towards atmospheric effects and nature's poetic potential reshaped the British landscape tradition, making him one of England's most acclaimed painters. Then as now, his art speaks powerfully to the beauty, transience and fragility of the natural world. In 1888, a donation by the artist's daughter Isabel Constable greatly enhanced the British Museum collection. Primarily drawn from this donation, the selection presented here provides a broad overview of Constable's graphic work during his late career, in the 1820s and '30s. It includes highly finished drawings, preparatory studies for celebrated oil compositions, as well as fleetingly sketched impressions of clouds and rainbows. They show an artist drawn to the daily rhythms of rural life as much as to historical subjects such as the ruins of Cowdray House or Stonehenge. Ten plates from English Landscape – an ambitious series of mezzotint prints created with David Lucas (1802–81) – reveal Constable's late-in-life contemplation of his legacy as a landscape painter.",https://www.britishmuseum.org/exhibitions/john-constable-views-nature,"Found on the venue's ""current/upcoming"" listing page.",2026-09-30T07:13:46.783Z
brit,Declaring independence: USA 250,2026-06-30,2026-11-29,"250 years ago, on 4 July 1776, the Thirteen British Colonies in North America adopted the Declaration of Independence, breaking away from the British Crown and founding the United States of America. Introduced through the story of the Washington Peace Medal, the display highlights material traditions of allegiance and treaty-making that shaped this pivotal moment in history. Made in Boston in 1777, the medal was presented by the Revolutionaries to members of the Wabanaki Confederacy as part of a treaty of friendship and alliance against the British. Soon after, British forces confiscated the medal under threat of military force and presented it to King George III as a war trophy. Passing through the hands of all three groups, the medal reveals the competing diplomatic and political interests at the heart of the conflict. Indigenous Peoples played a vital role throughout the War of Independence, forming alliances with both sides while navigating the human consequences of shifting political powers. Through treaties, diplomatic gifts and acts of resistance, the exhibition uncovers the global and deeply interconnected histories behind the founding of the United States. This powerful display features a rare handwritten manuscript copy of the Declaration of Independence arriving halfway through the run and ceremonial gifts exchanged between Indigenous Nations, the British and the Revolutionaries. A wampum belt and pipe tomahawk show how objects were used to negotiate diplomacy, loyalty, and land rights.",https://www.britishmuseum.org/exhibitions/declaring-independence-usa-250,"Found on the venue's ""current/upcoming"" listing page.",2026-09-30T07:13:46.783Z
brit,The Bayeux Tapestry,2026-09-10,2027-07-11,"For the first time since it was made nearly 1,000 years ago, the Bayeux Tapestry has returned to England. Following a historic agreement with France, the 70-metre-long tapestry, depicting events leading up to the Battle of Hastings and the Norman Conquest of England in 1066, is being loaned to the British Museum from September 2026 to July 2027. This monumental embroidery tells the dramatic story of a moment that changed England forever. No year in the country's history is more famous than 1066. It was the last time England was successfully invaded, and it is the year from which the modern monarchy dates itself. And there is no other object that is as instantly recognisable, as studied in schools and as copied by artists as the Bayeux Tapestry. One of the wonders of the medieval world, the Tapestry offers a vision of life in 11th-century England both before and after the Conquest, from castles, warfare and ships to clothing, food and furniture. Likely commissioned by a Norman patron and made by English embroiderers, using manuscript drawings from Canterbury, the Tapestry is both a precious historical record and a remarkable work of art.",https://www.britishmuseum.org/exhibitions/bayeux-tapestry,"Found on the venue's ""current/upcoming"" listing page.",2026-09-30T07:13:46.783Z
brit,Korea,2026-10-01,2027-01-31,"Discover 2,000 years of Korean creativity – through works spanning from around 300 BC to the present day. Featuring outstanding examples of sculpture, painting and decorative arts over two millennia – up to the present day – the exhibition presents the most comprehensive chronological survey of Korean visual and material culture seen in Europe for over 40 years. This major exhibition draws almost exclusively from the 23,000 works bequeathed in 2021 by the late Samsung Chairman Lee Kun-Hee to the National Museum of Korea (NMK) and the National Museum of Modern and Contemporary Art, Korea (MMCA). It offers a dynamic journey through the art and material culture of the last 2,000 years. It also includes many National Treasures or Treasures, objects so designated for their exceptionally high quality and historical significance. From ancient gold body ornaments and Buddhist icons to 12th- and 13th-century celadon-glazed stoneware, evocative ink landscapes and contemporary works responding to the turbulence of the 20th century, the objects on display tell a panoramic story of the history of Korea. Originally created for settings including royal tombs and palaces, Buddhist temples, scholars' studios, private homes and modern art spaces, most of the objects have never been seen in the UK before.",https://www.britishmuseum.org/exhibitions/korea,"Found on the venue's ""current/upcoming"" listing page.",2026-09-30T07:13:46.783Z
brit,Multiplied wonders: Italian Renaissance woodcuts,2026-10-08,2027-03-21,"Discover the remarkable world of Italian Renaissance woodcuts, and how they transformed Renaissance Italy, making images, ideas and artistic inventions available to wider audiences than ever before. The first display ever devoted to Italian Renaissance woodcuts, Multiplied wonders explores the development of the medium across Italy between the 15th and mid-16th centuries. Bringing together exceptional works from the British Museum collection, many of which have never previously been displayed, the exhibition reveals the extraordinary variety, ambition and ingenuity of one of Europe's earliest printmaking techniques. Created as affordable images for everyday use, woodcuts served many purposes in Renaissance life. They were pasted onto walls for devotion, carried in pockets and used on playing cards and maps, thereby circulating ideas, information and artistic inventions to wide audiences. Because they were handled, displayed and reused, relatively few survive today. Following a journey through the artistic centres of Venice, Rome, Tuscany and Emilia, the works range from rare early devotional prints and intricate chiaroscuro woodcuts to spectacular designs by artists including Titian and Parmigianino. The display also highlights the close collaboration between leading artists and specialist printmakers, whose technical skill transformed woodcuts into works of remarkable sophistication.",https://www.britishmuseum.org/exhibitions/multiplied-wonders-italian-renaissance-woodcuts,"Found on the venue's ""current/upcoming"" listing page.",2026-09-30T07:13:46.783Z
brit,Samurai,2026-02-03,2026-05-04,"Discover the reality behind a millennium of myth at this sweeping exhibition which focused on the legendary Japanese warriors. The samurai is an iconic figure, evoking images of formidable fighters possessing ideals of courage, honour and self-sacrifice. Yet much of what we think we know about samurai is invented tradition. Our concept of samurai today has its origins in medieval reality. A distinct warrior class – known in Japan as bushi – emerged and gained political dominance from the 1100s. But during a prolonged period of peace, beginning in 1615, the samurai moved away from the battlefield to become an elite social class that also included women. Samurai men formed the government, serving as ministers and bureaucrats. Many became leaders in scholarship and the arts, as patrons, poets and painters, in a world where intellectual pursuits were just as important as swordsmanship. By the late 19th century, the hereditary status of samurai had been abolished and their supposed chivalric values developed into the myth of bushido, or 'the way of the warrior'. This new code, promoting values of patriotism and self-sacrifice, was harnessed during Japan's period of colonial expansion and military aggression. The modern mythology of the 'samurai' emerged gradually across the 20th century through interactions between Japan and the wider world, with idealised images of the historical warriors increasingly consumed by foreign visitors.",https://www.britishmuseum.org/exhibitions/samurai,"Found on the venue's ""past"" listing page.",2026-09-30T07:13:46.783Z
brit,Hawaiʻi: a kingdom crossing oceans,2026-01-15,2026-05-25,"The exhibition brought together remarkable objects – from feathered cloaks worn by chiefs and finely carved deities, to powerful shark-toothed weapons and bold contemporary works by Kānaka ʻŌiwi (Native Hawaiian) artists. In 1824, the young King Liholiho and Queen Kamāmalu travelled across vast oceans on a journey that would mark a turning point in the history of their kingdom, Hawaiʻi. The exhibition commemorated over 200 years since this ill-fated royal visit and shed light on Hawaiʻi's history and culture through an exploration of the complex and enduring relationship between the Hawaiian and British nations. Building on years of collaboration with Native Hawaiian artists, practitioners and scholars, the show centred on indigenous knowledge, shining new light on exceptional objects and extraordinary stories. Shaped together with Hawaiian knowledge-bearers, the exhibition showcased seldom-seen international loans alongside the remarkable collections at the British Museum – one of the largest in the world outside of Hawaiʻi.",https://www.britishmuseum.org/exhibitions/hawaii-kingdom-crossing-oceans,"Found on the venue's ""past"" listing page.",2026-09-30T07:13:46.783Z
brit,Admonitions of the instructress to the court ladies,2026-07-13,2026-08-24,"This masterpiece is considered a milestone in Chinese painting history. Traditionally attributed to Gu Kaizhi (about AD 345–406), it probably dates to between AD 400 and 700. Due to conservation precautions, it can only be displayed for six weeks a year. The Admonitions Scroll depicts a poetic text composed by an official Zhang Hua (about AD 232–300) aimed at correcting the behaviour of an empress. The Scroll carries inscriptions by later collectors including the Qianlong emperor (r. 1736–1795). The British Museum purchased the Scroll from Captain Clarence Johnson (1870–1937) who was in Beijing in 1900 during the Boxer Rebellion (1899–1901). Originally a handscroll, the painting and later inscriptions were separated and mounted onto panels in 1914.",https://www.britishmuseum.org/exhibitions/admonitions-instructress-court-ladies,"Found on the venue's ""past"" listing page.",2026-09-30T07:13:46.783Z
brit,Tapestry of trees,2026-05-16,2026-06-02,"The installation gave visitors the chance to immerse themselves in Sturgeon's artistic impression of a medieval woodland, created from trees and plants typical of those found in East Sussex, where the Battle of Hastings – the key event of the Tapestry – took place nearly 1,000 years ago. Thirty-seven silver birch trees (Betula pendula) – known as the Lady of the Forest – created a canopy across the Museum's forecourt, their black and white bark echoing shades from the Tapestry and their branches casting a dappled light on the ground. Their rootballs were wrapped in hessian, recalling the Tapestry's textures and vivid original colours, and provided places to rest and contemplate. Other carefully curated trees and plants, including hazel, hawthorn, field maples, ferns and grasses, in similarly wrapped planters, were woven through the colonnade, allowing visitors to continue to experience the woodland atmosphere as they approached the Museum entrance.",https://www.britishmuseum.org/exhibitions/tapestry-trees,"Found on the venue's ""past"" listing page.",2026-09-30T07:13:46.783Z
brit,Queen Elizabeth II memorial,2026-04-22,2026-06-21,"Visitors to this exhibition were among the first to view designs for a permanent memorial to Queen Elizabeth II in central London. Featuring a 10ft bronze statue of Elizabeth as a young Queen, on a 14ft plinth, the memorial in St James' Park will commemorate the late monarch and her lifelong commitment to public service. The memorial is expected to be completed in 2028. Designed by acclaimed sculptor Martin Jennings, to be sculpted in bronze, the statue will show Her Majesty in an early stage of her reign, dressed in the robes of the Order of the Garter, using a famous painting by Pietro Annigoni as inspiration. Mr Jennings will also sculpt a statue of Prince Philip, the country's longest-serving consort, at a similar age wearing a uniform of Admiral-of-the-Fleet. His statue will be located close to Queen Elizabeth's, in recognition of the support he gave her during her 70-year reign.",https://www.britishmuseum.org/exhibitions/queen-elizabeth-ii-memorial,"Found on the venue's ""past"" listing page.",2026-09-30T07:13:46.783Z
brit,Early Netherlandish drawings,2026-04-16,2026-09-20,"In the 1400s and 1500s, the Low Countries were a powerhouse of artistic innovation. This was a transformative period for Netherlandish drawings, as they evolved from preparatory studies to works of art in their own right. Featuring around 120 works by artists including Rogier van der Weyden, Lucas van Leyden, Pieter Bruegel the Elder and Hendrick Goltzius, this exhibition charted the development of drawing in the Low Countries (present-day Belgium, Luxembourg and the Netherlands) before 1600. The exceptional breadth and quality of the British Museum's holdings provided a unique opportunity to present a comprehensive account of drawing from this region. Early Netherlandish drawings are extremely rare, as they were made as functional objects in the workshop and were not typically retained. This was unlike Italy or the German-speaking lands, where the taste for collecting drawings in the 1500s ensured the survival of a higher number of works from this period. Drawings were central to the design and production of works of art in different media, including tapestries, paintings, stained glass and prints – and surviving examples shed light on the creativity and collaboration of Netherlandish artists. Based on a research project and supported by a grant from the International Music and Art Foundation, the exhibition highlighted new findings that have come from combining curatorial and conservation expertise along with scientific analysis. New research into drawings previously only connected to Rogier van der Weyden and his circle, for instance, reveals they originate directly from Rogier's workshop and must have been drawn by his pupils as part of their training.",https://www.britishmuseum.org/exhibitions/early-netherlandish-drawings,"Found on the venue's ""past"" listing page.",2026-09-30T07:13:46.783Z
brit,The Asante Ewer,2026-03-05,2026-06-07,"What can a medieval bronze jug reveal about the connections between England and Ghana? This display revealed the extraordinary story of the Asante Ewer. Made in England between 1340 and 1405, the Asante Ewer later travelled to West Africa. In the 1880s it was photographed in a courtyard of the royal palace of the Asantehene, king of the Asante people, in Kumasi (in present-day Ghana). During the Anglo-Asante War of 1896 it was looted by British forces and subsequently purchased by the British Museum. A second ewer, also taken in 1896 and shown in the same photograph, was presented to the Prince of Wales's Own (West Yorkshire) Regiment. This display reunited these two jugs. A major research project into the Asante Ewer – one of the finest examples of late medieval English bronze casting – has helped to further trace the story of its journey to Ghana, and its status and significance in West Africa. Its location in the centre of the palace courtyard, in what appears to be a shrine, embedded in the roots of sacred trees, suggests it was an object of significant cultural or ritual value. Remarkable for surviving the long-distance journey from Europe to West Africa and back, the Asante Ewer has had vastly different lives, from a luxury English jug to sacred West African vessel, to colonial loot taken by British troops.",https://www.britishmuseum.org/exhibitions/asante-ewer,"Found on the venue's ""past"" listing page.",2026-09-30T07:13:46.783Z
brit,Ian Hamilton Finlay and the French Revolution,2026-01-27,2026-05-31,"This display explored prints by Scottish poet, writer, artist and gardener Ian Hamilton Finlay (1925–2006) on the theme of revolution and its relationship to contemporary society. Finlay became known from the late 1950s for his poetry but in the 1960s his output expanded to include the production of prints and three-dimensional works of art in stone, metal, neon and glass, which he produced in collaboration with various craftspeople. He also became a dedicated gardener, developing a conceptual garden at his remote home on the edge of the Pentland Hills, southwest of Edinburgh, which incorporated many of his works of art. He named his garden Little Sparta after the ancient Greek city, a militaristic rival to Athens, reflecting his deep interest in classical history. In the 1980s, Finlay's interest in the French Revolution began to dominate his work. He was fascinated by revolutions and ruptures, and how high ideals could easily lead to violence and corruption. The 12 prints in this display, made between 1984 and 1992, formed part of Finlay's engagement with the French Revolution as a subject. They were from a group of 26 prints donated in 2025 by Prof Stephen Bann, an art historian who has written extensively on Finlay and who corresponded with the artist for many years.",https://www.britishmuseum.org/exhibitions/ian-hamilton-finlay-and-french-revolution,"Found on the venue's ""past"" listing page.",2026-09-30T07:13:46.783Z
brit,Reinvention and revolution: Pierre Alexandre Wille,2026-01-27,2026-05-31,"This display explored the works of a draughtsman who lived through one of the most momentous periods in European history. In a career that lasted from the 1760s to the 1830s, Pierre Alexandre Wille (1748–1837) experienced some of the most turbulent events in French history. A pupil of Jean Baptiste Greuze (1725–1805), Wille established himself by imitating the genre scenes that won Greuze renown at the Salons of the 1760s, showing an inclination for delicacy that suited the tastes of the ancien régime. Yet Wille the man embraced the Revolution, even joining the republican army, and he busied himself chronicling the personalities of the day. Ultimately, however, the Revolution proved more of a challenge than an opportunity. The younger Wille had embraced a variety of styles but, in later life, he found it difficult to adapt to the more austere taste of Napoleonic France. By the time he died, he had long been reduced to poverty. During his lifetime and since, Wille was renowned more for his drawings than his paintings. The British Museum has been acquiring his work since the 19th century, and its collection has recently doubled in size following a bequest from the dealer and philanthropist Colin Clark (1935–2020). This gift included some of the finest finished drawings by Wille; one of the most powerful is the portrait which claims to show the 'Angel of Assassination' Charlotte Corday, made in her prison cell days or even hours before her execution. This celebration of Clark's bequest illustrated Wille's world through his drawings and those of his peers, revealing him to have been a talented draughtsman whose works offer a fascinating insight into French society before, during and after the Revolution.",https://www.britishmuseum.org/exhibitions/reinvention-and-revolution-pierre-alexandre-wille,"Found on the venue's ""past"" listing page.",2026-09-30T07:13:46.783Z
brit,Hiroshige: artist of the open road,2025-05-01,2025-09-07,"Join Hiroshige on a lyrical journey through Edo Japan, exploring the natural beauty of the landscape and the pleasures of urban life. The first exhibition on Hiroshige to be held at the British Museum, and the first on the artist in London for more than a quarter of a century, this was a visually stunning portrait of a country about to change forever. Born during an unsettled time in Japan's history, Utagawa Hiroshige (1797–1858) went on to become one of the country's most talented, prolific and popular artists. As Japan confronted the encroaching outside world, Hiroshige's calm artistic vision connected with – and reassured – people at every level of society. From fashionable figures and energetic city views to remote landscapes and impressions of the natural world, Hiroshige captured many aspects of life in the Japan of his time. Stunning bird-and-flower prints reveal his poetic feeling for nature while his evocative landscapes reflected the growing interest in travel across Japan. Hiroshige portrayed his world sometimes as it was, but often the way he imagined it could be. Possessed of remarkable technical skills, both as a colourist and draftsman, Hiroshige had a sympathetic regard for people from all walks of life. Unlike most other print designers of his day, he came from a samurai family, but crossed social boundaries to devote himself to depicting popular customs. His work was affordable, too – along with celebrated landscape prints, he also designed hundreds of hand-held, disposable fans that were available to all.",https://www.britishmuseum.org/exhibitions/hiroshige-artist-open-road,"Found on the venue's ""past"" listing page.",2026-09-30T07:13:46.783Z
brit,Ancient India: living traditions,2025-05-22,2025-10-19,"Where does the image of the beloved and playful Hindu god Ganesha, with his elephant head and rounded belly, originate? What inspired depictions of the serene Buddha and Jain enlightened teachers? Reaching back more than 2,000 years, this exhibition explored the origins of Hindu, Jain and Buddhist sacred art in the ancient and powerful nature spirits of India, and the spread of this art beyond the subcontinent. One of the first major exhibitions in the world to look at the early devotional art of India from a multi-faith, contemporary and global perspective, it highlighted the inspiration behind now-familiar depictions of the deities and enlightened teachers of these world religions – and how they were shared across the Indian Ocean to Southeast Asia and along the Silk Roads to East Asia. Colourful, multi-sensory and atmospheric, this exhibition was developed in collaboration with an advisory community panel of practising Hindus, Buddhists and Jains. These living religious traditions and their sacred art are now integral to the daily lives of almost two billion people around the world including in the UK. Key loans from our community partners helped to tell this contemporary story.",https://www.britishmuseum.org/exhibitions/ancient-india-living-traditions,"Found on the venue's ""past"" listing page.",2026-09-30T07:13:46.783Z
brit,Sufi life and art,2025-10-27,2026-07-26,"The word Sufi often conjures up images of Turkish whirling dervishes, turning gracefully round themselves in a mystical ceremony. But outside the world of Islamic mysticism, not much is known of the beliefs and practices in which such ceremonies are rooted, or about the communities that embrace them. This display explored Sufi life and art through a selection of objects that represent Sufi communities in the Middle East, North and Sub-Saharan Africa, and northern India. This mystical movement, which first appeared in the Islamic world during the eighth century AD, has been defined as a pathway to a personal experience with God. Among the British Museum objects on display were Islamic artefacts imbued with Sufi connotations. Some, such as alms bowls, are linked overtly to dervishes, while others have a more subtle connection, such as calligraphic works, miniature paintings and wall tiles. Sufis come from all walks of life, crossing the boundaries of class, ethnicity and regionality. The display explored such themes as mystical love, poverty and asceticism, as well as Sufi influence upon the wider societies they belong to.",https://www.britishmuseum.org/exhibitions/sufi-life-and-art,"Found on the venue's ""past"" listing page.",2026-09-30T07:13:46.783Z
brit,Nordic noir: works on paper from Edvard Munch to Mamma Andersson,2025-10-09,2026-03-22,"This display explored the macabre, melancholy and sometimes provocative themes that run through aspects of Nordic art. Featuring over 150 works by 100 artists from the Nordic countries (Denmark, Finland, Iceland, Norway and Sweden), Nordic noir opened with two important prints by Edvard Munch (1863–1944), arguably the most famous artist to emerge from the Nordic region and explored how the graphic arts continued to flourish and evolve after his death. It included the charming prints of the Norwegian colour woodcut school of the 1940s; Danish prints tackling post-war angst and the threat of the Cold War; and political art from the 1970s in the form of vibrant screenprints by the Norwegian GRAS (Grass) group. The contemporary Nordic artists represented in this exhibition delved into the world of Norse myth, struggles with mental health and political issues such as feminism or the rights of the Indigenous Sámi people. The dominant theme for many, however, is nature and the vital urgency to preserve the fjords, mountains and forests unique to the region. One artist who has been extremely vocal on the subject is the Icelandic-Danish artist Olafur Eliasson (b. 1967) who, in 2024, made an extraordinary watercolour especially for the exhibition using glacial meltwater to highlight the effects of global warming. The exhibition was a culmination of a five-year project supported by AKO Foundation to acquire graphic works on paper from the Nordic region. It addressed the evocative power and haunting beauty of contemporary Nordic art, and how the region's artists continue to develop the legacy of Munch's emotional expressiveness and creative inventiveness.",https://www.britishmuseum.org/exhibitions/nordic-noir-works-paper-edvard-munch-mamma-andersson,"Found on the venue's ""past"" listing page.",2026-09-30T07:13:46.783Z
brit,Edward Allington: making poetry with solid objects,2025-09-23,2026-01-25,"This display delved into the imagination of Edward Allington (1951–2017), one of the leading voices of the 1980s 'New British Sculpture' movement. Alongside artists such as Antony Gormley, Alison Wilding and Anish Kapoor, Allington broke away from the minimalism and formalism of previous decades to investigate questions of collective memory, pop, kitsch, authenticity and the hidden meaning in everyday objects. Allington once described sculpture as 'looking at real things by making real things. It is making poetry with solid objects'. Fascinated by the survival of classical forms in modern life – replicated across media from tea towels to plastic snowglobes – Allington combined humour with deep cultural reflection. Though celebrated as a sculptor, drawing was at the heart of his practice. Working on old ledger paper, he was interested in the contrast provided by these delicate records of daily life, overwritten by the stark volumes of his enigmatic sculptural forms. A much-loved teacher and writer, Allington influenced generations of artists through his role as Professor of Sculpture at the Slade. This newly donated group of drawings offered fresh insight into his career, revealing the wit, curiosity and roving intellect that defined his practice.",https://www.britishmuseum.org/exhibitions/edward-allington-making-poetry-solid-objects,"Found on the venue's ""past"" listing page.",2026-09-30T07:13:46.783Z
brit,In the company of friends: portrait drawing in 17th-century London,2025-09-23,2026-01-25,"This display celebrated the recent acquisition of two rare 17th-century drawings by prominent English portrait painters Samuel Cooper (1609–72) and Richard Gibson (1615–90). Both artists were part of a thriving artistic community that grew in London in the second half of the 17th century. The circle also included leading painters Sir Peter Lely (1618–80), Charles Beale (1660–1714 or 26) and Sir Godfrey Kneller (1646–1723). Their world was reflected in the drawings selected for this display – informal and intimate portraits of family members, friends, tradespeople and servants, as well as of fellow artists. Cooper's tender drawing memorialises his cousin's infant son, who died at only a few weeks old. The significance of the drawing was recognised following its sale at auction in 2023, and after an export stop barred the drawing from leaving the country, it became the first work by the artist to enter the British Museum collection. Gibson's portrait of a young gentleman, possibly his son-in-law, has the formality of an official portrait and likely functioned as a family keepsake. Both drawings contrast with the casual everyday poses – smoking, playing the recorder – depicted in Beale's sketchbook. Lely's lively sketch of his daughter illustrates the devotion of a father to his child, while Kneller's portrait of his friend and patron, the art collector Hugh Howard, gives a sense of shared purpose and love of art. Collectively these drawings gave a personal insight into the lives of their creators, and of the people in their intimate circle.",https://www.britishmuseum.org/exhibitions/company-friends-portrait-drawing-17th-century-london,"Found on the venue's ""past"" listing page.",2026-09-30T07:13:46.783Z
brit,Colour and line: Watteau drawings,2025-05-15,2025-09-14,"This display showcased drawings by one of the most gifted, versatile draughtsmen of the 18th century. Antoine Watteau (probably 1684–1721) was one of the most influential, prolific artists active in 18th-century France. In a short career lasting little more than a decade, he pushed painting in new directions that were to guide generations of French artists, blending genre, mythology and rococo frivolity in works so novel that they heralded a new genre: the fête galante. Watteau won particular renown for the thousands of drawings he produced during his life. Drawing, as contemporaries realised, was his favourite creative outlet, bringing him 'much more pleasure than his finished pictures'. He drew incessantly, and developed ideas about the value of drawing that were every bit as original as his paintings. Instead of making figure studies for a picture as academic practice dictated, Watteau drew speculatively, conceiving ideas that might be slotted into a picture months or even years later. The sheets he produced were to be enjoyed in their own right as the first, freshest iterations of ideas that he thought were dulled when translated into paint. Nowhere were these qualities more appreciated than in Britain, and over the past two centuries British collectors have endowed the British Museum with one of the finest collections of Watteau drawings in the world. Featuring almost every autograph work in the collection, this display was the first exhibition of the Museum's Watteau holdings to be held since 1980. Its varied contents demonstrated Watteau's extraordinary talent as a draughtsman, his sophisticated, novel approach to drawing, and the prestige that his graphic works enjoyed among Europe's connoisseurs.",https://www.britishmuseum.org/exhibitions/colour-and-line-watteau-drawings,"Found on the venue's ""past"" listing page.",2026-09-30T07:13:46.783Z
brit,Raphael to Cozens: drawings from the Richard Payne Knight Bequest,2025-05-15,2025-09-14,"Raphael, Michelangelo and Thomas Gainsborough are among the masters whose work was on display at this exhibition celebrating a transformative 19th-century bequest. The antiquarian and art collector Richard Payne Knight (1751–1824) bequeathed over a thousand drawings to the British Museum. The superb quality of his collection transformed the Museum's graphic holdings and established it as a place where visitors could admire old master drawings alongside works of contemporary British art. Born into a wealthy family of ironmasters from Herefordshire, Payne Knight was educated in the classics and complemented his studies, as many on the 'Grand Tour' did, with extended travels in Italy. There he pursued his interests in ancient civilisations and languages, and formed the aesthetic sensibilities and tastes that would later shape his collecting and writing. His substantial financial means enabled him to acquire the best drawings available on London's late 18th-century art market. The exhibition explored the breadth of Payne Knight's intellectual interests through some of the most celebrated works from the bequest. Drawings by Renaissance and Baroque painters like Raphael, Michelangelo and Claude Lorrain were shown alongside work by Payne Knight's contemporaries, including Thomas Gainsborough and John Robert Cozens. Together the drawings revealed Payne Knight's enthusiasm for landscapes and for the romance of the classical past, as well as his admiration for the verve and spontaneity of the artists whose works he bought.",https://www.britishmuseum.org/exhibitions/raphael-cozens-drawings-richard-payne-knight-bequest,"Found on the venue's ""past"" listing page.",2026-09-30T07:13:46.783Z
brit,Robert Healy to John Minton: the Nina Drucker bequest,2025-05-06,2025-09-21,"This display celebrated the bequest of Nina Drucker (1934–2022), a collector of 18th to 20th-century art and long-term supporter of the British Museum. Having studied piano at the Royal Academy of Music's Junior Academy and regularly attended concerts throughout her life, Drucker was a keen musician – and was also passionate about the visual arts. The bequest comprises 30 prints and drawings, selected from well over a hundred that were densely hung on every available surface of her north London flat. It includes works by artists not previously represented in the Museum collection. The selection showed some of the highlights from the bequest alongside works from the collection, which she knew well from attending exhibitions, visits to the Prints and Drawings Study Room, and through Collection online. A rare drawing by Irish portraitist Robert Healy (1743–71) is the first work by this artist to enter the British Museum. Landscape watercolours by David Cox (1783–1859) and William Turner of Oxford (1789–1862) complement existing holdings by these artists. Some of Drucker's favourite works, prints by Christopher Richard Wynne Nevinson (1889–1946) and a group of drawings by John Minton (1917–1957), strengthen the Museum's holdings of British modern art.",https://www.britishmuseum.org/exhibitions/robert-healy-john-minton-nina-drucker-bequest,"Found on the venue's ""past"" listing page.",2026-09-30T07:13:46.783Z
brit,Mumbai + London: new perspectives on the ancient world,2025-04-24,2026-01-11,"Three sculptures from cultures rarely seen side by side were brought together from ancient Egypt, the Mediterranean and India as part of a groundbreaking project. Co-curated with one of India's leading museums, Chhatrapati Shivaji Maharaj Vastu Sangrahalaya (CSMVS), this display highlighted the Mumbai museum's ambitious Ancient World Project, realised in collaboration with the British Museum as part of a long-standing partnership between the two institutions. It reflected the varied ways ancient civilisations imagined the divine and gave it physical form, using the same approach as a recent exhibition at CSMVS. The next phase of the project, which opened in Mumbai in December 2025, looks more widely at ancient India's relationship with the world around it. Standing in conversation with each other, the British Museum sculptures – of the Indian god Vishnu, the ancient Egyptian goddess Sekhmet and the Roman god Bacchus (or Greek Dionysos) – posed intriguing questions around how global co-curation can unlock new insights. Does seeing these sculptures together change the way we understand them? What do they have in common and what makes them distinct? While the gods of ancient Egypt, the Greek world and Rome are no longer worshipped, India has maintained its traditions of sacred sculpture and religious practice. Seeing their depictions together opens up a space for looking at and thinking differently about ancient cultures. The display highlighted how, in contrast to the focus on the ideal human body in Greek and Roman art, Indian gods, like ancient Egyptian deities, often combine human and animal form to convey spiritual meaning.",https://www.britishmuseum.org/exhibitions/mumbai-london-new-perspectives-ancient-world,"Found on the venue's ""past"" listing page.",2026-09-30T07:13:46.783Z
brit,Piet Mondrian to Alison Wilding: the Karsten Schubert bequest,2025-01-28,2025-04-21,"This display celebrated the bequest of 10 drawings to the Museum, including works by Pablo Picasso and Bridget Riley, by art dealer Karsten Schubert. Born in Berlin, Schubert (1961–2019) was a long-term supporter of the British Museum. He established his first eponymous gallery in London in 1986 after working at the Lisson Gallery, London, where he became familiar with the avant-garde British art scene. Although he exhibited and sold modern and contemporary art, he had a deep knowledge of art history and museums were important to him throughout his life. Drawn from Schubert's own collection, the bequest entered the Museum following his death at the age of 57. It includes early 20th-century drawings by Pablo Picasso (1881–1973) and Piet Mondrian (1872–1944) as well as drawings by artists with whom Schubert worked and whose art he sold: Bridget Riley (born 1931), Georg Baselitz (born 1938), Michael Landy (born 1963) and Alison Wilding (born 1948). In addition to his bequest, Schubert donated 45 works on paper to the Museum during his lifetime, a selection of which were also shown here.",https://www.britishmuseum.org/exhibitions/piet-mondrian-alison-wilding-karsten-schubert-bequest,"Found on the venue's ""past"" listing page.",2026-09-30T07:13:46.783Z
brit,Michelangelo: the last decades,2024-05-02,2024-07-28,"In 1534, Michelangelo left Florence for Rome, never to see his native city again. He was 59, which many contemporaries regarded as old, but for Michelangelo this move marked the beginning of a dramatic new chapter which would fundamentally shape his experiences as an artist and as a man. This exhibition looked at the last 30 years of Michelangelo's remarkable life, when his return to Rome – having been summoned by Pope Clement VII to paint a fresco of the Last Judgment in the Sistine Chapel – brought him new commissions and reunited him with some of his closest friends. Having secured his reputation with works including his famous statue of David, Michelangelo was already the most celebrated artist in Europe. But, rather than resting on his laurels, his Christian faith, intellectual engagement and hope for salvation propelled him to produce some of the most striking works of his career. Forceful preparatory drawings for the Last Judgment, which were on show, as well as the monumental Epifania – one of only two surviving cartoons by Michelangelo – demonstrate his renewed energy and desire to challenge himself. These works were displayed alongside studies for Michelangelo's grand architectural projects as well as drawings, poems and intimate letters that reveal his personal passions and anxieties. Rather than showing an artist in decline, this exhibition showed the astonishing dynamism that Michelangelo brought to his work in the final decades of his life as he explored salvation and confronted his mortality.",https://www.britishmuseum.org/exhibitions/michelangelo-last-decades,"Found on the venue's ""past"" listing page.",2026-09-30T07:13:46.783Z
brit,Silk Roads,2024-09-26,2025-02-23,"Camel caravans crossing desert dunes, merchants trading silks and spices at bazaars – these are the images that come to mind when we think of the Silk Roads. But the reality goes far beyond this. Rather than a single trade route from East to West, the Silk Roads were made up of overlapping networks linking communities across Asia, Africa and Europe, from East Asia to Britain, and from Scandinavia to Madagascar. This major exhibition unravelled how the journeys of people, objects and ideas that formed the Silk Roads shaped cultures and histories. The Silk Roads were in use for millennia, but this visually stunning show focused on a defining period in their history, from about AD 500 to 1000. This time witnessed significant leaps in connectivity and the rise of universal religions that linked communities across continents. Working with 29 national and international partners to present objects from many regions and cultures alongside those from the British Museum collection, the exhibition offered a unique chance to see objects from the length and breadth of the Silk Roads. From Tang Chinese ceramics destined for ports in the Middle East to Indian garnets found in Suffolk, they revealed the astonishing reach of these networks.",https://www.britishmuseum.org/exhibitions/silk-roads,"Found on the venue's ""past"" listing page.",2026-09-30T07:13:46.783Z
brit,Hew Locke: what have we here?,2024-10-17,2025-02-09,"What have we here? In a collaborative exhibition exploring histories of British imperial power, renowned Guyanese-British artist Hew Locke turned his lens on the British Museum collection. In this groundbreaking show, Locke (born 1959) explored, questioned and challenged narratives of British imperialism through objects from the British Museum collection, alongside specially commissioned new works. Offering a fresh perspective on the British Museum's history and collection, which are closely tied to those of the British empire, Locke explored the messy and complex ways museums are implicated in these histories. Locke, who was born in Edinburgh and spent his formative years in Georgetown, Guyana, focused on Britain's historical interactions with Africa, India and the Caribbean, all of which had a significant impact on the history of Guyana – informing a very personal exploration of the objects on display. Using interventionist techniques, he reframed historical objects, from the earliest surviving drawings of Indigenous Americans by a European artist to a Guyanese Akawaio feather headdress. The Watchers, newly commissioned sculptural works by Locke, formed a central part of the exhibition, with figures observing visitors from vantage points around the exhibition, and spilling out into the Museum's Enlightenment gallery (Room 1).",https://www.britishmuseum.org/exhibitions/hew-locke-what-have-we-here,"Found on the venue's ""past"" listing page.",2026-09-30T07:13:46.783Z
brit,Picasso: printmaker,2024-11-07,2025-03-30,"Pablo Picasso (1881–1973) was one of the most inventive and influential talents ever to explore the medium of print. In addition to his many paintings, sculptures and drawings, the Málaga-born artist made over 2,400 prints during his career. From his early years as an artist in Paris to his old age in the South of France, printmaking offered Picasso the opportunity to develop ideas, tell stories and embark on new creative adventures. This exhibition offered insights into Picasso's life through his art, including his complex relationships with women and his partnerships with printers, publishers and other artists. Spanning his entire career, it followed his engagement with different printmaking techniques and his changing approaches to making art. The British Museum holds by far the UK's largest and most representative collection of Picasso's prints. The exhibition featured prints made in the early 1900s, before and after Picasso's breakthrough painting Les Demoiselles d'Avignon (1907), which paved the way for Cubism. It also included a group of prints from the Vollard Suite, a series of 100 etchings made in the 1930s that shows the influence of classical art on Picasso's work and reflects his tumultuous personal life.",https://www.britishmuseum.org/exhibitions/picasso-printmaker,"Found on the venue's ""past"" listing page.",2026-09-30T07:13:46.783Z
brit,Rethinking the British Museum,2024-12-19,2025-03-06,"We are delighted to announce that we have appointed Lina Ghotmeh — Architecture (LG—A), led by the multi award-winning Lina Ghotmeh, to redesign our Western Range galleries. These galleries represent over a third of our display space, and house the Rosetta Stone, the Parthenon Sculptures and the Assyrian lion hunt. From over 60 entrants, the Museum invited five internationally-acclaimed teams to take part in a two-stage architectural competition. LG—A's bold vision for the galleries was then displayed in the newly reopened Reading Room. The French-Lebanese architect Ghotmeh likens each new project to an archaeological dig, looking at a building's past to support the reimagination and 'story' of its future, with sustainability at its heart and a close observance to the use of natural materials. The Museum is excited to work with the LG—A-led team to rethink the Museum's building, which will be an ambitious transformation of the gallery spaces, public areas and back-of-house facilities.",https://www.britishmuseum.org/exhibitions/rethinking-british-museum,"Found on the venue's ""past"" listing page.",2026-09-30T07:13:46.783Z
brit,Gifts of love and friendship: Max Beckmann and Marie-Louise von Motesiczky,2024-10-08,2025-01-26,"In 2021 the British Museum acquired a significant group of prints and drawings by Max Beckmann (1884–1950), one of the major German artists of the first half of the 20th century. He gave all of these works (apart from one woodcut) to Marie-Louise von Motesiczky (1906–96), a former pupil of his, who kept them in her possession until her death. Beckmann first got to know Marie-Louise through her cultured and wealthy family in Vienna in 1920 and it was on a visit to them that he was introduced to her friend Mathilde von Kaulbach (1904‒1986) (known as 'Quappi'), who was to become his second wife. The group of five drawings and three prints covers the artist's career from the 1920s to 1947, when he and Quappi left Europe permanently for America. They were displayed with other examples of Beckmann's graphic art from the Museum collection. The purchase of this extraordinary group of works on paper was supported by the Marie-Louise von Motesiczky Charitable Trust and the David and Liza Brown Bequest Fund through the Art Fund and the Oppenheimer Fund. In addition to this generous financial assistance, the Marie-Louise von Motesiczky Charitable Trust gave an additional drypoint print to ensure that the group remained together.",https://www.britishmuseum.org/exhibitions/gifts-love-and-friendship-max-beckmann-and-marie-louise-von-motesiczky,"Found on the venue's ""past"" listing page.",2026-09-30T07:13:46.783Z
brit,War rugs: Afghanistan's knotted history,2024-10-04,2025-09-14,"This display revealed how weavers in Afghanistan have recorded the country's turbulent history in traditional rugs. On 24 December 1979 Soviet troops crossed the border into Afghanistan, beginning a protracted 10-year war. As the country was transformed by conflict, Afghan weavers started to include imagery of modern warfare in their carpets and rugs. Birds were replaced by military helicopters. Guns took the place of flowers. Demons fought alongside tanks. This fusion of traditional crafts with the recording of contemporary history created a new artform: Afghan war rugs. This display presented some of the remarkable rugs from the British Museum collection, alongside a selection of objects that explored Afghanistan's complex past and turbulent present. Located between Asia and the Middle East, Afghanistan has always been a point of connection for different cultures. Yet it was also a strategically important territory that dynasties and empires fought over to control. Afghanistan's traditions of carpet-weaving reflect its ethnic diversity. Weavers from different tribal groups made rugs with their own styles and motifs. However, when much of the population was displaced by the Soviet-Afghan war and driven into refugee camps, these distinctions began to disappear. Hybrid designs emerged, with new kinds of imagery and depictions of events such as the Soviet retreat and the US-led 'war on terror'.",https://www.britishmuseum.org/exhibitions/war-rugs-afghanistans-knotted-history,"Found on the venue's ""past"" listing page.",2026-09-30T07:13:46.783Z
brit,New life: Rembrandt and children,2024-05-14,2024-10-06,"This exhibition gave visitors the chance to discover an intimate drawing of a sleeping child, the first work by Rembrandt to be added to the British Museum collection for decades. The drawing by the renowned 17th-century Dutch artist Rembrandt had been in private collections for over 200 years but was donated to the nation and allocated to the British Museum through the Arts Council's Acceptance in Lieu scheme. This added to the Museum's extensive collection of over 1,000 prints and 72 drawings by Rembrandt (1606–69) and more than 300 drawings by his pupils. The collection was largely assembled in the 18th century, and this was the first Rembrandt drawing to enter the British Museum collection in over 35 years. The drawing, which dates to about 1645, was displayed alongside drawings of children in Dutch and Flemish art, to showcase the practice of drawing from life and depicting domestic subjects. Rembrandt's studies from life of children are among his most tender and endearing drawings and the display featured six drawings of children from different periods of his career – and his ability to capture movement with only a few well-placed lines remained consistent throughout his practice.",https://www.britishmuseum.org/exhibitions/new-life-rembrandt-and-children,"Found on the venue's ""past"" listing page.",2026-09-30T07:13:46.783Z
brit,Contemporary collecting: David Hockney to Cornelia Parker,2024-04-25,2024-09-29,"This display highlighted the significant collection of contemporary British art held at the Museum through a selection of around 100 prints and drawings, dating from 1960 to today. In 2001 the Museum received a grant from the Rootstein Hopkins Foundation to purchase works on paper by artists based in Britain. Founded by theatre and retail prop designers Adel Rootstein (1930‒92) and Richard Hopkins (1927‒2000), the foundation aimed to support living artists and designers. Around 300 works have been acquired by the Museum as a result, transforming the contemporary Prints and Drawings collection. Presenting around 100 highlights from this group, the exhibition demonstrated the range and diversity of the works acquired, which include prints by David Hockney, Michael Craig-Martin, Cornelia Parker and Yinka Shonibare CBE as well as drawings by Richard Deacon, Celia Paul and Soheila Sokhanvari. It explored the relationship between the Museum's contemporary and historical collections through works of art inspired by art history, including prints and drawings by Pablo Bronstein, Glenn Brown, Ann-Marie James and Jake Garfield. The selection also showed contemporary artists continuing to engage with political and social issues, through works such as Sarah Ball's anonymous portraits of interned people and Joy Gerrard's Vigil/Protest (Westminster 14th March 2021), an ink drawing depicting a vigil and protest following the murder of Sarah Everard in London in 2021.",https://www.britishmuseum.org/exhibitions/contemporary-collecting-david-hockney-cornelia-parker,"Found on the venue's ""past"" listing page.",2026-09-30T07:13:46.783Z
orsay,Auguste Bartholdi: Liberty Enlightening the World,2026-09-15,2027-01-31,"From September 15, 2026, to January 31, 2027, the Musée d’Orsay is dedicating an exhibition and an immersive virtual reality experience to Auguste Bartholdi, a leading figure in 19th-century French sculpture and creator of iconic works, as well as to his masterpiece, “Liberty Enlightening the World.” Planned as a gift from France to the United States and initially intended to commemorate the centenary of American independence in 1876, the statue was finally inaugurated ten years later, in 1886. Between times, Bartholdi and his supporters had to show proof of imagination, audaciousness and tenacity in order to design, promote and create what was then the largest statue in the world (46 meters high, 93 meters with its pedestal). Organized in partnership with the Bartholdi Museum in the city of Colmar,the exhibition looks back on Auguste Bartholdi’s career, an Alsatian sculptor with a visionary temperament whose monumental ambition asserted itself in his earliest projects and was further nurtured by the political upheavals of his day. It explores the birth of the Statue of Liberty, the result of a project originally conceived for the Suez Canal and then turned into an allegorical figure celebrating American independence. The idea, promoted by the Franco-American Union, came to fruition following Bartholdi’s visits to the United States and the remarkable efforts made to raise the necessary funding. Images of the statue were widely disseminated even before its completion, thanks to numerous articles published in the illustrated press and presentation of full-scale components during the 1876 and 1878 World’s Fairs. The stages of its construction are perfect illustrations of the union of art and engineering, from the technical choices envisioned by Viollet-le-Duc and materialized by Gustave Eiffel to the hammering of the copper in Parisian workshops and complete assembly of the statue. The journey concluded with its transport to New York, completion of the pedestal and the",https://www.musee-orsay.fr/en/program/whats-on/exhibitions/auguste-bartholdi-liberty-enlightening-world,"Found on the venue's ""current/upcoming"" listing page. opening date taken from the site's structured data, not its visible page.",2026-09-30T04:30:27.942Z
orsay,"Marie and Félix Bracquemond, decorative arts drawings",2026-09-22,2026-12-06,"In 2024, a significant set of almost 200 paintings and drawings by Marie and Félix Bracquemond was generously donated to the Musée d’Orsay by Armel and Nicolas Jundt, descendants of the artist couple. The same year, several purchases at public auctions were added to this donation to complete it. Marie Bracquemond (1840-1916) was one of the female figures in the Impressionist movement, alongside Mary Cassatt and Berthe Morisot. As for Félix Bracquemond (1833-1914), he was one of the leading engravers of his time, and was also close to the Impressionist circles. He is particularly known for the Rousseau dinner service decor, which marked the rise of Japonisme. From 1872 to 1881 he managed an artistic ceramics workshop in Auteuil, near Paris, for the porcelain manufacturer Charles Haviland (1839-1921). Slip decoration was the speciality of the Auteuil workshop, where barbotine decoration was slip-painted using a brush and coloured clays. Marie Bracquemond worked there alongside twenty or so other painters. She notably produced two monumental decors that no longer exist today.",https://www.musee-orsay.fr/en/program/whats-on/exhibitions/marie-and-felix-bracquemond-decorative-arts-drawings,"Found on the venue's ""current/upcoming"" listing page. opening date read from a sentence, not a date field: ""September 22 to December 06, 2026"".",2026-09-30T04:30:27.942Z
orsay,Maurice Denis: Illustrating Christian mysticism,2026-09-29,2027-01-10,"“The Imitation of Christ” was one of the first texts illustrated by Maurice Denis, in which he merged his interest in illustration, “decoration without servitude to the text”, and his Christian faith. The work is a devotional book attributed to the Flemish monk Thomas à Kempis, written in the early 15th century and a bestseller up until the 19th, when it was one of the most widely read books. Maurice Denis discovered it when he was a teenager and had always wanted to illustrate it. After a dozen years of work, he finally found a publisher in the person of Ambroise Vollard. The book, illustrated with woodcuts based on Denis’ drawings, was published in 1903. Almost seventy woodblock artists worked on its creation. The exhibition presents a selection of the some 246 sheets recently acquired by the Musée d’Orsay. It invites visitors to immerse themselves in the work’s genesis and try to understand the artist’s thought processes from initial idea to final image. A tireless experimenter, Denis explored a variety of techniques, including pencil, ink, wash and tracing, to express the religious precepts in drawing. These drawings will be exhibited alongside paintings by Denis and various other of his projects on Christian and spiritual subjects; they will be presented in comparison with pages from the final book, of which the Musée d’Orsay recently acquired an unbound copy, the form in which it could be bought when it was first published. This arrangement will enable us to integrate the drawings into the overall publishing project that brought the Nabi artist and avant-garde publisher together.",https://www.musee-orsay.fr/en/program/whats-on/exhibitions/maurice-denis-illustrating-christian-mysticism,"Found on the venue's ""current/upcoming"" listing page. opening date read from a sentence, not a date field: ""September 29, 2026 to January 10, 2027"".",2026-09-30T04:30:27.942Z
orsay,Échos de l’Invisible [Echoes of the Invisible],2026-10-13,2027-01-03,"This display is the result of a unique initiative: Orsay Lab, a call for projects launched in 2025 and targeting young people between 18 and 25 years old. An invitation to the new generation that aimed to come up with original, socially conscious projects focusing on the Museum’s collections and present-day concerns alike. The call for projects was won by Jad Bestautte, a student in Bourgogne-Franche-Comté, whose aim was to raise awareness on mental health and emotional sensitivity among young people by drawing on the evocative capacities of the Musée d’Orsay’s collections. “I came up with this project with the idea that the Museum could become a meeting place where artworks become fulcrums for interacting with others; a venue where mental health issues have a place. Teenagers monitored by Pitié-Salpêtrière Hospital’s Child and Adolescent Psychiatry Department visited the Musée d’Orsay over the course of several weeks. We looked at the works together. The repeated visits became opportunities for projection, in which 19th-century perceptions resonated with present-day questions and experiences.",https://www.musee-orsay.fr/en/program/whats-on/exhibitions/echos-de-linvisible-echoes-invisible,"Found on the venue's ""current/upcoming"" listing page.",2026-09-30T04:30:27.942Z
orsay,Gustave Le Gray: Painter and Photographer,2026-11-10,2027-02-07,"A painter by training and vocation, Gustave Le Gray (1820-1884) was the epitome of the scholarly artist in the early days of photography in France. He played a key role among 19th-century practitioners, due as much to his accomplishments and the artistic ambitions he nurtured for the new medium as to his influence as a technician, inventor of major improvements, theoretician and teacher at the origin of one of the first photography schools. Le Gray has been represented in the Musée d’Orsay’s collections since its first acquisition of photographs in 1979, and the institution currently conserves one of the most remarkable ensembles of his output. Almost forty years after the first major exhibition in France devoted to Le Gray, held at the Musée d’Orsay in collaboration with the Art Institute of Chicago (1988), and over twenty years after the landmark retrospective held at the Bibliothèque nationale de France (2002), this presentation will be an occasion to rediscover the artist and his multidisciplinary talent. Several recent acquisitions, major works whose existence had been unknown until they appeared on the market, will be put back in the context of their creation and revealed to the public for the first time. This event has been labeled “Bicentennial of Photography 2026-2027” by the Ministry of Culture and is included in its official programming.",https://www.musee-orsay.fr/en/program/whats-on/exhibitions/gustave-le-gray-painter-and-photographer,"Found on the venue's ""current/upcoming"" listing page.",2026-09-30T04:30:27.942Z
orsay,Édouard Vuillard,2026-12-15,2027-03-07,"As a prelude to the exhibition Vuillard: Intimate Theaters, presented from March 23 to July 25, 2027, this display brings together several recent acquisitions that entered the collections by donation, spanning painting, pastel, and the decorative arts. This presentation highlights the richness of Vuillard's practice and how the artist explores the concept of the decorative through a wide range of techniques. Among the works on view are two major overdoor panels designed to complete the decorative ensemble Public Gardens, of which five panels are already in the Musée d’Orsay’s collection, as well as a set of pieces from the dinner service created for Jean Schopfer – a unique and experimental work in many respects that enjoyed great critical success.",https://www.musee-orsay.fr/en/program/whats-on/exhibitions/edouard-vuillard,"Found on the venue's ""current/upcoming"" listing page.",2026-09-30T04:30:27.942Z
orsay,Vertigo: Richard Peduzzi at Orsay,2026-10-06,2027-01-17,"A major theater and opera set designer and Patrice Chéreau’s longtime collaborator, Richard Peduzzi has spent his life revamping the art of scenography. At the Musée d’Orsay, his monumental models of the Opéra Garnier and its neighborhood have accompanied visitors ever since the museum opened in 1986. In 1986, Richard Peduzzi, well-known for his avant-garde creations for theater and opera, scenographed the Musée d’Orsay’s interior, giving major prominence to 19th-century architecture. Among other things, he designed a display at the end of the Museum’s great nave that highlighted the Opéra Garnier and its neighborhood, which had been radically reshaped by Prefect Haussmann’s renovations. Still today, the models of Charles Garnier’s building and the Opéra neighborhood, which we look down upon from above in a vertiginous spatial setting, are one of the visit’s highlights and are much appreciated by the public. They are among Orsay’s most emblematic exhibits. Forty years later, the institution has looked back on this highly original choice and invited the artist to resume a dialogue between the Museum, its collections and his creations. The exhibition sheds new light on the scenographers’ world, haunted by imaginary architectures. Conveying meaning and emotion alike, they were full-fledged actors in the scenic revolution brought about by their designs in the 1970s and 1980s. His earliest creations with Patrice Chéreau (Richard II and The Massacre at Paris) contain architectural motifs that would continue to feature in all his work: never-ending walls, towers, ruins and derelict sites return like obsessions, nourishing the meaning of the play’s staging. Deployed around the monumental models he created for the Museum, a wide selection of the artist’s works (paintings, drawings, stage set models and sculptures) rekindle the expressive power of the artist’s achievements. Some of them, including the set models for Chéreau’s staging of Alban Berg’s Lulu at the National Opera",https://www.musee-orsay.fr/en/program/whats-on/exhibitions/vertigo-richard-peduzzi-orsay,"Found on the venue's ""current/upcoming"" listing page.",2026-09-30T04:30:27.942Z
orsay,Mary Cassatt: Being independent,2026-10-06,2027-01-31,"In 2026, in order to mark the hundredth anniversary of the artist’s death, the Musée d’Orsay is organizing a major exhibition devoted to Mary Cassatt (1844-1926). In France, this will be a long-awaited event: its national museums have never devoted a major exhibition to Mary Cassatt, an active member and pillar of the impressionist group. Her centenary provides an opportunity to examine the central place occupied by this prominent artist who, through talent and determination, succeed in forging a unique identity in late 19th- and early 20th-century art history, on both sides of the Atlantic. Mary Cassatt described herself as “American, American through and through”, but started off by grounding her art in the pictorial tradition of the old masters, which she studied during her visits to Europe, before becoming an essential figure in the impressionist movement in France, where she lived for no fewer than six decades. “I am independent!” she proclaimed, “I can live alone and I love to work”. Taking a chrono-thematic approach, the exhibition paints a new portrait of the artist, examining her art through the prism of the notion of independence, in which she took great pride and which was her guiding principle throughout her life. Comprising almost 80 paintings, pastels and prints, and covering the whole of the artist’s career, “Mary Cassatt: L'indépendante / Mary Cassatt: Being independent” opens up new perspectives on her work, drawing on unpublished letters and never before exploited sources. Rarely shown works from public and private European collections will be presented, along with paintings and pastels from American collections seldom exhibited outside the United States. A selection of Cassatt’s early works and portraits of her loved ones shows how the artist’s social milieu, travels and knowledge of the art of the past shaped her approach and practice. Making it a point of honor to be independent (originally at her wealthy family’s request), she soon set herself",https://www.musee-orsay.fr/en/program/whats-on/exhibitions/mary-cassatt-being-independent,"Found on the venue's ""current/upcoming"" listing page.",2026-09-30T04:30:27.942Z
orsay,Jenny Holzer: J’ai vu,2026-10-20,2027-02-21,"Known as one of the most influential artists of our time, Jenny Holzer places words and ideas at the heart of her thought-provoking practice. For the museum wide activation ""J'ai vu"", conceived for and with the Musée d’Orsay for fall 2026, Holzer offers text fragments from the Musée d’Orsay’s archive and the historical period covered by its collection, disseminated across her signature media: monumental installations, projections onto the historic façade of the former railway station, engravings on exotic stone, and luminous electronic displays. The exhibition at the Musée d’Orsay will adopt diverse forms, beginning with light projections on the museum’s façade along the Seine timed to coincide with the show’s opening in October. Excerpts selected by Holzer from a range of sources, from artist letters found in the museum’s archive to contemporaneous literary and political commentary, will transform the building’s exterior and offer time travel for passersby. Inside the museum, a site-specific LED animated with colorful streams of text will allow visitors to immerse themselves in content drawn from, and responding to, the history represented in the Musée d’Orsay’s collection. The LED echoes the building’s conversion from 19th - century railway station to modern museum: custom programming traversing the space mirrors the bustling visitor circulation and nods to the Gare d’Orsay’s original function. Streaming through an artist-curated presentation of collection works in the domed galleries of History Painting, Naturalism, and Symbolism, the LED will speak with Holzer’s gold, platinum, and palladium-leafed paintings. These metallic redaction paintings bring secrecy to the surface, and will change with the Seine’s light over the course of days. Much of the paintings’ content has been obscured, but vestiges of hard and necessary decisions remain, echoing the history paintings on view in adjacent galleries.",https://www.musee-orsay.fr/en/program/whats-on/exhibitions/jenny-holzer-jai-vu,"Found on the venue's ""current/upcoming"" listing page.",2026-09-30T04:30:27.942Z
orsay,Family Histories,2027-03-16,2027-07-18,"The family was by no means an immutable model and evolved throughout the 19th century in line with the era’s political, social and moral disruptions. Regulated by the Civil Code, upheld by the bourgeoisie and impacted by first-wave feminism and romantic shifts in the notion of the couple, it became an ideal observatory for examining the tensions in modern society. Artists, as much actors in as they were witnesses of these changes, provided sometimes idealized sometimes critical and occasionally deeply ambiguous depictions of them. Based on the Musée d’Orsay’s extensive collections, the exhibition brings together paintings, sculptures, photographs, films, drawings and archives focusing on the many ways of “being a family” in France between 1848 and 1914. From Edgar Degas to Pierre Bonnard, from Victor Hugo to Nadar, from the Lumière brothers to Alice Guy and from Camille Claudel to Rosa Bonheur, these works tell stories of love, filiation, transmission, domination, rivalry and emancipation. The exhibition opens on the inherent links between family and politics, before unfolding in five thematic sections. “Home Sweet Home” explores the house as a place of family embodiment and domestic intimacy, from Degas’, Tissot’s and Bazille’s large-scale portraits of extended families to the destitute homeless families captured by Daumier and Stevens. Rosa Bonheur and the large menagerie she kept in Thomery, as well as the 20th century’s first films portraying emotional alliances between animals and human beings, were already paving the way for alternative models. “Be a mother and keep quiet” focuses on the burden of motherhood and the roles assigned to women. Whether they were mothers or wet nurses, workers or artists, young or in the prime of life, “old maids” or grandmothers, in their flesh and fantasies alike, women experienced pregnancy and breastfeeding, old age and barrenness, adoption, abandonment and the loss of one or more of their children. The ambivalent approach to m",https://www.musee-orsay.fr/en/program/whats-on/exhibitions/family-histories,"Found on the venue's ""current/upcoming"" listing page.",2026-09-30T04:30:27.942Z
orsay,Vuillard: Intimate Theaters,2027-03-23,2027-07-25,"The innovative, intimist works of the painter Edouard Vuillard (1868-1940), a key figure in the Nabi movement, continue to captivate and intrigue us today. With this first exhibition in France devoted to Vuillard in almost 25 years, the Musée d’Orsay is focusing on a hitherto unexplored subject: the artist’s fascination with the theater, which imbued and stimulated his art for over five decades, from the early 1890s to the late 1930s. Vuillard enjoyed cabarets and café-concerts as much as he delighted in classical tragedies, and was also to be found in the audience at more alternative theaters where symbolist plays at the cutting edge of the avant-garde were performed in the 1890s. A faithful audience member at any and all theaters, Vuillard was also an “actor” in them, closely involved in those progressive circles. Working behind the scenes, he created programs and stage sets for their shows, drawing on this new dramaturgy to provide himself with the motifs, props and intense atmosphere of his own paintings: intimist interiors laid out in the fashion of a stage designer. Very much at home in the ever-renewed circles of actors, theater reviewers and playwrights, Vuillard spent his life painting the portraits of those larger-than-life personalities – including, in the early years of the 20th century, the individuals involved in boulevard theater. He also continued to devote himself to the art of decoration, in which he excelled, carrying out major commissions for the interiors of two great Parisian theaters, on the theme of the theater. These murals, mises-en-abime that epitomize an undying passion for the stage and performance, were the highpoints of an artistic career constantly permeated and radically renewed by this other art form.",https://www.musee-orsay.fr/en/program/whats-on/exhibitions/vuillard-intimate-theaters,"Found on the venue's ""current/upcoming"" listing page.",2026-09-30T04:30:27.942Z
orsay,Cezanne and Us,2026-09-23,2027-01-17,"The exhibition aims to present an overview of the body of work produced by Paul Cezanne (1839-1906) in terms of his artistic legacy, in the innovative form of a concise, ongoing dialogue. It bears witness to the artist’s incomparable legacy, from the time when, in seclusion in Aix, some people wondered whether he really existed, to the 20th-century “Cezanne Myth”, as founding father of pictorial modernity. Hence, with a strong historiographical focus, while taking care not to neglect the iconographic side of things, the exhibition takes account of the way that Cezanne – and which Cezanne? – was able to be seen and purchased by artists in the 1880s, a period when he no longer exhibited , thanks to “Père” Tanguy and a few collectors, some of whom were artists themselves. It goes on to cover milestones in the artist’s French and then international recognition, through the first monographic exhibitions organized by Ambroise Vollard between 1895 and 1901, the acceptance of two of his works by Musée du Luxembourg thanks to the Caillebotte bequest (1894), followed by the monographic exhibitions at the Autumn Salon and the first major international exhibitions he was included in. These events ensured the artist’s critical and commercial success and raised him to the rank of father of modernity in the eyes of the European avant-garde movements of the 1910s and the great international collectors alike.",https://www.musee-orsay.fr/en/program/whats-on/exhibitions/cezanne-and-us,"Found on the venue's ""current/upcoming"" listing page. opening date taken from the site's structured data, not its visible page.",2026-09-30T04:30:27.942Z
orsay,What a Wonderful World: Masterpieces from the Musée d'Orsay,2026-11-14,2027-03-28,"During the second half of the 19th century, artists – painters, sculptors, decorators and photographers – proved to be particularly sensitive to the changes their world was undergoing. This being so, they sought to depict modern life in their works, and the ongoing evolution of mores, which were redefining artistic codes. The daily lives of their contemporaries were being transformed by far-reaching changes, with the industrial revolution proceeding at an unprecedented pace compared with the previous century. The railway, which had made its appearance some twenty years earlier, developed at lightning speed, serving French cities for the first time. The rise of large urban communities and the metamorphoses of major capitals changed the landscape once and for all. As France’s capital city, Paris was remodeled at Napoleon III’s instigation and orchestrated in accordance with Baron Haussmann’s plans. In this context, a bourgeois middle class emerged with a range of new interests to indulge, including horseraces at the hippodromes located at the city gates, sea bathing and stays in houses in the country. This new “present time” was an inexhaustible source of inspiration for artists, whether they belonged to the most academic or most innovative movements. The impressionists, who wanted to provide fresh visions of all these fragments of reality, took an active part in this renewal. The daily life of the time became a central theme for a whole generation of artists. With new scenes of interiors bathed in artificial lighting, subjects previously absent from painting made their appearance: the pleasures and joys provided by this modern world. Artists came up with new modes of expression enabling them to better capture the present time and tradition.",https://www.musee-orsay.fr/en/program/whats-on/exhibitions/what-wonderful-world-masterpieces-musee-dorsay,"Found on the venue's ""current/upcoming"" listing page.",2026-09-30T04:30:27.942Z
orsay,Decorating the Wall,2026-05-23,2026-09-20,"Presented in the Cabinet of Architecture, “Decorating the Wall” explores the rise of decorative arts in the 19th century, when wallpaper, fabrics and murals transformed interior design and opened up a new field of expression to artists. Spurred by the mechanization of manufacturing processes over the course of the 19th century, decoration invited itself into interiors far and wide. Wallpapers, stencil paintings and furnishing fabrics democratized embellishment of the living environment. Numerous manufactories sprang up, producing an abundance of motifs that kept expedient pace with changing tastes. Promoting a comprehensive approach to decoration, many artists availed themselves of the possibilities offered by these techniques that brought art into the realm of industry.",https://www.musee-orsay.fr/en/program/whats-on/exhibitions/decorating-wall,"Found on the venue's ""past"" listing page.",2026-09-30T04:30:27.942Z
orsay,Youssef Nabil: To dream again,2026-05-19,2026-09-13,"Since the 1990s, the Franco-Egyptian photographer and videographer Youssef Nabil (born 1972) has been producing a body of work with a strong visual identity, to which the Musée d'Orsay has made a decisive contribution. His first visit to France and discovery of the Museum's collections in 1992 is still a source of inspiration that has imbued his work for more than thirty years, as evidenced by the self-portrait The Dream (2021), a direct descendant of Puvis de Chavannes' Le Rêve. With this exhibition, Youssef Nabil is the first contemporary artist in the Orientalist galleries, offering an opportunity to put his works in perspective with those that have influenced him within this same space, which, along with symbolism, constitute the heart of their aesthetic rapprochement. The black and white silver prints, enhanced by Youssef Nabil's use of an old hand-coloring technique, evoke the glorious, fantasized Egypt of his childhood – the artist's birth country – and conjure up velvety-toned visual ambiences. His body of work, which borrows from the registers of dream and nostalgia, seeks to escape from questions of identity alone in order to embody an idealized, fantasized Mediterranean world without borders. In the artist's eyes, Egypt is the setting for an accepted, sensual orientalism, with images that make fresh use of its codes: warm, bright colors bathing in a tranquil atmosphere composed of desires and dreams, depicting a free Orient, without prohibition or censure. In addition to this orientalism, the aesthetics of his uncluttered settings, summoning up blues and whites and uniting them to produce effects of transparency, reflect the artist's symbolist influences. The themes of exile, rebirth and dream are omnipresent in his work. The back postures in his faceless self-portraits are tinged with melancholy and have an air of mystery about them. The exhibition title To ""Dream Again (De rêver encore)"" highlights the central role of dreams in Youssef Nabil's work, as",https://www.musee-orsay.fr/en/program/whats-on/exhibitions/youssef-nabil-de-rever-encore,"Found on the venue's ""past"" listing page.",2026-09-30T04:30:27.942Z
orsay,Sculpture and Ceramics around 1900,2026-06-30,2026-09-13,"In the context of the exhibitions devoted to acquisitions held in celebration of the Musée d'Orsay’s 40th birthday, a new selection highlights works emblematic of the artistic renewal of the 1890s. During those years, sculptors and ceramists, fascinated by the possibilities provided by faïence, porcelain and sandstone, pushed the boundaries of their art. In the 1890s, the renewal of sculpture aligned with practitioners’ interest in creating new forms of ceramics and glassware. In turn, the effects of materials and colors discovered by ceramists won over sculptors, who were giving ever greater thought to their works’ polychromy. Faïence, porcelain and sandstone – these three materials produced from clayey soils were mediums for original creations. Influenced by Japanese stoneware, Chinese monochrome porcelains, iridescent Islamic ceramics and European vernacular pottery traditions, sculptors and ceramists gave expression to a variety of sensibilities and called the utilitarian limits of these techniques into question. The theme of the mask has been a genre in its own right since the 1860s. The Musée d’Orsay’s collection is a benchmark in this field and has recently been enriched with two striking examples testifying to the diversity of their creators’ approaches.",https://www.musee-orsay.fr/en/program/whats-on/exhibitions/sculpture-and-ceramics-around-1900,"Found on the venue's ""past"" listing page.",2026-09-30T04:30:27.942Z
orsay,"The cedar, the majestic green crown of Mediterranean mountain tops",2026-05-19,2026-09-20,"In its Cabinet of Graphic Art, the Musée d'Orsay is exhibiting a selection of 19th-century drawings inspired by the Mediterranean’s majestic cedars. Through works by Guillaumet, Lévy-Dhurmer and Belly, acquaint yourself with the beauty of these emblematic trees. The cedar forests so dear to the poets Alphonse de Lamartine and Stéphane Mallarmé also inspired the 19th century’s graphic artists. Conical when it is young, the cedar tree takes a hundred years for it to attain the emblematic shape we know it by. Its “gigantic stages” take shape among the Northern Algerian desert’s fig trees, flowering hawthorns and white lilies that Gustave Guillaumet depicted in ink, charcoal and pastel on tracing paper and sheets of violet-, blue- and grey-tinted paper. Lucien Lévy-Dhurmer used blue crayons to sketch the Atlas cedars’ slender outlines, while Léon Belly filled the pages of his sketchbooks with them during his journey from the Mediterranean to the Dead Sea.",https://www.musee-orsay.fr/en/program/whats-on/exhibitions/cedar-majestic-green-crown-mediterranean-mountain-tops,"Found on the venue's ""past"" listing page.",2026-09-30T04:30:27.942Z
orsay,Renoir and Love: A Joyful modernity (1865-1885),2026-03-17,2026-07-19,"A major figure in impressionism, Pierre Auguste Renoir, like Manet, Degas, Monet and Caillebotte, is regarded as one of the 19th century’s great painters of modern life. Between the mid-1860s and the 1880s, he developed a light, fluid manner of painting, bursting with light and color, along with new subjects focusing on relationships between men and women. Renoir’s joyful, discreet and tender vision, devoid of any hint of sentimentality, ribaldry or drama, distinguishes him from the other painters of his day. The artist locates the interactions he depicts in his paintings in the public space, the new, modern social and natural settings – theaters, restaurants, guinguettes, boulevards and gardens – frequented by various social classes. Theses popular “scenes” of modern love encouraged greater freedom of morals and the blossoming of “illicit” loves, in an era when bourgeois conventions and religious morality still governed romantic and sexual relationships. Although his depictions were still marked by traditional gender stereotypes, Renoir revived the memory of Watteau’s, Boucher’s and Fragonard’s “fêtes galantes” [courtship parties] in order to re-enchant relationships between men and women and, implicitly, examine the question of male desire and female consent. But Renoir did not stick to seduction games. His couples are often part of a vast network of social and emotional interactions (friends, parents, children, etc.). Love, understood as a fundamental force binding human beings to each other and to nature, guided his inspiration. According to him, “a picture should be a pleasant thing, joyful and pretty”. His eye and his brush connected actions, looks, bodies and settings in compositions that are worlds in themselves. During this decisive period, he made several attempts at large-format paintings, with scenes of modern conviviality (including Mother Anthony’s Cabaret, Dance at the Moulin de la Galette and Luncheon of the Boating Party), which were so many manifes",https://www.musee-orsay.fr/en/program/whats-on/exhibitions/renoir-and-love,"Found on the venue's ""past"" listing page.",2026-09-30T04:30:27.942Z
orsay,Renoir Drawings,2026-03-17,2026-07-05,"This is the first exhibition to be dedicated to Renoir’s drawings, and highlights the importance of graphic techniques in his artistic development. It also reveals the close relationship between his paintings and his drawings, in particular from the 1880s onwards when he began to move away from Impressionism. Although Renoir’s paintings remain icons of impressionism, until now his works on paper (drawings, watercolors, pastels, etc.) have not received the same attention. It is true that the artist, who is recognized above all as a very great painter and colorist, long suffered from a reputation as a poor draftsman. It is also true that his corpus of graphic works is small (Renoir doubtless destroyed many of his drawings) and heterogeneous, including sketches, studies for painted compositions, large-scale tracings, plein air watercolor “notations”, actual portraits in pastel, signed, exhibited and sold to art lovers, and drafts for prints and illustrations. Yet drawing played a decisive role in Renoir’s artistic development, from his first exercises as a student in the 1850s and 1860s to his highly contemporary experiments in the 1910s. This can be seen in works such as Les Baigneuses. Essai de peinture décorative [The Bathers, decorative painting experiment] and Maternité, where he produced numerous studies in order to achieve the perfect form. “[Renoir] is a first-rate draughtsman; it would be interesting to show the public all of these preparatory studies for a single painting, as they generally imagine that the Impressionists work in a most nonchalant fashion.” (Berthe Morisot)",https://www.musee-orsay.fr/en/program/whats-on/exhibitions/renoir-drawings,"Found on the venue's ""past"" listing page.",2026-09-30T04:30:27.942Z
orsay,Clair Obscur: Expedition 33,2026-06-23,2026-07-19,"For one week - later extended by three -, the Musée d’Orsay is thinking big to showcase the visual world of the video game ""Clair Obscur: Expedition 33"". Thanks to an innovative display, the central aisle of the main gallery is adorned with in-game screenshots and concept art (preliminary sketches), some of which have never been seen before. All those images share deep aesthetic connections with the museum’s collections. Painting is a constant presence throughout the story of Clair Obscur: Expedition 33. It establishes the antagonist’s role from the very beginning of the plot and continues to add depth to the narrative right up to its conclusion. This exhibition aims to shed light on a few—sometimes hidden—references and trans-historical echoes: from the glistening cobblestones of Gustave Caillebotte’s Rue de Paris, temps de pluie, echoed by the reflections of textures on the streets of Lumière’s imagined city, all the way to Victor Navlet’s A bird's-eye view of Paris, taken from the Observatory in a hot-air balloon, rendered from Esquie’s aerial perspective. The architecture of the Orsay and Monoco train stations echoes one another, while iconic public monuments and street furniture mirror each other between Paris and Lumière. The creative team behind Clair Obscur: Expedition 33 drew inspiration from the iconography found in the Musée d’Orsay’s collections, reimagining its iconic symbols: a fractured Eiffel Tower and Arc de Triomphe, the Wallace Fountains transformed into statues, and Carpeaux’s The Four Parts of the World supporting the celestial sphere, shattered into pieces... For a new audience, the name “Renoir” now also evokes the patriarch of the Dessendre family. The Musée d’Orsay invites visitors to rediscover how, for Auguste Renoir, love was also the driving force behind many of his compositions, the human bond that brings to life his vibrant, colorful canvases, where anything is possible… Through the lens of the relationship between Renoir and Aline, Cl",https://www.musee-orsay.fr/en/program/whats-on/exhibitions/clair-obscur-expedition-33,"Found on the venue's ""past"" listing page.",2026-09-30T04:30:27.942Z
orsay,Impressionist fans: An exceptional gift from the Kan family,2026-03-24,2026-06-21,"For its 40th anniversary, the Musée d’Orsay is unveiling in its entirety the gift of 17 artists' fans. The Kan collection of Impressionist and Post-Impressionist fans has been formed over the last twenty years and is the largest ever assembled. This gift considerably expands the Musée d’Orsay’s collection of fans, so far limited to a few examples. Artists became particularly interested in this support from the middle of the 1850s, under the influence of Japonism. Enthusiasm reached its peak in 1879 during the 4th Impressionist exhibition, in which Degas wished to devote an entire room to fans. The Impressionists liked their curved shape and unusual format, so different to the rectangular format of European painting, and also identified a potential to expand their clientele. If Degas experimented the most, Pissarro was the artist who used this new support most frequently. Interest slowed from 1880, but fans had contributed to the aesthetic and social imaginary of the 19th century. The Post-Impressionists also explored that format and support, as well as the Symbolists, as seen in the fans by Gauguin or de Feure in the Kan collection.",https://www.musee-orsay.fr/en/program/whats-on/exhibitions/impressionist-fans-exceptional-gift-kan-family,"Found on the venue's ""past"" listing page.",2026-09-30T04:30:27.942Z
orsay,Monet: A question of landscape,2026-02-07,2026-05-24,"To mark the centenary of the death of Claude Monet (1840-1926), the Musée d’Orsay is joining forces with the Artizon Museum and the Nikkei in Tokyo to present an exceptional exhibition titled “Monet. Le paysage en question / Monet. A question of landscape”. This major international event brings together over a hundred of the artist’s and his contemporaries’ masterpieces, almost fifty of which will be lent by the Musée d’Orsay for an unprecedented visit to Japan. It marks the official launch of commemorations devoted to the centenary of Monet’s death, which will take place in France and across the world in 2026. The exhibition provides an exploration of Monet’s body of work in terms of nature and landscape. Nature is omnipresent, nourishing his work as a landscape painter, structuring his artistic approach and guiding his life. From the 1850s to his death, Monet spent his time tirelessly depicting forests and trees, flowers and cliffs, rivers, seas, skies and clouds, composing almost 1,800 landscapes in the course of over seventy years of continuous creation. His travels – Paris region, Normandy, the South, Brittany, England, the Netherlands and Norway – and the gardens he laid out in Argenteuil, Vétheuil and finally in Giverny became so many reinvented landscapes; according to Proust, the garden and water lily ponds are works “painted directly from nature”. Hence, landscape seems to have been a favored means of expression, a real laboratory in which Monet redefines our relationship with art and the world. The exhibition takes a closer look at what these landscapes reveal in an attempt to shed light on Monet’s “nature” in the age of industrialization. A “love of nature” was at the origin of his vocation. He was tireless in his assertion of it and it became a way of seeing, feeling and making an evolving truth perceptible while observing the increasing effects of industrialization. In Argenteuil, in the 1870s, nature was already no longer intact: the Anthropocene was",https://www.musee-orsay.fr/en/program/whats-on/exhibitions/monet-question-landscape,"Found on the venue's ""past"" listing page.",2026-09-30T04:30:27.942Z
orsay,A Total Art: Drawings from the Vienna Secession,2026-01-27,2026-05-17,"Organized around the recent acquisition of a drawing by Josef Hoffmann, “A Total Art” is a Focus on the Musée d'Orsay’s collections of drawings by Vienna Secession artists. Through the selection on display, discover the principles underlying an innovative form of architecture emblematic of Viennese Modernism. In 2023, the Museum’s architecture collections were complemented by a rare drawing by Joseph Hoffmann, making a further addition to the forty-two works by pupils of Otto Wagner – Emil Hoppe, Marcel Kammerer and Otto Schönthal – acquired in 1997. Created the same year the Stoclet Palace in Brussels was completed, this extraordinarily powerful graphic project testifies to the research carried out by the Austrian master at the height of his career. Around this acquisition, which is on show for the first time, the Focus returns to the notion of total art, which was a central concern of Viennese Modernism’s architects.",https://www.musee-orsay.fr/en/program/whats-on/exhibitions/total-art-drawings-vienna-secession,"Found on the venue's ""past"" listing page.",2026-09-30T04:30:27.942Z
orsay,Northern Light: Scandinavian and Dutch Drawings from the Musée d’Orsay,2026-02-10,2026-05-10,"“Northern Light” presents a selection of Scandinavian and Dutch drawings from the Musée d'Orsay’s collections, highlighting Northern Europe’s artistic wealth. Symbolist landscapes and domestic scenes reveal the diversity of Northern European art in the 19th century. This wall display underscores the Museum’s interest in enlarging its collection of works by foreign artists. Recent acquisitions of works by Swedish and Dutch artists hang side by side with items that, in some cases, have been in national collections for over a century. Symbolist Nordic landscapes, long absent from the Museum’s collections of drawings, counterbalance Carl Larsson’s and Peder Severin’s peaceful domestic scenes, and artists such as Carl Forsberg and Philippe Smit, who were largely unknown in their lifetimes, find their rightful place alongside these great names.",https://www.musee-orsay.fr/en/program/whats-on/exhibitions/northern-light-scandinavian-and-dutch-drawings-musee-dorsay,"Found on the venue's ""past"" listing page.",2026-09-30T04:30:27.942Z
orsay,Myra Albert Wiggins and her time. Around a recent donation of photographs,2026-02-27,2026-04-23,"Myra Albert Wiggins, a little known figure of the Photo-Secession, was one of the leading women Art photographers in the turn-of-the-century United States. Contextualizing the group of 10 prints donated to the musée d'Orsay in 2023, this display celebrates the entry into the national collections of an artist who is rarely seen and collected outside of institutions in the Northwestern United States. At the turn of the 20th century, the photographer Myra Albert Wiggins was one of the leading representatives of pictorialism – the first artistic movement in the history of the medium – in the United States. Originally from Salem, Oregon, she moved to New York in the early 1890s, where she studied painting at the Art Students League while also becoming a member of the city’s Camera Club and Society of Amateur Photographers. Before she returned to her native region, Wiggins formed a relationship of mutual respect with Alfred Stieglitz, who invited her to join the Photo-Secession group ten years later, in 1903. Although in the meantime her distance from the East Coast did not prevent her from gaining recognition in a number of exhibitions, this integration into the American pictorialist elite confirmed her national and international stature. On the other hand, the geographical isolation caused by her move to Washington State in 1907 proved detrimental to her photographic inspiration. From the beginning of the following decade, painting absorbed most of her creativity and commitment, culminating in 1930 with the founding of the association of Women Painters of Washington. Originating from the artist’s personal collection, the set of photographs donated in 2023 by David F. Martin and Dominic A. Zambito is particularly representative of Wiggins’ oeuvre. The ten prints acquired are emblematic of the originality of her approach to the four themes for which she showed a clear preference: portraits of women and children, landscapes and outdoor figure studies, still lifes, and genr",https://www.musee-orsay.fr/en/program/whats-on/exhibitions/myra-albert-wiggins-and-her-time-around-recent-donation-photographs,"Found on the venue's ""past"" listing page.",2026-09-30T04:30:27.942Z
orsay,A new dation at the Musée d’Orsay: Caillebotte’s Portrait de l’artiste au chevalet,2026-02-17,2026-03-15,"The Musée d’Orsay is celebrating its 40th birthday with a rotation of major new acquisitions that reflect the diversity of its collections. The exceptional dation of the Portrait de l’artiste by Gustave Caillebotte (1848-1894), which the Museum has just received, opens the series, which will continue throughout 2026. It’s Gustave Caillebotte’s most important self-portrait. It was painted and exhibited in 1879, when the 31-year-old artist was on the way to becoming a major figure in the impressionist movement. He depicts himself at work in his studio, observing himself in a mirror and painting the portrait we’re looking at. His studio was also a place for socializing and presenting his personal collection of paintings. The artist supported his impressionist friends by purchasing their works, which he went on to bequeath to the State at his death. Renoir’s Bal du moulin de la Galette [Dance at the Moulin de la Galette] is hanging on the wall. This self-portrait dialogues with another of Caillebotte’s self-portraits from the Musée d’Orsay’s collections, painted a few months before the artist’s untimely death at the age of 45. The Musée d’Orsay has seen a numerous remarkable additions to its collection of Caillebotte’s works since 2019, with Marie-Jeanne Daurelle’s bequest, three dations and the purchase of a national treasure. The Musée d’Orsay currently conserves 16 of the artist’s works.",https://www.musee-orsay.fr/en/program/whats-on/exhibitions/new-dation-musee-dorsay-caillebottes-portrait-de-lartiste-au-chevalet-portrait-artist-his-easel,"Found on the venue's ""past p1"" listing page.",2026-09-30T04:30:27.942Z
orsay,Gabrielle Hébert: Amour fou at the Villa Medici,2025-10-28,2026-02-15,"Designed in partnership with the Musée Départemental Ernest Hébert in La Tronche (Isère), where it will be hosted in spring 2026, the exhibition will also be presented at the French Academy in Rome – Villa Medici in autumn 2026, where the exhibition’s curator Marie Robert spent a year in the context of a Villa Medici/ Musée d’Orsay cross-residency. The exhibition Who’s Afraid of Women Photographers? (1839-1945) presented at the Musée d’Orsay and the Musée de l’Orangerie in 2015 was a milestone for recognition of women artists in France. One of the many photographers featured was Gabrielle Hébert (1853, Dresden, Germany - 1934, La Tronche, France). Born Gabrielle von Uckermann, she was an amateur painter before marrying Ernest Hébert in 1880, an academic artist twice appointed Director of the French Academy in Rome. She went on to develop an intensive, extremely prolific photography practice, begun at Villa Medici in 1888 and ending twenty years later in La Tronche (near Grenoble) following the death of the man she had idolised, her elder by almost forty years, and whose place in history she largely ensured by supporting the creation of two monographic museums. In the late 19th century, between France and Italy, like many artists and writers (including Henri Rivière, Pierre Bonnard, Maurice Denis and Émile Zola) who equipped themselves with a camera to record their and their families’ daily lives, Gabrielle Hébert pursued a private, sentimental photography practice, helped along by the technical and aesthetic revolution brought about by the invention of snapshot photography. At Villa Medici, as the wife of its director, she organised receptions and received elite visitors. She was not long in escaping her assigned duties, however, and acquired a camera. She took a few lessons with a Roman professional and, along with a resident of her own age, set up a darkroom to develop and print her negatives and retouch the results. It was the beginning of an extremely voluminous",https://www.musee-orsay.fr/en/program/whats-on/exhibitions/gabrielle-hebert-amour-fou-villa-medici,"Found on the venue's ""past p1"" listing page.",2026-09-30T04:30:27.942Z
orsay,Bridget Riley: Point de départ,2025-10-21,2026-01-25,"Bridget Riley, born in London in 1931, saw her career transformed by an encounter with the work of post-impressionist master Georges Seurat. At the Musée d'Orsay, an exhibition of the great British painter's hypnotic works highlights this legacy. For more than sixty-five years, the British contemporary painter Bridget Riley has produced vibrant visual artworks that disrupt our perception thanks to the precise placement of colours, lines and tones, which engage the retina and create an illusion of movement. The exhibition “Bridget Riley: point de départ” explores how Bridget Riley’s study of Georges Seurat’s work served as a defining moment in the development of her artistic process. Acting both as a beginning and as a deviation, the “starting point” refers to the moment in 1959, when Riley copied Seurat’s Bridge at Courbevoie from a reproduction in a book presented here. This act taught her how to place colours next to each other to create vibration in her work through optical effects, a principle that has continued to inform her practice right up to the present day. Recognised as one of the major artists of our time, often associated with the “op art” (optical art) movement, this recontextualisation of her work through the prism of the tribute paid to Seurat, presents her primarily as a vibrant Post-Impressionist painter of our age.",https://www.musee-orsay.fr/en/program/whats-on/exhibitions/bridget-riley-point-de-depart,"Found on the venue's ""past p1"" listing page.",2026-09-30T04:30:27.942Z
orsay,Building and Decorating the Opera House,2025-10-14,2026-01-18,"In 2025, Charles Garnier’s New Opera House is celebrating its 150th birthday. Inaugurated in 1875, this emblem of the Second Empire, completed under the Third Republic, testifies to the genius of Garnier, who had each stage of its construction immortalized by the photographers Delmaet and Durandelle. 2025 marks the 150th anniversary of the inauguration of Charles Garnier’s New Opera House on January 5, 1875. This major Second Empire edifice was completed under the Third Republic following almost fifteen years of work. Wishing to have the implementation of his first major project fully documented, the brilliant young architect Charles Garnier commissioned the photographers Delmaet and Durandelle to take several series of photos illustrating the progress of the structural work as well as the creation of the many sculpted features composing the Opera House’s rich decoration.",https://www.musee-orsay.fr/en/program/whats-on/exhibitions/building-and-decorating-opera-house,"Found on the venue's ""past p1"" listing page.",2026-09-30T04:30:27.942Z
orsay,Sargent: Dazzling Paris,2025-09-23,2026-01-11,"John Singer Sargent (Florence, 1856 – London, 1925), along with James McNeill Whistler, was the most famous American artist of his generation and certainly one of the greatest painters of the 19th and early 20th century. Revered in the United States (his Portrait of Madame X is regarded as the Mona Lisa of the American art collection conserved by the Metropolitan Museum of Art in New York), he is also famous in the United Kingdom, where he spent most of his career. In France, however, his name and work remain largely unknown, a situation that the exhibition at the Musée d'Orsay in fall 2025 hopes to change. No monographic exhibition has previously been devoted to John Singer Sargent in France. Yet it was in France that the young painter received his training, developing his style and network of artists. It was there that he also enjoyed his first successes and created a number of his masterpieces, including Dr Pozzi at HomeHome (1881, Hammer Museum, Los Angeles) and The Daughters of Edward Darley Boit (1882, Museum of Fine Arts, Boston). Designed in partnership with the Metropolitan Museum of Art in New York, the exhibition ""Sargent. Dazzling Paris"" aims to introduce the painter to a wide audience. The exhibition brings together over 90 of John Singer Sargent’s works, including some that have never been exhibited in France. It traces the meteoric rise of the young artist, who arrived in Paris in 1874, when he was eighteen years old, to study with Carolus-Duran. The exhibition covers his career up to the mid-1880s, when he moved to London after the scandal caused by his portrait of Madame Gautreau (Madame X) at the Salon. During that decade, Sargent forged his style and personality alike in the crucible of Paris’ head-spinning art scene, marked by the proliferation of exhibitions, development of naturalism and impressionism, and Paris’ ascendancy as art capital of the world. The young American painter found no lack of support there from other expatriates and also mad",https://www.musee-orsay.fr/en/program/whats-on/exhibitions/sargent-dazzling-paris,"Found on the venue's ""past p1"" listing page.",2026-09-30T04:30:27.942Z
orsay,Paul Troubetzkoy: Sculptor (1866 -1938),2025-09-30,2026-01-11,"The exhibition traces the life of this artist, born in Italy and a Parisian by adoption, who also had a brilliant career in the United States. A highly talented portraitist, he was much sought-after by a cosmopolitan elite, celebrities, the Parisian smart set and the first American film stars. His life was marked by decisive encounters and friendships with men of letters, such as Tolstoy in Russia and George Bernard Shaw in Paris, with whom he shared a vegetarian lifestyle, somewhat unusual for the era. In addition to the portraits that made his name, the exhibition also highlights his animal sculptures along with his work on behalf of animal rights, of which he was an ardent advocate well ahead of his time. Developed in partnership with the Museo del Paesaggio in Verbania, the exhibition provides an opportunity to present a part of Troubetzkoy’s studio collection, which was bequeathed to the Italian museum after his death. It is an invitation to look at his practice and very recognisable style with fresh eyes. The way in which Troubetzkoy worked on his models, in energetic little touches that catch the light and make it vibrate on his bronze casts’ surfaces, raises the question of impressionism in sculpture. As visitors walk through the exhibition, they will discover a sensitive, modern artist who renders the fluidity of bodies, the energy of movement, and the strength of characters with remarkable subtlety. His work, which spans the late 19th and early 20th centuries, creates a vivid picture of the Belle Époque. A catalogue featuring sumptuous illustrations has been published to mark the occasion. Although Paris enabled Troubetzkoy to launch his career at international level, Milan, where he settled in 1884 at the age of 18, was the city that enabled him to discover himself, train and define himself as an artist free of all academic constraints. There, he got to know the main actors in the Scapigliatura literary and artistic movement, the painters Ranzoni and Crem",https://www.musee-orsay.fr/en/program/whats-on/exhibitions/paul-troubetzkoy-sculptor-1866-1938,"Found on the venue's ""past p1"" listing page.",2026-09-30T04:30:27.942Z
orsay,Drawing with Raphael: The Decoration of the Garnier Opera House’s Foyer,2025-10-14,2025-12-07,"For the Paris Opera House, Charles Garnier wanted decoration in perfect harmony with its architecture. He called on artists from the Paris Beaux-Arts and Villa Medici, who rose to the occasion by drawing inspiration from the Italian master Raphael. As its designer, Charles Garnier was closely involved in the drafting of an interior decoration program for the Opera House that would be in symbiosis with his architectural project. He entrusted its creation to the Beaux-Arts’ and Villa Medici’s fellow students, Jules Delaunay, Charles Baudry and Félix Barrias. The delicacy of their black chalk sketches and studies bequeathed to the national collections, as well as the preparation of the paper they used, evidences an admiring debt of gratitude to the great master who decorated the Palazzo Farnese and the Vatican.",https://www.musee-orsay.fr/en/program/whats-on/exhibitions/drawing-raphael-decoration-garnier-opera-houses-foyer,"Found on the venue's ""past p1"" listing page.",2026-09-30T04:30:27.942Z
orsay,Architecture and its Decoration: Urban Finery,2025-07-11,2025-10-05,"Architecture as a medium for national expression: from palaces to urban mansions, 19th-century decoration reflects history and celebrates grandeur. At the turn of the century, its initial vocation stepped aside to give way to freer forms of embellishment. In the 19th century, decoration of buildings was a means of conveying images of history and messages on the nation’s vitality by reaching a wide audience All forms of architecture were involved: regal edifices such as the Louvre, banks, commercial buildings and urban mansions where architects competed to created sophisticated interiors. With the advent of rationalism and Art Nouveau, such decorations no longer aimed to establish links with history and either became picturesque or naturalistic.",https://www.musee-orsay.fr/en/program/whats-on/exhibitions/architecture-and-its-decoration-urban-finery,"Found on the venue's ""past p1"" listing page.",2026-09-30T04:30:27.942Z
orsay,The Creators and the Dreyfus Affair,2025-03-25,2025-10-05,"Through a wall display, a film program and an itinerary in the collections, the Musée d’Orsay explores artists’ reactions to the Dreyfus affair and the rise of anti-Semitism in France in the late 19th century. Editorial cartoons, courtroom sketches and films of the era bear witness to the commitments, fights and tensions that marked this major event in republican history. The display shows two facets of Hermann-Paul’s graphic output as an artist committed to the Dreyfusard ranks: satirical drawings for the press and courtroom sketched covering the Zola trial’s hearings and then Dreyfus’ retrial in Rennes (Room 41). The film program focuses on the key role played by Lucie Dreyfus, the captain’s “heroic and devoted wife”, who supported him through his ordeals and exposed the truth, with three extracts from films made in France between 1899 and 1908 (Room 47). Finally, an itinerary through the collections examines the stances of and roles played by various creators and figures on the period’s art scene.",https://www.musee-orsay.fr/en/program/whats-on/exhibitions/creators-and-dreyfus-affair,"Found on the venue's ""past p1"" listing page.",2026-09-30T04:30:27.942Z
orsay,Destination musée d'Orsay,2025-06-28,2025-09-28,"Cette exposition est le fruit d’un partenariat d’éducation artistique et culturelle mené en 2024-2025 avec dix classes de l’académie de Limoges. Elle présente 47 affiches réalisées par des élèves de la 4e à la terminale scolarisés dans des collèges et lycées d’enseignement général ou professionnel des départements de Haute-Vienne, de Creuse et de Corrèze. Avant d’engager en classe un travail de création d’une affiche artistique sur le thème « Destination musée d’Orsay », ces élèves ont participé à une Classe Culture de trois jours au musée d’Orsay entre janvier et mars 2025. Ce nouveau dispositif, entièrement pris en charge par le musée, leur a permis de découvrir les collections du musée d’Orsay avec un conférencier, de participer à des ateliers de pratique artistique, de rencontrer les graphistes du musée, et de bénéficier d’une présentation à distance de l’exposition « L’art est dans la rue » sur l’art de l’affiche. Le thème conducteur des visites que les élèves ont suivies dans les collections du musée est celui de l’essor du voyage d’agrément au XIXème siècle permis par le développement du transport ferroviaire mais aussi de la navigation. Le voyage transforme progressivement les modes de vie, les mentalités, les manières de voir le monde et de le représenter. De la forêt de Fontainebleau aux plages de Trouville, de Belle-Ile en mer à Tahiti, de la vallée de Crozant au golfe de Saint-Tropez, les artistes cultivent alors le goût du public pour des paysages d’ici et d’ailleurs. Inspirés par ce sujet du voyage, les élèves ont travaillé à créer des affiches artistiques qui s’adressent à des jeunes de leur âge et leur donnent envie d’aller visiter le musée d’Orsay. Il ressort de la sélection présentée que la gare d’Orsay, réhabilitée en musée, a conquis les élèves dès leur arrivée. Leurs affiches prennent souvent la nef pour motif principal, revisité. Chacun a fait son voyage personnel porté par la diversité des artistes, des œuvres et des techniques rencontrés. Il",https://www.musee-orsay.fr/fr/programme/agenda/expositions/destination-musee-dorsay,"Found on the venue's ""past p1"" listing page.",2026-09-30T04:30:27.942Z
orsay,The Construction of the Suez Canal: Photographs by Louis Robert Cuvier,2025-03-18,2025-09-14,"The Musée d'Orsay is exhibiting a rare album of photographs taken by Louis Robert Cuvier in 1866 and 1867, a precious report on the extreme project of building the Suez Canal. This set is a revealing example of how photography, a medium typical of the industrial age, was very early used for technological, financial, commercial and diplomatic issues. Carried out between 1859 and 1869 under the direction of the Frenchman Ferdinand de Lesseps, the construction of a canal linking the Mediterranean to the Red Sea through the isthmus of Suez was one of the most important civil engineering achievements of the 19th-century. 1863 marked a turning point in the management of this project, located in the middle of the desert, with the abandonment of forced labour by Egyptian peasants giving way to a mechanisation effort that was unprecedented in the field of public works at the time. That same year, Louis Robert Cuvier was among the French officials recruited as general foremen by the Compagnie Universelle du Canal Maritime de Suez. In 1866, he was a photographer on the camp installed on the camp on the rocky threshold of El Guisr, the highest point halfway along the route of the canal. From this strategic position, Cuvier made several expeditions that took him as far north as Port-Saïd and as far south as Suez Harbour. His photographs, often dated the day they were taken, represent some of the earliest reportages on the canal. As early as 1867, two years before the opening of the canal, some of them were gathered in the Album de l’Isthme de Suez, a copy of which is kept at the Musée d’Orsay",https://www.musee-orsay.fr/en/program/whats-on/exhibitions/construction-suez-canal-photographs-louis-robert-cuvier,"Found on the venue's ""past p1"" listing page.",2026-09-30T04:30:27.942Z
orsay,Christian Krohg (1852-1925): The People of the North,2025-03-25,2025-07-27,"The Musée d'Orsay's exhibition devoted to Norwegian artist Christian Krohg is the artist's first-ever retrospective outside Scandinavia, following several exhibitions in Oslo and Lillehammer in 2012, and Copenhagen in 2014. By highlighting Krohg's naturalistic and committed works, the museum offers a new perspective on Norwegian art of the late 19th and early 20th centuries. Through a comprehensive panorama of Krohg’s artistic career, the exhibition aims to highlight his pictorial modernity and humanist commitment. A true bohemian and ardent defender of the political and social causes of his day, Krohg, who was also a writer and journalist, depicted the Scandinavian people’s condition with profound empathy: the world of work, poverty, and the injustices suffered by women. The exhibition’s itinerary highlights Krohg’s pictorial connections with the French artists he got to know during his stays in Paris - including Gustave Courbet, Edouard Manet and the impressionists. In his series of sailors, which he continued to add to throughout his life, as in his genre scenes and portraits, Krohg sought to give his works a feeling of immediacy by using unbalanced compositions, audacious framings and dynamic postures. His motto, “It’s all a question of framing”, was the basis for artistic research of unflinching modernity. A member of the provocative bohemian scene in Kristiania (as Oslo was then called), Krohg caused controversy and scandal among the bourgeoisie and artistic elites. The exhibition also includes portraits that the artist painted of members of that libertarian bohemian milieu, those young artists, writers and intellectuals who got together in the capital’s cafes and vehemently challenged the prevailing social structure. In 1886, Krohg published his novel &lt;em&gt;Albertine&lt;/em&gt;, the story of a poor seamstress who becomes a prostitute after being raped – a novel that the police immediately confiscated on the grounds that it offended public morals. Despite",https://www.musee-orsay.fr/en/program/whats-on/exhibitions/christian-krohg-1852-1925-people-north,"Found on the venue's ""past p1"" listing page.",2026-09-30T04:30:27.942Z
orsay,Lucas Arruda: Qu'importe le paysage,2025-04-08,2025-07-20,"The exhibition ""Lucas Arruda. Qu’importe le paysage"" at the Musée d’Orsay is the first monographic exhibition at a French museum to be devoted to this emblematic figure on Brazil’s contemporary art scene. A true master of pictorial gesture, he has developed his work around light, consistently depicting landscapes and taking a rigorous approach that leads him from figuration to abstraction. For more than fifteen years now, the artist has been producing a serial body of work composed of small-format paintings he calls Deserto-Modelo (Models of Desert), a term borrowed from the Brazilian poet João Cabral de Melo Neto. These “models of desert” – meaning imaginary landscapes, inner visions painted from memory in his studio – are never created “sur le motif” or based on photographs, but are always mnemonic reconstructions close to abstraction. Like the impressionists, however, the question of light and discernable projection of a form of introspection is particularly perceptible in them. As the artist describes it, “Light is at the center of my work. It is movement. It is light that guides my painting, which creates intensity and finishes by creating spaces that are neither abstract nor figurative.” Although small in size, Lucas Arruda’s paintings are imbued with dramatic tension, meaning that each brushstroke is decisive, paradoxically monumental given the scale of the canvas. The inspiration for this invitation to Lucas Arruda comes from the simple, spontaneous sensation so widely shared by observers of his canvases: they are familiar to us, whether in painting or in mind. Those panoramic motifs – horizon lines, edges of dense jungles and cloudy skies – border on universality as it is hard to identify the places and periods depicted. This long lineage, which would include Jean-Baptiste Camille Corot’s pictorial work and the Barbizon school, Gustave Courbet’s tormented seascapes and Eugène Boudin’s ponds, not of course forgetting the impressionists Claude Monet and Paul",https://www.musee-orsay.fr/en/program/whats-on/exhibitions/lucas-arruda-quimporte-le-paysage,"Found on the venue's ""past p1"" listing page.",2026-09-30T04:30:27.942Z
orsay,“100 Works that Tell the Climate Story” itinerary,2025-03-11,2025-07-15,"With the “100 Works that Tell the Climate Story” operation, the Musée d’Orsay invites you to take painters, sculptors and naturalists as your guides and rediscover these masterpieces from a new perspective. Housed in a train station where only electric trains arrived and departed in the 1900s, by its very nature the Musée d’Orsay is one of the venues that embody the history of modernity. The period covered by its collections (1848-1914) isn’t only marked by the rise of transport, but more generally by major technological acceleration, supported by massive use of coal and then of gas and oil. Artists were witnesses to these changes, revealing the modernization of the world, its rapid urbanization, as well as of the richness of its landscapes and its fauna and flora, whose fragility we can see all too well today. As you make your way through the rooms, as in any of the thirty or more museums across Metropolitan France, it’s up to you to spot the first clues to an ecological and climatic bifurcation whose effects on our environment are now unambiguously perceptible.",https://www.musee-orsay.fr/en/program/whats-on/exhibitions/100-works-tell-climate-story-itinerary,"Found on the venue's ""past p1"" listing page.",2026-09-30T04:30:27.942Z
orsay,Aperitif and Showmanship,2025-03-18,2025-07-06,"Leonetto Cappiello had a sense of showmanship and literally showed his subjects. The mockups for his advertising and art posters conserved at the Musée d’Orsay are in pastels. Making use of this vibrant medium and with remarkable visual restraint, the artist created sinuous, slender dancing figures with rippling hair, sporting fashion accessories with undulating feathers. In these simple sketches, whether caricature or portrait, a whole world of creation takes shape. Women of fashion, playwrights, composers, actors declaiming, musicians rehearsing, audiences and celebrities put on a real show for us.",https://www.musee-orsay.fr/en/program/whats-on/exhibitions/aperitif-and-showmanship-pastel-portrait-belle-epoque-soirees,"Found on the venue's ""past p2"" listing page.",2026-09-30T04:30:27.942Z
orsay,Art is in the Street,2025-03-18,2025-07-06,"Through an exceptional collection of nearly 230 works, ""L'art est dans la rue"" explores the spectacular rise of the illustrated poster in Paris during the second half of the 19th century. Organized in partnership with the Bibliothèque nationale de France, the exhibition is the first of its kind on this scale. In fact, no major event in Paris has ever been devoted to this social phenomenon, bringing together so many outstanding works by the ""Masters of the Poster"". Bonnard, Chéret, Grasset, Mucha, Steinlen, Toulouse-Lautrec... Conceived as an immersion into the visual universe of the 19th century city, the exhibition traces the golden age of the artistic poster, analyzing the social and cultural changes that favored its development, in dialogue with a unique collection of posters, paintings, photographs, costumes, sculptures and decorative objects that evoke the exuberant world of the street at the turn of the century. Paintings, drawings, prints and photographs all depict the proliferation of images that took over the smallest bit of empty space: walls and palisades of course, but newsstands, Morris columns, urinals and the metro as well, and even human beings, who turned themselves into sandwich men. Such supports constituted the exhibition walls of a new visual world that sought to catch the eye of passers-by. Transformed by imposing Haussmannian architectural works, cleaned up and well equipped, the “modern” street was also one of the key areas for political expression and social demands. Dangerous for the powers that be, this haven of advertising was, in the art critic Roger Marx’s words, “the teeming, ever bustling street, where universal suffrage is discussed and pronounced"" (Masters of the Poster, 1895). In social, cultural and artistic fields alike, the street was a living environment and exhibition venue all in one, as well as a subject for depiction. The posters of the 1880s to 1900s carry within them the fantasies and realities of an era. The result of te",https://www.musee-orsay.fr/en/program/whats-on/exhibitions/art-street,"Found on the venue's ""past p2"" listing page.",2026-09-30T04:30:27.942Z
orsay,Gare d’Orsay in spring 1945: Scene of the return of the rapatriates,2025-04-02,2025-06-15,"In April 1945, Gare d’Orsay train station became an arrival point for prisoners, deportees and workers requisitioned by the STO (Compulsory Labor Service) repatriated from Germany after the Second World War. Welcomed by volunteers and civil servants, they regained their administrative identities there before returning to their homes. Through a selection of previously unpublished documents, an exhibition sheds light on this significant episode, revealing personal stories at the heart of the nation’s history. From April 1945 onwards, former prisoners of war, political deportees from concentration and extermination camps and workers requisitioned by the Compulsory Labor Service returning home from Germany arrived on Quai d’Orsay by the truckload. Feted by the Parisians and sometimes awaited by anxious loved ones, they were directed inside the station by public administration officials and an army of volunteers. There, they went through the mandatory procedures that would enable them to return to civilian life a few hours later: an identity check, a wash and a shave, a medical checkup and lunch. Provided with a carte de rapatrié (repatriated person’s card), they could return to their home base if they still had one. Original objects (“auteur” photographs, contact sheets, correspondence, magazines and repatriated person’s cards), reproductions of images (negatives, posters and newspaper articles), a color film extract, and even a radio recording of the millionth repatriate’s voice … This is the first time that so many works and documents relating to this episode at Gare d’Orsay have been brought together and analyzed. The exhibition conjures up unique stories, each of which contains the whole of history, along with a wide range of viewpoints on these events that converge and sometimes oppose each other. This project, labelled by the National Mission for the 80th Anniversary of the Liberation, was made possible thanks to loans from the following institutions: The Heritage",https://www.musee-orsay.fr/en/program/whats-on/exhibitions/gare-dorsay-spring-1945-scene-return-rapatriates,"Found on the venue's ""past p2"" listing page.",2026-09-30T04:30:27.942Z
orsay,Notre-Dame de Paris,2024-11-06,2025-04-01,"Undertaken in the 1840s, Notre-Dame de Paris’s restoration marked a turning point in the story of the great 19th-century movement focusing on the rehabilitation of cathedrals. A few years after the publication of Victor Hugo’s novel (1831), which enjoyed enormous popular success, the interest it aroused bore witness to the monument’s symbolic importance and its role in the nation. As a result, architects’ restorations contributed to construction of a national identity based on an often reinvented Middle Ages.",https://www.musee-orsay.fr/en/program/whats-on/exhibitions/notre-dame-de-paris,"Found on the venue's ""past p2"" listing page.",2026-09-30T04:30:27.942Z
orsay,Henri Rivière: The man behind the camera,2024-10-29,2025-03-09,"Henri Rivière was a graphic artist, illustrator, painter, engraver, and poet who created the shadow theater at the Chat noir cabaret in 1886, as well as being a collector of Far-Eastern art and a photographer. Drawing on his experience with projection and enchanted by Japanese art, he created images where flat sheets of color, jagged silhouettes, chiaroscuro, and Japanese-inspired compositions sit side by side. His visual experiments center around images of his partner, captured in moments of intimacy, the Breton countryside, and Parisian market scenes, as well as the construction site for the Eiffel tower.",https://www.musee-orsay.fr/en/program/whats-on/exhibitions/henri-riviere-man-behind-camera,"Found on the venue's ""past p2"" listing page.",2026-09-30T04:30:27.942Z
orsay,"Charles Cordier (1827-1905), Chinese Man and Chinese Woman, 1853",2024-11-19,2025-03-02,"Early works by Charles Cordier (Cambrai, 1827 – Algiers, 1905), these two Chinese busts sculpted in 1853 were purchased by the Museum in late 2023. They are the artist’s first attempts at polychromy, making use here of galvanoplasty and enameling, techniques he would not employ again. Restored in early 2024, they are presented to the public for the first time. These two busts are portraits of a Chinese man and woman from Guangzhou (Canton), Chung Ataï and his second wife Yung Achoi, who arrived in Europe in 1851 for the Universal Exhibition in London. Their trip was organised by Ninian Crawford and William Lane, two English merchants. It was a commercial venture: audiences were able to buy objects in the midst of a show depicting daily life in China. Chung Ataï travelled with his first wife, Sen Ahup, his second wife, Yung Achoi, his sister-in-law Chung Ahoo and their servant. They were the guests of Queen Victoria at Osbourne House, her summer residence on the Isle of Wight.",https://www.musee-orsay.fr/en/program/whats-on/exhibitions/charles-cordier-1827-1905-chinese-man-and-chinese-woman-1853,"Found on the venue's ""past p2"" listing page.",2026-09-30T04:30:27.942Z
orsay,Drawing Cathedrals in the 19th Century,2024-11-05,2025-03-02,"With Notre Dame’s restoration nearing completion, this exhibition of drawings focuses on artists’ enthusiasm for cathedrals in the 19th century. These artists charted their path in the wake of Victor Hugo and the architect Eugène Viollet-Le-Duc, whose restorations conjured up a new image of the Middle Ages. Through the prism of the picturesque and the sublime, among other things, they took a fresh look at the majesty of these edifices, places of history, religion and memory.",https://www.musee-orsay.fr/en/program/whats-on/exhibitions/drawing-cathedrals-19th-century,"Found on the venue's ""past p2"" listing page.",2026-09-30T04:30:27.942Z
orsay,Elmgreen & Dragset: L'Addition,2024-10-15,2025-02-02,"The great troublemakers of the contemporary art scene, Elmgreen & Dragset, have been invited to place their poetic sculptures in dialogue with the Musée d’Orsay’s iconic scultpure nave. Their exhibitions always lie at the intersection of performance, space and sculpture. The presentation they have created specifically for Musée d’Orsay will have the visitor dive into a museum upside down. The artists have conceived a radical architectural intervention entitled “L’Addition”, which is unlike anything the museum has ever shown. While challenging modes for displaying artworks, the duo will present a series of new figurative sculptures. These works will depict various topics linked to contemporary masculinities in close dialogue with the museum’s historical permanent collection, highlighting the similarities and differences in artistic approaches to figuration.",https://www.musee-orsay.fr/en/program/whats-on/exhibitions/elmgreen-dragset-laddition,"Found on the venue's ""past p2"" listing page.",2026-09-30T04:30:27.942Z
orsay,The Caillebotte bequest,2024-10-08,2025-01-19,"On the occasion of the 130th anniversary of his death, the Musée d’Orsay is giving pride of place to Impressionist painter Gustave Caillebotte (1848-1894). While the exhibition dedicated to the artist, ""Caillebotte, Painting men"", mainly presents his artistic output, this exceptional exhibition also pays tribute to his work as a collector and donor. From a wealthy background, Caillebotte acquired more than seventy pieces by Cezanne, Degas, Manet, Millet, Monet, Pissarro, Renoir, and Sisley. He assembled a remarkable collection of modern art, a legacy for future generations, while providing financial support for his Impressionist friends. Indeed, in 1876, at only 28 years old, he wrote a will in which he bequeathed this collection to the French government. He stated that the paintings should all be exhibited at the Musée du Luxembourg in Paris (then called the ""musée des artistes vivants""), then eventually moved to the Louvre. The government initially accepted this bequest, but difficulties arose with exhibiting the works at the Musée du Luxembourg, which was too small and overcrowded. After lengthy discussions between Martial Caillebotte, the artist's brother, Renoir, the executor of his will, and the museums' administrative departments, a compromise was found: the bequest would only comprise a selection of forty works, but all of them would be exhibited. They became part of the national collections in 1896. In February 1897, the Caillebotte room opened to the public. At that time, it was unprecedented to see such a large collection of Impressionist works in a museum. It was thanks to Caillebotte's generosity and determination that Impressionism finally gained official recognition in France.",https://www.musee-orsay.fr/en/program/whats-on/exhibitions/caillebotte-bequest,"Found on the venue's ""past p2"" listing page.",2026-09-30T04:30:27.942Z
orsay,Caillebotte: Painting men,2024-10-08,2025-01-19,"The exhibition on show at the Musée d'Orsay in autumn 2024 focuses on Gustave Caillebotte (1848-1894) and his predilection for masculine forms and portraits of men, and seeks to examine this artist's profoundly radical modernity through the lens of art history's changing perspective on 19th-century forms of masculinity. In a desire to produce a new, authentic form of art, Caillebotte took his subjects from his surroundings (Haussmann's Paris, the country houses around the capital), his male acquaintances (his brothers, the workers employed by his family, his boating friends), and ultimately from his own life. In response to the realist movement, he introduced new figures into his paintings: an urban worker, a man on a balcony, a sportsman, and even an intimate portrait of a male nude at his 'toilette'. In an era when virility and republican fraternity prevailed, but traditional masculinity was also in crisis for the first time, these new, powerful images challenged the established order, both social and sexual. Beyond his own identity - that of a young rich Parisian bachelor - Caillebotte also brought profound questions into the male condition at the heart of Impressionism and Modernism. This project was inspired by the recent acquisition of two of Caillebotte's major works, by the J.Paul Getty Museum (Young Man at His Window) and the Musée d’Orsay (A Boating Party), and centers around a masterpiece from this artist, Paris Street; Rainy Day, on loan from the Art Institute of Chicago. The exhibition, which presents around 70 pieces, includes Caillebotte's most important paintings of people, as well as pastels, sketches, photographs, and documents. This event is being organized in the year of the 130th anniversary of the artist's death (1894), which is also the date when his outstanding collection of Impressionist paintings was bequeathed to the French government. To mark the occasion, the entire bequest will be on show in a temporary exhibition in one of the museum's",https://www.musee-orsay.fr/en/program/whats-on/exhibitions/gustave-caillebotte-painting-men,"Found on the venue's ""past p2"" listing page.",2026-09-30T04:30:27.942Z
orsay,Harriet Backer (1845-1932): The music of colors,2024-09-24,2025-01-12,"Although little known outside Norway, within her country Harriet Backer was the most renowned female painter of the late 19th century. Highly acclaimed for her rich, luminous use of color, she created an eminently personal style that blends interior scenes and open-air painting. She drew inspiration from the realist movement as well as from the innovations of Impressionism, with free brushstrokes and meticulous attention to variations in light. She is also famous for her tender portraits of rural life and her interest in church interiors.",https://www.musee-orsay.fr/en/program/whats-on/exhibitions/harriet-backer-1845-1932-music-colors,"Found on the venue's ""past p2"" listing page.",2026-09-30T04:30:27.942Z
orsay,Céline Laguarde (1873-1961): Photographer,2024-09-24,2025-01-12,"In the early years of the 20th century, Céline Laguarde established herself as an international figure in the history of photography’s first artistic movement: pictorialism. Her body of work has finally emerged from a century of oblivion. This exhibition is an invitation to rediscover Laguarde on two levels: as a female photographer who earned a level of recognition that no woman in France had achieved since the invention of the medium, but also - and most importantly - as an artist who in her lifetime was already considered to be one of the most important photographers of her era. The exhibition has been made possible by the gradual unveiling of the artist's personal collection, which was pieced back together in the Musée d’Orsay collections between 2017 and 2024. His main ambition is to spotlight a body of work of unsuspected quality, variety and longevity. The portraits, studies of figures, and landscapes give an insight into the photographer's reputation as a master of pigment processes, still considered today to be among the most complex and sophisticated printing techniques. Through more than a hundred and thirty of the artist’s original prints, selectively compared with photographs by her male and female contemporaries, the exhibition also showcases the evolutions and continuities, influences and dialogues, and originality and specificities that characterize Laguarde’s work. The result of an exceptional research process, this exhibition and the accompanying publication - the first to be dedicated to the artist - are based on piecing together Céline Laguarde's work, biography, career, and critical success. This personal journey is also put into a threefold context: that of a particularly eclectic network of artistic, literary, musical, and scientific social connections; of the regional, national, and international fine art photography scene; and the still little-known world of French female photographers at the turn of the 19th and 20th centuries, examined her",https://www.musee-orsay.fr/en/program/whats-on/exhibitions/celine-laguarde-1873-1961-photographer,"Found on the venue's ""past p2"" listing page.",2026-09-30T04:30:27.942Z
orsay,"Barbara Chase-Riboud · Everytime A Knot is Undone, A God is Released",2024-09-17,2024-12-15,"Eight Paris museums celebrate the life and work of Barbara Chase-Riboud. Born in 1939, this living artist has been working for seven decades, traveling all over the world and developing an unparalleled mastery of form. The exhibition, spread across eight sites, includes a collection of monumental sculptures which demonstrate the power of bronze and silk, essential elements of the sculptor's work, weaving connections between cultures, stories, and substances. At the Musée d'Orsay, five of the artist's works will be exhibited in the clock room on the 5th floor. In the Musée d'Orsay's famous clock room, an emblem of modernity, five aluminum and silk sculptures will be on display. In juxtaposition with one of the large clocks on the museum's facade, they question the notion of time. Barbara Chase-Riboud opens up new possibilities in sculpture, combining bronze with silk and wool, creating pieces whose solidity and fluidity do not contradict one another, but rather create a new, mobile form, at once human and abstract. Named after a collection of Barbara Chase-Riboud's poetry, published in 2014, the exhibition ""Everytime A Knot is Undone, A God is Released"" is spread across eight sites. It gives visitors a host of opportunities to come into contact with the artist's work, through sculpture, drawing, and poems created from 1958 up to the present day.",https://www.musee-orsay.fr/en/program/whats-on/exhibitions/barbara-chase-riboud-everytime-knot-undone-god-released,"Found on the venue's ""past p2"" listing page.",2026-09-30T04:30:27.942Z
orsay,Barking Successes,2024-07-23,2024-10-27,"Among the subjects explored by 19th-century artists, dogs deserve special attention, not for their aesthetic value but due to the many roles they play. In numerous works from the period in question dogs transcend their status as simple animals and become key characters in visual narration, reflecting the ongoing changes in society. Dogs in 19th-century artworks symbolize a wide range of emotions and themes, from loyalty and domesticity to lasciviousness and exoticism. The works selected illustrate and examine the unbreakable bonds between human beings, dogs and art.",https://www.musee-orsay.fr/en/program/whats-on/exhibitions/barking-successes,"Found on the venue's ""past p2"" listing page.",2026-09-30T04:30:27.942Z
orsay,Auditorium Architecture,2024-07-20,2024-10-27,"The 19th century witnessed a remarkable increase in the production of plays, operas, operettas and concerts, along with lectures, reviews and what would come to be known as “music hall”. As a result, more venues than ever before had to be built to host such events and so enable ever-more numerous audiences to enjoy the shows on offer. Architects’ inventiveness knew no bounds when it came to providing cities with ever larger and more beautiful auditoriums, drawing on a long history reaching back to Antiquity.",https://www.musee-orsay.fr/en/program/whats-on/exhibitions/auditorium-architecture,"Found on the venue's ""past p3"" listing page.",2026-09-30T04:30:27.942Z
orsay,Around the 1900 Olympic Games: sport and ideal,2024-07-13,2024-09-22,"Before becoming a museum in 1986, Orsay train station was built to welcome the 50 million visitors who flocked to the 1900 World’s Fair and the Olympic Games that were being held alongside it, the first to be hosted in Paris. Like the OG, this multidisciplinary exhibition pays heritage to that legacy. The second half of the 19th century saw the emergence of a culture of sport, largely initiated in England and underpinned by moral objectives: “a healthy mind in a healthy body”. The modern Games, as they were conceived by their reviver Pierre de Coubertin, also contributed to the objective of national regeneration through competition, and a “physical renaissance” following France’s defeat in the War of 1870. The classical body and the Greek ideal are models to be found in the arts, including in the many depictions of Hercules, the Olympic Games’ mythical founder. A preserve of the elites and initially only concerning men, the culture of sport democratized at the turn of the century and women appropriated it. On either side of Maurice Denis’ monumental canvas Jeu de Volant (Battledore and Shuttlecock – 1900), works from our collections will be highlighting this newfound enthusiasm: it was in 1900 that a few women were first invited to take part in the Olympic Games.",https://www.musee-orsay.fr/en/program/whats-on/exhibitions/around-1900-olympic-games-sport-and-ideal,"Found on the venue's ""past p3"" listing page.",2026-09-30T04:30:27.942Z
orsay,Paris 1874: Inventing impressionism,2024-03-26,2024-07-14,"150 years ago, on April 15, 1874, the first impressionist exhibition opened in Paris. “Hungry for independence”, Monet, Renoir, Degas, Morisot, Pissarro, Sisley and Cézanne finally decided to free themselves from the rules by holding their own exhibition, outside official channels: impressionism was born. To celebrate this anniversary, Musée d’Orsay is presenting some 130 works and bringing a fresh eye to bear on this key date, regarded as the day that launched the avant-gardes. What exactly happened in Paris in that spring of 1874, and what sense should we make today of an exhibition that has become legendary? “Paris 1874. The Impressionist Moment” seeks to trace the advent of an artistic movement that emerged in a rapidly changing world. “Paris 1874” reviews the circumstances that led these 31 artists (only seven of whom are well-known across the world today) to join forces and exhibit their works together. The period in question had a post-war climate, following two conflicts: the Franco-German War of 1870, and then a violent civil war. In this context of crisis, artists began to rethink their art and explore new directions. A little “clan of rebels” painted scenes of modern life, and landscapes sketched in the open air, in pale hues and with the lightest of touches. As one observer noted, “What they seem above all to be aiming at is an impression”. In “Paris 1874”, a selection of works that featured in the 1874 impressionist exhibition is put into perspective with paintings and sculptures displayed at the official Salon the same year. This unprecedented confrontation will help recreate the visual shock caused by the works exhibited by the impressionists, as well as nuance it by unexpected parallels and overlaps between the first impressionist exhibition and the Salon.",https://www.musee-orsay.fr/en/program/whats-on/exhibitions/paris-1874-inventing-impressionism,"Found on the venue's ""past p3"" listing page.",2026-09-30T04:30:27.942Z
orsay,Hector Guimard and the Genesis of the Metro,2024-03-16,2024-07-14,"Like its Haussman-style façades and the Eiffel Tower, the metro entrances designed by Hector Guimard (1867-1942) are part and parcel of Paris’ image, not just in France itself but well beyond its borders. Musée d'Orsay presents the drawings preparatory to creation of these entrances with their altogether unique aesthetic. After an inconclusive competition held in 1899, the Compagnie Générale du Métropolitain requested Hector Guimard to design the entrances to its future stations. The architect came up with some truly original, almost organic designs. The drawings presented in this exhibition bear remarkable witness to the creation of works that have become emblematic of the capital. Some of them will be exhibited for the first time, following a restoration campaign carried out in 2022-2023.",https://www.musee-orsay.fr/en/program/whats-on/exhibitions/hector-guimard-and-genesis-metro,"Found on the venue's ""past p3"" listing page.",2026-09-30T04:30:27.942Z
orsay,1874 Draw!,2024-03-19,2024-07-14,"In parallel with the exhibition ""Paris 1874, Inventing impressionism"", and on the occasion of the Salon du dessin, the Musée d'Orsay is presenting an anthology of its most beautiful graphic artworks from 1874. In sanguine, charcoal, pastels, or watercolor, on colored paper or drafting film, on cardboard or the page of a notebook, this collection of works shows the new heights the art of drawing had reached in 1874. Preparatory drawings for State commissions to decorate Parisian monuments, sketches for large compositions and easel paintings on display at the Salon, and landscapes from the 'plein air' school jotted down directly from the motif are all testament to the rich variety of artistic creation in 1874. This exhibition reveals graphic masterpieces from Baudry, Puvis de Chavannes, Degas, Manet, and Pissarro, with some more unusual pieces, such as Boudin's charcoal sketches, taking us by surprise, and highlights certain gifted draftsmen who are little known today. While these artists appropriated the drawing techniques and traditions of the old masters, they kept them alive solely in order to reinvent them with novel subjects and innovative materials.",https://www.musee-orsay.fr/en/program/whats-on/exhibitions/1874-draw,"Found on the venue's ""past p3"" listing page.",2026-09-30T04:30:27.942Z
morgan,"Tarot! Renaissance Symbols, Modern Visions",2026-06-26,2026-10-04,"Conceived in two parts, this exhibition explores the origins of tarot in Renaissance Italy and its contemporary relevance as an enduring source of inspiration for twentieth- and twenty-first-century artists. Originally created as a courtly game of skill, tarot was not associated with occult secrets, divination, or the power of fate until centuries later. By the twentieth century, the cards came to serve as a source of inspiration for artists, offering an alternative to the strictures of modernist aesthetics and allowing them to explore other universes and imaginative possibilities. The first part, Renaissance Symbols, focuses on the earliest surviving tarot decks from the fifteenth century, examining the rich court culture from which the cards emerged, the development of the cards’ imagery, and how that imagery became the basis for later divination practices. The impetus for this exhibition was the Morgan’s Visconti-Sforza Tarot cards, the most famous deck to survive from the Renaissance. Tarot! reunites all the figural cards in the Morgan’s collection with those in the collection of Accademia Carrara, Bergamo, Italy, marking the first time the majority of the cards from this important deck will be displayed together in North America. The second part, Modern Visions, traces artists’ engagement with tarot imagery during four distinct historical moments in which the occult assumed greater prominence within the larger culture. This section takes as its starting point the legendary 1909 Rider-Waite-Smith deck conceived by mystic Arthur Edward Waite and illustrated by artist Pamela Colman Smith, tracing the influence of this deck and others on later practitioners and the imagery’s adoption by artists like André Breton, Leonora Carrington, Remedios Varo, Jess, Niki de Saint Phalle, Betye Saar, Kerstin Brätsch, and Chris Ofili. Also included in the exhibition is a video reel that explores Tarot’s sustained presence in cinema and popular culture across several decades of fi",https://www.themorgan.org/exhibitions/tarot,"Found on the venue's ""current"" listing page.",2026-09-30T06:16:21.099Z
morgan,Hujar:Contact,2026-05-22,2026-10-25,"Hujar:Contact offers an unprecedented look into the life, times, and creative evolution of a master photographer. The exhibition features more than 110 contact sheets and 20 enlargements from the Morgan’s Peter Hujar Collection, which includes over 5,700 contact sheets from throughout the artist’s career. Peter Hujar (1934–1987) began filing contact sheets and assigning them job numbers at age twenty-one. His records make it possible to track his development—from two decades as a studio assistant (1955–67), when he pushed himself to try work of every kind, into the late 1960s and his work as a freelancer in fashion, music, and advertising, through his mature period (1974–87) as a fiercely independent and influential artist in the East Village. Many of the contact sheets bear editing marks that indicate ideas about cropping and printing and contextualize the exposures Hujar ultimately decided to enlarge. The intense, interactive quality of his portrait work comes to life in contact sheets that read as intimate pictorial narratives, revealing the nature of his attention and the unique personality of each of his subjects. As Hujar matures and struggles, and as the character of his social world changes from the 1950s through the 1960s, 1970s, and 1980s, his contact sheets tell the nuanced story of a lifetime, a community, and an era.",https://www.themorgan.org/exhibitions/hujar-contact,"Found on the venue's ""current"" listing page.",2026-09-30T06:16:21.099Z
morgan,Friends Who Came to See Me: Drawings from John Ashbery’s Collection,2026-05-01,2026-10-25,"In 2019, the Morgan received a donation of some twenty- five works on paper from the collection of American poet John Ashbery (1927–2017) from his husband, David Kermani. These works form the core of this exhibition devoted to Ashbery and his artist friends. Ashbery, who worked as an art critic for three decades and often found inspiration for his poetry in the visual arts, developed numerous friendships with artists, including James Bishop, Joe Brainard, Jane Freilicher, Jean Hélion, Fairfield Porter, and Larry Rivers. With the exception of two sheets by Constantin Guys from the mid-nineteenth century, the drawings range chronologically from 1945 to 2007, with a concentration of works from the 1960s. Many were gifts to the poet from the artists. The selection includes eight portraits of Ashbery. It also features one of the very first collages that Ashbery created, while a student at Harvard in the late 1940s, signaling his early interest in Surrealism. The display of drawings will be complemented by textual material from the Morgan’s collection, notably books showing Ashbery’s collaboration with artists.",https://www.themorgan.org/exhibitions/ashbery-collection,"Found on the venue's ""current"" listing page.",2026-09-30T06:16:21.099Z
morgan,Rembrandt’s Lions: Art and Exile in the Dutch Republic,2026-10-23,2027-01-31,"Although Rembrandt van Rijn (1606–1669) and his work are now seen as quintessentially Dutch, in his own time, the very definition of ‘Dutch’ identity was still being shaped. This exhibition brings together, for the first time, a remarkable group of drawings, etchings, and paintings to highlight the often overlooked but formative presence of migrants, immigrants, exiles, and refugees in Rembrandt’s world and work. It also foregrounds stories of diaspora that figure prominently in many of his etchings, newly envisioning the impact of migration on seventeenth-century life around the world. In the seventeenth century, up to sixty percent of residents in Amsterdam—where Rembrandt lived and worked—hailed from elsewhere in the world, in part because the Dutch Republic had become a bastion in Continental Europe for religious and political tolerance, though not all people enjoyed equal freedoms, especially in Dutch colonial territories. The lion, a symbol for the fledgling Republic’s people and lands, also appears in Rembrandt’s etchings, often in the context of stories about exile, refuge, and migration. The aim of the artist is thus the aim of this exhibition: to reveal the many ‘lions’ that irrevocably shaped him and the vast, emerging Republic in which they all lived and worked. The best impressions from the Morgan’s collection of celebrated, but rarely exhibited, etchings by Rembrandt will be presented alongside selected loans to create juxtapositions and unities between artworks that are seldom seen together.",https://www.themorgan.org/exhibitions/rembrandts-lions,"Found on the venue's ""upcoming"" listing page.",2026-09-30T06:16:21.099Z
morgan,Fantasy and Reality: The Art of Johan Tobias Sergel,2026-10-30,2027-01-31,"Though little known beyond his native Sweden, sculptor and draftsman Johan Tobias Sergel (1740–1814) was one of the most compelling artistic figures of the late eighteenth century. This exhibition—the first dedicated to Sergel outside Europe—will feature a selection of his drawings alongside sculptural works in terracotta, marble, and plaster. Trained initially in Stockholm, Sergel spent time in Paris and, more importantly, over a decade in Rome, where his associates included a dazzling international circle of artists and patrons. Sergel’s sculpture was an important model for a generation of Neoclassical artists, but the artist’s personality is most evident in the drawings that constitute a virtual diary of his life, often in caricature. An extensive corpus of self-portraits will be joined by scores of surviving sheets that explore his artistic friendships, his relationship with King Gustav III and other figures at the court in Stockholm, and his common-law marriage to Anna Rella Hellström. His late drawings, made when Sergel was in poor health and in a state of depression, have been compared to those of Francisco Goya. Although his career spanned artistic movements from Rococo to Neoclassicism to Romanticism, Sergel also seems at times a modern figure, one whose life can offer a rich story to contemporary audiences.",https://www.themorgan.org/exhibitions/johan-tobias-sergel,"Found on the venue's ""upcoming"" listing page.",2026-09-30T06:16:21.099Z
morgan,Graphic Devotions: Late Medieval European Blockbooks,2026-11-06,2027-05-16,"This exhibition will highlight the short period in European book history (1450–80) when blockbooks competed with hand-written and typographically-printed books as commercial products for readers. Blockbooks, now often referred to as “medieval graphic novels,” were highly illustrated books printed entirely from woodcuts (text and image together). As such, they were the first print-on-demand books in the West. While some works maintained texts and imagery popular from manuscript tradition, block cutters and printers also produced new and innovative texts specifically designed for the medium. Ultimately, the cumbersome production process of woodcut-book printing was surpassed by the greater capabilities of typographic printing that integrated woodcuts, and the blockbook genre had largely died out by 1480. This thirty-year span, however, reveals a critical moment in European book history as the increasing demand for books led to inventions and experimentation in book production. The Morgan holds the largest collection of blockbooks in the United States. A highlight of this exhibition will be the Ars moriendi blockbook, a rare copy printed in the Netherlands about 1467–69. In 2022, the Morgan acquired fifteen leaves of this blockbook that had been held in a private collection. Remarkably, the Morgan already possessed the remaining nine leaves—purchased by J. Pierpont Morgan in 1902. This acquisition reunites the two parts, forming the only known complete copy of this monument to early European printing.",https://www.themorgan.org/exhibitions/blockbooks,"Found on the venue's ""upcoming"" listing page.",2026-09-30T06:16:21.099Z
morgan,Ragtime: Cakewalk in Pianoland,2026-11-13,2027-06-13,"This exhibition introduces a new generation of visitors to ragtime—one of the first truly global popular music styles. Tracing the genre’s evolution from its roots in West African rhythms and European musical traditions to its pivotal role in the emergence of jazz, the exhibition explores ragtime’s vibrant cultural legacy. Through seven thematic sections, it examines the music’s historical foundations, its rise to mainstream popularity, and its crossover into Broadway, film, and popular culture, offering a rich and comprehensive portrait of ragtime’s enduring dynamism and influence. Featuring selections from The John Davis Collection of Early Printed Musical African Americana as the foundation of the exhibition, it will also include works from the Morgan's holdings as well as from a number of private collections. Visitors will encounter the fascinating juxtaposition between two of the genre’s greatest figures, Ernest Hogan (1865–1909), a pioneering Black songwriter who broke boundaries by creating a sound that resonated with the Black working classes, and Scott Joplin (1868–1917), a master of composition who elevated ragtime to a sophisticated art form. Their combined compositional range allowed for both the expression of the Black community’s experiences and aspirations through catchy melodies and relatable narratives, and the opportunity to challenge performative racial stereotypes by offering dignified and accomplished representations of Black Americans.",https://www.themorgan.org/exhibitions/ragtime,"Found on the venue's ""upcoming"" listing page.",2026-09-30T06:16:21.099Z
morgan,William Blake: Paradise Lost,2027-02-26,2027-05-23,"To mark the two hundredth anniversary of the death of visionary artist and poet William Blake (1757–1827), this exhibition will be the first in-depth exploration of Blake’s profound and persistent engagement with England’s canonic poet, John Milton (1608–1674). Milton, who predates Blake by more than a century, was a statesman, polemicist, and author of the biblical epic Paradise Lost. Yet the legacy of his writings and ideas coursed through Blake’s imagination from youth to old age, taking form in visions, poetry, and the astonishing body of watercolor drawings he produced in the second half of his career. This exhibition will reunite Blake’s most significant works inspired by Milton, alongside selections by his contemporaries, including Henri Fuseli and John Flaxman. For the first time in more than a quarter century, visitors will gain unprecedented access to Blake’s rarely seen Miltonic watercolors, illuminated books, and paintings, drawn from renowned American and British collections and the Morgan’s own formidable holdings by Blake and Milton. After 1800, Milton’s poetry rivaled the Bible as Blake’s dominant literary inspiration. Blake’s relationship to the poet and thinker, however, was complex. He confronted and wrestled with Milton’s writings and beliefs. This struggle helped to solidify Blake’s own ideas, yielding his most personal and provocative achievements as a mature artist. Blake’s efforts culminated in his own ambitious epic Milton, a Poem (1804-1811) and the extraordinary sets of watercolor drawings illustrating Milton’s major works: the early lyric poem “On the Morning of Christ’s Nativity” (1629); the companion poems L’Allegro and Il Penseroso (c. 1631); the masque Comus (1634); and the epics Paradise Lost (1667) and Paradise Regained (1671).",https://www.themorgan.org/exhibitions/william-blake,"Found on the venue's ""upcoming"" listing page.",2026-09-30T06:16:21.099Z
morgan,The Declaration of Independence: Rare Americana from the Collection,2026-05-05,2026-09-13,"In honor of the 250th anniversary of the Declaration of Independence, the Morgan Library & Museum presents a select group of important materials relating to the history of the founding of the nation in the rotunda of the historic library. Placed in conversation with each other, this installation of six works provides a snapshot of an incredibly robust area of the Morgan’s collection that speaks to the vitality of the country in its nascence.",https://www.themorgan.org/exhibitions/declaration-of-independence,"Found on the venue's ""past 2025-2026"" listing page.",2026-09-30T06:16:21.099Z
morgan,"Sendak, Mozart, and The Magic Flute",2026-03-17,2026-06-28,"The beloved and acclaimed children’s book author Maurice Sendak (1928–2012) was also an avid opera lover who designed sets and costumes for several productions. In 1978 he was invited by Frank Corsaro to create designs for the Houston Grand Opera’s staging of Wolfgang Amadeus Mozart’s The Magic Flute (1791), which opened two years later.",https://www.themorgan.org/exhibitions/sendak-mozart,"Found on the venue's ""past 2025-2026"" listing page.",2026-09-30T06:16:21.099Z
morgan,Wolfgang Amadeus Mozart: Treasures from the Mozarteum Foundation of Salzburg,2026-03-13,2026-05-31,"In an unprecedented collaboration, the Mozarteum Foundation of Salzburg and the Morgan Library & Museum have partnered to tell the story of the life and career of Wolfgang Amadeus Mozart.",https://www.themorgan.org/exhibitions/mozart,"Found on the venue's ""past 2025-2026"" listing page.",2026-09-30T06:16:21.099Z
morgan,"Come Together: 3,000 Years of Stories and Storytelling",2026-01-30,2026-05-03,"Combining diverse artworks from across the Morgan’s collections and some exceptional loans, Come Together: 3,000 Years of Stories and Storytelling explores how stories shape our world.",https://www.themorgan.org/exhibitions/come-together,"Found on the venue's ""past 2025-2026"" listing page.",2026-09-30T06:16:21.099Z
morgan,"Caravaggio's ""Boy with a Basket of Fruit"" in Focus",2026-01-16,2026-04-19,"This exhibition celebrates the extraordinary loan from the Galleria Borghese in Rome of the painting Boy with a Basket of Fruit, an important early work by Michelangelo Merisi, known as Caravaggio (1571–1610).",https://www.themorgan.org/exhibitions/caravaggio,"Found on the venue's ""past 2025-2026"" listing page.",2026-09-30T06:16:21.099Z
morgan,"Giovanni Bellini's ""Pietà"" Restored and Pietro Perugino’s “Man of Sorrows”",,2026-04-19,"The Morgan is honored to display two Italian Renaissance masterpieces: Giovanni Bellini's Pietà (also known as Dead Christ Supported by Angels, ca. 1470) and Pietro Perugino’s Man of Sorrows (1495). The Pietà by Giovanni Bellini (1424/26–1516), on view in the United States for the first time, is on loan from the Museo della Città in Rimini, Italy, following a comprehensive conservation treatment made possible by Venetian Heritage, Inc. This melancholy and powerful Pietà shows youthful angels contemplating the wounds of Christ’s dead body as they arrange it for veneration. In contrast to other versions of the subject, the angels in this painting do not wail uncontrollably; instead, the work’s poignancy derives from their sad, pensive preparation of Christ’s body. The Man of Sorrows by Pietro Perugino (ca. 1450–1523), on loan from the Galleria Nazionale dell’Umbria, Perugia, also shows Christ within his tomb, with his eyes closed and head bowed, displaying his wounds. The painting, which retains its original frame, was a part of an altarpiece commissioned by the Decemviri, Perugia’s ten ruling magistrates, for their chapel in the town hall. Its display at the Morgan is thanks to the Friends of Umbria, a newly founded American organization supporting the National Museums of Umbria. These exceptional loans are displayed in J. Pierpont Morgan’s Study within the Morgan’s historic library, alongside highlights of Morgan’s own Renaissance collection, including paintings by Hans Memling and Perugino and sculptures by Antonio Rossellino.",https://www.themorgan.org/exhibitions/bellini-perugino,"Found on the venue's ""past 2025-2026"" listing page. Opening date not provided by the venue, even after the exhibition closed. Description read from the exhibition page as saved in your browser on 30 Sept 2026 — the listing shows only a picture caption.",2026-09-30T06:16:21.099Z
morgan,Individuality and Identity: Naming Sitters in French Portrait Drawings,2025-12-16,2026-03-15,"This exhibition explores stories of (mis)identification in drawings by some of nineteenth-century France’s most renowned artists and their followers, including Théodore Chassériau, Charles Damour, Eugène Delacroix, Joseph Ducreux, Jean Auguste Dominique Ingres, and Léon Louis Antoine Riesener, examining portraiture’s powers and limitations in capturing histories, personalities, and identities.",https://www.themorgan.org/exhibitions/individuality-and-identity,"Found on the venue's ""past 2025-2026"" listing page.",2026-09-30T06:16:21.099Z
morgan,Charles Dickens's A Christmas Carol,2025-11-25,2026-01-11,"Every holiday season, the Morgan displays Charles Dickens's original manuscript of A Christmas Carol in J. Pierpont Morgan's Library.",https://www.themorgan.org/exhibitions/charles-dickens-a-christmas-carol,"Found on the venue's ""past 2025-2026"" listing page.",2026-09-30T06:16:21.099Z
morgan,Franz Kafka,2024-11-22,2025-04-13,"When Franz Kafka died of tuberculosis at the age of forty, in 1924, few could have predicted the influence his relatively small body of work would have on every realm of thought and creative endeavor over the course of the twentieth century and into the twenty-first.",https://www.themorgan.org/exhibitions/franz-kafka,"Found on the venue's ""past 2024-2025"" listing page.",2026-09-30T06:16:21.099Z
morgan,Belle da Costa Greene: A Librarian's Legacy,2024-10-25,2025-05-04,"To mark the 2024 centenary of its life as a public institution, the Morgan Library & Museum will present a major exhibition devoted to the life and career of its inaugural director, Belle da Costa Greene (1879–1950).",https://www.themorgan.org/exhibitions/belle-da-costa-greene,"Found on the venue's ""past 2024-2025"" listing page.",2026-09-30T06:16:21.099Z
morgan,Entering the Oil Sketch,2024-08-12,2025-05-11,"Eighteenth- and nineteenth-century landscape artists often sketched outdoors in oil paint on paper to capture nature from direct observation. Yet as natural as these scenes look, the vantages were chosen or augmented to draw the viewer into the composition.",https://www.themorgan.org/exhibitions/entering-oil-sketch,"Found on the venue's ""past 2024-2025"" listing page.",2026-09-30T06:16:21.099Z
morgan,A Social Medium: Collaboration in Photography,,2024-10-01,"One camera, one viewfinder: photography is often understood as a solitary practice. Throughout the medium’s history, however, artists have challenged the notion of one-person authorship.",https://www.themorgan.org/exhibitions/a-social-medium,"Found on the venue's ""past 2023-2024"" listing page. Opening date not provided by the venue, even after the exhibition closed.",2026-09-30T06:16:21.099Z
morgan,Recent Acquisitions in the Clement C. Moore Collection,2024-07-16,2024-09-29,"The exhibition Far and Away: Drawings from the Clement C. Moore Collection, on view upstairs, celebrates the promised gift of works to the Morgan from one of the preeminent private collections of Dutch drawings in America.",https://www.themorgan.org/exhibitions/recent-acquisitions-moore-collection,"Found on the venue's ""past 2023-2024"" listing page.",2026-09-30T06:16:21.099Z
morgan,Crafting the Ballets Russes: The Robert Owen Lehman Collection,2024-06-28,2024-09-22,Robert Owen Lehman’s extraordinary collection of music manuscripts has been an inspiration to scholars and visitors since it was placed on deposit at the Morgan Library & Museum.,https://www.themorgan.org/exhibitions/ballets-russes,"Found on the venue's ""past 2023-2024"" listing page.",2026-09-30T06:16:21.099Z
morgan,Far and Away: Drawings from the Clement C. Moore Collection,2024-06-28,2024-09-22,The drawings assembled by Clement C. (Chips) Moore constitute one of the preeminent collections of Dutch drawings in private hands.,https://www.themorgan.org/exhibitions/far-and-away,"Found on the venue's ""past 2023-2024"" listing page.",2026-09-30T06:16:21.099Z
morgan,Liberty to the Imagination: Drawings from the Eveillard Gift,2024-06-07,2024-10-06,"The Morgan celebrates the 100th year of its founding with a series of exhibitions devoted to promised gifts to the museum, including twenty-eight drawings from the holdings of New York–based collectors Elizabeth and Jean-Marie Eveillard.",https://www.themorgan.org/exhibitions/liberty-to-the-imagination,"Found on the venue's ""past 2023-2024"" listing page.",2026-09-30T06:16:21.099Z
morgan,Recent Acquisitions,2024-04-23,2024-07-07,"The Morgan’s collections continually grow and evolve. This presentation features a selection of drawings newly acquired by the Department of Drawings and Prints, which focuses on work created before 1900.",https://www.themorgan.org/exhibitions/recent-acquisitions,"Found on the venue's ""past 2023-2024"" listing page.",2026-09-30T06:16:21.099Z
morgan,Walton Ford: Birds and Beasts of the Studio,2024-04-12,2024-10-20,American artist Walton Ford (b. 1960) established his reputation in the 1990s with his monumental watercolor paintings of wild animals inspired by true or legendary stories of dramatic encounters between humankind and nature.,https://www.themorgan.org/exhibitions/walton-ford,"Found on the venue's ""past 2023-2024"" listing page.",2026-09-30T06:16:21.099Z
morgan,Capturing Atmosphere: European Nature Studies in Oil,2023-11-14,2024-08-11,"To eighteenth- and nineteenth-century European artists, the ephemeral qualities of weather and light were as integral to their landscape paintings as the terrain itself.",https://www.themorgan.org/exhibitions/capturing-atmosphere,"Found on the venue's ""past 2023-2024"" listing page.",2026-09-30T06:16:21.099Z
morgan,Renoir Drawings,2025-10-17,2026-02-08,"This exhibition explores the ways in which Renoir used paper to test ideas, plan compositions, and interpret both landscape and the human figure.",https://www.themorgan.org/exhibitions/renoir-drawings,"Found on the venue's ""past 2025-2026 p1"" listing page.",2026-09-30T06:16:21.099Z
morgan,Sing a New Song: The Psalms in Medieval Art and Life,2025-09-12,2026-01-04,Sing a New Song traces the impact of the Psalms on men and women in medieval Europe from the sixth to the sixteenth century.,https://www.themorgan.org/exhibitions/sing-a-new-song,"Found on the venue's ""past 2025-2026 p1"" listing page.",2026-09-30T06:16:21.099Z
morgan,Mavericks of Malcontent: Beat Generation Broadsides,2025-08-26,2025-12-14,"In the 1950s the young, provocative writers now known as the Beat Generation emerged onto the American literary scene. Heavily inspired by European Surrealism and the jazz culture of Black America, the Beats were experimental and politically dissident in both their lifestyles and written work.",https://www.themorgan.org/exhibitions/mavericks-of-malcontent,"Found on the venue's ""past 2025-2026 p1"" listing page.",2026-09-30T06:16:21.099Z
morgan,Lisa Yuskavage: Drawings,2025-06-27,2026-01-04,"One of the most original and influential artists of the past three decades, Lisa Yuskavage (American b. 1962) creates works that affirm the integrity of her media (painting, drawing and printmaking) while challenging conventional art historical precedents.",https://www.themorgan.org/exhibitions/lisa-yuskavage,"Found on the venue's ""past 2025-2026 p1"" listing page.",2026-09-30T06:16:21.099Z
morgan,Giuseppe Penone: Arboreal Interventions,2025-06-16,2025-08-24,"As a part of the exhibition A Celebration: Acquisitions in Honor of the Morgan’s Centennial, on view through August 17, this selection highlights a group of drawings gifted to the museum by the artist Giuseppe Penone.",https://www.themorgan.org/node/1465126,"Found on the venue's ""past 2025-2026 p1"" listing page.",2026-09-30T06:16:21.099Z
morgan,A Lively Mind: Jane Austen at 250,2025-06-06,2025-09-14,"A Lively Mind immerses viewers in the inspiring story of Jane Austen’s authorship and her gradual rise to international fame. Iconic artifacts from Jane Austen’s House in Chawton, England join manuscripts, books, and artworks from the Morgan, as well as from a dozen institutional and private collections, to present compelling new perspectives on Austen’s literary achievement, her personal style, and her global legacy.",https://www.themorgan.org/exhibitions/lively-mind-jane-austen-250,"Found on the venue's ""past 2025-2026 p1"" listing page.",2026-09-30T06:16:21.099Z
morgan,Arresting Beauty: Julia Margaret Cameron,2025-05-30,2025-09-14,"“I longed to arrest all beauty that came before me, and at length the longing has been satisfied.” —Julia Margaret Cameron",https://www.themorgan.org/exhibitions/arresting-beauty,"Found on the venue's ""past 2025-2026 p1"" listing page.",2026-09-30T06:16:21.099Z
morgan,Chopin's Newly Discovered Waltz,2025-05-13,2025-09-14,"This previously unknown waltz, written in Chopin’s hand and very likely composed by him, is the first newly identified work by the Polish composer since the 1930s.",https://www.themorgan.org/exhibitions/chopins-waltz,"Found on the venue's ""past 2025-2026 p1"" listing page.",2026-09-30T06:16:21.099Z
morgan,Weathering the Storm,2025-05-13,2026-02-08,"By the early nineteenth century, artists throughout Europe had grown increasingly interested in depicting the weather.",https://www.themorgan.org/exhibitions/weathering-the-storm,"Found on the venue's ""past 2025-2026 p2"" listing page.",2026-09-30T06:16:21.099Z
morgan,A Celebration: Acquisitions in Honor of the Morgan's Centennial,2025-05-09,2025-08-17,"In the century since its founding as a public institution, the Morgan’s collections have grown dramatically, deepening the core assembled by J. Pierpont Morgan and his librarian, Belle da Costa Greene, who became the first Director of the institution.",https://www.themorgan.org/exhibitions/morgans-centennial,"Found on the venue's ""past 2025-2026 p2"" listing page.",2026-09-30T06:16:21.099Z
morgan,Cut and Paste: Reframing Medieval Art,2025-02-04,2025-06-15,"The idea of cutting up a medieval manuscript is almost unthinkable today. Historically, however, this practice was relatively common, and it reached a fever pitch in the late nineteenth and early twentieth centuries.",https://www.themorgan.org/exhibitions/cut-and-paste,"Found on the venue's ""past 2025-2026 p2"" listing page.",2026-09-30T06:16:21.099Z
morgan,The Book of Marvels: Imagining the Medieval World,2025-01-24,2025-05-25,"From the tales of famous travelers like Marco Polo and Alexander the Great to the ancient encyclopedias of Pliny and Isidore, medieval conceptions of the world were often based more on authoritative tradition than direct observation.",https://www.themorgan.org/exhibitions/book-of-marvels,"Found on the venue's ""past 2025-2026 p2"" listing page.",2026-09-30T06:16:21.099Z
moma,Peggy Weil: Core Memory,2026-03-07,2026-10-04,"“The pace of climate change is too slow to apprehend,” says artist Peggy Weil, “and its substances—gases like methane and CO2—are invisible.” A trailblazer of digital art, Weil has recently turned her attention to what she calls Extended Landscapes: portraits of the invisible layers “beneath our feet, above our heads, and back in time.” Her work reveals the planet to be a recording device, inscribing climatic and geological events into polar ice sheets and sedimentary strata. Core Memory brings two of Peggy Weil’s “underscapes” to the immersive 24-foot screen in MoMA’s lobby. From the youngest snow to the oldest ice, 88 Cores descends two miles and 110,000 years through Greenland’s ice sheet, where time is preserved in vertical bands of ice, air, and gas. In 18 Cores, Weil shifts from polar cold to geothermal heat, assembling images of rock cores extracted from California’s Salton Sea between 1985 and 1986. This film reveals a subterranean landscape of shales, siltstones, and sandstones dating to the Pleistocene era. Through these vertical time capsules, Weil makes the physical evidence of environmental shifts perceptible and undeniable.",https://www.moma.org/calendar/exhibitions/5890,"Found on the venue's ""current/upcoming"" listing page. opening date taken from the site's structured data, not its visible page.",2026-09-30T06:37:22.989Z
moma,Sarah Michelson: nowhere,2026-09-15,2026-10-11,"What is dance? Across a career spanning 30 years, Sarah Michelson has tirelessly explored this question. Born in Manchester, England, and based in New York, since the 1990s Michelson has created performances that examine the historical, physical, and intellectual nature of dance. Known for her meticulous choreography, Michelson continuously reimagines the boundaries of contemporary performance; her recent work has incorporated painting, video projection, and sound. “The place where the work will happen is pretty much always my starting point,” says Michelson, who began creating nowhere during a Studio Residency at MoMA in 2024. In this exhibition, she performs alongside a rotating cast of dancers. Treating the Donald and Catherine Marron Family Atrium as her daily workspace, Michelson integrates her dancing, thinking, and being into the life of the Museum. nowhere is a daily dance. It will be on view in the Marron Family Atrium Saturday through Thursday throughout the course of the exhibition. On Fridays during Museum hours, the Atrium will be an open space for dance makers, arts workers, and everyone, hosted by Michelson and guests. Let’s hang out. No advance registration is required.",https://www.moma.org/calendar/exhibitions/5928,"Found on the venue's ""current/upcoming"" listing page. opening date taken from the site's structured data, not its visible page.",2026-09-30T06:37:22.989Z
moma,Pierre Huyghe: UUmwelt,2026-07-01,2026-11-29,"At a time when AI is dramatically changing how we see, what does it mean to visualize a world that’s no longer centered on the human mind? Pierre Huyghe’s immersive, otherworldly works have redefined how art can engage with technology, human consciousness, and the natural environment. UUmwelt, presented on freestanding screens throughout the Abby Aldrich Rockefeller Sculpture Garden, uses machine learning to explore what it might look like if nonhuman entities could reconstruct our thoughts. Working with a team of neuroscientists in Kyoto, Japan, Huyghe asked a human subject to imagine a set of images while an fMRI scanner recorded their brain activity. An artificial neural network then used the data from the scans to generate thousands of visual interpretations of what they might have imagined. Hallucinatory and fragmentary, these indeterminate mental images reveal the neural network’s attempts to interpret and refine the data while conjuring a reality different from our own. The work is activated in real time by the gazes of visitors to the Sculpture Garden (which are detected by a sensor) and data collected from virtual simulations of cancer cell mutations. These inputs determine the creation of new images and their sequencing on the screens, drawing metaphorical connections between the limitless proliferation enabled by algorithmic systems and metastatic growth. The title is a riff on the German scientific term umwelt (environment), referring to the idea that every species perceives the world according to its distinct physical characteristics. The extra “U” complicates this idea, proposing an unstable environment in which the boundaries between human and machine cognition begin to dissolve, producing what Huyghe calls “a collective production of imagination between two kinds of intelligences.” Art becomes an open-ended ecosystem that invites new encounters and exchanges between people, biological systems, and machines.",https://www.moma.org/calendar/exhibitions/5912,"Found on the venue's ""current/upcoming"" listing page. opening date taken from the site's structured data, not its visible page.",2026-09-30T06:37:22.989Z
moma,Architects of Liberation: Modernism in Western Africa,2026-07-05,2027-01-02,"During the unprecedented period of liberation and decolonization across Africa, many dreamed of a continent with a boundless future. Ghana gained independence from British rule in 1957, and in 1960—often called the Year of Africa—17 nations struggling for self-determination achieved political autonomy. This upheaval ushered in a boom in cultural production and experimentation in visual art, dance, and music. Architects of Liberation: Modernism in Western Africa is the first major museum exhibition to examine the role of architecture in shaping this historic change. Newly independent African countries wanted to project—both inward and outward—a forward-looking, progressive, and cosmopolitan self-image, and modern architecture embodied this aspiration. A new architectural identity engaged with the political ideas of Pan-Africanism and Africanization, and was shaped by architects both from the continent and abroad. Architectural drawings, models, and archival images, as well as newly commissioned site-specific photographs and videos, are among the exhibition’s 400 objects. Nearly all are being shown publicly for the first time. Spanning Senegal, Côte d’Ivoire, Ghana, Togo, Benin, Nigeria, and Cameroon, Architects of Liberation is a revealing look at a region reimagining its future.",https://www.moma.org/calendar/exhibitions/5906,"Found on the venue's ""current/upcoming"" listing page. opening date taken from the site's structured data, not its visible page.",2026-09-30T06:37:22.989Z
moma,Odili Donald Odita: Songs from Life,2025-04-08,2027-02-21,"In Odili Donald Odita’s new large-scale commission in MoMA’s lobby, bright colors and abstract patterns create a cascading kaleidoscope. And for the first time in the artist’s unfolding process, music serves as the primary source of inspiration. “Music inspires me to think through problems in my paintings,” Odita has said. Songs from Life was painted over the course of six weeks, with visitors able to see the site-specific work emerging across the walls and columns. Executed with flat acrylic latex paint, the floor-to-ceiling installation provides an immersive experience, with Odita describing its colors as expressions of freedom and change. Each painted section is anchored by a selection of songs that expand on the artist’s conception of MoMA’s lobby as a gathering space for people from different walks of life. “There’s a sort of energy that is communal because of the way music can affect the body,” Odita has said. “That’s how I want to make my paintings work, too.”",https://www.moma.org/calendar/exhibitions/5794,"Found on the venue's ""current/upcoming"" listing page. opening date taken from the site's structured data, not its visible page.",2026-09-30T06:37:22.989Z
moma,Taking Back Our Space: Photographic Perspectives,2026-09-20,2027-05-02,"In 1972, the West German artist Marianne Wex began a visual survey of gendered body language. She picked up her camera and covertly photographed people in her hometown of Hamburg, observing how men and women were socialized to inhabit space differently. She also rephotographed pictures from advertisements, newspapers, magazines, film, television, and art catalogues, pasting the images onto boards organized into categories like “standing arms,” “sitting legs,” “lying down,” and “possessive holds.” For Wex, “these mostly unconscious actions” were “essential parts of our communication.” Presenting a robust selection, the exhibition also brings Wex’s watershed feminist project into dialogue with contemporary artists Nona Faustine, Martine Gutierrez, K8 Hardy, Yuki Kihara, Joiri Minaya, Paulina Olowska, and Wendy Red Star. These contemporary practitioners reappraise the relationship of bodies to public space from Black, queer, and 21st-century feminist perspectives. In this context, the notion of “taking back space” resonates as a reclamation of physical territory, historical narratives, and the ability to represent oneself.",https://www.moma.org/calendar/exhibitions/5678,"Found on the venue's ""current/upcoming"" listing page. opening date taken from the site's structured data, not its visible page.",2026-09-30T06:37:22.989Z
moma,Nilima Sheikh: Fractured Skies,2026-09-27,2027-06-13,"“The artist’s role is to bear witness—to both the past and the present,” says Nilima Sheikh. Over the course of her five-decade career, Sheikh has transformed narrative painting as a new way of engaging with history, highlighting lived experiences, illuminating regional stories, and foregrounding women’s voices. Her research-based art practice draws on a vast array of historical accounts, archival materials, and literary sources. Adapting the traditional scroll format and painting primarily in casein and gum temperas, Sheikh weaves together image, text, and stenciled patterning to create multilayered narratives that unfold as interconnected vignettes. Since the early 2000s, Sheikh has often turned her attention to the Kashmir Valley, the culturally rich and politically complex northernmost region of the Indian subcontinent. Nilima Sheikh: Fractured Skies brings together selections from her series Each Night Put Kashmir in Your Dreams (2003–14) and Home, Land (2023–25) alongside Shahid/Witness (2025–26), a new, site-responsive set of paintings commissioned by the Kiran Nadar Museum of Art, New Delhi. These three major bodies of work trace the depth of Sheikh’s engagement with the region over the past two decades and reflect the broader themes that inform her expansive practice: violence, displacement, loss, and the enduring power of human connection. Born in New Delhi, Sheikh was a member of the generation of artists working and studying in Baroda (now Vadodara) in the late 1960s, who helped shape contemporary art in post-Partition India. Through her visionary painting practice, Sheikh has established herself as one of the most consequential artists working in South Asia today.",https://www.moma.org/calendar/exhibitions/5932,"Found on the venue's ""current/upcoming"" listing page. opening date taken from the site's structured data, not its visible page.",2026-09-30T06:37:22.989Z
moma,Full Disclosure: The Edge of Information Design,2026-09-27,2027-06-13,"We swim in an ocean of data. Every click, weather pattern, border crossing, and blood test is tracked and fed into systems that increasingly inform our daily behaviors. Data, however, is not knowledge. Before it can be put to use, it must first be translated—through design. Full Disclosure explores how contemporary designers act as essential interpreters of this cultural revolution, transforming raw data into visual stories we can understand and use. While the practice of mapping information is as ancient as abstract thought—stretching back to cosmological charts and cave drawings—computer logic, algorithms, machine learning, and artificial intelligence have upended the field of data visualization. Today’s practitioners create dynamic networks and animated narratives, expanding far beyond traditional charts and graphs. At a time when public confidence in big data and institutions has frayed, data visualization deals in trust as much as in truth, rendering design choices and sources ever more vital. Full Disclosure showcases an array of projects, both digital and analog, that encourage close looking and critical examination. Visitors will discover how contemporary information designers distill data to give form to invisible systems, expose hidden structures of power, preserve histories, and capture the intimate nuances of human experience.",https://www.moma.org/calendar/exhibitions/5926,"Found on the venue's ""current/upcoming"" listing page. opening date taken from the site's structured data, not its visible page.",2026-09-30T06:37:22.989Z
moma,It’s Alive! A Century of Animation from the Collection,2026-08-01,2027-08-31,"Since the birth of motion pictures, animation has enchanted audiences. At MoMA, its creative evolution has been celebrated by more than a hundred programs and acquisitions from both independent filmmakers and major studios alike. Drawing from this history and spanning more than 100 years of expression and aesthetics, It’s Alive! shares the work of more than 35 artists and filmmakers who advanced the medium. The exhibition highlights its roots in New York and how the city remained a hub for innovative animation. Felix the Cat, Koko the Clown, Gertie the Dinosaur, and other enduring cartoon icons of the silent era (1890s–1920s) prove how significant character-based animation was to establishing the medium. The hand-drawn practices of their creators—including Otto Messmer, Dave Fleischer, and Winsor McCay—were fundamental to the characters’ appeal. Works from later decades by artists such as Isadore Sparber, Mary Beams, Kathy Rose, Tissa David, and David Ehrlich demonstrate that black-and-white line drawing remained a vital style through the predigital period. The addition of color in the 1930s, and the modernization of animation design led by John Hubley in the 1950s as a response to the classical style of Disney, influenced a number of independent artists in later decades. Jane Aaron, John Canemaker, Faith and Emily Hubley, George Griffin, Candy Kugel, Jeff Scher, and Michael Sporn all called New York home. Balancing projects for Public Television and MTV with personal filmmaking, these animators created bodies of work that became a force in pop culture and resonated worldwide. It’s Alive! is a testament to a rich period of the city’s movie-making history, and to the diversity and delights of animation.",https://www.moma.org/calendar/exhibitions/5920,"Found on the venue's ""current/upcoming"" listing page. closing date taken from the site's structured data, not its visible page.",2026-09-30T06:37:22.989Z
moma,The Surrealist Book: Tomorrow Lives in Mirrors,2026-10-04,2027-01-23,"A book bound with shards of shattered glass. A manifesto enshrined in polished metal. Love poems seamlessly merging with solarized photographs. For artists and writers of the Surrealist movement, the book was a perfect vehicle for subversive experimentation and the promotion of Surrealism’s revolutionary tenets. Working collaboratively to unlock the unconscious, they transformed the bound volume into a provocative new art form, an enchanted portal to the unexpected, the irrational, and the marvelous. The Surrealist Book features the work of Surrealism’s most fascinating figures, including André Breton, Claude Cahun, Salvador Dalí, Paul Éluard, Max Ernst, Toyen, and Unica Zürn. It traces the myriad roles of Surrealist books from their foundational impact in the 1920s, through their convention-defying influence in the 1930s and ’40s, to the persistent presence of a Surrealist sensibility in volumes produced well into the 1950s and ’60s. The exhibition showcases a transformative gift of rare artists’ books from the Helen and Sam Zell Collection, presented for the first time at MoMA. This trove of exquisite objects includes special editions printed on unusual papers or enhanced with supplementary materials, unique maquettes and singular sketchbooks filled with collages and fantastical drawings, sculptural bindings that turn books into hybrid, interactive artworks, and much more. Whether sparking disquiet or delight, books, the Surrealists insisted, “are doors.” Whoever “opens them is immediately thrown into a higher realm.”",https://www.moma.org/calendar/exhibitions/5918,"Found on the venue's ""current/upcoming"" listing page.",2026-09-30T06:37:22.989Z
moma,Jakob Kudsk Steensen: Wetland,2026-10-12,2027-03-07,"Have you ever wondered what once existed under the streets where we stand? Many modern cities were built on top of wetlands. If we look close enough, traces of those lost ecosystems remain. In Berl-Berl, Jakob Kudsk Steensen reimagines Berlin’s forgotten wetlands as a singing, digital swamp. Part of an ongoing body of work, the work takes its title from the Slavic word for “swamp,” the origin of Berlin’s name. It combines ecological research and local folklore and songs—once used as a way of mapping this terrain and documenting its stories—to bring forth a new kind of landscape. Berl-Berl emerged through collaborations with the Museum für Naturkunde Berlin and the musician Arca, rooted in months of fieldwork in Berlin’s remaining wetlands, archival research into Sorbian and Slavic mythology, and studying linguistic history. Steensen introduced a collection of specimens of local rocks, flora, and fauna into the work’s visual and acoustic worlds, while transforming field recordings of swamps into rhythm and song. Translating a living environment into the digital realm, Kudsk Steensen invites visitors to imagine new forms of encounter between human and more-than-human spheres. The work draws on memory, feeling, and imagination to reshape how we relate to the natural world. As the artist has said, “Technology for me, in the sense of being a medium, is a connector.” Built using macro photogrammetry, 3D scanning, and game engine technology, the work unfolds as an ever-changing landscape—an archive of a vanishing world and a speculation about the one still to come.",https://www.moma.org/calendar/exhibitions/5936,"Found on the venue's ""current/upcoming"" listing page.",2026-09-30T06:37:22.989Z
moma,Brancusi: The Artist and His Studio,2026-10-25,2027-02-27,"“Why, it is my studio,” Constantin Brancusi exclaimed when he first glimpsed New York City’s skyline in 1926. “All these blocks, all these shapes to be shifted and juggled with, as the experiment grows and changes.” Brancusi’s actual studio, on impasse Ronsin in Paris, was where he lived, worked, entertained friends and clients, and displayed his sculptures. There, he created some of his most groundbreaking works, which blurred traditional boundaries between pedestal and object, movement and stillness, originality and variation. Among them was Bird in Space, notoriously declared by a US customs agent to be inadmissible as a work of art. Over four decades, Brancusi’s Paris studio evolved from an active space of experimentation to an all-encompassing environment—a work of art in itself. Wanting to preserve the unity of the studio, Brancusi bequeathed its entire contents to France in 1957, transforming a home, workshop, and exhibition site into an enduring monument. Known today as the Atelier Brancusi, it is a cherished part of Centre Pompidou’s collection in Paris—and, like that museum, it is currently closed for renovations. For the first time in decades, rarely lent sculptures will travel to New York, along with a rich selection of Brancusi’s photographs, films, hand-carved furniture and pedestals, tools, and archival materials. This large-scale exhibition brings these works into dialogue with MoMA’s celebrated Brancusi collection and several important local loans. Together, they shed new light on Brancusi’s sculptures while revealing his studio as a place of work, play, and invention, offering an intimate, complex portrait of an artist who redefined sculpture in the 20th century through the radical simplicity of his forms.",https://www.moma.org/calendar/exhibitions/5910,"Found on the venue's ""current/upcoming"" listing page.",2026-09-30T06:37:22.989Z
moma,Na Mira: NO SMOKING,2026-11-14,2027-02-15,"Drawing on ritual practices of Korean shamanism and on media histories rooted in structural filmmaking, Na Mira explores language, memory, and image-making systems. Mira’s sculptural and site-responsive installations are made with radio frequencies, infrared heat, and holography, which ground the artist’s reflections on the borders of body and state. “I work with what is hard to see,” the artist has noted. “My research reckons with military landscapes, diasporic time and thresholds of consciousness. Operating through negation—not film, not video, not performance, not text—tuning into the materiality of the signal and the animism of transmission.” For Mira’s first solo museum exhibition in New York, the artist is developing a newly commissioned media installation. To produce this new work, Mira records footage at sites of personal and historical significance through a creative process that embraces chance and desire, resulting in phantasmagoric projections presented across the Kravis Studio. Mira’s approach aims to rupture the fidelity of the image on which soft power, propaganda, and other forms of statecraft often rely. NO SMOKING engages spaces at the edges of perception where optics shatter, multiply, and disappear in plain sight.",https://www.moma.org/calendar/exhibitions/5869,"Found on the venue's ""current/upcoming"" listing page.",2026-09-30T06:37:22.989Z
moma,Mondrian Boogie Woogie,2027-03-21,2027-07-31,"On October 3, 1940, the Dutch artist Piet Mondrian sailed into New York Harbor aboard the RMS Samaria. It had been a harrowing passage across the Atlantic as the 66-year-old painter escaped the chaos of World War II. That same night, Mondrian’s friend, the artist Harry Holtzman, played him several boogie woogie records—a percussive strain of blues piano that had recently taken New York by storm. First played by Black musicians in the American South in the 1800s, boogie woogie traveled with the Great Migration as millions of African Americans fled racial violence for opportunities in the northern cities. Mondrian soon encountered this music performed live at Café Society, New York’s first integrated nightclub, where Albert Ammons, Meade “Lux” Lewis, and Pete Johnson—three of the genre’s leading pianists—were in residence. For Mondrian, the improvisational dynamism of this music unleashed a period of extraordinary exploration. It prompted him to revise works he had completed in Europe, to experiment with colored tape, and to liberate his compositions from the stability of the grid, giving them a new syncopated structure that made them, in the artist’s words, “more boogie woogie.” This body of work culminated in his final two paintings, which have become beloved icons: Broadway Boogie Woogie (1942–43) and Victory Boogie Woogie (1942–44), reunited for this exhibition after 30 years. Mondrian Boogie Woogie is the first major survey of the artist’s work from his final years in New York City (1940–44). It explores two intersecting stories: Mondrian’s journey to Manhattan as a European refugee and boogie woogie’s northward migration. Featuring 30 artworks, an array of archival materials, and immersive audio experiences in the galleries, the exhibition is accompanied by a program of live musical performances.",https://www.moma.org/calendar/exhibitions/5916,"Found on the venue's ""current/upcoming"" listing page.",2026-09-30T06:37:22.989Z
