venue_code,title,start_date,end_date,summary,url,notes
met,Musical Bodies,2026-06-07,2026-09-27,"From clapping hands and tapping feet to beatboxing and whistling, the human body is a musical instrument. Musical instruments, in turn, often draw their form and decoration from our bodies. Around the world and across time, instruments emerge as powerful vehicles that represent our voices, actions, and identity not only in music but throughout the visual arts, literature, religion, pop culture, and mythology. Musical Bodies is the first major exhibition to explore the relationship between musical instruments and the body by bringing together some 130 instruments, paintings, sculptures, drawings, and more to illuminate how we express who we are, what we value, and what we believe. With works from The Met collection and institutions and collectors around the world, the exhibition explores 4,000 years of art and music history, from ancient Egyptian rattles and musical masterpieces by Titian and Degas to instrument-inspired apparel and one of Prince’s most notable guitars. Musical Bodies will resonate with visitors of all ages, whether you are a musician, a devoted listener, or simply curious about human expression. The exhibition is made possible by Barbara Tober, the Diane W. and James E. Burke Fund, the William Randolph Hearst Foundation, and the Gail and Parker Gilbert Fund. Additional support is provided by Anonymous, The Dancing Tides Foundation, the Vanguard Council, and The Augustine Foundation in memory of Rose Augustine.",https://www.metmuseum.org/exhibitions/musical-bodies,"Found on the venue's ""current/upcoming"" listing page. opening and closing date taken from the site's structured data, not its visible page."
met,Costume Art,2026-05-10,2027-01-10,"The Costume Institute’s spring 2026 exhibition explores depictions of the dressed body across The Met’s vast collection, pairing garments with artworks to reveal the inherent relationship between clothing and the body. Focusing primarily on Western art from prehistory to the present, Costume Art presents connections between garments from The Costume Institute and objects from the Museum’s other collecting areas. Pairings between fashions and artworks will present a spectrum of connections and experiences: from the formal to the conceptual, the aesthetic to the political, the individual to the universal, the illustrative to the symbolic, and the playful to the profound. These pairings are organized into a series of thematic body types that reflect their pervasiveness and endurance through time and cultures. Costume Art is the inaugural exhibition in the new, nearly 12,000-square-foot galleries adjacent to the Great Hall. This space will display The Costume Institute’s annual spring show and, at times, shows from the Museum’s other curatorial departments, including those that explore the intersection of fashion and art. To access a large-print version of the exhibition text, click here",https://www.metmuseum.org/exhibitions/costume-art,"Found on the venue's ""current/upcoming"" listing page. opening date taken from the site's structured data, not its visible page."
met,Orientalism: Between Fact and Fantasy,2026-06-12,2027-02-28,"The word Orient is derived from the Latin Oriens, which means the direction of the rising sun—the east. Orientalism: Between Fact and Fantasy explores notions of “the East” in the 19th century, when globalism, shaped by colonialism and imperialism, fueled unprecedented encounters, connections, and exchanges in Europe and the Middle East. “Hard power” mingled with “soft power,” as accelerated travel, rapid technological change, and shifting geopolitics hastened artistic exchange between distant regions and different cultures. Beginning with Napoleon’s conquest of Egypt in 1798 and culminating in the paintings of Ottoman renaissance man Osman Hamdi Bey, this exhibition tells the story of how Islamic works of art made their way to European dealers, collectors, international expositions, and museums, introducing a new visual language to artists, architects, and designers. Deep admiration for the sophisticated techniques and visual language of Islamic art led Owen Jones and other influential figures to transform architecture and design in Europe and America. Artists such as Jean Auguste Dominique Ingres, Eugène Delacroix, and Jean-Léon Gérôme visited lands and people across the Mediterranean or imagined them from afar. They sometimes depicted what they saw and at other times conjured distant places through memory and imagination, often using Islamic objects to stage their paintings. Orientalism: Between Fact and Fantasy is the first exhibition at The Met to explore Orientalism as its central focus, presenting not only easel paintings but also drawings, photographs, illustrated books, architecture, arms and armor, textiles, garments, glassware, ceramics, and metalwork. Highlighting The Met collection, it features approximately 180 objects from 12 Met departments along with rarely seen loans from the U.S. and abroad. Displayed across four galleries that straddle the departments of European Paintings and Islamic Art, the presentation invites visitors to approach the exhibit",https://www.metmuseum.org/exhibitions/orientalism-between-fact-and-fantasy,"Found on the venue's ""current/upcoming"" listing page. opening date taken from the site's structured data, not its visible page."
met,The Face of Life: Modern Portraits at The Met,2026-05-18,,"A portrait is a representation of a person, but what exactly does it represent? Traditionally, sitters have used such images to project their power and place in society, but portraiture has evolved with time, alongside the growing concept of identity. Artists, too, bring their own interests to their subjects. In the 20th century, their works often reflected avant-garde styles and ideas, the rise and popularization of photography, the impact of such new scientific fields as psychology, and the increased pace of industrialization. American artist Alice Neel poignantly recognized the special place of portraits and the urge to document people “in the face of life that comes crashing about you.” The Face of Life: Modern Portraits at The Met considers this human drive within the larger history of the last century. Modernism developed amid great political, social, economic, and technological change, and the genre of portraiture expanded alongside it to grapple with these challenges. The selections of works communicate the lived experiences of their subjects in myriad ways, whether or not a figure is even depicted. Less focused on commemoration or conveying power, these portraits satisfy the human need to communicate with a viewer, represent experience, and document a moment of life. This exhibition examines the language of portraiture from about 1900 to the 1960s through nearly 80 works from The Met collection by artists including Leonora Carrington, Elizabeth Catlett, Marsden Hartley, Yasuo Kuniyoshi, René Magritte, Henri Matisse, Joan Miró, Alice Neel, Pablo Picasso, Florine Stettheimer, and others. As the Museum prepares for the opening in 2030 of the new Oscar L. Tang and H.M. Agnes Hsu-Tang Wing for Modern and Contemporary Art, this installation of modern paintings, sculpture, and design objects offers a chance to revisit highlights and discover recent acquisitions by Wifredo Lam, Francis Picabia, and Laura Wheeler Waring that connect across history and the larger Met",https://www.metmuseum.org/exhibitions/the-face-of-life-modern-portraits-at-the-met,"Found on the venue's ""current/upcoming"" listing page. opening date taken from the site's structured data, not its visible page. No closing date found anywhere on the venue's pages."
met,A King’s Carpet: Louis XIV and the Savonnerie,2026-09-08,2028-03-05,"In 1668, King Louis XIV of France commissioned the Paris-based Savonnerie manufactory to create the largest carpet ever woven. Composed of 92 individual pieces, the carpet was intended to cover the full span of the Grande Galerie of the Louvre, measuring 440 meters, six times the length of the Hall of Mirrors at Versailles. Not only was it a bold and unprecedented undertaking, but a unique chapter in the history of art. The first ever exhibition about the Savonnerie in the United States, A King’s Carpet sheds new light on The Met’s three carpets made as part of this ambitious scheme. Held in the iconic Wrightsman Galleries, it will explore the tumultuous history of these Baroque masterpieces from their conception and the harsh realities of their production to their dispersal after the French Revolution. A project of unheard-of scale, the weaving of the 92 carpets necessitated the establishment of massive workshops and an expendable workforce of orphans and adolescents with sharp eyesight and nimble fingers. Woven over 20 years, the carpets were never rolled out in the space for which they were intended, Louis XIV having turned his attention away from the Louvre to Versailles. During the Revolution, many were stripped of their royal emblems or sold, some eventually finding new homes with prominent American collectors such as J. P. Morgan and Alva Vanderbilt. This exhibition will present four complete carpets along with a selection of fragments, attesting to the scheme’s segmentation and dispersal. In addition, visitors will be able to observe textile conservators at work in an in-gallery temporary conservation studio as they repair and strengthen one of these monumental textiles.",https://www.metmuseum.org/exhibitions/a-kings-carpet-louis-xiv-and-the-savonnerie,"Found on the venue's ""current/upcoming"" listing page. opening date taken from the site's structured data, not its visible page."
met,"Futurism, Constructivism, and Dada in Georgia, 1917–1928",2026-08-13,2026-10-27,"This exhibition highlights modernist and avant-garde artist publications and collaborations created in the country of Georgia between 1917 and 1928. Under Russian rule from the early 19th century until the collapse of the Russian Empire in 1917, Georgia enjoyed a brief period as an independent, democratic republic from 1918 to 1921. During this time, the Georgian city of Tiflis (renamed Tbilisi in 1936) was a convening point for artists and writers from a wide range of backgrounds, nationalities, ethnicities, and artistic tendencies. Art and literary cafes flourished, providing supportive environments for avant-garde poetry recitations, lectures, performances, and exhibitions. This exhibition offers an introduction to the distinctive styles and movements that developed in Tiflis during this period and their manifestations in print, revealing a history of modernist art beyond Western Europe. Featured publications show references to Cubism, Futurism, Expressionism, Constructivism, and Dada, fused with elements of regional culture, folklore, and medieval art. The objects on display will be available for consultation in our Reading Room by appointment at the conclusion of the exhibition. For information about using the library and current library hours, please visit here.",https://www.metmuseum.org/exhibitions/futurism-constructivism-and-dada-in-georgia-1917-1928,"Found on the venue's ""current/upcoming"" listing page. opening and closing date taken from the site's structured data, not its visible page."
met,Independence and Identity: Selections from the Department of Drawings and Prints,2026-05-14,2026-09-29,"The Department of Drawings and Prints boasts more than one million drawings, prints, and illustrated books made in Europe and the Americas from around 1400 to the present day. Because of their number and sensitivity to light, the works can only be exhibited for a limited period. To highlight the vast range of works on paper, the department organizes four rotations a year in the Robert Wood Johnson, Jr. Gallery. Each installation is the product of a collaboration among curators and consists of up to 100 objects grouped by artist, technique, style, period, or subject. Independence and Identity brings together works that explore ideas and ideals of autonomy—creative, social, and political. A special section of the installation, for example, explores the visual culture of the American Revolution. Planned in connection with an exhibition on view in The Met’s American Wing through August 2, the selection of prints presented here focuses on the role of New York within the broader struggle for nationhood. Questions of artistic freedom come into play in a section dedicated to the stylistic and technical innovations of Edgar Degas, Mary Cassatt, Camille Pissarro, and other late nineteenth-century printmakers. Bold prints by WPA artist Joseph Vogel, meanwhile, attend to various definitions of autonomy through meditations on physical and conceptual experiences of vision and blindness, ability and disability. Elsewhere in the gallery, images of architectural icons, including Roy Liechtenstein’s spectacular Cathedral series, point to our enduring fascination with and complex relationship to age-old monuments—repositories for collective and individual histories and aspirations. Finally, works by artists ranging from Vincent van Gogh to Elizabeth Catlett reveal the persistence of rural labor as a pictorial subject, whether celebrating communion with the land, calling for sympathy and reform, or affirming urban viewers’ own social identities.",https://www.metmuseum.org/exhibitions/independence-and-identity-selections-from-the-department-of-drawings-and-prints,"Found on the venue's ""current/upcoming"" listing page. opening and closing date taken from the site's structured data, not its visible page."
met,Rediscovering Della Robbia at The Met,2026-08-10,2028-01-17,"Renaissance sculpture in Florence was forever changed around 1440 when Luca della Robbia created a secret formula for making glazed terracotta reliefs and statuary. Luca and his heirs, Andrea and Giovanni, daringly perfected these techniques. Over the next century, the family workshop transformed local clay and colored glazes into peerless sculptures that gleamed with light. Praised during the Renaissance as “almost eternal,” today Della Robbia sculptures are often as vibrantly luminous as when they emerged from the kiln five hundred years ago. The Met has the largest, most significant collection of Della Robbia glazed terracottas in America. Most have remained in storage for decades. For the first time, Rediscovering Della Robbia at The Met features in a single gallery 12 of the Museum’s masterworks by three generations of the Della Robbia family. Rescued from storage, revived through conservation, and reattributed through fresh research, these sculptures are shown with two important loans from a private collector. Another two works are exciting sculptures by Giovanni della Robbia from the Dick Wolf Collection that complement existing works in the Museum’s collection—one is a promised gift and the other, the Mystic Mandorla lunette, recently was gifted to the Museum. Together, the exhibited sculptures span monumental reliefs composed of many interlocking pieces to small statuettes, signaling the scope of the Della Robbias’ art. Collaboration within the Della Robbia workshop fostered innovation. Rediscovering Della Robbia at The Met itself results from a collaborative exchange among curators, conservators, and digital specialists. Highlights include the exhibition’s centerpiece featuring 33 newly conserved interlocking pieces of a 10-foot-tall altarpiece that has been off view for 70 years. These are shown alongside a large, animated virtual reconstruction that uses 3D-scanning technology to suggest how the entire altar originally was assembled. Rediscovering Della",https://www.metmuseum.org/exhibitions/rediscovering-della-robbia-at-the-met,"Found on the venue's ""current/upcoming"" listing page. opening date taken from the site's structured data, not its visible page."
met,Cottage Industry: The Val-Kill Furniture Shop,2026-07-18,2027-05-09,"Established in 1926 by first lady Eleanor Roosevelt and fellow activists Nancy Cook and her life partner, Marion Dickerman, along with Caroline O’Day, the furniture manufacturing venture known as Val-Kill Industries revived historical furniture traditions and drew crucial inspiration from The Met’s early American holdings. In honor of the 100th anniversary of Val-Kill's founding, Cottage Industry: The Val-Kill Furniture Shop celebrates this groundbreaking enterprise, which was led by women and shaped by immigrant and rural craftspeople. Featuring loans from the Eleanor Roosevelt National Historic Site as well as the Franklin D. Roosevelt Presidential Library and Museum, the exhibition offers a fresh perspective on the American Wing's historic collections while highlighting the enduring connections between craft, design, and social reform. Bringing together over 30 works, Cottage Industry features rare examples of Val-Kill furniture alongside conceptual designs and templates that illuminate the workshop's creative process and collaborative spirit. Highlights include finely crafted desks, tables, and chairs from Eleanor Roosevelt’s home in Hyde Park. In addition, the exhibition considers complementary Arts and Crafts furniture by Gustav Stickley and the Byrdcliffe Colony as well as reflects on Val-Kill's legacy through Depression-era prints, painting, and sculpture. Presented alongside historical furniture from The Met's American Wing, these works reveal how the Museum's collections inspired Val-Kill's designs while offering visitors a closer look at the artistry, craftsmanship, and progressive ideals that defined this pioneering workshop. The exhibition is made possible by the Richard Hampton Jenrette Americana Fund.",https://www.metmuseum.org/exhibitions/cottage-industry-the-val-kill-furniture-shop,"Found on the venue's ""current/upcoming"" listing page. opening date taken from the site's structured data, not its visible page."
met,City of Memory: Nanjing in the Seventeenth Century,2026-06-27,2027-01-03,"Throughout Chinese history, the city of Nanjing served as the capital of multiple dynasties. Each time a dynasty was overthrown, it left behind another layer of cultural memory, creating an atmosphere in which artists found themselves surrounded by the past. Material traces of history—temples, city walls, ancient trees—blended with less tangible remains, such as views that had inspired famous artists and poetic verses they had written. In 1644, the Ming dynasty was violently overthrown, and the Qing took its place. A new layer of reminiscence was added, sparking feelings of loss and nostalgia, as the people of Nanjing saw their world shattered and another dynasty—their own—consigned to the realm of history. City of Memory: Nanjing in the Seventeenth Century explores how artists lived and worked in this charged environment in the decades before and after the fall of the Ming dynasty. Through a selection of about 100 objects, mostly from The Met collection, the exhibition illuminates both the city’s lore and complex history as well as the evolution of Nanjing painting from the 1640s to the 1680s, introducing key figures, genres, and styles. Artworks donated to The Met by Julia and John Curtis have inspired and enriched this exhibition.",https://www.metmuseum.org/exhibitions/city-of-memory-nanjing-in-the-17th-century,"Found on the venue's ""current/upcoming"" listing page. opening date taken from the site's structured data, not its visible page."
met,P. S. Art 2026: Celebrating the Creative Spirit of New York City Kids,2026-06-09,2026-10-26,"P. S. Art is an annual celebration of the creativity, talent, and artistic achievement of New York City Public Schools students and their dedicated art teachers. This year marks the 24th anniversary of P. S. Art, and the 19th year this juried exhibition has been presented at The Metropolitan Museum of Art. The exhibition features 125 exceptional works selected from nearly 1,000 submissions by students in prekindergarten through grade 12. The works on view—including collages, drawings, mixed-media pieces, paintings, photographs, prints, and sculptures—represent student artists from all five boroughs of New York City, as well as District 75, the citywide district serving students with disabilities. Each artwork reflects meaningful student engagement and decision making, imaginative use of materials, careful observation, and a growing understanding of artistic processes. Together, these works illuminate the ideas, questions, and discoveries that shape students’ artistic journeys from early childhood through young adulthood. Dedicated and supportive art educators play an essential role in fostering student creativity and contributing to students’ social and emotional growth. Through encouragement and thoughtful instruction, art teachers challenge students to observe the world around them and express their understanding through artistic practice. As students continue their arts education year after year, they deepen their knowledge of artistic concepts, strengthen technical skills, and develop the imagination and confidence needed to communicate their unique perspectives. Sustained, high-quality arts education is vital to ensuring that all students have opportunities to grow and thrive creatively. New York City Public Schools and the NYCPS Arts Office gratefully acknowledge Studio in a School and The Met for their valued partnership. Special thanks to Studio in a School for its sponsorship and coordination of P. S. Art 2026. NYCPS and the Arts Office also extend sincere",https://www.metmuseum.org/exhibitions/p-s-art-2026-celebrating-the-creative-spirit-of-new-york-city-kids,"Found on the venue's ""current/upcoming"" listing page. opening and closing date taken from the site's structured data, not its visible page."
met,Flip Sides: Seeing Korean Art Anew,2026-03-16,2027-05-31,"Most objects are displayed to show their “best” angle meant to impress, sometimes hiding intriguing details. Flip Sides: Seeing Korean Art Anew invites close looking and offers multiple views of the inside, reverse, or hard-to-see aspects of objects. Bringing together approximately 50 objects from The Met collection, with more than half displayed for the first time, this exhibition, with a rotation, shows treasured Korean traditions. By presenting them in ways that give us a fuller picture into each object’s unique form, Flip Sides provides insight into the construction and function of works in metal, wood, ceramic, textiles, and lacquer. A Buddhist sculpture that held offerings inside, a porcelain jar of striking openwork that conceals an inner chamber, a bronze mirror with a delicately incised image, and a king’s lacquer letter box with linings featuring impressive calligraphy are among the featured objects in Flip Sides. During the exhibition, a selection of artworks will come off view and be replaced by new works: Rotation 1: March 16–October 18, 2026 Rotation 2: October 31, 2026–May 31, 2027 The exhibition is made possible by The Kun-Hee Lee Fund for Korean Art.",https://www.metmuseum.org/exhibitions/flip-sides-seeing-korean-art-anew,"Found on the venue's ""current/upcoming"" listing page. opening date taken from the site's structured data, not its visible page."
met,Celebrating the Year of the Horse,2026-02-07,2027-01-26,"The traditional East Asian lunar calendar marks time through a twelve-year cycle, each year represented by the animals of the Chinese zodiac: rat, ox, tiger, rabbit, dragon, snake, horse, ram, monkey, rooster, dog, and pig. First associated with the Chinese calendar in the third century BCE and firmly established by the first century CE, these symbolic creatures are believed to embody certain traits that are manifested in the personalities of people born in that animal’s year. February 17, 2026, marks the beginning of the Year of the Horse, a creature symbolizing power, strength, and vitality. Celebrating the Year of the Horse brings together works from The Met collection to explore the horse’s enduring nature and vital place in Chinese civilization. Domesticated in prehistoric times, this animal has shaped nearly every facet of life—from agriculture and transportation to trade, warfare, sport, and entertainment. In ancient China, horse-drawn chariots transported military commanders and the social elite, while in the Tang dynasty (618–907), tall and robust horses came to embody the strength of the state and cosmopolitan spirit of the empire. In Chinese popular culture, horses are among the most celebrated animals, and in the spiritual realm they serve as noble mounts for divine guardians believed to bring joy, protection, and prosperity to the household. This presentation, featuring a range of expressive works in ceramics, glass, jade, and metal, and woodblock prints, illuminates these roles while celebrating the horse’s power, vitality, and spirit.",https://www.metmuseum.org/exhibitions/celebrating-the-year-of-the-horse,"Found on the venue's ""current/upcoming"" listing page. opening date taken from the site's structured data, not its visible page."
met,"Household Gods: Hindu Devotional Prints, 1860–1930",2026-01-24,2027-06-27,"In Hinduism, the act of darshan, or “seeing god,” is central to worship. This intimate exchange between deity and devotee traditionally takes place in the temple. But within each home is also a shrine, dedicated to that householder’s chosen deity. The need to display an image of the divine in the home was traditionally fulfilled by small icons made of clay or metal. In the mid-19th century, new technologies were introduced into India, first photography and then the chromolithographic press. The latter permitted the production of inexpensive prints of the Hindu gods for mass consumption. These proved immensely popular and for the first time in India, even the humblest home could afford a colorful icon of their chosen god to display in the household shrine. Household Gods: Hindu Devotional Prints, 1860–1930 presents the first encyclopedic exhibition of these chromolithographic prints from the pioneering studio presses of Calcutta (Kolkata), Poona (Pune), and Bombay (Mumbai). These mass-produced prints became a powerful means of expressing Indian religious identity at a time when the country was experiencing the first stirrings of the Independence movement. Featuring approximately 120 works, shown in four rotations, from The Met’s collection of chromolithographic prints, along with paintings and portable triptych shrines, Household Gods provides a unique window on the vibrant tradition of Indian devotional imagery on the cusp of modernity. During the exhibition, a selection of artworks will come off view and be replaced by new works: Rotation 1: January 24–May 25, 2026 Rotation 2: May 30–October 11, 2026 Rotation 3: October 17, 2026–February 21, 2027 Rotation 4: February 27–June 27, 2027",https://www.metmuseum.org/exhibitions/household-gods-hindu-devotional-prints-1860-1930,"Found on the venue's ""current/upcoming"" listing page. opening date taken from the site's structured data, not its visible page."
met,The Infinite Artistry of Japanese Ceramics,2026-01-19,2027-08-08,"From the earliest hand-built figurines rooted in spiritual beliefs to the vibrant works that define today’s contemporary ceramic art scene, Japanese pottery reflects exceptional creativity and a refined sense of beauty. Its distinctiveness arises from the ingenuity and mastery of the potters, as well as the wide range of wares that have long supported daily life. This exhibition explores Japan’s extensive and rich history of ceramic art through approximately 350 extraordinary works presented in themes that offer fresh perspectives on the diverse forms and functions, from everyday tableware to vessels created for tea masters and elite households to modern sculptural compositions. Japan’s earliest pottery dates back more than 12,000 years, when makers shaped and fired clay vessels for cooking and storage—objects that bear the traces of these early potters’ hands. Expertise transmitted from China and Korea in medieval times facilitated the development of new Japanese techniques and wares. Over time, the reverence for prized ceramics led to finding beauty even through damage. Japanese artisans developed kintsugi, the art of repairing broken ceramics with gold lacquer, restoring the damaged object’s function while making it even more precious and valuable. Japanese cuisine and dining aesthetics inspired vessels designed to harmonize with the color and texture of food. Many porcelains from the Edo period (1615–1868) are embellished with motifs drawn from the natural world or symbols of happiness, longevity, and good fortune. Featuring refined ceramics and other artworks from the Museum’s Harry G. C. Packard Collection, this exhibition celebrates the 50th anniversary of this landmark acquisition that established the foundation of The Met’s Japanese art holdings. By placing ceramics in dialogue with related art forms—including lacquers, textiles, paintings, and woodblock prints—the display inspires curiosity about the multiverse of Japanese ceramics and its broader cultural",https://www.metmuseum.org/exhibitions/the-infinite-artistry-of-japanese-ceramics,"Found on the venue's ""current/upcoming"" listing page. opening date taken from the site's structured data, not its visible page."
met,Ecologies of Painting,2026-01-01,2027-01-17,"This special installation, which features some of The Met’s most iconic European paintings, examines how human and nonhuman histories are fundamentally intertwined—and how this fact has been understood over time. Discover how artists such as Pieter Bruegel the Elder and Nicolas Poussin explored humanity’s complex relationship with nature. The paintings on view reveal that people cannot exist outside of natural ecosystems but are profoundly interdependent with the rest of the natural world. Dating from around 1525 to 1775, these paintings trace a shift in European representations of nature from expressions of embeddedness toward assertions of dominance, showing how our conceptions of nature are themselves not “natural” but instead are culturally constructed. The artists’ depictions shape viewers’ experiences of the environments they portray. Overlapping themes include ancient myths that personify natural forces; the relationship between art and science through direct observation of nature; and idealizations of agricultural labor that upheld class, gender, and colonial power structures. As physical objects, paintings alter natural resources like flax, wood, and rare minerals; in turn, these materials continue to have lives of their own. This special installation is made possible by the Sherman Fairchild Foundation.",https://www.metmuseum.org/exhibitions/ecologies-of-painting,"Found on the venue's ""current/upcoming"" listing page. opening date taken from the site's structured data, not its visible page."
met,Afterlives: Contemporary Art in the Byzantine Crypt,2024-01-29,2027-01-10,"Artists and artisans have been intrigued and inspired by the topic of death and visions of life thereafter for millennia. Afterlives: Contemporary Art in the Byzantine Crypt brings together modern-day works that reckon with death and visualize the afterlife and Byzantine Egyptian funerary art and artifacts in part of the Mary and Michael Jaharis Galleries known as the Byzantine Crypt (Gallery 302). The intimate and enchanting gallery with exposed brick walls and arched portals was unveiled in the year 2000 after a renovation that reclaimed the space beneath the Museum’s Grand Staircase. In this transhistorical presentation, the Byzantine Crypt’s religious and secular jewelry, textiles, ivory objects, vessels, and architectural sculpture from Early Christian and Coptic monastic sites are complemented and enriched by contemporary sculptures, works on paper, and installations from the 1960s to present day that similarly serve as memorials, reliquaries, and tokens to ward off evil. As part of the exhibition, Adrian Piper’s editioned work Everything #4 invites viewers to contemplate its otherworldly statement and their reflection in a variety of contexts. It will be installed in the heart of the Byzantine Crypt and five other spaces across The Met Fifth Avenue and The Met Cloisters, listed below. The exhibition is made possible by The Jaharis Family Foundation.",https://www.metmuseum.org/exhibitions/afterlives-contemporary-art-in-the-byzantine-crypt,"Found on the venue's ""current/upcoming"" listing page. opening date taken from the site's structured data, not its visible page."
met,"Decorative Arts in China, 1000 to the Present",2026-07-25,2026-07-25,"Uncover the overlooked essence of decorative arts in China. This exhibition highlights the superb aesthetic achievement and deep cultural significance of so-called “decorative arts.” Departing from the usual presentation style that focuses on the material or dates of objects, this cross-medium display explores evolving tastes across different social strata, reflects artistic virtuosity, and deepens our understanding of Chinese cultural traditions. Decorative Arts in China, 1000 to the Present features over 100 works in a range of media—including porcelain, metalwork, lacquer, jade, bamboo, silk, and more, mainly from The Met collection. Objects span from ostentatious to restrained; some were royal commissions, others were made for domestic markets or for export. In almost all media, meticulous execution and creative design reveal an extraordinarily high level of artistic mastery. Not merely ornamental, objects feature forms and patterns that are endowed with rich cultural significance. Some convey religious or ritual meanings; others celebrate secular literary traditions. Through auspicious symbols, visual puns, or meaningful historical narratives, artists never ceased to explore creative forms of expression—even embedding their works with moral admonitions or subtle hints of humor. Through one thousand years, these marvelous works continue to challenge distinctions between the “decorative arts” and “fine arts” in China. The exhibition is made possible by the Florence and Herbert Irving Fund for Asian Art Exhibitions.",https://www.metmuseum.org/exhibitions/decorative-arts-in-china-1000-to-the-present,"Found on the venue's ""current/upcoming"" listing page. opening date taken from the site's structured data, not its visible page."
met,A Lasting Legacy: Chinese Jades from New York Collections,2026-07-25,,"Jade—primarily the mineral nephrite—has been revered in China for thousands of years both for its natural beauty and, especially, the human values associated with its physical properties. Its gentle color reflects benevolence, its soft luster suggests humility, and its extreme hardness and durability calls to mind integrity. Among American collectors, Heber R. Bishop was a pioneering and influential figure who became fascinated with Chinese jades in the late 19th century. His passion for jade inspired generations of collectors to assemble their own remarkable collections, of which many are represented in The Met’s holdings. Featuring 50 objects from The Met collection displayed side by side with Bishop’s pieces, this exhibition explores the growing interest in jade throughout the 20th century and illustrates America’s evolving knowledge and understanding of Chinese gemstone art, its history, and its cultural significance. Among the highlights are ancient tools and ceremonial weapons, antique works crafted after historical ritual vessels and implements, decorative objects inspired by jades from Mughal India, and carvings of novel and innovative designs created in the 18th to 20th centuries. The exhibition is made possible by the Florence and Herbert Irving Fund for Asian Art Exhibitions.",https://www.metmuseum.org/exhibitions/a-lasting-legacy-chinese-jades-from-new-york-collections,"Found on the venue's ""current/upcoming"" listing page. opening date taken from the site's structured data, not its visible page. No closing date found anywhere on the venue's pages."
met,"Wedding Attire: Three Cultures, One Celebration",2025-12-22,,"Throughout the world’s cultures, weddings celebrate the profound bond between two people, but the ceremonies, customs, and clothing that accompany them are as varied as the countries in which they occur. This presentation of wedding ensembles and related accessories from China, Japan, and Ottoman Turkey and the Balkans illustrates this diversity. Each piece reflects the distinctive aesthetics of its place of origin, with fabric, color, decorative materials, and motifs chosen for their specific meanings. Auspicious symbolism, which is frequently tied to the change in a woman’s social status as she becomes a wife, expresses universal wishes for a joyful, secure union marked by fertility, prosperity, and longevity. The examples featured in this presentation date from the eighteenth to the early twentieth century—a period of growing European and American influence in Asia and the Middle East. The intricate craftsmanship and evolving styles of the pieces reflect the unique ability of wedding attire to balance tradition and modernization. The carefully preserved dresses and accessories are usually the most ornate and treasured items in women’s wardrobes. Often passed down from mother to daughter, sometimes for generations, these heirlooms offer a lens through which to trace the development of fashions and cultural traditions.",https://www.metmuseum.org/exhibitions/wedding-attire-three-cultures-one-celebration,"Found on the venue's ""current/upcoming"" listing page. opening date taken from the site's structured data, not its visible page. No closing date found anywhere on the venue's pages."
met,Arts of Oceania,2025-05-31,,"The Met’s Arts of Oceania galleries returned in May 2025, in a reimagined Michael C. Rockefeller Wing. Following a multiyear renovation, the new galleries feature over 650 stellar works from the Museum’s remarkable collection of Oceanic art, drawn from over 140 distinct cultures in a region of astonishing diversity that covers almost one-third of the earth’s surface and continues to capture the global imagination. These include monumental artworks from the large island of New Guinea and the coastal archipelagos that stretch beyond its shores to the north, central, and eastern Pacific, as well as the two neighboring regions of Australia and Island Southeast Asia, whose Indigenous communities all share a common ancestry. Exceptional artworks guide visitors through a wealth of stories relating to origins, initiation, and ancestral power and include some of the greatest achievements of Oceania’s visual artists: elaborately carved ancestral figures from ceremonial houses and spectacular ritual regalia, such as towering slit drums, crocodile reliquaries, and dazzling turtle shell masks from the coastal regions. Designed by the architect Kulapat Yantrasast of the firm WHY Architecture and Beyer, Blinder, Belle Architects LLP, in collaboration with The Met’s Design Department, the new Arts of Oceania galleries are organized around a stunning new diagonal trajectory through The Michael C. Rockefeller Wing that reintroduces The Met’s iconic collection in sensationally appointed galleries filled with natural light for a new generation of visitors. The reinstallation is organized according to island groups in a new layout designed to foreground ancestral connections and Indigenous temporalities, offering perspectives on art that reach deep into Oceania’s past while also acknowledging its ongoing manifestations in the present. Voyaging and the arts of navigation are an important feature, with exquisitely carved spirit canoes, decorated canoe prows and paddles, and a navigational",https://www.metmuseum.org/exhibitions/arts-of-oceania,"Found on the venue's ""current/upcoming"" listing page. opening date taken from the site's structured data, not its visible page. No closing date found anywhere on the venue's pages."
met,Arts of the Ancient Americas,2025-05-31,,"The Met’s Arts of the Ancient Americas galleries returned in May 2025, in a reimagined Michael C. Rockefeller Wing. Following a multiyear renovation, the new installation reintroduces visitors to the Museum’s collection of ancestral arts of the Americas, representing the artistic legacy of Indigenous artists from across North, Central, and South America and the Caribbean prior to 1600 CE. The reinstallation is organized around nearly 700 items in a presentation that reflects contemporary research, providing greater illumination of these ancient American works for a new generation of visitors. These new galleries include monumental stone sculptures and exquisite metalwork, illuminated by filtered daylight from Central Park through a custom-designed, state-of-the-art sloped glass wall on the south facade. The collection also includes refined ceramic vessels; shimmering regalia of gold, shell, and semiprecious stone; and sculptures of wood. The new installation is the result of close collaboration with colleagues across the country and Latin America through a series of conversations around the artworks and the continuing importance of these ancient traditions in the Americas today. The reimagined galleries reflect recent advances in scholarship, incorporating knowledge about artists, their materials, their techniques, and their social roles and newly revealed relationships between regions. The new galleries also expand the scope of the subject to consider Indigenous traditions in the Viceregal (Colonial) period, and also benefit from new perspectives on indigenous concepts of the natural world as well as nuanced perceptions of gender roles. Where possible, indigenous texts—ancient, historical, and modern—have informed the curatorial narrative, enriching the interpretation and appreciation of the works in the collection. The galleries were designed by Kulapat Yantrasast of the firm WHY Architecture and Beyer, Blinder, Belle Architects LLP, in collaboration with The Met’",https://www.metmuseum.org/exhibitions/arts-of-the-ancient-americas,"Found on the venue's ""current/upcoming"" listing page. opening date taken from the site's structured data, not its visible page. No closing date found anywhere on the venue's pages."
met,Arts of Africa,2025-05-31,,"The Met’s Arts of Africa galleries returned in May 2025, in a reimagined Michael C. Rockefeller Wing. Following a multiyear renovation, the reenvisioned installation reintroduces visitors to the Museum’s collection of sub-Saharan African art through a selection of some 500 works organized to survey major artistic movements and living traditions from across the subcontinent. The new galleries present original creations from the Middle Ages to the present, and one-fourth of the works are on display at the Museum for the first time. The new permanent installation foregrounds the creativity of artists across the subcontinent and enduring, dynamic historical traditions. A major emphasis in the reenvisioned galleries is on authorship and biographies featured in labels accompanying the creations of some 40 recognized masters of individual artists, ranging from Ọlọ́wẹ̀ of Ìsẹ̀ (ca. 1873–1938, Efon-Alaaye, Nigeria) to Abdoulaye Konaté (born 1953, Diré, Mali). The art on display encompasses works from Mali to Madagascar, created from the twelfth century to the present, in a diversity of media, ranging from wood sculpture and textiles to photography. The works conserved and presented at The Met are elements of the myriad cultural landscapes that blossomed south of the Sahara. Among those original sites of creation are storied hubs of global commercial trade, the affluent courts of powerful West and Central African monarchs, and ephemeral transient equatorial rainforest settlements. Artists and their workshops masterfully translated and amplified an array of distinctive worldviews into artifacts that enhanced otherwise fleeting everyday lived experience or events of great pomp and circumstance animated by dancers and musicians. Some relate to ongoing local practices; others were given new life in the Americas following ongoing population movements beginning in the seventeenth century. Even fully isolated from those cultural contexts, many of these works of daring ingenuity have",https://www.metmuseum.org/exhibitions/arts-of-africa,"Found on the venue's ""current/upcoming"" listing page. opening date taken from the site's structured data, not its visible page. No closing date found anywhere on the venue's pages."
met,Defensive : Shields from The Met Collection,,,"Throughout history, the shield has been one of the most common and versatile forms of personal defense, used by foot soldiers and kings alike. Its ubiquity and enduring importance are reflected in myth, legend, art, song, and poetry. Highlighting selected treasures from The Met’s renowned collection of arms and armor, Defensive Display features shields from around the world and a range of time periods, in various forms, sizes, and materials. Primarily intended to protect on the battlefield, decorated shields also served to dazzle and intimidate—they gave their bearers a visual presence that stood out among the assembled masses of combatants. Shields were also used in statecraft and for social display: the visual lexicon that made them recognizable on the battlefield could serve a similar purpose in parades or sporting competitions—their designs and decorations compelling observers to look and admire. This focused exhibition explores the shield’s basic utility as a defense, its role in visual display, and considers its style and construction, including the ways that its shapes and forms were guided by the object’s regional and cultural origins.",https://www.metmuseum.org/exhibitions/defensive-display-shields-from-the-met-collection,"Found on the venue's ""current/upcoming"" listing page. No closing date found anywhere on the venue's pages."
met,The American Wing at 100,2024-11-05,,"In November 2024, the American Wing celebrates its 100th anniversary with a reinstallation of its extensive collection of art and design. Newly interpreted galleries on three floors will reveal connections across the Wing’s increasingly hemispheric holdings—from the mid-17th to mid-20th century with some contemporary expressions—and foreground meaningful and relevant storylines. Since its establishment in 1924, when the American Wing featured primarily 17th- and 18th-century furniture, silver and metalwork, ceramics, glass, textiles, and architectural fragments—most exhibited in evocative period-room settings—the department has expanded its collecting to include a wider array of work by North American makers. Today, the Wing continues to grow and refine these collections—as well as The Met’s foundational holdings of American painting, sculpture, and works on paper—now exhibited in more than 75 galleries. Juxtaposing the Wing’s well-known objects with recent acquisitions and select works from across the Museum, in addition to key external loans, will inspire fresh dialogues that deepen understandings of American art, history, and culture. The overall reinstallation is informed by expansive scholarship and a range of curatorial and community voices related to the ongoing redefinition of a broadly conceived American art. The American Wing at 100 is made possible by the Jane Parsons Klein Fund.",https://www.metmuseum.org/exhibitions/the-american-wing-at-100,"Found on the venue's ""current/upcoming"" listing page. opening date taken from the site's structured data, not its visible page. No closing date found anywhere on the venue's pages."
met,The Calculated Curve: Eighteenth-Century American Furniture,2024-04-05,,"The 2024 reinstallation of the Anthony W. and Lulu C. Wang Galleries of Eighteenth-Century American Art of The Met’s American Wing elevates a pivotal moment in American furniture design between 1720 and 1770. This fresh installation encourages us to look closer at the materials and sculptural expression of this period, as well as the sensuality and ergonomics embedded in furniture design. The reinstalled galleries will feature iconic American furniture from the H. Eugene Bolles and Natalie Knowlton Blair collections, in addition to more recent gifts from premier collectors such as the Wangs as well as Erving and Joy Wolf. This striking display offers a counterpoint to the contextual installations of eighteenth-century furniture in the American Wing’s period rooms. Major support for The Calculated Curve: Eighteenth-Century American Furniture is provided by The Edward John and Patricia Rosenwald Foundation.",https://www.metmuseum.org/exhibitions/the-calculated-curve-eighteenth-century-american-furniture,"Found on the venue's ""current/upcoming"" listing page. opening date taken from the site's structured data, not its visible page. No closing date found anywhere on the venue's pages."
met,Cycladic Art,2024-01-25,,"The display of the Leonard N. Stern Collection of Cycladic Art at The Met is the result of a historic 50-year partnership among The Metropolitan Museum of Art, the Ministry of Culture of the Hellenic Republic, and the Museum of Cycladic Art in Athens—approved by Greek parliament in 2022. The partnership brings 161 splendid Cycladic works of art acquired by the businessman and philanthropist Leonard Stern over some 40 years to The Met on long-term loan from the Greek government. As the single most comprehensive private collection of Cycladic art formed outside of Greece, the works include nearly all of the major types of marble figures and vessels from the Early Bronze Age, allowing viewers to explore and appreciate the essential aspects and subtle variations that Cycladic sculptors, with remarkable sensitivity, imbued in their sculptures over the course of more than a thousand years. The presentation offers an extraordinary opportunity to closely examine a large body of little known Cycladic works that have been repatriated to Greece. The display of the Leonard N. Stern Collection of Cycladic Art at The Met is part of an innovative solution to repatriate the works to Greece while also bringing them to a worldwide audience and fostering international co-operation around the study and appreciation of Early Cycladic art and culture. Cycladic Art: The Leonard N. Stern Collection on loan from the Hellenic Republic",https://www.metmuseum.org/exhibitions/cycladic-art,"Found on the venue's ""current/upcoming"" listing page. opening date taken from the site's structured data, not its visible page. No closing date found anywhere on the venue's pages."
met,Look Again: European Paintings 1300–1800,2023-11-20,,"The reopened galleries dedicated to European Paintings from 1300 to 1800 highlight fresh narratives and dialogues among more than 700 works of art from the Museum’s world-famous holdings. The newly reconfigured galleries—which include recently acquired paintings and prestigious loans, as well as select sculptures and decorative art—will showcase the interconnectedness of cultures, materials, and moments across The Met collection. The chronologically arranged galleries will feature longstanding strengths of the collection—such as masterpieces by Jan van Eyck, Caravaggio, and Poussin; the most extensive collection of 17th-century Dutch art in the western hemisphere; and the finest holdings of El Greco and Goya outside Spain—while also giving renewed attention to women artists, exploring Europe’s complex relationships with New Spain and the Viceroyalty of Peru, and looking more deeply into histories of class, gender, race, and religion. The reopening of the suite of 45 galleries at the top of the Great Hall staircase follows a five-year project to replace the skylights. This monumental infrastructure project improves the quality of light and enhances the viewing experience for a new look at this renowned collection. Major support for Look Again: European Paintings 1300–1800 is provided by Candace K. and Frederick W. Beinecke.",https://www.metmuseum.org/exhibitions/look-again-european-paintings-1300-1800,"Found on the venue's ""current/upcoming"" listing page. opening date taken from the site's structured data, not its visible page. No closing date found anywhere on the venue's pages."
met,Layered Narratives: The Northern Renaissance Gallery,2023-10-03,,"The newly redesigned Northern Renaissance Sculpture and Decorative Arts gallery brings together collection highlights and spectacular recent acquisitions to situate The Met’s extraordinary permanent collection within the context of northern Europe’s early modern society. The gallery includes works from roughly 1520 to 1630, when Europeans north of the Alpine mountains experienced civil unrest, religious revolution, and an increasingly globalized world. Dealings with Spanish, Portuguese, and later Dutch, French, and English colonialists, who were exploiting the people and land overseas, added to the regions’ fast-growing wealth as banking systems advanced and merchant networks aggressively extended their markets. Catholic dominance was destabilized as the Reformation led to the rise of various Protestant denominations. Politically, the Holy Roman Empire (962–1806) dominated northern lands and linked hundreds of independent territories and Imperial city-states. Due to conflicts between religious groups, peasant wars against oppressive aristocracy, and brutal clashes with neighboring nations, social and political boundaries remained in flux. Within this complex and changing society, works of art served as expressions of belonging, belief, and power. By grouping works thematically, this reimagined gallery explores the imperial, colonial, and religious contexts in which ceramics, textiles, metalwork, clocks, chess sets, stained glass, and more were made. With this new reinstallation, these objects of encounter, knowledge, wonder, and personal meaning offer a window into the past for a new generation of Met visitors. Major support for the installation of this gallery was provided by the Marina Kellen French Foundation.",https://www.metmuseum.org/exhibitions/layered-narratives-the-northern-renaissance-gallery,"Found on the venue's ""current/upcoming"" listing page. opening date taken from the site's structured data, not its visible page. No closing date found anywhere on the venue's pages."
met,Art of Native America: The Charles and Valerie Diker Collection,2023-07-14,,"The brilliance of Native American artists from across the United States and Canada is affirmed in this installation of historical and contemporary works. Honoring the diversity of Native life, the display reveals complex perspectives on America’s past and the deep significance of these artworks to Native and non-Native communities in the present. The work of more than fifty Indigenous groups is represented, as well as major Native American aesthetic forms: painting, drawing, sculpture, textiles, quill and bead embroidery, basketry, and ceramics. Most of the items—made to be worn; to nourish; to hunt, defend, and protect; to cradle the young; and to restore balance and wellness—are from the eighteenth and nineteenth centuries. Also included are modern and contemporary artworks that demonstrate unbroken aesthetic lineages. All were created against the backdrop of ongoing Euro-American colonialism and environmental devastation. They are organized into seven geographical regions: Woodlands, Northwest Coast, Arctic, Plateau, Plains, Southwest, and California and Great Basin. This long-term installation consists primarily of promised gifts, donations, and loans from the major collectors Charles and Valerie Diker as well as other patrons. Their belief in the power of these works to broaden historical, cultural, and aesthetic understandings inspired their generosity. The presentation marks the commitment of the American Wing, established in 1924, to foregrounding Native cultural expressions and perspectives in meaningful, inclusive contexts. This statement demonstrates our institutional commitment to respectfully recognizing the original Native American communities and their kinship ties to the lands and waters of this place.",https://www.metmuseum.org/exhibitions/art-of-native-america-diker-collection,"Found on the venue's ""current/upcoming"" listing page. opening date taken from the site's structured data, not its visible page. No closing date found anywhere on the venue's pages."
met,Renaissance Masterpieces of Judaica: The Mishneh Torah and The Rothschild Mahzor,2023-03-16,,"The Jewish communities of northern Italy were active participants in the extraordinary flourishing of arts and culture that define the Renaissance. This installation of two rare and sumptuous Hebrew manuscripts explores the fascinating cross-cultural interaction between those Jewish communities and their Christian and humanist surroundings in the fifteenth century. A Jewish scribe and Christian artist working in tandem produced these monumental works of art that bear witness to the prosperity, power, and discernment of the Jewish patrons who commissioned them. This installation pairs two of the finest Hebrew illuminated manuscripts from the Italian Renaissance. The Mishneh Torah of Maimonides, a landmark of Jewish jurisprudence, returns to The Met after a five-year sojourn at the Israel Museum in Jerusalem. The Rothschild Mahzor, a luxury prayer book, is on special loan from the Library of the Jewish Theological Seminary. The pages of the manuscripts will be turned every 3 months to allow visitors to take in their cumulative majesty.",https://www.metmuseum.org/exhibitions/renaissance-masterpieces,"Found on the venue's ""current/upcoming"" listing page. opening date taken from the site's structured data, not its visible page. No closing date found anywhere on the venue's pages."
met,Michael Lin: Pentachrome,2022-08-15,,"Michael Lin’s site-specific installation Pentachrome brings contemporary art to the Museum’s Great Hall Escalator for the first time. Inspired by The Met collection and the building’s architecture, Pentachrome invites visitors to reconsider the Museum’s Great Hall, its Balcony, and the surrounding art from a fresh perspective. For more than a hundred years, Asian art, especially Chinese ceramics, has adorned the Museum’s Great Hall, finding a special prominence around the second-floor Balcony. Within the Hall—which was designed to evoke and even compete with the grand institutions of Europe—Chinese art has served as a kind of ornament to the authoritative, Classical architectural frame. Over time, while the Museum’s collection has grown and its presentation of art from Asia has evolved, this fundamental relationship between European architecture and Chinese adornment has persisted in the Great Hall Balcony. Pentachrome spotlights, explores, and inverts this relationship. As visitors travel up the escalator, they are surrounded by images of birds and flowers drawn from two Qing-dynasty porcelain vases that have been enlarged to heroic, overwhelming scale. Inspired by street poster (“wild posting”) campaigns seen in the urban landscape, Lin applies the images in a cumulative, irregular way, breaking down the formal Museum environment and inviting the casual engagement of the street. By surrounding and immersing visitors in these images, Lin invites us to look and think more deeply about the paradoxically central and sidelined role of Asian art within the history of the Museum’s Great Hall. The installation is made possible by Barbara A. Wolfe and the Director’s Fund.",https://www.metmuseum.org/exhibitions/michael-lin-pentachrome,"Found on the venue's ""current/upcoming"" listing page. opening date taken from the site's structured data, not its visible page. No closing date found anywhere on the venue's pages."
met,Before Yesterday We Could Fly: An Afrofuturist Period Room,2021-11-05,,"Seneca Village—a vibrant nineteenth-century community of predominantly Black landowners and tenants—flourished in an area just west of The Met, in what is now Central Park. By the 1850s, the village comprised some fifty homes, three churches, multiple cemeteries, a school, and many gardens. It represented both an escape from the crowded and dangerous confines of lower Manhattan and a site of opportunity, ownership, freedom, and prosperity. In 1857, to make way for the park, the city used eminent domain to seize Seneca Village land, displacing its residents and leaving only the barest traces of the community behind. This project has roots in the homes of Seneca Village, of which only a fragmented history remains. Like other period rooms throughout the Museum, this installation is a fabrication of a domestic space that assembles furnishings to create an illusion of authenticity. Unlike these other spaces, this room rejects the notion of one historical period and embraces the African and African diasporic belief that the past, present, and future are interconnected and that informed speculation may uncover many possibilities. Powered by Afrofuturism—a transdisciplinary creative mode that centers Black imagination, excellence, and self-determination—this construction is only one proposition for what might have been, had Seneca Village been allowed to thrive into the present and beyond. The title, Before Yesterday We Could Fly, is inspired by Virginia Hamilton's legendary retellings of the Flying African tale, which celebrates enslaved peoples’ imagination, creative uses of flight, and the significance of spirituality and mysticism to Black communities in the midst of great uncertainty. Activated through vision, sound, and storytelling, and furnished with a kaleidoscope of works from The Met's collection—from Bamileke beadwork and 19th-century American ceramics to contemporary art and design that celebrates rich and diverse traditions—the room foregrounds generations of",https://www.metmuseum.org/exhibitions/afrofuturist-period-room,"Found on the venue's ""current/upcoming"" listing page. opening date taken from the site's structured data, not its visible page. No closing date found anywhere on the venue's pages."
met,The British Galleries,2020-03-02,,"The re-opening of The Met's British Galleries is one of the highlights of the Museum's 150th anniversary—11,000 square feet devoted to British decorative arts, design, and sculpture created between 1500 and 1900. The reimagined suite of eight galleries provide a fresh perspective on the period, focusing on its bold, entrepreneurial spirit and complex history. The British Galleries exhibit almost seven hundred works of art, including a large number of new acquisitions, particularly objects made in the nineteenth century that were purchased with this project in mind. A prominent new entrance provides direct access from The Met's medieval galleries, creating a seamless transition from the Middle Ages into the Tudor Renaissance. A seventeenth-century staircase with exquisite naturalistic carvings—brought to The Met in the 1930s from Cassiobury House, a now-lost manor house—has been meticulously conserved and re-erected like an enormous jigsaw puzzle. Three magnificent historic interiors from Kirtlington Park, Croome Court, and Lansdowne House have been transformed by painstaking restoration and new lighting, and remain at the heart of the galleries. The visual exuberance of the eighteenth century is explored through one hundred English teapots displayed in two twelve-foot-tall semi-circular cases, as well as a huge ""retail case"" containing an array of enameled candlesticks, silver toys, nécessaires, and gold boxes. Funding for the renovation included leadership commitments from Mr. and Mrs. Richard L. Chilton, Jr., Howard and Nancy Marks, the Estate of Marion K. Morgan, the Annie Laurie Aitken Charitable Trust, Irene Roosevelt Aitken, Mercedes T. Bass, Candace K. and Frederick W. Beinecke and The Krugman Family, Drue Heinz, Alexia and David Leuschen, Annette de la Renta, Kimba Wood and Frank Richardson, Denise and Andrew Saul, and Dr. Susan Weber.",https://www.metmuseum.org/exhibitions/british-galleries,"Found on the venue's ""current/upcoming"" listing page. opening date taken from the site's structured data, not its visible page. No closing date found anywhere on the venue's pages."
met,Fabergé from the Matilda Geddings Gray Foundation Collection,2011-11-22,,"After Matilda Geddings Gray died in 1971, her collection passed to the foundation she had established, with the stipulation that a broad public should be able to enjoy it. The collection was on view for many years at the New Orleans Museum of Art and at the Cheekwood Botanical Garden and Museum of Art in Nashville. Earlier this year, the rare Imperial Napoleonic Egg and Lilies-of-the-Valley Basket from the collection were featured in the exhibition Fabergé Revealed at the Virginia Museum of Fine Arts, Richmond. Peter Carl Fabergé (1846–1920) was a talented artisan and jeweler but also a visionary. In 1872 he took over his father's small atelier in Saint Petersburg and within forty years transformed it into the world's largest enterprise of its kind, employing some five hundred craftsmen and designers. During the 1870s Peter Carl Fabergé had ongoing and open access to the world-renowned collections of the Hermitage for cataloging, repairing, and restoring precious pieces, particularly ancient gold pieces of jewelry. In 1882, at the Pan-Russian Exhibition held in Moscow, he was awarded the gold medal for his accurate replicas of those objects, drawing the attention of the czar and of the Imperial family. In 1885 the House of Fabergé was nominated ""Goldsmith by special appointment of the Imperial Crown"" and received the commission for the first Imperial Easter Egg. The firm rapidly grew to become the largest jewelry enterprise in Russia, and from 1882 to 1917 (when the Russian Revolution brought an end to the Fabergé production), the House of Fabergé produced thousands of objects ranging from silver tea sets to objets de luxe. The artisan died in Lausanne, Switzerland, in 1920. The exhibition features three of the fifty Imperial Easter Eggs created for the Romanov family by Fabergé beginning in 1885. Records show that the eggs were initially commissioned by Czar Alexander III for his wife, Maria Feodorovna, and then by his son and heir, Czar Nicholas II, for his mother",https://www.metmuseum.org/exhibitions/faberge,"Found on the venue's ""current/upcoming"" listing page. opening date taken from the site's structured data, not its visible page. No closing date found anywhere on the venue's pages."
met,Chasing Clouds,2026-09-14,2027-02-28,"Sublime symbols of changing weather, clouds have long been a source of fascination for artists and scientists alike. In the early 1800s, landscape painters used clouds as visual proof of their ability to capture the fleeting effects of nature in sketches made outdoors, or en plein air, while meteorologists began to study and, for the first time, classify clouds. Beginning in the 1830s, photography promised to capture the sky with unprecedented immediacy and detail, yet early technical limitations fell short of that promise. Photographers responded by painting in skies or manually combining negatives, until chemical and optical advances at the start of the 20th century made possible cloudscape photographs that rivaled paintings. Chasing Clouds follows the remarkable story of how the sky was represented during this period, tracing the depiction of clouds in works that balanced changing artistic conventions with scientific discoveries and new technologies. Opening with oil sketches from the start of the 19th century, and including paintings, drawings, and photographs from the following decades, it comes full circle in the 1920s with American photographer Alfred Stieglitz’s Equivalents, a series of cloud studies that reconciles poetic feeling and naturalistic depiction. The exhibition is made possible by The Robert Mapplethorpe Foundation, Inc.",https://www.metmuseum.org/exhibitions/chasing-clouds,"Found on the venue's ""current/upcoming"" listing page."
met,"The Genesis Facade Commission: Liu Wei, Speculation",2026-09-17,2027-06-08,"Beijing-based artist Liu Wei (born 1972) inspires visitors to ponder cycles of rupture and mending for The Genesis Facade Commission in 2026. Known for monumental sculptural installations that evoke awe and a sense of urgency, Liu will create four large-scale sculptures for The Met’s Fifth Avenue exterior. Using a variety of materials and remixing familiar motifs—fragments from the urban environment, historical sources, and bodily forms—Liu Wei invites contemplation, surprise, and revelation to pierce through our perceptions of reality with a blend of rawness and refinement. In The Met’s four sculptures, the recurring motif of the human hand—so rich in art historical and cultural associations—emerges as a point of connection between the recognizable and the fantastical. A key figure of a generation of artists from China who sought to define “conceptual art” on their own terms, Liu Wei has addressed realities of our time through a wide range of media, from photography and painting, to video, sculpture, and installation, since the late 1990s. He has developed a body of work that challenges art historical cliches across forms and styles and is known for his impressive command of sites and scale. Speculation is shaped by the artist’s experience living in the age of globalization, especially in a rapidly modernizing China during a period of dramatic economic, political, and social transformation. Liu’s project for The Genesis Facade Commission is his first major presentation in the United States and the seventh in The Met’s annual commission series. Significant support is provided by the Director’s Fund, East West Bank, The Hazen Polsky Foundation, Zimo Zeng, and Lehmann Maupin. Additional funding is provided by Audrey Ou, Marietta Wu and Thomas Yamamoto, Jerry Speyer and Katherine Farley, and White Cube.",https://www.metmuseum.org/exhibitions/the-genesis-facade-commission-liu-wei,"Found on the venue's ""current/upcoming"" listing page."
met,David Hartt: Peripheries,2026-09-25,2027-02-07,"Multidisciplinary artist David Hartt (Canadian, born 1967) transforms John Vanderlyn's immersive historical painting, Panoramic View of the Palace and Gardens of Versailles (1818–19), into a dynamic contemporary installation, offering viewers the opportunity to explore questions of place and perspective. Vanderlyn’s highly detailed rendering of Versailles—among the largest surviving panoramas in the United States—is activated by Hartt’s architectural intervention, bringing past and present into conversation. For this site-specific commission—consisting of two Direct View LED screens and echoing imagery from the panorama itself—Hartt draws on direct documentation of Versailles, the cinematic language of French New Wave Cinema, and photographs of the palace grounds by Eugene Atget to reshape the experience of The Met’s circular gallery space housing the work. Filmed at locations from Versailles to the Boulevard Périphérique and throughout the center of Paris, Peripheries explores the constant reinvention of the French capital. Hartt’s installation reconfigures movement and angles of vision, augmented through an original score by composer and musician Jeff Parker. Visitors are visually lured away from established centers within the city toward the margins—or the “peripheries”—where alternative perspectives and histories are often relegated. By engaging directly with Vanderlyn's panorama, Hartt has created a space to reconsider not only the historical painting itself but also examine ideas of representation and cultural memory within a living environment. The exhibition is made possible by Jan and Warren Adelson in honor of Eugénie Prendergast, and The Modern Circle.",https://www.metmuseum.org/exhibitions/david-hartt-peripheries,"Found on the venue's ""current/upcoming"" listing page."
met,There Are No Words: Si Lewen's Parade,2026-10-01,2027-01-05,"The Parade is an epic cycle of 63 charcoal, pencil, and ink drawings conceived by Si Lewen (1918–2016) in the aftermath of World War II. The work unfolds a visual narrative on war, memory, and the human condition that is informed by the artist's extraordinary life. Born in Poland to Jewish parents and raised in Germany, Lewen fled Nazi persecution with his family in 1933 before immigrating to the United States. While serving in the U.S. Army as one of the Ritchie Boys, a specialized unit of German-speaking soldiers, Lewen arrived at the Buchenwald concentration camp shortly after its liberation in 1945. The Parade is rooted in the artist’s experience of these events as well as his coming of age during the tumultuous years when, as he reflected later, the parades after World War I gave way to the death marches of World War II. Experienced together as a sequence, the drawings carry viewers from military pageantry to conflict, devastation, and mourning through the cumulative force of their imagery. The power of The Parade lies not only in its historical origins but in its ability to speak across generations with urgency, asking viewers to confront the persistent cycles of violence that continue to shape our world. The exhibition's title, There Are No Words, is inspired by Lewen's own description of the format of The Parade as a wordless novel in which he explained: ""there are no words . . . just the picture itself is the narrative."" At the same time, the title reflects his conviction that the horrors of war ultimately defy language and description.",https://www.metmuseum.org/exhibitions/there-are-no-words-si-lewens-parade,"Found on the venue's ""current/upcoming"" listing page."
met,Krasner and Pollock: Past Continuous,2026-10-04,2027-01-31,"Lee Krasner (1908–1984) and Jackson Pollock (1912–1956) met as emerging artists in New York in the winter of 1941. They married in 1945 and moved to Springs, Long Island, where they remained entwined personally, artistically, and professionally until Pollock’s untimely death. While Pollock’s reputation historically eclipsed Krasner’s, today, both artists’ practices are rightly recognized as central to the innovations of art from the mid-20th century onwards. This exhibition continues and amplifies this reevaluation, on their own terms and in dynamic relation to each other. Drawing its subtitle, Past Continuous, from a 1976 painting by Krasner, the exhibition traces parallel lives and practices—forged first by lived experience, then shadowed by memory. Krasner, born in Brooklyn to Jewish immigrant parents from what is now Ukraine, and Pollock, raised in Los Angeles and the American West, brought specific geographies and inheritances into a shared artistic context. Their early paths traced distinct strands of American modernism that would ultimately converge in the rupture known as Abstract Expressionism, a movement that valued the translation of inner feelings into dramatic visual action. In the wake of World War II, artists asked why art mattered and what it could be. For Pollock, his breakthrough was the “drip” technique, a radical mode of painting that flourished in a condensed but prolific period. Krasner’s varied practice was typified by ceaseless explorations of abstraction, often cued by her abiding interest in the possibilities of nature and color. Krasner and Pollock: Past Continuous is the first major New York presentation devoted to either artist in more than 20 years. Featuring over 120 works, it is the first exhibition to look at the full arc of their careers together. The exhibition is made possible by Kenneth C. Griffin and Griffin Catalyst, Marina Kellen French, and the Barrie A. and Deedee Wigmore Foundation.",https://www.metmuseum.org/exhibitions/krasner-and-pollock-past-continuous,"Found on the venue's ""current/upcoming"" listing page."
met,Designing the Gilded Age: Drawings from the Studios of Louis C. Tiffany,2026-10-22,2027-02-07,"The dazzling stained-glass windows, lamps, mosaics, and interiors from the studios of the visionary American artist Louis Comfort Tiffany—hallmarks of the Gilded Age—began as drawings created by the many talented designers in Tiffany’s studios. Designing the Gilded Age: Drawings from the Studios of Louis C. Tiffany showcases rare design drawings to take us behind the scenes of the studios where the drawings were made and ultimately transformed into enduring works of art. Intended for commissions dating from the mid-1880s through the 1920s in the U.S. and internationally, the nearly 120 luminous watercolor drawings present the first step in the artistic process for interiors and decorations for the grand mansions, civic and sacred spaces, and other buildings created during America’s Gilded Age, the post–Civil War era that saw an unprecedented accumulation of wealth. Many of the drawings document works that have since been lost, damaged, or destroyed, while others showcase ideas for designs that were never realized. The exhibition also brings together extraordinary stained-glass windows, mosaics, enamelwork, and examples of the studio’s iconic lamps in side-by-side displays with their original designs, allowing a rare view of the journey from artistic conception to finished product. Virtually everything produced in Tiffany’s workshops was the result of a collaborative process; the initial steps took place in the studio where artists Tiffany hired—often émigrés and women—realized his vision. The featured drawings, all from The Met collection, have never before been studied in depth, and the exhibition celebrates the decades-long conservation initiative that restored them to their full beauty. Along with new insights into the artists’ process and design inspiration, the drawings offer a unique opportunity to peel back the layers of some of the most heralded creations produced by Tiffany's legendary studios. The catalogue is made possible by the Barrie A. and Deedee Wigm",https://www.metmuseum.org/exhibitions/designing-the-gilded-age-drawings-from-the-studios-of-louis-c-tiffany,"Found on the venue's ""current/upcoming"" listing page."
met,Across Wine-Dark Seas: Art and Identity beyond Ancient Greece,2026-12-20,2027-04-11,"Explore the far-reaching trade networks that shaped the art and mythology of ancient Greece and the wider Mediterranean. During the eighth to early fifth century BCE, when maritime trade routes allowed the Greeks to travel great distances, Mediterranean artists found inspiration by leaving their homeland for places abroad. The period’s major artistic and cultural innovations—the rise of the city-state; the appearance of monumental Greek temples from Ionia to Sicily, southern Italy, north Africa, and southern France; festivals including the Olympic Games; the first use of the Greek alphabet, borrowed from the Phoenicians; and the Homeric epics the Iliad and the Odyssey—corresponded with a time of intense cultural interchange. This increased contact between the Greeks and other cultures had a profound effect on Greek art as well as the art of the people they encountered. Across Wine-Dark Seas: Art and Identity beyond Ancient Greece presents more than 180 exceptional works produced during this time. With objects from different regions in various sizes and media—including stone, metal, terracotta, glass, and amber—it sheds light on the many ways the Greeks were influenced by the artistic styles, techniques, and traditions they encountered. Organized geographically—from the Eastern Mediterranean and West Asia; Egypt and North Africa; Italy, Sicily and Sardinia; Western Mediterranean and Europe; and the Balkans and the Black Sea—the exhibition provides a broad and complex picture of the regions as a dynamic network in which Greece was only a part. The ancient Greeks often defined their place in the world by incorporating stories, myths, and images of non-Greeks into their art. One key object, a terracotta drinking cup, depicts Herakles traveling far west across the sea in the enormous cauldron of the sun god Helios, an image that evokes the uncertain voyages undertaken by the Greeks to the limits of the known world, meeting unfamiliar terrain. By exploring the sheer numbe",https://www.metmuseum.org/exhibitions/across-wine-dark-seas-art-and-identity-beyond-ancient-greece,"Found on the venue's ""current/upcoming"" listing page."
met,Baseball Cards from the Collection of Jefferson R. Burdick,2027-03-20,,"This exhibition is temporarily closed due to gallery maintenance. We look forward to welcoming visitors when it reopens in the spring of 2027. The Jefferson R. Burdick collection of ephemera at The Met contains one of the most distinguished collections of historical baseball cards anywhere in the world. In 1947, Burdick (1900–1963), an electrician from Syracuse, New York, and avid collector of ephemera, began to donate in large batches his holdings of more than 300,000 trade cards, postcards, and posters to the Museum. Included in the donation were more than 30,000 baseball cards dating back to the 1880s.",https://www.metmuseum.org/exhibitions/baseball-cards-from-the-collection-of-jefferson-r-burdick-2025,"Found on the venue's ""current/upcoming"" listing page. opening date taken from the site's structured data, not its visible page. No closing date found anywhere on the venue's pages."
met,Browse the archives,2026-06-12,2026-09-08,,https://www.metmuseum.org/en/exhibitions/past,"Found on the venue's ""current/upcoming"" listing page. Also listed on the venue's ""past"" page. Also listed on the venue's ""past-2026"" page. Also listed on the venue's ""past-2025"" page. Also listed on the venue's ""past-2024"" page. No description could be found on this exhibition's own page. opening and closing date read from a sentence, not a date field: ""June 12-September 8, 2026""."
met,Giacometti in the Temple of Dendur,2026-06-12,2026-09-08,"In co-organization with the Fondation Giacometti, this presentation brings together for the first time at The Met the work of Alberto Giacometti (1901–1966) in one of New York's most iconic spaces. The installation of 14 works in bronze and plaster, emblematic pieces from the collection of the Fondation Giacometti in Paris together with three from The Met collection, places the work of one of the great sculptors of the 20th century in dialogue with the ancient civilization that strongly influenced his art and his practice. Throughout his career, Giacometti showed a particular fascination for the art of ancient Egypt. The Egyptian statues he saw in Italy as a young artist made a lasting impression on his visual repertoire, and after he moved to Paris, he regularly visited the Egyptian galleries of the Louvre. His formal dialogue with Egypt can be seen in sketches of walking figures in profile, which were later realized in such works as Walking Woman (I) (1932). At The Met, this elegant figure will be installed in the entrance hall of the Temple of Dendur. The Temple of Dendur was completed in 10 BCE as a commission by Caesar Augustus shortly after he became emperor of Rome. Gifted from Egypt to the United States in 1965, it has been one of the most beloved works of art at The Met since it opened to the public in 1978. In ancient Egypt, the terrace before the temple functioned as an open meeting place between the deity and larger crowds. At The Met, Giacometti's figures will stand alone or in groups on the temple platform—a presentation that echoes the artist's own compositions of figures as well as the life around the temple. The exhibition is made possible by the Kate W. Cassidy Foundation.",https://www.metmuseum.org/exhibitions/giacometti-in-the-temple-of-dendur,"Found on the venue's ""past"" listing page. Also listed on the venue's ""past-2026"" page. Also listed on the venue's ""past-2026"" page. Also listed on the venue's ""past-2025"" page. Also listed on the venue's ""past-2025"" page. Also listed on the venue's ""past-2024"" page. Also listed on the venue's ""past-2024"" page."
met,Revolution!,2026-01-19,2026-09-07,"This special installation marks the 250th anniversary of the Declaration of Independence, the founding document of the United States of America. Featured works from across The Met offer a wide view of the roots, course, and aftermath of the Revolutionary War (1775–1783)—from early conflicts between colonists and Indigenous peoples to George Washington’s voluntary retirement, in 1797, from his two-term presidency. Rarely seen prints reveal the transatlantic circulation of news about the struggle for independence during a fractious political period. This window into the era’s print culture highlights the global dimensions of the rebellion, the contested ideas about liberty that shaped it, and its consequential outcomes. Also on view are American and European works of art that depict a range of significant individuals. These include the Wampanoag chief Metacomet, whose battles with early colonists laid the groundwork for revolution; the African American poet Phillis Wheatley, who raised her voice against an expansive tyranny in her call for emancipation; patriots and presidents such as Paul Revere and George Washington; the Mohawk leader Thayendanegea, who allied with the British in an effort to retain Indigenous sovereignty; and iconic contributors to the Declaration of Independence John Adams, Benjamin Franklin, and Thomas Jefferson. Together, these artworks acknowledge multiple complex and intertwined histories that continue to resonate in the United States and beyond, some two and half centuries later. This special installation is made possible by Kimba Wood and Frank Richardson.",https://www.metmuseum.org/exhibitions/revolution,"Found on the venue's ""past"" listing page. Also listed on the venue's ""past-2026"" page. Also listed on the venue's ""past-2026"" page. Also listed on the venue's ""past-2025"" page. Also listed on the venue's ""past-2025"" page. Also listed on the venue's ""past-2024"" page. Also listed on the venue's ""past-2024"" page."
met,Lillian Bassman: Bazaar and Beyond,2026-03-02,2026-07-26,"Can fashion photography be dangerous? Lillian Bassman was told as much when, in 1950, she started making photographs so abstract that you could barely see the clothes. Depicting midcentury style for the pages of magazines, she distilled gowns and girdles to their essential silhouettes; in her photographs, chance gestures and elegant lines convey the sensations of garments, as their details dissolve into atmospheric blur. What Bassman did not show she evoked in her expressive prints—products of darkroom distortion, achieved with tissues, brushes, and bleach. In an earlier era, such an approach might have precluded commercial success. Bassman’s timing, though, could not have been better; in 1941, at age 24, she took a design job at Harper’s Bazaar, where a group of artists and editors were then reimagining how the magazine should look. With them, she helped introduce an avant-garde sensibility to the American newsstand, advancing new possibilities for photography in print. In works from a remarkable gift to The Met, Lillian Bassman: Bazaar and Beyond highlights the influence and audacity of her magazine career. The exhibition flips between the New School in Manhattan and the “New Look” in Paris, charting Bassman’s course from design apprentice to art director and accomplished photographer. Its rare vintage prints, collages, and maquettes lay out an unlikely history of modernism, refashioned for the pages of the popular press. The exhibition is made possible by The Robert Mapplethorpe Foundation, Inc.",https://www.metmuseum.org/exhibitions/lillian-bassman-bazaar-and-beyond,"Found on the venue's ""past"" listing page. Also listed on the venue's ""past-2026"" page. Also listed on the venue's ""past-2026"" page. Also listed on the venue's ""past-2025"" page. Also listed on the venue's ""past-2025"" page. Also listed on the venue's ""past-2024"" page. Also listed on the venue's ""past-2024"" page."
met,Gothic by Design: The Dawn of Architectural Draftsmanship,2026-04-16,2026-07-19,"Long before the towers of Gothic cathedrals could pierce the sky, architects outlined their vision and ambitions by creating intricate designs. The Gothic era, known for soaring structures like Notre-Dame in Paris, produced some of the Western world’s most breathtaking buildings. Their overall height, tall spires, pointed arches, and light-filled spaces were a striking departure from the more rounded and fortress-like features of the preceding Romanesque period. These innovative elements resulted from a new focus on the design process that is documented in original architectural drawings. Gothic by Design: The Dawn of Architectural Draftsmanship reveals how master masons and other artists began to visualize and communicate their complex ideas for cathedrals and other architecture-inspired structures in drawings and, later, prints. Between the 13th and 16th century, these little-known artworks on parchment and paper became a significant factor in the stylistic evolution of Gothic architecture and art at large. This rare presentation of more than 90 works of art—drawings and prints alongside goldsmith works, architectural elements, sculpture, and painting—sheds new light on the artistic choices and expansive knowledge that informed the Gothic building practice. Explore the vision, imagination, and skillful artistry embedded in the carefully drawn plans of medieval architects and other artists of the day. The exhibition is made possible by the Placido Arango Fund and the Gail and Parker Gilbert Fund.",https://www.metmuseum.org/exhibitions/gothic-by-design-the-dawn-of-architectural-draftsmanship,"Found on the venue's ""past"" listing page. Also listed on the venue's ""past-2026"" page. Also listed on the venue's ""past-2026"" page. Also listed on the venue's ""past-2025"" page. Also listed on the venue's ""past-2025"" page. Also listed on the venue's ""past-2024"" page. Also listed on the venue's ""past-2024"" page."
met,A Passion for Jade: The Bishop Collection,2022-07-02,2026-06-28,"More than a hundred remarkable objects from the Heber Bishop collection, including carvings of jade, the most esteemed stone in China, and many other hardstones, are on view in this focused presentation. The refined works represent the sophisticated art of Chinese gemstone carvers during the Qing dynasty (1644–1911) as well as the highly accomplished skills of Mogul Indian (1526–1857) craftsmen, which provided an exotic inspiration to their Chinese counterparts. Also on view are a set of Chinese stone-working tools and illustrations of jade workshops, which will introduce the traditional method of working jade. The exhibition is made possible by the Florence and Herbert Irving Fund for Asian Art Exhibitions.",https://www.metmuseum.org/exhibitions/passion-for-jade,"Found on the venue's ""past"" listing page. Also listed on the venue's ""past-2026"" page. Also listed on the venue's ""past-2026"" page. Also listed on the venue's ""past-2025"" page. Also listed on the venue's ""past-2025"" page. Also listed on the venue's ""past-2024"" page. Also listed on the venue's ""past-2024"" page."
met,"Embracing Color: Enamel in Chinese Decorative Arts, 1300–1900",2022-07-02,2026-06-28,"Enamel decoration is a significant element of Chinese decorative arts that has long been overlooked. This exhibition reveals the aesthetic, technical, and cultural achievement of Chinese enamel wares by demonstrating the transformative role of enamel during the Ming (1368–1644) and Qing (1644–1911) dynasties. The first transformational moment occurred in the late 14th to 15th century, when the introduction of cloisonné enamel from the West, along with the development of porcelain with overglaze enamels, led to a shift away from a monochromatic palette to colorful works. The second transformation occurred in the late 17th to 18th century, when European enameling materials and techniques were brought to the Qing court and more subtle and varied color tones were developed on enamels applied over porcelain, metal, glass, and other mediums. In both moments, Chinese artists did not simply adopt or copy foreign techniques; they actively created new colors and styles that reflected their own taste. The more than 100 objects on view are drawn mainly from The Met collection. During the exhibition, a selection of artworks will come off view and be replaced by new works: Rotation 1: July 4, 2022–April 30, 2023 Rotation 2: May 20, 2023–March 24, 2024 Rotation 3: April 13, 2024–February 16, 2025 Rotation 4: March 1, 2025–January 20, 2026 Rotation 5: January 22–June 28, 2026 This exhibition is made possible by the Florence and Herbert Irving Fund for Asian Art Exhibitions. This exhibition is part of Festival of New York, a citywide celebration featuring 200+ diverse organizations with events and exhibitions from Memorial Day to Labor Day 2022.",https://www.metmuseum.org/exhibitions/embracing-color,"Found on the venue's ""past"" listing page. Also listed on the venue's ""past-2026"" page. Also listed on the venue's ""past-2026"" page. Also listed on the venue's ""past-2025"" page. Also listed on the venue's ""past-2025"" page. Also listed on the venue's ""past-2024"" page. Also listed on the venue's ""past-2024"" page."
met,Raphael: Sublime Poetry,2026-03-29,2026-06-28,"Dive into the artistic process of one of history’s most beloved and influential artists. A true titan of the Italian Renaissance, Raffaello di Giovanni Santi (1483–1520)—better known as Raphael—matched ambition with lyricism to create works with both intellectual heft and emotional depth, a necessary skill in the complex political landscape of Renaissance courts. In his short life of only 37 years, he achieved such profound success as a painter, designer, and architect that he was regarded as the pinnacle of artistic perfection for centuries after his death. Raphael: Sublime Poetry is the first comprehensive exhibition on Raphael in the United States, bringing together more than 170 of the artist’s greatest masterpieces and rarely seen treasures to illuminate the brilliance of Raphael’s extraordinary creativity. The son of a painter and poet, Raphael engaged with the foremost writers and thinkers of his age in Rome, displaying a poetic sensibility that captivated his peers and generations that followed. Follow the full breadth of his life and career, from his origins in Urbino to his rise in Florence, where he began to emerge as a peer of Leonardo da Vinci and Michelangelo, to his final, prolific decade at the papal court in Rome. To underscore the range of his genius, this presentation brings together important drawings, paintings, and tapestries from public and private collections across Europe and the United States, many of which have never been shown together. With particular attention to Raphael’s portrayal of women—from his use of nude female models for the first time in Western art to his tender depictions of the Madonna and Child—and recent scientific discoveries made using state-of-the-art technology, this exhibition offers a rare opportunity to experience the genius of an artist who helped shape the course of art history. Major funding is provided by Kenneth C. Griffin and Griffin Catalyst, and Jessie and Charles Price.",https://www.metmuseum.org/exhibitions/raphael-sublime-poetry,"Found on the venue's ""past"" listing page. Also listed on the venue's ""past-2026"" page. Also listed on the venue's ""past-2026"" page. Also listed on the venue's ""past-2025"" page. Also listed on the venue's ""past-2025"" page. Also listed on the venue's ""past-2024"" page. Also listed on the venue's ""past-2024"" page."
met,Making It Modern: European Ceramics from the Martin Eidelberg Collection,2025-06-16,2026-06-14,"Ceramic artists in Europe at the turn of the century sought to break from the past by developing new, distinctive modes of making. With a renewed interest in the natural world as a source of artistic inspiration, they experimented with decoration, forms, and ideas to make their art modern. Making It Modern: European Ceramics from the Martin Eidelberg Collection celebrates Dr. Martin Eidelberg’s gift to The Met of approximately 80 ceramic works dating from the 1880s to 1910s. Although the years in which the Eidelberg ceramics were produced coincided with the emergence of the popular Art Nouveau movement in which artists brought abstracted forms from nature into their work, few of these pieces align closely with the common conception of that style. Instead, these ceramics reflect the desire for individual artistic expression and the enormous creativity that make this period such a rich chapter in European ceramic history. This exhibition is accompanied by an issue of The Metropolitan Museum of Art Bulletin. The Met’s quarterly Bulletin program is supported, in part, by the Lila Acheson Wallace Fund for The Metropolitan Museum of Art, established by the co-founder of Reader’s Digest.",https://www.metmuseum.org/exhibitions/making-it-modern-european-ceramics-from-the-martin-eidelberg-collection,"Found on the venue's ""past"" listing page. Also listed on the venue's ""past-2026"" page. Also listed on the venue's ""past-2026"" page. Also listed on the venue's ""past-2025"" page. Also listed on the venue's ""past-2025"" page. Also listed on the venue's ""past-2024"" page. Also listed on the venue's ""past-2024"" page."
met,"The Genesis Facade Commission: Jeffrey Gibson, The Animal That Therefore I Am",2025-09-12,2026-06-09,"Acclaimed artist Jeffrey Gibson (born 1972) invites reflection on the interconnected relationships between all living beings and the environment for the 2025 Genesis Facade Commission. Drawing from his distinctive style fusing Indigenous worldviews and imagery with abstraction, text, and color, Gibson has created four-large scale figurative animal sculptures for The Met Fifth Avenue’s exterior: a deer, coyote, squirrel, and hawk. For Gibson, these forms establish an important connection between where he lives and works in the Hudson Valley and Central Park, home to The Met. Additionally, Gibson is interested in rethinking our understanding of the non-human world, hoping to encourage newfound awareness and even empathy towards animal life. An interdisciplinary artist who grew up in the United States, Germany, and Korea, Gibson is a member of the Mississippi Band of Choctaw Indians and is of Cherokee descent. His expansive body of work ranges from hard-edged abstract paintings to performance and filmmaking and also includes significant contributions as a convener and curator. Gibson’s practice consistently reveals new possibilities. Drawing on a broad range of recurring sources, materials, and imagery, he often critiques the reductive ways Indigenous culture has been historically flattened and misappropriated. Gibson’s project for The Met’s Fifth Avenue facade is the sixth in a series of commissions for the historic exterior. Major support is provided by Oscar L. Tang and H.M. Agnes Hsu-Tang, the Director’s Fund, and Cynthia Hazen Polsky and Leon B. Polsky. Additional support is provided by Sarah Arison, Helen Lee-Warren and David Warren, and the Bronzini Vender Family. Additional fabrication support to the artist is provided by Hauser & Wirth.",https://www.metmuseum.org/exhibitions/the-facade-commission-jeffrey-gibson,"Found on the venue's ""past"" listing page. Also listed on the venue's ""past-2026"" page. Also listed on the venue's ""past-2026"" page. Also listed on the venue's ""past-2025"" page. Also listed on the venue's ""past-2025"" page. Also listed on the venue's ""past-2024"" page. Also listed on the venue's ""past-2024"" page."
met,Iba Ndiaye: Between Latitude and Longitude,2025-05-31,2026-05-31,"Between Latitude and Longitude constitutes the inaugural exhibition in the Michael C. Rockefeller Wing’s in-focus gallery, part of the complete major reenvisioning of The Met collection of African art. In celebration of the initiative, an artistic landmark work by Senegalese Modernist Iba Ndiaye (1928–2008), Tabaski III, a gift to The Met, is being ushered into the collection. Since the 1982 opening of the Rockefeller Wing, a canon of African Modernist painting has taken shape, and Ndiaye emerges consistently as a foundational figure of international importance, yet his contributions remain largely unknown outside Senegal. Born in Saint Louis to a Catholic mother and Muslim father, Ndiaye, upon his completion of a secondary education at the prestigious Lycée Faidherbe, left for France to pursue fine arts studies. On the eve of Senegal’s independence, he was summoned to Dakar by its first president, the poet and statesman Léopold Sédar Senghor, to establish a national school of fine arts. Tabaski III was painted upon his subsequent return to France in 1970, where he remained the rest of his career. Its subject is the Feast of Sacrifice, Eid al-Adha, known as Tabaski in Wolof, the second of the most important celebrations in Islam that honors the willingness of Abraham to sacrifice his son as an act of obedience to God’s command. With this depiction, Ndiaye selected a notable subject in the history of art that he boldly represented as experienced within a West African context. At the same time, he does so in a painterly idiom adopted from his careful study and embrace of European old master painting. A partnership between Met curators specializing in African art and European paintings, this presentation introduces the work in relation to the artist’s diverse source material from across The Met, an institution that was a source of profound inspiration. Among the selection are works by Rembrandt, Goya, Degas, Derain, and Bacon, along with key works of African sculpture,",https://www.metmuseum.org/exhibitions/iba-n-diaye-between-latitude-and-longitude,"Found on the venue's ""past"" listing page. Also listed on the venue's ""past-2026"" page. Also listed on the venue's ""past-2026"" page. Also listed on the venue's ""past-2025"" page. Also listed on the venue's ""past-2025"" page. Also listed on the venue's ""past-2024"" page. Also listed on the venue's ""past-2024"" page."
met,The Magical City: George Morrison’s New York,2025-07-17,2026-05-31,"Born in Chippewa City, a remote Native American village on the shore of Lake Superior in northern Minnesota, George Morrison (Wah-wah-ta-ga-nah-gah-boo and Gwe-ki-ge-nah-gah-boo, Grand Portage Chippewa, 1919–2000) overcame innumerable challenges—poverty, a life-threatening childhood illness, social isolation, racial and cultural barriers—to become a leader of the Abstract Expressionist movement, which he collaboratively defined both publicly and behind the scenes. Morrison’s influence as an abstract expressionist painter began in 1943 when he traveled from rural Minnesota to New York City to study at the Art Students League on a scholarship. Immersing himself in the city’s vibrant cultural scenes, he studied painting and drawing, contributed to numerous exhibitions and publications, and openly challenged the mainstream art establishment of his generation. In New York, Morrison formed meaningful connections with artists including Willem de Kooning, Franz Kline, Lois Dodd, and Louise Nevelson, among others. His deep appreciation for urban life—specifically, industrial landscapes, jazz, and literature—permanently shaped his artistic practice and imagery. This exhibition explores how Morrison’s aesthetic inspiration and future trajectory drew from his love of New York, which he called a “Magical City.” Featuring 25 of his most important paintings and drawings from this early period, the exhibition culminates in his Horizon series. It also features rare archival materials that place Morrison at the heart of the Abstract Expressionist movement in 1940s and 1950s New York.",https://www.metmuseum.org/exhibitions/the-magical-city-george-morrison-s-new-york,"Found on the venue's ""past"" listing page. Also listed on the venue's ""past-2026"" page. Also listed on the venue's ""past-2026"" page. Also listed on the venue's ""past-2025"" page. Also listed on the venue's ""past-2025"" page. Also listed on the venue's ""past-2024"" page. Also listed on the venue's ""past-2024"" page."
met,Filling in the Gaps: A Selection of Works by the 2026 Scholastic Art & Writing Awards New York City Gold Key Recipients,2026-03-28,2026-05-18,"This exhibition features more than 500 works of art and writing by New York City teens who received the highest regional recognition in the 2026 Scholastic Art & Writing Awards—the Gold Key Award. Presented by the Alliance for Young Artists & Writers, the Scholastic Awards are the longest-running and most prestigious recognition program for creative teens in the United States. This year, 4,000 teens in grades 7–12 entered more than 17,000 works, representing 200 schools in all five boroughs. The Alliance for Young Artists & Writers’ mission is to identify students with exceptional artistic and literary talent and present their visionary work to the world through opportunities for recognition, exhibition, publication, and scholarships. Former winners include artists Andy Warhol, Cy Twombly, Kay WalkingStick, and John Baldessari—all represented in The Met collection—as well as Tschabalala Self, Stephen King, José Parlá, Amanda Gorman, Charles White, and Joyce Carol Oates. To learn more about the Alliance for Young Artists & Writers and the Scholastic Art & Writing Awards, visit artandwriting.org or connect on Instagram @artandwriting and use #GoldKey.",https://www.metmuseum.org/exhibitions/the-celebration-2026-scholastic-art-and-writing-awards,"Found on the venue's ""past"" listing page. Also listed on the venue's ""past-2026"" page. Also listed on the venue's ""past-2026"" page. Also listed on the venue's ""past-2025"" page. Also listed on the venue's ""past-2025"" page. Also listed on the venue's ""past-2024"" page. Also listed on the venue's ""past-2024"" page."
met,Fanmania,2025-12-11,2026-05-12,"The hand-held fan was an unexpected muse for some of the most innovative artists in 19th-century Europe. Fans became hugely popular across many levels of society during this period, serving as functional and fashionable objects of adornment and communication. Well-known French Impressionists such as Edgar Degas and Camille Pissarro not only featured this feminine accessory in their work but also adopted it as an experimental format for their art. Fanmania investigates why avant-garde artists incorporated fans into their work and sheds light on themes of gender, courtship, consumerism, and appropriation. Artists were attracted to the semicircular form for myriad reasons, including fascination with fans from Asia and Spain, commercial ambition, and their interest in formal and technical innovation. Displaying more than 75 artworks from across The Met collection, this multimedia exhibition features painted and printed fans from Europe and Asia as well as artworks that depict women wielding fans to explore the phenomenon of “fanmania.”",https://www.metmuseum.org/exhibitions/fanmania,"Found on the venue's ""past"" listing page. Also listed on the venue's ""past-2026"" page. Also listed on the venue's ""past-2026"" page. Also listed on the venue's ""past-2025"" page. Also listed on the venue's ""past-2025"" page. Also listed on the venue's ""past-2024"" page. Also listed on the venue's ""past-2024"" page."
met,Chinese Painting and Calligraphy: Selections from the Collection,2025-11-22,2026-05-10,"The Met acquired its first Chinese painting in 1902. Since then, the Museum has added more than two thousand works of painting and calligraphy, building one of the most comprehensive collections in the world. Spanning fifteen hundred years of cultural production and featuring a variety of genres, techniques, and styles, The Met's collection has become a key resource for the study of Chinese painting and calligraphy. This exhibition presents a rich selection of works from the collection arranged in a largely chronological display. The final gallery tells the story of Wen C. Fong (1930–2018), chairman of the Museum’s Department of Asian Art from 1971 to 2000, and his teacher Li Jian (1881–1956). As a young calligraphy prodigy in Shanghai in the 1940s, Fong studied brush arts with Li. The display centers on a group of fans, painted and written by Li, that were intended to transmit the canonical models of the classical tradition from teacher to student. Brought to the United States in 1949 and treasured by the Fong family since then, these fans are presented publicly for the first time.",https://www.metmuseum.org/exhibitions/chinese-painting-and-calligraphy-selections-from-the-collection,"Found on the venue's ""past"" listing page. Also listed on the venue's ""past-2026"" page. Also listed on the venue's ""past-2026"" page. Also listed on the venue's ""past-2025"" page. Also listed on the venue's ""past-2025"" page. Also listed on the venue's ""past-2024"" page. Also listed on the venue's ""past-2024"" page."
met,View Finding: Selections from The Walther Collection,2025-10-28,2026-05-03,"The world looks different through a camera’s viewfinder—like a picture frame or a windowpane, it redirects the eye. In modern and contemporary photographs from an esteemed private collection, artists use the camera to navigate shifting terrain. Registering and reshaping environments in flux, they look anew at how we traverse them. When Artur Walther began to acquire photography, he aimed to expand the parameters of the field. Assembled over three decades and across five continents, his vast collection brings together a diverse group of makers—some celebrated and others still unknown. View Finding: Selections from The Walther Collection introduces his landmark gift of over 6,500 works and highlights the collection’s pioneering point of view. Presenting international perspectives on hyperlocal subjects, it showcases the camera as a tool for creativity and critique. With inventive eyes, the photographers in View Finding study the sidewalks of Nairobi and storefronts of Fifth Avenue. They search public parks from Tokyo to Tangier. In private bedrooms, parking lots, and other places easy to overlook, they focus in, finding—here and there—unlikely sites of self-reflection and social change.",https://www.metmuseum.org/exhibitions/view-finding-selections-from-the-walther-collection,"Found on the venue's ""past"" listing page. Also listed on the venue's ""past-2026"" page. Also listed on the venue's ""past-2026"" page. Also listed on the venue's ""past-2025"" page. Also listed on the venue's ""past-2025"" page. Also listed on the venue's ""past-2024"" page. Also listed on the venue's ""past-2024"" page."
met,Seeing Silence: The Paintings of Helene Schjerfbeck,2025-12-05,2026-04-05,"Beloved in Nordic countries for her highly original style, Finnish painter Helene Schjerfbeck (1862–1946) is relatively unknown to the rest of the world. Overcoming immense personal struggles and working in a remote location for decades, she produced a powerful body of work through sheer force of will. This exhibition affirms her rightful place in the story of modern art. Following Schjerfbeck’s journey from art school in Paris to her final days in Sweden, the exhibition illustrates her shift from traditional and realistic subjects to a simplified, spare style. In the early 1900s, using her mother and neighbors as models, she painted abstractly, paring down her subjects in form and color and developing a bold, new language. Seeing Silence: The Paintings of Helene Schjerfbeck is the first exhibition to showcase the work of the artist in a major United States museum. Featuring nearly 60 works—including generous loans from the Finnish National Gallery / Ateneum Art Museum, other Finnish museums, and private collections in Finland and Sweden—Seeing Silence illuminates Schjerfbeck as a valuable voice of modernism. This exhibition is organized by The Metropolitan Museum of Art in collaboration with the Finnish National Gallery / Ateneum Art Museum.",https://www.metmuseum.org/exhibitions/seeing-silence-the-paintings-of-helene-schjerfbeck,"Found on the venue's ""past"" listing page. Also listed on the venue's ""past-2026"" page. Also listed on the venue's ""past-2026"" page. Also listed on the venue's ""past-2025"" page. Also listed on the venue's ""past-2025"" page. Also listed on the venue's ""past-2024"" page. Also listed on the venue's ""past-2024"" page."
met,The Jousting Armor of Philip I of Castile,2023-05-11,2026-04-01,"Among the various mock combats fought by knights and noblemen in tournaments, the joust was one of the most spectacular. The joust of peace required highly specialized armor that was unsuited to any other use, and usually made by the greatest armorers due to the exceptional metalworking skills required. This special installation features an armor for the joust of peace of Philip I of Castile (1478–1506) on loan from the Imperial Armoury, Kunsthistorisches Museum Vienna. A rare example among surviving armors for its refined decoration, it is also remarkable in that it was intended for a teenager. Its owner Philip I became duke of Burgundy, count of Flanders, and the ruler of additional lands, albeit in name only, upon his birth. He began wearing armor when he was just six years old, and this one was made for training and participating in tournaments around the time that he turned 15, when he was declared ready to rule. Through marriage, Philip became king consort of Castile and the first member of the House of Habsburg to rule over Spanish territories. His jousting armors were key to shaping his public image of a capable leader.",https://www.metmuseum.org/exhibitions/the-jousting-armor-of-philip-i-of-castile,"Found on the venue's ""past"" listing page. Also listed on the venue's ""past-2026"" page. Also listed on the venue's ""past-2026"" page. Also listed on the venue's ""past-2025"" page. Also listed on the venue's ""past-2025"" page. Also listed on the venue's ""past-2024"" page. Also listed on the venue's ""past-2024"" page."
met,"Spectrum of Desire: Love, Sex, and Gender in the Middle Ages",2025-10-17,2026-03-29,"Set in the stunning atmosphere of The Met Cloisters, this exhibition explores the often-overlooked themes of desire, sexuality, and gender in the medieval past, a period of time when most artistic production served religious purposes. Desire in the Middle Ages was multifaceted. It could be courtly or carnal, sacred or subversive, and expressed as a kind of longing, suffering, or joy. Medieval artists could be both deeply serious and comical in their evocations of these feelings. Drawing on decades of scholarship, Spectrum of Desire opens up new ways of seeing the past through stirring works of art that inspire us to think more expansively about people who lived in the Middle Ages, their relationships, and the artworks they produced. Featuring more than fifty works—from gold jewelry and ivory sculptures to stained glass, illuminated manuscripts, and woven textiles—this exhibition showcases the richness of visual expression in western Europe from the 13th to the 15th century, drawing primarily from The Met collection. This exploration of the visual language of desire in its many forms invites us to reflect on our own ideas of love, identity, and kinship today. The exhibition is made possible by the Michel David-Weill Fund and Kathryn A. Ploss. The catalogue is made possible by the Michel David-Weill Fund and Nellie and Robert Gipson. Additional support is provided by Wendy A. Stein and Bart Friedman.",https://www.metmuseum.org/exhibitions/spectrum-of-desire-love-sex-and-gender-in-the-middle-ages,"Found on the venue's ""past"" listing page. Also listed on the venue's ""past-2026"" page. Also listed on the venue's ""past-2026"" page. Also listed on the venue's ""past-2025"" page. Also listed on the venue's ""past-2025"" page. Also listed on the venue's ""past-2024"" page. Also listed on the venue's ""past-2024"" page."
met,Emily Sargent: Portrait of a Family,2025-07-01,2026-03-08,"Emily Sargent’s watercolors—recently rediscovered—capture the world with a clarity and expressiveness that were all her own. This exhibition brings her luminous work into focus, situating it within the creative, complex world of the Sargent family. This unique presentation features watercolors by Emily Sargent (1857–1936), her older brother, renowned portraitist John Singer Sargent (1856–1925), and their mother, Mary Newbold Sargent (1826–1906). As the artistic family traveled seasonally through Europe, Mary encouraged her children’s creative aspirations. The siblings had a close relationship and often sketched and painted side by side. As John Singer Sargent’s bold portraits increasingly garnered critical attention, his younger sister Emily supported his career while building a body of work of her own that remained largely unseen. Drawn entirely from The Met collection, Emily Sargent: Portrait of a Family takes a close look at their art and explores how paths diverged for daughter and son, revealing the challenges women artists faced in the late 19th century. Intended as a complement to The Met’s Sargent and Paris, this exhibition celebrates the recent gift—from the artists’ heirs—of 26 Emily Sargent watercolors, which will be making their debut. This generous gift continues a long legacy of family giving that formed the foundation of the Museum’s extensive Sargent holdings. Emily Sargent: Portrait of a Family is made possible by the William P. Rayner Fund.",https://www.metmuseum.org/exhibitions/emily-sargent-portrait-of-a-family,"Found on the venue's ""past"" listing page. Also listed on the venue's ""past-2026"" page. Also listed on the venue's ""past-2026"" page. Also listed on the venue's ""past-2025"" page. Also listed on the venue's ""past-2025"" page. Also listed on the venue's ""past-2024"" page. Also listed on the venue's ""past-2024"" page. opening and closing date taken from the site's structured data, not its visible page."
met,Impressions of the Imagination: New Medieval Beasts in Print,2026-02-05,2026-03-03,"Snarling, prancing, prowling, and peeking out from stone and thread, animals both real and fantastical fill medieval art with energy and imagination. As part of The Met Cloisters’ commitment to serving neighbors in upper Manhattan, fifth-grade students from P.S. 48 P.O. Michael J. Buczek were invited to immerse themselves in this lively world of hybrid creatures and respond with beasts of their own invention. During two gallery visits, students studied the curves of a dragon’s tail, the proud stance of a griffin, and the shimmer of a unicorn’s tail woven into tapestries, taking careful note of how medieval artists used line, pattern, and material. Back in the classroom, students brought their ideas to life through printmaking that required layering textures and shapes to create bold, whimsical creatures, each one stamped with the imagination of its maker. The Met Cloisters gratefully acknowledges P.S. 48 art teacher Félix Portela, Met teaching artist Pamela Lawton, and the entire P.S. 48 community for their support of this program.",https://www.metmuseum.org/exhibitions/impressions-of-the-imagination-new-medieval-beasts-in-print,"Found on the venue's ""past"" listing page. Also listed on the venue's ""past-2026"" page. Also listed on the venue's ""past-2026"" page. Also listed on the venue's ""past-2025"" page. Also listed on the venue's ""past-2025"" page. Also listed on the venue's ""past-2024"" page. Also listed on the venue's ""past-2024"" page."
met,The Brooklyn Bridge Up Close,2025-12-08,2026-02-22,"Before the Brooklyn Bridge became an iconic symbol of New York City, it was a bold idea sketched on paper. With 11,000 drawings stored in the city’s Municipal Archives, its construction is one of the most thoroughly documented engineering projects of the 19th century. Met experts examined a selection of these extraordinary studies through The Met’s Scientific Research Partnerships program—a grant-funded initiative that provides free scientific support to art institutions nationwide. The Brooklyn Bridge Up Close presents seven of these impressive drawings for the first time in forty years, spotlighting the multiyear collaboration between The Met and the Municipal Archives as well as the Museum’s ongoing commitment to sharing resources with New York City institutions. Designed by German engineer John A. Roebling (1806–1869), a pioneer in steel-wire rope technology used for suspension bridges, the Brooklyn Bridge was completed in 1883 by his son, Washington A. Roebling (1837–1926), with help from skilled assistants. After Washington became ill, his wife, Emily Warren Roebling (1843–1903), took over supervision of the project and played a crucial role in its success. The Brooklyn Bridge Up Close offers fresh insights into the physical properties of these monumental drawings, informing future conservation treatments. It also highlights science’s vital role in uncovering new narratives and providing unprecedented access to artists’ creative processes. This special installation is made possible by the Mellon Foundation.",https://www.metmuseum.org/exhibitions/the-brooklyn-bridge-up-close,"Found on the venue's ""past"" listing page. Also listed on the venue's ""past-2026"" page. Also listed on the venue's ""past-2026"" page. Also listed on the venue's ""past-2025"" page. Also listed on the venue's ""past-2025"" page. Also listed on the venue's ""past-2024"" page. Also listed on the venue's ""past-2024"" page."
met,Colorful Korea: The Lea R. Sneider Collection,2024-12-02,2026-02-16,"Over the course of forty years, Lea R. Sneider (1925–2020) formed a significant collection of Korean art that challenged established norms. While appreciating literati art, she was particularly drawn to lively and colorful forms connected to everyday life, resulting in a diverse collection that illustrates Korea’s vibrant material culture. This exhibition features a substantial gift and loans from the Lea R. Sneider Collection, generously provided by her children. Through approximately 100 pieces from the fifth century to the present, including paintings, ceramics, furniture, textiles, and funerary and ritual objects, the exhibition highlights the pervasiveness of auspicious symbolism and the unpretentious dynamism in Korean art. Sneider has said that the works reflect the vitality and warmth of the people who engaged with them, a sentiment that her collection, with its emphasis on cultural and everyday relevance, underscores. During the exhibition, a selection of artworks will come off view and be replaced by new works: Rotation 1: December 2, 2024–July 20, 2025 Rotation 2: July 26, 2025–February 15, 2026 The exhibition is made possible by the Ministry of Culture, Sports and Tourism of the Republic of Korea (MCST).",https://www.metmuseum.org/exhibitions/colorful-korea,"Found on the venue's ""past"" listing page. Also listed on the venue's ""past-2026"" page. Also listed on the venue's ""past-2026"" page. Also listed on the venue's ""past-2025"" page. Also listed on the venue's ""past-2025"" page. Also listed on the venue's ""past-2024"" page. Also listed on the venue's ""past-2024"" page."
met,Witnessing Humanity: The Art of John Wilson,2025-09-20,2026-02-08,"For over six decades, the American artist John Wilson (1922–2015) made powerful and poetic works that captured his life as a Black American artist and his ongoing quest for racial, social, and economic justice. Wilson's art reflected on and responded to the turbulent times in which he lived. His subjects included racial violence, labor, the writings of Richard Wright, the Civil Rights Movement, street scenes, and intimate images of family life, with a particular focus on fatherhood. Despite the power of his art and the continuing relevance of the themes he explored, Wilson’s work has not received the recognition it deserves. Working in a figurative style, Wilson sought to portray what he called “a universal humanity.” While still a teenager, he was struck by the absence of positive representations of Black Americans and their experiences in both museums and popular culture. To counter such prejudices and omissions, Wilson put the experiences of Black Americans at the center and created images that portrayed dignity and strength. The exhibition features over 100 artworks made over the course of Wilson’s career, many of which have not been shown before. The exhibition begins with work he made while in art school in Boston, where his subjects included the horrors of Nazi Germany and American racial violence, as well as portraits of his family and neighborhood. It continues through his time in Paris, Mexico City, and New York, capturing the humanity and scope of Wilson’s art. The exhibition concludes with Wilson’s return to Boston and his focus on portraiture. Included are maquettes and works on paper for two of Wilson’s most celebrated works—his sculpture of Dr. Martin Luther King Jr. at the U.S. Capitol and the monumental sculpture Eternal Presence. Witnessing Humanity will be the largest exhibition of Wilson's work and the artist's first solo museum show in New York. Visitors will see superb examples of Wilson’s paintings, prints, drawings, and sculpture, as well as",https://www.metmuseum.org/exhibitions/witnessing-humanity-the-art-of-john-wilson,"Found on the venue's ""past"" listing page. Also listed on the venue's ""past-2026"" page. Also listed on the venue's ""past-2026"" page. Also listed on the venue's ""past-2025"" page. Also listed on the venue's ""past-2025"" page. Also listed on the venue's ""past-2024"" page. Also listed on the venue's ""past-2024"" page."
met,Man Ray: When Objects Dream,2025-09-14,2026-02-01,"American artist Man Ray (1890–1976) was a visionary known for his radical experiments that pushed the limits of photography, painting, sculpture, and film. In the winter of 1921, he pioneered the rayograph, a new twist on a technique used to make photographs without a camera. By placing objects on or near a sheet of light-sensitive paper, which he exposed to light and developed, Man Ray turned recognizable subjects into wonderfully mysterious compositions. Introduced in the period between Dada and Surrealism, the rayographs’ transformative, magical qualities led the poet Tristan Tzara to describe them as capturing the moments “when objects dream.” The exhibition will be the first to situate this signature accomplishment in relation to Man Ray’s larger body of work of the 1910s and 1920s. Drawing from the collections of The Met and more than 50 U.S. and international lenders, the exhibition will feature approximately 60 rayographs and 100 paintings, objects, prints, drawings, films, and photographs—including some of the artist’s most iconic works—to highlight the central role of the rayograph in Man Ray’s boundary-breaking practice. “Before my eyes an image began to form, not quite a simple silhouette of the objects as in a straight photograph, but distorted and refracted … In the morning I examined the results, pinning a couple of the Rayographs—as I decided to call them—on the wall. They looked startlingly new and mysterious.” — Man Ray The exhibition is made possible by the Barrie A. and Deedee Wigmore Foundation. Major funding is provided by Linda Macklowe, the Horace W. Goldsmith Foundation, The Daniel and Estrellita Brodsky Foundation, The International Council of The Metropolitan Museum of Art, Andrea Krantz and Harvey Sawikin, and Schiaparelli. Additional support is provided by the Vanguard Council.",https://www.metmuseum.org/exhibitions/man-ray-when-objects-dream,"Found on the venue's ""past"" listing page. Also listed on the venue's ""past-2026"" page. Also listed on the venue's ""past-2026"" page. Also listed on the venue's ""past-2025"" page. Also listed on the venue's ""past-2025"" page. Also listed on the venue's ""past-2024"" page. Also listed on the venue's ""past-2024"" page."
met,Celebrating the Year of the Snake,2025-01-11,2026-02-01,"The traditional East Asian lunar calendar consists of a repeating twelve-year cycle, with each year corresponding to one of the twelve animals in the Chinese zodiac. The association of these creatures with the Chinese calendar began in the third century BCE and became firmly established by the first century CE. The twelve animals are, in sequence: rat, ox, tiger, rabbit, dragon, snake, horse, ram, monkey, rooster, dog, and pig. Each is believed to embody certain traits that are manifested in the personalities of people born in that year. January 29, 2025, marks the beginning of the Year of the Snake, a creature characterized as alert, calm, and smart. Celebrating the Year of the Snake presents a remarkable selection of works drawn from the Museum’s collection illustrating the significant role that the snake plays in Chinese culture, including a 3,000-year-old bronze ritual vessel with a spout formed by joined snakes’ heads, a 13th-century pottery figure of a mischievously smiling snake, and an 18th-century exquisitely painted porcelain cup portraying a scene from the “Legend of the White Snake,” a popular folktale of love and romance between humans and fantastic creatures.",https://www.metmuseum.org/exhibitions/celebrating-the-year-of-the-snake,"Found on the venue's ""past"" listing page. Also listed on the venue's ""past-2026"" page. Also listed on the venue's ""past-2026"" page. Also listed on the venue's ""past-2025"" page. Also listed on the venue's ""past-2025"" page. Also listed on the venue's ""past-2024"" page. Also listed on the venue's ""past-2024"" page."
met,Casa Susanna,2025-07-21,2026-01-25,"Casa Susanna brings together photographs and publications created by and for a community of cross-dressers who met regularly in New York City and the Catskill Mountains throughout the 1960s. Two modest resorts run by Susanna Valenti and her wife, Marie Tornell, provided safe spaces for guests to freely cross-dress en femme during an era of strictly defined gender roles. They used the camera to create and affirm their femme identities, exchanging photographs at gatherings or sharing them by mail. These snapshots—some candid, others playfully performative—were rediscovered at a Manhattan flea market in 2004 and have come to be known as the Casa Susanna photographs. The exhibition also features issues of Transvestia, an underground magazine that published the photographs along with fiction, poetry, makeup and clothing advice, and autobiographical essays by members of the community. During this period, most cross-dressers lived in isolation and shame. The exhibition presents new research into the double lives cross-dressers led as married men with established careers. The photographs also bring to light the type of woman they aimed to embody—such as the “girl next door,” the respectable housewife, the matron—a middle-class ideal of femininity that was both liberating and limiting. Casa Susanna offers insight into a significant pre-Stonewall cross-dressing scene, inviting visitors to understand this world and its connection to the lives of transgender people today. The exhibition is organized by the Art Gallery of Ontario and Les Rencontres d’Arles in collaboration with The Metropolitan Museum of Art. The exhibition is made possible by The Robert Mapplethorpe Foundation, Inc.",https://www.metmuseum.org/exhibitions/casa-susanna,"Found on the venue's ""past"" listing page. Also listed on the venue's ""past-2026"" page. Also listed on the venue's ""past-2026"" page. Also listed on the venue's ""past-2025"" page. Also listed on the venue's ""past-2025"" page. Also listed on the venue's ""past-2024"" page. Also listed on the venue's ""past-2024"" page."
met,Divine Egypt,2025-10-12,2026-01-19,"In ancient Egypt, images of gods weren’t just images—they brought the gods to life. Egyptians believed that it was through their depictions in tombs, temples, and shrines that the deities could enter sacred spaces and become active participants in rituals, offering a vital connection between the human and divine worlds. Over Egypt’s long history, its belief system grew to include more than 1,500 gods with many overlapping forms and traits. Subtle visual cues like what a figure wore, how they posed, or the symbols they carried helped identify them and their roles. Divine Egypt brings together almost 250 works of art and objects, many of them on loan from institutions such as the Museum of Fine Arts, Boston, the Musée du Louvre, Paris, and the Ny Carlsberg Glyptotek, Copenhagen, to examine the imagery associated with the most important deities in ancient Egypt’s massive body of gods. Depictions of the stately falcon-headed Horus, the lion-headed Sakhmet, and the serene, shrouded Osiris reveal the striking ways the kings and people of ancient Egypt recognized and interacted with their gods. While the king had a daily direct relationship with the gods in the inner sanctuaries of great temples, people without such access found ways to connect with their gods through rituals, offerings, and objects of private devotion. This immersive look at how deities were depicted reveals the many roles they played in people’s lives, providing them with meaning in front of life’s uncertainties and the permanence of death. The exhibition is made possible by The John A. Moran Charitable Trust. Additional support is provided by the Kelekian Fund, Dorothy and Lewis B. Cullman, Alaina and Stirling Larkin, and Norby Anderson. The catalogue is made possible by the Kelekian Fund. Additional support is provided by Patricia A. Cotti.",https://www.metmuseum.org/exhibitions/divine-egypt,"Found on the venue's ""past"" listing page. Also listed on the venue's ""past-2026"" page. Also listed on the venue's ""past-2026"" page. Also listed on the venue's ""past-2025"" page. Also listed on the venue's ""past-2025"" page. Also listed on the venue's ""past-2024"" page. Also listed on the venue's ""past-2024"" page."
met,Christmas Tree and Neapolitan Baroque Crèche,2025-11-25,2026-01-06,"The Met continues a longstanding holiday tradition with the presentation of its Christmas tree. The magnificently lit, twenty-foot blue spruce looms over a vivid eighteenth-century Neapolitan Nativity scene, surrounded by an abundant array of lifelike figures with silk-robed angels hovering above. The scene describes in detail the Mediterranean harbor town's multicultural population. The installation is set in front of the eighteenth-century Spanish choir screen from the Cathedral of Valladolid in the Museum's Medieval Sculpture Hall. Please note: There are no tree-lighting ceremonies scheduled this year. The exhibit of the crèche is made possible by the Loretta Hines Howard Fund.",https://www.metmuseum.org/exhibitions/christmas-tree-and-neapolitan-baroque-creche-2025,"Found on the venue's ""past"" listing page. Also listed on the venue's ""past-2026"" page. Also listed on the venue's ""past-2026"" page. Also listed on the venue's ""past-2025"" page. Also listed on the venue's ""past-2025"" page. Also listed on the venue's ""past-2024"" page. Also listed on the venue's ""past-2024"" page."
met,Ganesha: Lord of New Beginnings,2022-11-19,2026-01-04,"Ganesha, the son of Shiva and Parvati, is a Brahmanical (Hindu) diety known to clear a path to the gods and remove obstacles in everyday life. He is loved by his devotees (bhakti) for his many traits, including his insatiable appetite for sweet cakes and his role as a dispenser of magic, surprise, and laughter. However, Ganesha is also the lord of ganas (nature deities) and can take on a fearsome aspect in this guise. The seventh- to twenty-first-century works in this exhibition trace his depiction across the Indian subcontinent, the Himalayas, and Southeast Asia. Featuring 24 works across sculptures, paintings, musical instruments, ritual implements, and photography, the exhibition emphasizes the vitality and exuberance of Ganesha as the bringer of new beginnings. The exhibition is made possible by the Florence and Herbert Irving Fund for Asian Art Exhibitions. During the exhibition, a selection of artworks will come off view and be replaced by new works: Rotation 1: November 19, 2022–June 11, 2023 Rotation 2: June 17, 2023–June 11, 2024 Rotation 3: June 13, 2024–January 4, 2026",https://www.metmuseum.org/exhibitions/ganesha,"Found on the venue's ""past"" listing page. Also listed on the venue's ""past-2026"" page. Also listed on the venue's ""past-2026"" page. Also listed on the venue's ""past-2025"" page. Also listed on the venue's ""past-2025"" page. Also listed on the venue's ""past-2024"" page. Also listed on the venue's ""past-2024"" page."
met,Español,,,,https://www.metmuseum.org/es/exhibitions/past,"Found on the venue's ""past"" listing page. Also listed on the venue's ""past-2026"" page. Also listed on the venue's ""past-2025"" page. Also listed on the venue's ""past-2024"" page. No description could be found on this exhibition's own page. No closing date found anywhere on the venue's pages."
met,Português,,,,https://www.metmuseum.org/pt/exhibitions/past,"Found on the venue's ""past"" listing page. Also listed on the venue's ""past-2026"" page. Also listed on the venue's ""past-2025"" page. Also listed on the venue's ""past-2024"" page. No description could be found on this exhibition's own page. No closing date found anywhere on the venue's pages."
met,Français,,,,https://www.metmuseum.org/fr/exhibitions/past,"Found on the venue's ""past"" listing page. Also listed on the venue's ""past-2026"" page. Also listed on the venue's ""past-2025"" page. Also listed on the venue's ""past-2024"" page. No description could be found on this exhibition's own page. No closing date found anywhere on the venue's pages."
met,Italiano,,,,https://www.metmuseum.org/it/exhibitions/past,"Found on the venue's ""past"" listing page. Also listed on the venue's ""past-2026"" page. Also listed on the venue's ""past-2025"" page. Also listed on the venue's ""past-2024"" page. No description could be found on this exhibition's own page. No closing date found anywhere on the venue's pages."
met,Deutsch,,,,https://www.metmuseum.org/de/exhibitions/past,"Found on the venue's ""past"" listing page. Also listed on the venue's ""past-2026"" page. Also listed on the venue's ""past-2025"" page. Also listed on the venue's ""past-2024"" page. No description could be found on this exhibition's own page. No closing date found anywhere on the venue's pages."
met,日本語,,,,https://www.metmuseum.org/ja/exhibitions/past,"Found on the venue's ""past"" listing page. Also listed on the venue's ""past-2026"" page. Also listed on the venue's ""past-2025"" page. Also listed on the venue's ""past-2024"" page. No description could be found on this exhibition's own page. No closing date found anywhere on the venue's pages."
met,한국어,,,,https://www.metmuseum.org/ko/exhibitions/past,"Found on the venue's ""past"" listing page. Also listed on the venue's ""past-2026"" page. Also listed on the venue's ""past-2025"" page. Also listed on the venue's ""past-2024"" page. No description could be found on this exhibition's own page. No closing date found anywhere on the venue's pages."
met,中文 (简体),,,,https://www.metmuseum.org/zh/exhibitions/past,"Found on the venue's ""past"" listing page. Also listed on the venue's ""past-2026"" page. Also listed on the venue's ""past-2025"" page. Also listed on the venue's ""past-2024"" page. No description could be found on this exhibition's own page. No closing date found anywhere on the venue's pages."
met,Pусский,,,,https://www.metmuseum.org/ru/exhibitions/past,"Found on the venue's ""past"" listing page. Also listed on the venue's ""past-2026"" page. Also listed on the venue's ""past-2025"" page. Also listed on the venue's ""past-2024"" page. No description could be found on this exhibition's own page. No closing date found anywhere on the venue's pages."
morgan,[current page],,,,https://www.themorgan.org/exhibitions/current,"The venue's ""current"" listing page could not be read: the venue’s site refused us (HTTP 403). Marker row, not an exhibition."
morgan,[upcoming page],,,,https://www.themorgan.org/exhibitions/upcoming,"The venue's ""upcoming"" listing page could not be read: the venue’s site refused us (HTTP 403). Marker row, not an exhibition."
morgan,[past page],,,,https://www.themorgan.org/exhibitions/past,"The venue's ""past"" listing page could not be read: the venue’s site refused us (HTTP 403). Marker row, not an exhibition."
