venue_code,title,start_date,end_date,summary,url,notes
artic,Mary Cassatt: After Impressionism,2026-09-06,2027-01-03,"“I began to think it would be great fun to do something I had never done before … I would not give up the idea for any thing.” —Cassatt on her decision to paint a monumental mural for the World’s Fair in Chicago, 1892 After training in Philadelphia in the early 1860s, Cassatt traveled to Europe largely on her own to study with noted teachers and experience the continent’s traditional and modern art firsthand. In 1877 she made the daring decision to join the French Impressionists—the only American to exhibit with them. It was in the years following the eighth and final Impressionist group show in 1886 that Cassatt produced some of her most innovative—and now celebrated—compositions. Marking the centennial of her death, Mary Cassatt: After Impressionism examines her paintings, pastels, and prints of this pivotal period when she took her art making in new directions. Learn everything you need to know about visiting Mary Cassatt: After Impressionism—from who needs a ticket to how to join the virtual line. In the prime years of her career—the late 1880s through the early 1900s—Cassatt pursued ambitious and experimental work, exploring the theme of mothers and caretakers with children, creating complex color prints, and undertaking an unprecedented mural commission for the 1893 World’s Columbian Exposition in Chicago.",https://www.artic.edu/exhibitions/10487/mary-cassatt-after-impressionism,"Found on the venue's ""current"" listing page. Also listed on the venue's ""upcoming"" page. Also listed on the venue's ""past 2026"" page. Also listed on the venue's ""past 2025"" page. Also listed on the venue's ""past 2024"" page. Also listed on the venue's ""past 2023"" page. Also listed on the venue's ""past p2 2026"" page. Also listed on the venue's ""past p2 2025"" page. Also listed on the venue's ""past p2 2024"" page. Also listed on the venue's ""past p2 2023"" page."
artic,Willem de Kooning Drawing,2026-06-14,2026-09-20,"Willem de Kooning (1904–1997) was one of the most celebrated and prolific draftsmen of the 20th century. Willem de Kooning Drawing is the first exhibition to examine the expansive drawing practice of this renowned American artist who immigrated to New York from the Netherlands at the age of 22. While many Art Institute visitors may be familiar with de Kooning’s monumental painting Excavation (1950), a cornerstone of our collection, this exhibition marks the first solo presentation of the artist’s work at our museum since 1969. Learn everything you need to know about visiting Willem de Kooning Drawing—from who needs a ticket to how to listen to the audio tour. This major gathering of works from across the globe reveals how the act of drawing was foundational to de Kooning’s entire artistic process and production—his paintings, sculptures, and printmaking, as well as his drawings—and showcases the totality of his graphic production, from his earliest existing works to his late calligraphic paintings.",https://www.artic.edu/exhibitions/9993/willem-de-kooning-drawing,"Found on the venue's ""current"" listing page."
artic,Lee Miller: Fearless,2026-08-29,2026-12-07,"“It was a matter of getting out on a damn limb and sawing it off behind you.” This memorable phrase is how Lee Miller—by turns a fashion model, magazine photographer, studio operator, Surrealist innovator, international adventurer, and battlefield correspondent—summed up her approach to life and creativity. Lee Miller: Fearless is the first comprehensive survey of her photographs in more than 25 years and gathers together the major episodes of her singular career. Miller was born in Poughkeepsie, New York, in 1907. Intrepid from the first, she moved to Paris at barely 20 years old, simultaneously seeking work in front of and behind the camera. She pioneered Surrealist techniques and broached daring sexual subjects with a readiness that magnetized experimental artists and fashion editors alike. Miller excelled at portraiture as well and pictured a range of cultural figures in the 1930s, most of them personal friends, from Charlie Chaplin to Pablo Picasso. By age 30 Miller had run commercial studios on both sides of the Atlantic; taken a star turn in art cinema and become an haute couture icon; and moving on from Paris to Cairo, influenced Egyptian modern art while reinvigorating her own work through travels in Egypt’s deserts.",https://www.artic.edu/exhibitions/10521/lee-miller-fearless,"Found on the venue's ""current"" listing page."
artic,Beyond Form: Abstraction at Midcentury,2026-06-27,2026-10-19,"Featuring 65 artists from more than 23 countries, this exhibition explores how abstraction emerged as a powerful visual language between 1940 and 1970, a period of global upheaval and transformation. While abstraction allowed artists across the world to move beyond realism to convey complex emotions, ideas, and experiences, it was not a singular movement. There was no one reason artists turned to abstraction, no one abstract technique or style. The impulses, methods, and resulting artworks were wildly divergent. Many artists responded to shifting social and political climates by employing materials in unexpected and, at times, deliberately destructive ways. Processes such as burning, tearing, folding, and layering embraced chance and resisted categorization. Others drew inspiration from their natural and built environments as they sought to ground themselves after the instability wrought by World War II. Some artists explored language, breaking characters and letters into illegible symbols, responding to the inability to communicate the horrors of war and through a lens of cultural exchange. As artists moved across the globe—whether through forced exile or voluntary travel for education—they formed groups to develop innovative techniques and exchange ideas. Among these groups were Gutai in Japan, Atelier 17 in Paris and New York, Tamarind Lithography Workshop in California, ZERO in Germany, and Grupo Frente in Brazil. Confronting censorship, inequality, and displacement, artists turned to abstraction as a means of practicing freedom of expression in the face of oppression and making sense of wartime atrocities.",https://www.artic.edu/exhibitions/10694/beyond-form-abstraction-at-midcentury,"Found on the venue's ""current"" listing page."
artic,"Self, Made: Fourteen Modern Artists from the Richard and Ellen Sandor Family Collection",2026-06-25,2026-11-09,"This exhibition tells stories of self-invention in photography, drawing, and sculpture, most of them from artists working beyond the gallery and museum system that typically validates creative work. The artworks gathered reflect the egalitarian, broad-minded vision of Richard and Ellen Sandor, who in 1978 moved into a spacious, historic apartment in Chicago with—to quote from the book that accompanies this exhibition—“two kids in tow, a photograph by Walker Evans, and a sculpture by Rodin. And not a stick of furniture.” Prodigious art collectors alongside their day jobs as economist (Richard) and artist (Ellen), the Sandors progressively filled their walls with a remarkable constellation of works: historical and contemporary, celebrated and overlooked, exalted and humble. They prized innovation and, above all, individuality—makers with a strong sense of self. “Outsider” artists —a loose and controversial category—quickly came to the Sandors’ attention through Chicago gallerists and James Zanzi, a professor at the School of the Art Institute with whom Ellen had studied. Examples by William Edmondson, Lee Godie, Martín Ramírez, and others included in the show helped to spur lively discussions about innovation and artistic recognition that the Sandors held in a room they dubbed the “Outsiders’ Café.” The Sandors also closely followed the careers of Cindy Sherman and Kara Walker, convinced of their critical talent and committed to supporting art by women and people of color. Sherman and Walker, along with filmmaker John Waters and French installation artist Annette Messager, add perspectives from the center of the established art world, but like many of the “outsider” artists the Sandors collected, they saw value in what Messager called “worthless art,” using television, campy provocation, glossy magazines, or flea-market mirrors as references or source material.",https://www.artic.edu/exhibitions/10587/self-made-fourteen-modern-artists-from-the-richard-and-ellen-sandor-family-collection,"Found on the venue's ""current"" listing page."
artic,Abigail Lucien: Blood of the Earth,2026-06-18,2027-01-25,"In Blood of the Earth, Haitian American artist Abigail Lucien explores the ways that iron connects us to histories, the material world, and each other. Lucien’s artistic practice has long focused on iron—a mineral born from the explosion of stars that forms the molten core of the Earth and is essential to human life. Not only does iron course through our blood, but it also permeates the world around us—in everyday objects, technologies, and the built environment. Iron shape-shifts across terrestrial and celestial scales, and with this exhibition, Lucien probes its narrative and social potential. In the Caribbean, ornate iron gates and grilles adorn ordinary buildings, and in Africa, the iron forge is considered a sacred space of creation. In their sculptural works, Lucien sustains these lineages of artistry and expression, engaging processes, typologies, and iconography that acknowledge craft traditions and diasporic experience. For their solo exhibition Blood of the Earth, Lucien presents a series of new sculptural works in an immersive installation, conceived as a speculative space of creation and possibility. These objects include a furnace, bellows, anvil, and other tools that evoke an active metalsmithing workshop animated by the life force of iron. Iron becomes malleable and viscous when heated and can be forged, welded, and poured into molds. It can also be etched through chemical treatment and turned into steel by adding carbon. These transformative processes—which Lucien used to create the objects on view—embody the adaptability and transitory nature of belonging.",https://www.artic.edu/exhibitions/10693/abigail-lucien-blood-of-the-earth,"Found on the venue's ""current"" listing page."
artic,Embroidered Traditions from Morocco to Afghanistan,2026-05-02,2027-01-25,"In the textiles of Southwest Asia and North Africa, embroidery is more than surface decoration. In this region, known as SWANA, artists have used, and continue to use, centuries-old embellishment techniques to transmit cultural expressions of identity, status, and long-held belief systems. Cultural groups throughout the region wear layers of dress and adornment to protect their bodies physically and spiritually. Garments and household items are ornamented with valuable materials that function as wearable wealth, including symbolic motifs and designs constructed with coins, thread, beads, amulets, ornaments, and jewelry. The vast area that spans from Morocco and Algeria in the west to Afghanistan and Uzbekistan in the east is connected by millennia-old trade networks. The works presented reveal pathways of deep cultural exchange shaped by diverse landscapes—from mountains and deserts to seas—along with the movement of nomadic peoples and the spread and interweaving of multiple religious traditions and urban fashions. Embroidered Traditions from Morocco to Afghanistan is the first exhibition at the Art Institute of Chicago devoted exclusively to the artistic and cultural traditions of SWANA and spectacularly showcases the region’s distinctive beauty and iconic visual expressions. Drawn primarily from the Art Institute’s rich collection of textiles, jewelry, and adornment, this display presents over 70 works from the 18th through 20th century—most of which have never been exhibited publicly—including four rare face veils on loan from a private collector based in Riyadh, Saudi Arabia.",https://www.artic.edu/exhibitions/10585/embroidered-traditions-from-morocco-to-afghanistan,"Found on the venue's ""current"" listing page."
artic,Raqib Shaw: Paradise Lost,2025-06-07,2026-11-15,"Epic and intricate, monumental and meticulous—the paintings of Kashmir-raised, London-based artist Raqib Shaw offer fantastical meditations on identity, transformation, and the redemptive power of beauty. Born in Calcutta and raised in the verdant Himalayan mountains of Kashmir, Shaw draws deeply on the landscapes and memories of his early life, many of which were fractured by political upheaval. Forced to leave Kashmir as a teenager, he relocated first to New Delhi and later to London, where he studied at Central Saint Martins College of Art and Design. His work is influenced by a broad range of sources—Mughal and Persian miniatures, Renaissance altarpieces, Old Masters paintings, Japanese arts of the Momoyama period, Kashmiri and Urdu poetry, and Hindu and Western mythology—and yet his visual vocabulary and technique are all his own. His signature method involves applying an acrylic liner on gesso to create a golden line almost like the leading of a stained glass window. He then applies automobile enamel paints with needle-fine syringes and manipulates those with a porcupine quill, often adding glittering inset stones and baubles that further enhance the magical and dreamlike quality of the depicted scenes.",https://www.artic.edu/exhibitions/10569/raqib-shaw-paradise-lost,"Found on the venue's ""current"" listing page."
artic,Edgar Calel: Corn Mountain of Life (Ixim Juyu K’aslem),2026-05-02,2026-09-13,"Guatemala-born artist Edgar Calel works closely with materials, rituals, and techniques from his Maya-Kaqchikel family and community. For Calel, rather than an expression of individuality, art is a way to pass down knowledge and understanding through generations, amplifying long historical traditions and communal bonds. At its heart, his work honors the idea that knowledge is shared, not owned. Calel often uses recycled or readily available supplies, echoing how people build in his community. On the Bluhm Family Terrace, Calel presents a hut made from recycled materials, similar to the practical shelters common in the countryside near his home. In Kaqchikel, the artist’s first language, these huts are called K’ojay, which translates to “we have a house” or “we have a future.” Families often place these huts near fields or gardens to store tools, the season’s harvest, and firewood for the colder months—items to sustain life throughout the course of the year. Inside the structure, Calel has placed a sculpture of a turtle with corn breaking through its shell. In Maya cosmology, the turtle, with its rounded shell, represents the earth and its time cycles, and corn not only symbolizes the element from which humanity was first formed but also is the central sustaining force of Maya life. On the outside, a mountain of ceramic corn implies abundance and security.",https://www.artic.edu/exhibitions/10586/edgar-calel-corn-mountain-of-life-ixim-juyu-kaslem,"Found on the venue's ""current"" listing page."
artic,Jitish Kallat: Public Notice 3,2024-09-09,2026-09-14,"Jitish Kallat’s site-specific installation, Public Notice 3, returns to the Art Institute of Chicago’s Grand Staircase this fall after a 14-year hiatus. Initially unveiled on September 11, 2010, the work connects two significant historical events separated by 108 years: the First World’s Parliament of Religions which began on September 11, 1893, and the terrorist attacks on the World Trade Center and the Pentagon on September 11, 2001. At the earlier event, the World Parliament of Religions, held in an auditorium that encompassed the area that today includes both the museum’s Fullerton Hall and Woman’s Board Grand Staircase, a young Hindu monk, Swami Vivekananda electrified audiences with a powerful speech calling for an end to religious fundamentalism, intolerance, and bigotry. This very speech forms the basis of Kallat’s work, as the staircase risers are illuminated by Vivekananda’s words in five alternating colors—red, orange, yellow, blue, and green. These colors, borrowed from the decade-long advisory system of the US Department of Homeland Security following the attacks of 9/11, formed a spectrum denoting terrorism threat levels—from red for severe to green for low. Kallat transforms this motif of public vigilance into a radiant signal, reflecting Swami Vivekananda’s timeless and urgent plea for tolerance and universal acceptance. Hear from the artist in this conversation with curator Madhuvanti Ghose, conducted at the museum on September 12, 2024.",https://www.artic.edu/exhibitions/10453/jitish-kallat-public-notice-3-2,"Found on the venue's ""current"" listing page."
artic,Jill Mulleady: The Passenger,2026-09-19,2027-01-18,"Jill Mulleady paints by breathing new life into unseen histories. Drawing from art-historical, cinematic, and literary sources, her memorable images can haunt the viewer long after encountering them. This exhibition—Mulleady’s first solo show at a major museum—brings together approximately 20 paintings by the artist. Mulleady uses various methods including staining, and at times incorporating materials such as copper, to achieve fragile, luminous surfaces that feel impossibly thin yet visually deep, holding tension between flatness and depth. Not limited to canvas or linen, she employs a range of supports, including glass and velvet. The resultant works balance different degrees of transparency and opacity and can be looked at and, sometimes, seen through. Mulleady’s paintings often depict scenes that are enigmatic and dangerous, showing figures at risk or under threat—from appetite, predation, or compulsion. While these ambiguous scenes may imply narratives, they likewise refuse tidy resolutions. Her imagery draws actively on painting lineages—allegory and the Baroque, Symbolist unease, the grotesque—recasting genres and canonical images for the present. In contrast to the purity and rationality of 20th-century modernism, Mulleady prioritizes a tradition in which chaos, instinct, and history drive art making.",https://www.artic.edu/exhibitions/10588/jill-mulleady-the-passenger,"Found on the venue's ""upcoming"" listing page."
artic,Tony Cokes: On Boredom,2026-10-03,2027-03-14,"Tony Cokes works with appropriated text from various sources, including popular music, mass media, and historical and theoretical writing, and remixes it into video, signs, lightboxes, and billboards. Composed of vibrant colors and often set to music, Cokes’s work subverts the language that shapes contemporary life and culture to draw out new meanings and sensations. For his first public outdoor presentation in Chicago, Cokes presents a two-part installation on the Art Institute’s Bluhm Family Terrace. The terrace windows facing Millennium Park become a billboard—viewable from across the street and the park below—with the phrase “Let yourself be free,” drawn from Aretha Franklin’s 1968 recording of “Think.” Franklin frequently visited and sang in Chicago with her father, a prominent pastor and civil rights leader, and it was here that she earned her lifelong title, the Queen of Soul, originally coined by Chicago DJ Pervis Spann at the Regal Theater in Bronzeville in May 1964. The presentation also includes one of Cokes’s freestanding signs, reading “We don’t have the freedom to be bored anymore,” and “There’s a set of forces that want us to be permanently anxious.” Both sentences are from the English cultural theorist Mark Fisher. Together, they question the meaning of freedom in a present defined by rapid technological change and the erosion of private life.",https://www.artic.edu/exhibitions/10777/tony-cokes-on-boredom,"Found on the venue's ""upcoming"" listing page."
artic,Beatriz González: In Series and Full Color,2026-11-15,2027-03-01,"Colombian artist Beatriz González (1932–2026) is widely known as la maestra in her home country. Beyond the literal translation of “teacher,” the term is used as a mark of respect for someone who has achieved a remarkable impact in a particular field. In González’s case, it acknowledges her roles as an artist, historian, curator, and mentor, whose importance transcends national boundaries and continues to resonate on a global scale. Beatriz González: In Series and Full Color is the first retrospective dedicated to the drawings and prints of González, whose practice spanned more than six decades until her passing earlier this year. The exhibition explores her use of appropriation and repetition as both formal and conceptual strategies to reflect critically on the circulation of images, notions of taste, and her country’s recent history. The exhibition begins in 1965 with a pivotal moment that reoriented the artist’s approach to mass media imagery. González encountered a photograph in a newspaper of a couple who had died by suicide and was drawn to the image’s printing distortions, caused by the fact that it had itself been reproduced from another newspaper. Fascinated by these effects, González painted her own interpretation of the portrait. With this work, The Suicides of Sisga, González began transgressing the languages and subject matter deemed appropriate within the fine arts context in Colombia. From that moment on, her “deliberately clumsy” compositions both revealed a command of drawing and printmaking techniques and signaled a rebellion against convention.",https://www.artic.edu/exhibitions/10589/beatriz-gonzalez-in-series-and-full-color,"Found on the venue's ""upcoming"" listing page."
artic,Zurbarán: Divine Light,2027-02-28,2027-06-20,"Francisco de Zurbarán was one of 17th-century Spain’s greatest painters, renowned for his ability to create works of startling naturalism, directness, and emotional power. A virtuoso interpreter of sacred subjects, Zurbarán produced religious painting series of staggering scale and narrative ingenuity. He was also an acute observer of reality, and his portraits, still lifes, and works for private devotion continue to resonate through their striking vividness four centuries after their making. This exhibition is the first dedicated to the artist in the United States in 40 years. Bringing together approximately 50 works from 30 major lenders across the world, many never seen in the US before, the presentation showcases this consummate artist of the Spanish Golden Age and his greatest achievements in painting. This exhibition is organized by the Art Institute of Chicago, the National Gallery, London, and the Musée du Louvre.",https://www.artic.edu/exhibitions/10208/zurbaran-divine-light,"Found on the venue's ""upcoming"" listing page."
artic,Vilhelm Hammershøi: Pictures from Home,2027-06-19,2027-10-03,"Vilhelm Hammershøi is celebrated as Denmark’s most important painter of the late 19th and early 20th century, known particularly for his series of enigmatic, evocative, and painstakingly observed views of the Copenhagen apartment he shared with his wife, Ida, between 1898 and 1909. This presentation—the first in North America devoted to Hammershøi in over 25 years—focuses exclusively on these famous paintings of his home’s interior and brings together an unprecedented number—more than half—of the 65 domestic scenes the artist produced, including the Art Institute’s recently acquired Interior. The Music Room, Strandgade 30 and several works from distinguished private collections that have rarely been shown publicly. The apartment at Strandgade 30 was simultaneously Hammershøi’s home, studio, and obsessive artistic subject, and this exhibition showcases how he transformed this seemingly hermetic world into a site of endless artistic possibilities, painting many rooms and compositions multiple times with slight shifts in lighting or in the arrangement of furniture or objects. This profound engagement with repetition and difference is highlighted throughout the exhibition as are other compositional throughlines in Hammershøi’s work—his ambiguous spatial constructions, emphasis on linearity, and subtle approach to light and shadow. The presentation also explores interpretive themes in his paintings—the relation of light and shadow to the passing of time, the “lives” of his household objects as they migrated between various rooms, and the complex role that Ida played in many of the paintings.",https://www.artic.edu/exhibitions/10458/vilhelm-hammershoi-pictures-from-home,"Found on the venue's ""upcoming"" listing page."
artic,"Carroll Dunham: Drawings, 1974–2024",2026-01-31,2026-06-01,"“There is no work by Carroll Dunham that does not use drawing as a foundation.” —Carroll Dunham Over the course of five decades, Dunham has engaged in wide-ranging formal and thematic experimentation across various media, yet his drawings represent a distinct, interconnected body of work. Dunham’s mature artistic career began in 1970s New York amid a scene dominated by Minimalist aesthetics. Using simple elements such as line, shape, and color, he made a tremendous impact with work that nevertheless signaled a return to subject matter. In the intervening decades, Dunham has continued to produce drawings that test, and ultimately collapse, the porous boundaries between abstraction and figuration: bodies shapeshift into buildings, trees pose like models, the cellular resembles the cosmic, and internal organs or private parts are made very public. Working in series, Dunham methodically tests out every possible outcome of a drawing’s composition or content. This approach seems to spontaneously yield new imagery and ideas that link one body of work to the next. His influences are likewise wide-ranging—art history, philosophy, psychoanalysis, and evolutionary science as well as science fiction and comic books—all of which inform his explorations of the tension between male and female, nature and culture, self and other.",https://www.artic.edu/exhibitions/10558/carroll-dunham-drawings-1974-2024,"Found on the venue's ""past 2026"" listing page."
artic,"Lucas Samaras: Sitting, Standing, Walking, Looking",2026-01-31,2026-07-20,"Over seven decades, Lucas Samaras developed an utterly unique approach to art making. While he experimented with a wide range of materials, his own body and belongings were the primary subject of his photographs, sculptures, and drawings. Samaras was born in Greece and as a boy he witnessed the Greek Civil War firsthand. Art making became an escape from the war’s horrors and the way it complicated his family dynamic. While his father moved to New Jersey, he and his mother stayed in Greece for nine years. The family didn’t reunite until Samaras was 12 and moved with his mother to the US. Following his youth in Greece, Samaras’s work was also deeply influenced by his participation in ”happenings,” live artworks that combined installation and performance that emerged in New York in the late 1950s and 1960s. This exhibition focuses on Samaras’s innovative photographs, which unite his background in performance and his technical achievements with instant process film, particularly Polaroid. This brand-name film produced a negative and positive simultaneously, eliminating the need for a darkroom or external processing. Such independence and privacy appealed to Samaras who wanted to make pictures of himself in his own home without involving others. The artist, however, didn’t use the mass-marketed film in a straightforward manner but really pushed its limits, frequently moving the color pigment around to shapeshift his body, blur the boundary between himself and his surroundings, and radically restructure his compositions.",https://www.artic.edu/exhibitions/10584/lucas-samaras-sitting-standing-walking-looking,"Found on the venue's ""past 2026"" listing page."
artic,"Korean National Treasures: 2,000 Years of Art",2026-03-07,2026-07-05,"From 6th-century gilt bronze Buddhist sculpture through Joseon dynasty painting and white porcelain and contemporary paintings of the late 20th century, the works of art in this exhibition demonstrate the artistic legacy produced on the Korean peninsula over millennia. Once privately held, these artworks now belong to the Korean people thanks to a single groundbreaking gift from the family of Lee Kun-Hee, late chairman of Samsung Group. In 2021 the family donated over 23,000 works to the Korean government for public audiences to study and appreciate in perpetuity. Lee Kun-Hee and his father, Lee Byung-Chull, collected exceptional and storied objects from throughout Korean history as a means of preserving and celebrating the nation’s cultural heritage. This exhibition marks the first time the works are on public display. Among the 140 artworks on view—including modern and historical painting, ceramics, and objects made for Buddhist worship and scholarly study—22 are officially recognized as National Treasures or Treasures by the Korean government. These objects are recognized as remarkable examples of their type and distinguished for their exceptional historic, artistic, and academic value.",https://www.artic.edu/exhibitions/10209/korean-national-treasures-2000-years-of-art,"Found on the venue's ""past 2026"" listing page."
artic,Matisse’s Jazz: Rhythms in Color,2026-03-07,2026-06-01,"In the early 1940s, decades into his artistic career, Henri Matisse (1869–1954) turned his focus to a new medium: cut paper. He had become bedridden and unable to paint following an excruciating abdominal surgery, and cut paper allowed him to continue to create in his relatively sedentary state. Encouraged by his friend, the book publisher Tériade (the pseudonym of Stratis Eleftheriades), Matisse furthered his exploration of this new technique. He mined his memories of Parisian music halls, the circus, trips to Tahiti, folktales, and mythology, and produced a series of 20 cut-paper maquettes. These vibrant original compositions were then faithfully reproduced using pochoir (stencil) and combined with an original text written by Matisse to form an unbound book, Jazz, that was published in 1947—when Matisse was 77 years old. Jazz caused an immediate international sensation and reinvigorated the aging artist, setting him on a new course of artistic discovery. Matisse’s extraordinary images of Jazz are not only captivating and provocative in their own right but also reflect a practice devoted to the exploration of color and line. Throughout the artist’s decades-long career, he pushed color from the purely visual to the nearly transcendental and progressively simplified his line to the most elemental. But until his cut-outs, his color and line existed separately, one modifying the other but never fully unified—at least not to Matisse’s own satisfaction.",https://www.artic.edu/exhibitions/10557/matisses-jazz-rhythms-in-color,"Found on the venue's ""past 2026"" listing page."
artic,Modern Japanese Portraits in Print,2025-01-23,2025-04-14,"The 1940s and 1950s were a pivotal time for Japan’s creative print movement, known as sōsaku hanga. Just after World War II, artists who had primarily trained in oil painting turned to woodblock prints to portray the people around them, using the medium’s power and immediacy to capture a disappearing traditional world. This exhibition features the work of four sōsaku hanga artists: Onchi Kōshirō (1891–1955) and his followers Sekino Jun’ichirō (1914–1988), Saitō Kiyoshi (1907–1997), and Kitaoka Fumio (1918–2007). Onchi was the movement’s main advocate, and his name is synonymous with the group. From 1939, sōsaku hanga artists met at his home on the first Thursday of every month, where they received the encouragement they needed to flourish. The portraits of this postwar movement are melancholic, and Onchi often cited the abstract and expressive portraits of Modernist European artists like Wassily Kandinsky and Edvard Munch as inspiration. Accordingly, the emotionally charged pieces he and his contemporaries printed during this era imbued their subjects with psychological nuance and depth.",https://www.artic.edu/exhibitions/10606/modern-japanese-portraits-in-print,"Found on the venue's ""past 2025"" listing page."
artic,Myth and Marble: Ancient Roman Sculpture from the Torlonia Collection,2025-03-15,2025-06-29,"From large-scale figures of gods and goddesses to portraits of emperors and magnificent funerary monuments, this exhibition brings to North America, for the first time, a selection of 58 rarely seen ancient Roman sculptures from Italy’s storied Torlonia Collection. Nearly half of these sculptures, which range in date from the 5th century BCE to the early 4th century CE, have not been publicly displayed in more than 70 years and have been newly cleaned, conserved, and studied specifically for this exhibition, making for a spectacular opportunity to experience their first public presentation in decades. The Torlonia Collection is not only the largest private collection of Roman marble sculptures in Italy, but it is also arguably the most important of such private collections in the world. Comprising 622 works and a wide range of sculptural types and subjects, its holdings rival those of major institutions in Europe, including the Capitoline and Vatican Museums. This veritable “collection of collections” was formed in the 19th century by Prince Giovanni Torlonia (1754–1829) and his son Prince Alessandro (1800–1886), primarily through the purchase of several groups of ancient sculpture assembled in early modern Rome, as well as through extensive archaeological excavations on Torlonia estates in Italy. The taste at this time was for complete works of art, and restorations and other interventions carried out across the decades—in some instances by famed sculptors of the day—have impacted the sculptures’ current appearances while also enriching their histories.",https://www.artic.edu/exhibitions/10257/myth-marble-ancient-roman-sculpture-from-the-torlonia-collection,"Found on the venue's ""past 2025"" listing page."
artic,Lines of Connection: Drawing and Printmaking,2025-03-15,2025-06-01,"The first exhibition ever to focus on the multiple connections between drawing and printmaking, this presentation brings together around 90 works on paper by some of the greatest artists in the Western tradition to uncover the inner workings of their creative process and offer new ways to think about the links between the two mediums. Featuring fascinating drawings and exceptional prints from the late 15th century though the mid-19th century by artists such as Albrecht Dürer, Parmigianino, Rembrandt, Peter Paul Rubens, Maria Sibylla Merian, Francisco Goya, and William Blake, the exhibition explores the creative exchange between the two practices by showcasing preparatory drawings for prints, printed imitations of drawings, and drawn copies of prints. A selection of hybrid works also questions traditional definitions, strict boundaries, and outdated hierarchical distinctions between media. Among the many remarkable loans enriching the exhibition are two astonishing drawings of a right hand by Hendrick Goltzius, which will be shown alongside each other for the first time in over a generation. Additionally an impressive drawing by Rembrandt of Leonardo da Vinci’s Last Supper makes its Chicago debut. With a wealth of exceptionally beautiful works, Lines of Connection offers fresh perspectives on two intertwined mediums and lifts the curtain on the rarely foregrounded subjects of artistic training, workshop practices, and the afterlife and collecting of works on paper.",https://www.artic.edu/exhibitions/10194/lines-of-connection-drawing-printmaking,"Found on the venue's ""past 2025"" listing page."
artic,"En el principio / In the beginning: Juliana Góngora Rojas, Matías Quintero Sepúlveda, Juven Piranga Valencia, and Yinela Piranga Valencia",2025-03-29,2025-07-28,"Juliana Góngora Rojas is a Colombian sculptor who engages with organic materials, such as soil, salt, stones, or spider threads. Interested in establishing networks of community and spiritual exchange, Góngora collaborates with artisans, farmers, and Indigenous communities in works that emphasize the importance of ordinary materials and daily actions, as well as the ties that intimately bind human beings with nature. For her first exhibition at a major institution in the United States, Góngora has invited fellow artist Matías Quintero Sepúlveda and Juven and Yinela Piranga Valencia, leaders of the Ko’revaju Indigenous community of the Northern Colombian Amazon, to create an installation that honors the ongoing dialogue and spiritual collaboration that they have collectively sustained over several years. Weaving together earth, its pigments, milk, plant fibers, and seeds, the artists and community leaders give form to their shared vision of interconnectedness, collectivity, and creation. At the heart of the exhibition are two works that together represent a complete universe, heavens and earth, womb and seed: the textile Manto celeste (Celestial Cloth), whose sand-based blue pigmentation represents motherhood, water, and the cosmic sky, and the burnished soil installation Piso de tierra (Earth Floor).",https://www.artic.edu/exhibitions/10416/en-el-principio-in-the-beginning-juliana-gongora-rojas-matias-quintero-sepulveda-juven-piranga-valencia-and-yinela-piranga-valencia,"Found on the venue's ""past 2025"" listing page."
artic,Frida Kahlo’s Month in Paris: A Friendship with Mary Reynolds,2025-03-29,2025-07-13,"Unveiling Frida Kahlo’s work for the first time in the Art Institute galleries, this exhibition focuses on the celebrated Mexican artist’s first and only trip to Europe and her brief yet pivotal encounter with Mary Reynolds, an American avant-garde bookbinder who stood at the center of a rich Parisian artistic community. Drawing upon the extensive Mary Reynolds Collection at the Art Institute of Chicago and extraordinary Kahlo loans from public and private collections in the US, Mexico, and Europe, the presentation sheds light on this little-known chapter of 20th-century art history, recounting the legacies of Kahlo and Reynolds—both artists themselves and partners of artists—as they navigated Surrealism, identity, and cross-cultural exchange on the eve of World War II. Kahlo traveled to France in January 1939 at the invitation of André Breton, the architect of European Surrealism. Breton had visited Kahlo in Mexico the year previously and invited her to consider an exhibition in Paris. The French city, however, did not agree with Kahlo. She quickly found it eroding her sense of artistic freedom and her health—until she met Reynolds. When Kahlo was rushed to the hospital with a kidney infection, Reynolds invited her to convalesce at her home at 14 rue Hallé, a hub of the city’s visual and literary avant-gardes who regularly communed and dined there. Reynolds and her partner, the artist Marcel Duchamp, treated this home as a living work of art and abundantly installed it with their own artworks and unique books, as well as paintings and sculptures by close friends, such as Constantin Brancusi, Alexander Calder, Yves Tanguy, and Jean Cocteau. This rich creative and domestic environment in many ways reflected that of Kahlo’s own beloved Casa Azul in Mexico City.",https://www.artic.edu/exhibitions/10397/frida-kahlos-month-in-paris-a-friendship-with-mary-reynolds,"Found on the venue's ""past 2025"" listing page."
artic,Japan’s Great Female Poets,2025-04-15,2025-07-14,"Japan has long celebrated the talents of its great female poets. The Heian period (794–1185), the golden age of the Japanese imperial court, saw many women writers garner acclaim for novels and a specific type of poetry called waka. Murasaki Shikibu (about 973–1016) and Ono no Komachi (active about 833–57) are two of the country’s most renowned poets from this period. Although little is known about them, these women and their writings inspired numerous legends, some of which became the subjects of Nō and Kabuki plays, as well as woodblock prints. Many of the prints allude to these legends though mitate-e, a playful pictorial device in which one thing is substituted for another, such as a contemporary woman standing in for a historical figure. The images in this exhibition, made during the Edo (1615–1868) and Meiji (1868–1912) periods, show the various ways that artists, including the world-famous Katsushika Hokusai, have interpreted the stories of these influential poets.",https://www.artic.edu/exhibitions/10611/japans-great-female-poets-3,"Found on the venue's ""past 2025"" listing page."
artic,"Iman Issa: A Game, or So You May Think",2025-05-03,2025-09-21,"“I believe objects have a life of their own, independent of a user or a maker’s intentions, which is what makes them so interesting.” Iman Issa’s Heritage Studies are displays based on historical artifacts, which attempt to communicate their significance to the present moment. In her process, the objects are altered: Issa changes their materials, scale, and color to a degree that the resemblance between the historic artifact and Issa’s work can be difficult to discern. Despite these dissimilarities, the artist insists on the equivalence of these objects, almost like the equivalence between a photograph and its subject. Issa also pays special attention to institutional modes of display and interpretation. She includes with her sculptures texts that reference the museological origins of the object being depicted. The objects come to exist somewhere between their material form and the texts surrounding them, positioning them within a network of signification. This exhibition of Issa’s Heritage Studies is the first substantial presentation of these works in the US in a decade. Seen together, they illuminate the artist’s consistent desire to pursue an “art that is not exactly part of the world but is certainly tied to it, revealing of it, and not just because it looks or sounds like it.”",https://www.artic.edu/exhibitions/10507/iman-issa-a-game-or-so-you-may-think,"Found on the venue's ""past 2025"" listing page."
artic,H. C. Westermann: Anchor Clanker,2025-05-17,2026-05-11,"H. C. Westermann’s work combines a graceful mastery of materials, rough and tumble physicality, commonsense philosophizing, acrobatic wit and wordplay, and a sensitive worldview shaped in equal measure by the horrors of wartime and the devotions of love. He used a wide-range of materials but was most dedicated to woodworking, once stating that wood was his “whole life.” Westermann attended the School of the Art Institute of Chicago twice, once after his service in World War II and again after his service in the Korean War. His depth of experience, humble work ethic, and dedication to craft influenced a generation of artists across Chicago, Los Angeles, and beyond. In the Pacific theater of World War II, Westermann served on the USS Enterprise and witnessed violence that shaped his existential worldview and inflected his artworks. Given his time at sea, he often used the symbol of an anchor—alone or in conjunction with his name or initials—as his signature. His work is characteristic of a time before the art historical labels of the 1960s had calcified into hardened categories, and he exhibited in various important exhibitions dedicated to Existential Figuration, Assemblage, and Surrealism. While fellow artist Donald Judd identified him as a key maker of “Specific Objects” in 1963, Westermann’s openness to mass culture has often grouped him with contemporaneous Pop Art, and in 1972 he was included alongside major international Conceptual artists in the exhibition Documenta V. Westermann’s ability to traverse so many historical contexts is a testament to the independence of this consummate American artist.",https://www.artic.edu/exhibitions/10566/hc-westermann-anchor-clanker,"Found on the venue's ""past 2025"" listing page."
artic,Contemporary Drawings from the Stenn Family Collection,2025-06-28,2025-09-15,"Voraciously curious and contagiously enthusiastic about art, Chicagoan Irving Stenn Jr. has across five decades assembled a spectacular collection of 20th-century art from various movements and across the world. Stenn began collecting art with his wife, Marcia, in 1971, largely as a way of enhancing their newly renovated Lincoln Park home. Although neither had formal art training, she had a discerning eye, and he enjoyed the hunt for the right object. Together they approached the project as a shared learning activity, and in time, they acquired paintings and sculpture by significant artists of the post-World War II period. When Marcia died in 1999, Stenn committed to learning more about drawings. Working with advice from Art Institute curators and others, Stenn amassed a collection of more than 200 works on paper, most by contemporary artists whose work has been linked to movements such as Abstract Expressionism, Pop Art, Minimalism, and Post-Minimalism. Stellar among these works are groups of drawings by Joseph Albers, Sol LeWitt, and Mel Bochner. But Stenn also expanded his appreciation for art from different periods and places, collecting important drawings by Russian avant-garde artists such as Kazmir Malevich and Lyubov Sergeevna Popova and such Latin American artists as Leon Ferrari and Hélio Oiticica. Stenn’s enthusiasm for art is matched only by his dedication to sharing his collection with the public. Over the past 20 years, the Stenn family has given more than 200 works, including paintings and sculptures, to the Art Institute of Chicago. This exhibition celebrates the family’s most recent gift: 100 drawings and prints given in 2023. One of the most significant and collection-enhancing bodies of works on paper given to the museum, this gift offers Art Institute visitors—now and for generations to come—the chance to delve into the experimental ethos of much of 20th-century art and to experience the work of trailblazing artists who had the audacity to try so",https://www.artic.edu/exhibitions/10502/contemporary-drawings-from-the-stenn-family-collection,"Found on the venue's ""past 2025"" listing page."
artic,Gustave Caillebotte: Painting His World,2025-06-29,2025-10-05,"Impressionist artist Gustave Caillebotte (1848–1894)—known and beloved by many Art Institute visitors for his monumental painting Paris Street; Rainy Day—takes center stage in this major exhibition exploring the very personal interests and relationships that shaped his world. Caillebotte was unique among his Impressionist peers. At a time when modernity was synonymous with fashionable young women and new forms of entertainment, he focused instead on a more intimate and individualized sphere: his family and friends, his fellow sportsmen, the bourgeois pedestrians strolling in his neighborhood, and the workers who came to his house or whom he observed in the street. Despite being born into the wealth built by his father, Caillebotte resisted the idleness associated with the leisured class. He was not only an active member of the Impressionist group but also participated in several activities as a high-level amateur, including rowing, gardening, and sailing. In all of his pursuits, Caillebotte gave his all, taking on the role of leader, organizer, and sometimes financier; he also captured these passions in paint, whether documenting the toil of boating, the serenity of tending a plant, or the concentration of a card game. Caillebotte was equally invested in his personal relationships, both familial and non-familial—and again these relationships, especially with the males he interacted with as son, brother, employer, colleague, and friend—are the focus of many of his artworks.",https://www.artic.edu/exhibitions/10068/gustave-caillebotte-painting-his-world,"Found on the venue's ""past 2025"" listing page."
artic,"The Dawn of Modernity: Japanese Prints, 1850–1900",2025-07-15,2025-10-13,"After almost 250 years of near-total isolation, Japan opened to international trade in 1859. American commodore Matthew Perry had arrived in 1853 with a fleet of imposing, steam-powered warships, triggering an influx of foreign ideas, goods, and technologies to Japan. Yokohama, a small trading settlement, became the center of this new commercialism. Japanese printmakers documented these watershed events and promoted the image of a modern nation in ascent. Influenced by the introduction of photography and Western newspaper illustrations, printmakers explored new formats. Many works in this exhibition are triptychs—horizontal compositions spanning three panels—particularly well suited to depicting wide boulevards, lengthy steam trains, and large buildings. These new subjects and the broader format appealed to both domestic and international audiences. In 1868 Japan’s shogunate, the government that had once kept it largely isolated, collapsed. The emperor was restored, ushering in the Meiji period, which lasted until 1912. Under Emperor Meiji, Japan rapidly modernized, led by the mottoes of Bunmei Kaika (civilization and enlightenment) and Fukoku Kyōhei (enrich the country, strengthen the military). The prints in this gallery reflect Japan’s attempts to define itself between Eastern and Western influences and to become Asia’s modern empire.",https://www.artic.edu/exhibitions/10644/the-dawn-of-modernity-japanese-prints-1850-1900,"Found on the venue's ""past 2025"" listing page."
artic,Pixy Liao: Relationship Material,2025-07-26,2025-12-08,"Since 2007, Pixy Liao (廖逸君) has collaborated with her partner, Takahiro Morooka (諸岡高裕, nicknamed Moro), on a series of staged, often humorous self-portraits. These works wryly examine the power dynamics between artist and muse, prod at conservative gender roles, and document the evolution of their relationship. Pixy (born 1979 in Shanghai, China), an artist working in photography, installation, and performance, met Japanese-born artist and musician Moro in 2006 when both were international students in Memphis, Tennessee. Their creative partnership has grown and evolved over the years to include many projects including their music group, PIMO, which has released six albums to date. Pixy began the photographic series, known as Experimental Relationship, shortly after she and Moro met, with many of the works playfully referencing art history, film, music, and other artifacts of popular culture. She plans to continue it so long as they remain together.",https://www.artic.edu/exhibitions/10548/pixy-liao-relationship-material,"Found on the venue's ""past 2025"" listing page."
artic,Charles Gaines: Night/Crimes,2025-08-16,2026-02-01,"Since the 1970s, artist Charles Gaines has worked with numeric systems and repeating visual structures to investigate representation. His subjects have ranged from race theory and language theory to objects in the natural world. This exhibition focuses on Night/Crimes, a series Gaines created from 1994 to 1997, in which he paired archival photographs of violent crime scenes, victims, and indicted murderers with images of constellations that could have been seen in the night sky when the crimes occurred. Written onto the Plexiglas covering each pair of photographs are the location and date of the crime, the astronomical position of the pictured constellation, and lastly, a date 50 years after the first one. While the paired photographs of Night/Crimes suggest narrative cycles of violence, justice, astrology, and fate, there is no causal connection between the artworks’ various elements. “The murderers pictured in the mug shot-type photographs are not the ones who have committed the crimes you see in the crime scene,” says Gaines. “Nevertheless, it seems compelling to people to override the fact that this relationship is completely made up.” As viewers, our instinct is to assume the role of detective: What is the relationship between the chaos of violence and the tranquility of the night sky? How does the injustice of the past influence the present? Are our fates written in the stars?",https://www.artic.edu/exhibitions/10568/charles-gaines-nightcrimes,"Found on the venue's ""past 2025"" listing page."
artic,"Leslie Thornton: Jennifer, Where Are You?",2025-08-23,2026-01-11,"Leslie Thornton’s film Jennifer, Where Are You? revolves around a young girl haphazardly applying red lipstick while a man off-screen calls out, “Jennifer, where are you?” The film cuts between the girl, upside-down scenes of suburban life, and footage of swimming fish, all accompanied by a musical score that grows increasingly ominous. As the imagery, music, and child’s facial expressions change, our perception of the question—one that never gets answered—also shifts, displaying media’s powerful ability to alter meaning with colliding sounds and images. Thornton emerged from a generation of artists and filmmakers concerned with the ways that film, as a medium, structures identities and perceptions of women. Influenced by the theory that the unconscious mind operates through signs and symbols, like language, Thornton has made the relationship between speech and cinema central to her work. “The way language works has been a lifelong preoccupation,” Thornton says. “Speech was like an object, an enemy, a barrier.”",https://www.artic.edu/exhibitions/10706/leslie-thornton-jennifer-where-are-you,"Found on the venue's ""past 2025"" listing page."
artic,Elizabeth Catlett: “A Black Revolutionary Artist and All That It Implies”,2025-08-30,2026-01-04,"“I have been, and am currently, and always hope to be a Black revolutionary artist, and all that it implies.” —Elizabeth Catlett, May 1970, in a speech delivered from Mexico to attendees at the Conference on the Functional Aspects of Black Art in Chicago, after Catlett was denied a US visa A deft sculptor and printmaker, ardent feminist, and lifelong social activist, Elizabeth Catlett (1915–2012) was a defining artist of the 20th century. Across nearly 100 years—from Jim Crow segregation through the Cold War and into Barack Obama’s first term as president—Catlett remained steadfast in her commitment to both her art and her political beliefs. Born in Washington, DC, and growing up during the Great Depression, she witnessed class inequality, racial violence, and US imperialism firsthand, all while pursuing an artistic education grounded in modernism. In 1946 Catlett settled permanently in Mexico, where she worked for the rest of her life, amplifying the experiences of Black and Mexican women.",https://www.artic.edu/exhibitions/10220/elizabeth-catlett-a-black-revolutionary-artist-and-all-that-it-implies,"Found on the venue's ""past 2025"" listing page."
artic,Tuan Andrew Nguyen: We Were Lost in Our Country,2025-09-05,2026-03-08,"For the Ngurrara people of Western Australia, Country is not just a place. The word also signifies kinship with the lands, waters, and skies of the Great Sandy Desert, which the Aboriginal communities of the Walmajarri, Wangkajunga, Mangala, and Juwaliny language groups have stewarded for millennia. Tuan Andrew Nguyen’s film We Were Lost in Our Country explores how these communities established legal rights to their ancestral land by creating the monumental painting Ngurrara Canvas II in 1997. Painted entirely from memory and intergenerational knowledge, Ngurrara Canvas II maps the environmental features of 29,000 square miles of the Great Sandy Desert. Created by 44 Ngurrara artists, it is more than a cartographic representation of territory. It was conceived and produced as evidence of Indigenous connections to Country, securing the land—and the spiritual worldview it embodies—for future generations. Nguyen’s film brings together archival and new footage, including interviews with surviving map artists and younger community members who were raised outside of the desert, disconnected from Country. It meditates on dispossession and inherited trauma, as well as on ways of knowing and belonging. In We Were Lost in Our Country, Nguyen shows how collective memory heals and engenders solidarity and how storytelling and art making are forms of political resistance.",https://www.artic.edu/exhibitions/10618/tuan-andrew-nguyen-we-were-lost-in-our-country,"Found on the venue's ""past 2025"" listing page."
artic,On Loss and Absence: Textiles of Mourning and Survival,2025-09-06,2026-03-15,"Drawn primarily from the Art Institute of Chicago’s collection, On Loss and Absence brings together over 100 objects from diverse cultures dating from antiquity to today to reveal the ways people use textiles to sustain spiritual beliefs, understand death, cope with grief, remember those who have passed, and heal from trauma, both personally and collectively. Four themes structure the presentation: “Death and Mourning” highlights how textiles help people negotiate experiences of loss and grief and includes funeral hangings, burial cloths, and mourning samplers, along with works by such contemporary artists as Nick Cave and Carina Yepez. “Transition of Realms” expresses spiritual beliefs about life, death, and other cosmologies that are woven into textiles through works such as Indonesian palepai (or ship cloths) and a Taoist priest’s robe. “Care and Repair” considers material losses, mending, and memory through textile fragments and highlights the science and artistry of textile conservation as a form of care. And finally “Resistance and Survival” showcases textiles as acts of defiance and cultural endurance; in this section, the works of contemporary practitioners, including the Noqanchis collective of Andean weavers and Diné (Navajo) weaver Barbara Teller Ornelas, provide insight into the enduring legacies of Indigenous textile arts of the Americas. Together, these wide-ranging works showcase textiles as vital agents of remembrance, resilience, and continuity and provide visitors with the opportunity to look closely and honor the stories the works tell. Curated by four artists whose paths merged at the School of the Art Institute of Chicago’s Fiber and Material Studies department, On Loss and Absence is deeply informed by their practices as makers and their respect for fellow artists as holders of material, ancestral, and cultural knowledge.",https://www.artic.edu/exhibitions/9772/on-loss-and-absence-textiles-of-mourning-and-survival,"Found on the venue's ""past 2025"" listing page."
artic,Diane Simpson: “Good for Future”,2025-10-04,2026-04-19,"Over the past 50 years, Chicago-based artist Diane Simpson has created work inspired by a diverse range of sources including clothing, household objects, and architecture. Working from highly detailed preparatory drawings, Simpson develops complex geometries which she then transforms into three-dimensional objects that call into question perspective and scale. Produced entirely by hand with painstaking care, Simpson’s sculptures are intimately domestic, spatially challenging, and terrifically strange. For her installation on the Bluhm Family Terrace, Simpson is producing three newly commissioned works derived from a set of drawings she made in the mid-1980s for sculptures that were never realized. On the outside of her rolled-up drawings, she wrote a note to herself: “Good for Future.” Merging past and present, Diane Simpson: “Good for Future” places Simpson’s architectonic forms in dialogue with the Chicago skyline in what will be the artist’s inaugural presentation of outdoor sculpture.",https://www.artic.edu/exhibitions/10630/diane-simpson-good-for-future,"Found on the venue's ""past 2025"" listing page."
artic,Strange Realities: The Symbolist Imagination,2025-10-04,2026-01-05,"Symbolism is among the most complex art movements to define. Although it followed on the heels of Impressionism, whose imagery was accessible and bright, Symbolism’s dark and mysterious vocabulary is far less known. While Symbolist artists were aligned in their embrace of the creative imagination, they used diverse styles and drew inspiration from the past, the future, and the interior self. Complicating the movement further was its lack of a single central hub; instead Symbolism was a loosely connected trend across Europe. Symbolism, in fact, began as a literary movement in France in the 1880s and later expanded to visual art in Belgium, Germany, Norway, and elsewhere. Reacting against rationalism, materialism, and Impressionism’s focus on the external world, Symbolist artists sought instead to represent the unseeable—ideas and emotions. These artists shared a general cynicism about the late 19th century’s moral decline, technological advancements brought about by rapid industrialization, and the rural flight to urban centers. In response they made art that invented alternate realities. Some artists turned to the past, transposing mythological and religious subjects onto the present moment; others turned to the future, imagining anarchist or idyllic worlds; while still others sought meaning by examining and excavating the self.",https://www.artic.edu/exhibitions/10094/strange-realities-the-symbolist-imagination,"Found on the venue's ""past 2025"" listing page."
artic,János Megyik Photograms,2024-02-03,2024-07-08,"“If through an interpretative hypothesis I get inside the structure of an existing work, and some of its layers open before me, I arrive at a field I can upset and reconstruct, and create a new dimension that could not be seen or imagined beforehand.” —János Megyik For six decades, János Megyik (Hungarian, born 1938) has been making poetic investigations of fractal geometry and perspectival systems, motivated by questions of point, line, plane, volume, and all that lies between and beyond their innumerable intersections. In 1983, following a decade or so spent building constructions from larch wood, the artist started experimenting with the cameraless technique known as the photogram. To create a photogram, objects are placed directly upon photographic paper that is then exposed to light, darkening the exposed areas and revealing a shadow-like image of the object in white (or, if the object is transparent, shades of gray). Using his Vienna studio as a makeshift darkroom, Megyik spread six-foot-long sections of photosensitized paper directly on the floor and made photograms of his larch wood constructions—essentially creating reversals of his earlier work. Over the next five years Megyik made about 50 of these photograms. Working photographically offered the artist a ready means to give negative and positive space equal weight and to emphasize that “drawing” space always involves an interpretation. For Megyik, however, rigorous spatial analysis goes hand in hand with a sense of wonder at the infinite and absolute.",https://www.artic.edu/exhibitions/10200/janos-megyik-photograms,"Found on the venue's ""past 2024"" listing page."
artic,Threaded Visions: Contemporary Weavings from the Collection,2024-02-24,2024-08-26,"Weaving—it’s a familiar term, a millennia-old art form, and a technique used across the world. But what exactly is weaving? What does the process entail? Weaving is the act of making fabric by interlacing threads using a loom. It may sound simple, but because a whole cloth or segment comes off the loom fully realized, all the various artistic decisions—colors, textures, design, materials, techniques—must be decided before any weaving begins. A woven work is a concept made manifest. This exhibition, drawn entirely from the Art Institute’s permanent collection, explores the beautiful diversity of this ancient and global practice through the works of 13 contemporary artists from five countries. Some of these artists—like Olga de Amaral of Colombia—are internationally admired and have decades-long careers; others—like Qualeasha Wood from the United States—have come to prominence quite recently. Each of these contemporary creators has been a diligent student of the history of textiles, and this is reflected in their work. Many of the textiles, created from 1983 to today, are made from materials that carry cultural significance for the artist. Respect for the origins of fibers and knowledge of modern and historical techniques enables each artist, in their own way, to make informed decisions about what to use and how to use it.",https://www.artic.edu/exhibitions/10262/threaded-visions-contemporary-weavings-from-the-collection,"Found on the venue's ""past 2024"" listing page."
artic,A Sign of Things to Come: Prints by Japanese Women Artists after 1950,2024-04-18,2024-07-15,"Before 1950, women rarely played a part in the production of Japanese prints, which were largely commercial products. After World War II, however, women artists were drawn to the new sōsaku hanga (creative print) movement, whose adherents approached printmaking as a form of artistic expression. In 1956 a small group of these female printmakers created Joryū Hanga Kyōkai, an association that exhibited together for about 10 years. Its members included Iwami Reika and Yoshida Chizuko, both of whom are well-known today and appear in this exhibition. Despite individual successes, like Iwami’s and Yoshida’s, the number of women printmakers in Japan is still a small fraction of the total artists who are active there. Remarkably, the Yoshida family alone boasts three impactful female printmakers, and this display represents all of them. Yoshida Fujio began to explore sensual abstracted floral themes in prints in 1950 at the age of 62. Her daughter-in-law, Yoshida Chizuko, trained as an abstract painter, but she expanded her practice in 1953 after she married a printmaker. Yoshida Ayomi is the youngest and most conceptual artist of the three, and she views her prints primarily as records of her main focus: the carving process. This exhibition features many works that the family gave to the Art Institute between 2011 and 2019. A Sign of Things to Come: Prints by Japanese Women Artists after 1950 is curated by Janice Katz, Roger L. Weston Associate Curator of Japanese Art, the Art Institute of Chicago.",https://www.artic.edu/exhibitions/10320/a-sign-of-things-to-comea-sign-of-things-to-come-prints-by-japanese-women-artists-after-1950,"Found on the venue's ""past 2024"" listing page."
artic,Christina Ramberg: A Retrospective,2024-04-20,2024-08-11,"Christina Ramberg (1946–1995) was an influential and beloved member of Chicago’s contemporary art scene. While best known for her stylized paintings of fragmented female bodies, throughout her brief yet focused career, she vacillated between the depiction of various figural elements—hair, hands, torsos, and garments—while also creating equally rich, abstracted forms that emphasize structure and surface. This retrospective—the first comprehensive exhibition devoted to Ramberg in almost 30 years—presents approximately 100 works from public and private collections, with several key pieces drawn from the Art Institute’s collection. From intimate early paintings focused on the pattern and form of women’s hairstyles and garments, to mature work featuring cropped female torsos in lingerie that contains and restrains, the exhibition presents her most iconic imagery while grappling with all phases and elements of Ramberg’s continually evolving career. During the mid- to late 1970s, Ramberg pushed her boundary-blurring paintings into a new mode that straddled figuration and abstraction while still questioning idealized body types and gender presentation. These paintings are joined in the exhibition by the artist’s experimental quilts of the late 1980s, when her pioneering obsession with handicraft, garment construction, and domestic textiles led her to abandon painting and focus fully on quilt making. The show additionally includes her final body of work as she returned once again to painting, making dark geometric abstractions that still reveal traces of her lifelong fascination, the human torso.",https://www.artic.edu/exhibitions/9723/christina-ramberg-a-retrospective,"Found on the venue's ""past 2024"" listing page."
artic,"Foreign Exchange: Photography between Chicago, Japan, and Germany, 1920–1960",2024-05-04,2024-09-09,"After World War I, a striking visual language came to prominence in photography, characterized by the use of multiple exposures, unusual vantages, and sharp focus. While this style is often associated with the Bauhaus, an influential German art school of the 1920s and early ‘30s, this exhibition—of nearly 100 works across four decades—explores this modernist aesthetic as it developed through exchanges among a broader set of artists from Germany, Japan, and the United States. In 1920s Germany, the Bauhaus professors Walter Gropius and Johannes Itten claimed Japanese traditional architecture and ink painting as precursors to their work, especially the Edo period’s clean lines and stark contrasts between black and white. In the 1930s, certain Japanese artists, such as Ei-Q and Osamu Shiihara, in turn pursued and helped popularize experimental photography from the Bauhaus, including cameraless abstractions and photocollages. This dialogue soon expanded to the United States, where photographers like Nathan Lerner and Yasuhiro Ishimoto, alumni of Chicago’s New Bauhaus (later the Institute of Design), highlighted bold lines and decisive forms in the city’s architecture. Back in Japan, this visual language resurfaced after World War II, as seen in the abstract sculptural constructions and experimental stage sets photographed jointly by Shozo Kitadai and Kiyoji Otsuji. This exhibition brings together exemplary objects from our collections of Photography and Media, Arts of Asia, Modern and Contemporary, and Prints and Drawings to trace this conversation that transcended national boundaries and identities and that, for many artists, offered refuge from racist and nationalist hostilities fomented in wartime. Their shared visual language was, and is, stateless.",https://www.artic.edu/exhibitions/10311/foreign-exchange-photography-between-chicago-japan-and-germany-1920-1960,"Found on the venue's ""past 2024"" listing page."
artic,John Knight: A work in situ,2024-05-04,2024-09-22,"John Knight creates projects in situ, which are the result of careful observation of specific sites, and ex situ, which bring references to other places into the exhibition space. Whether in situ or ex situ, Knight’s works are context dependent, crystalizing the social, political, and economic forces that structure our built environment. John Knight: A work in situ is curated by Giampaolo Bianconi, associate curator, Modern and Contemporary Art.",https://www.artic.edu/exhibitions/10341/john-knight-working-title,"Found on the venue's ""past 2024"" listing page."
artic,"Four Chicago Artists: Theodore Halkin, Evelyn Statsinger, Barbara Rossi, and Christina Ramberg",2024-05-11,2024-08-26,"“[A] work of art exists as a whole. No explanation can convey to the heart the full meaning and wonder of art. That meaning is a live thing and withers at the [word’s] touch! —Evelyn Statsinger Unlike many 20th-century cities where artists were expected to work within the parameters of a predefined canon, Chicago’s artistic influences circulated freely. In a do-it-yourself and communal spirit, local artists made their own way, creating a shared set of decidedly Chicago artistic values consistent across generations and statuses. Thus, despite the 20-year separation between Theodore “Ted” Halkin and Evelyn Statsinger and the generation of Barbara Rossi and Christina Ramberg, each of these four artists shared a commitment to personal authenticity and a talent for inventing original, imaginative compositions inspired by the world around them. On a material level, these values translated into pieces that reworked found and imagined sources into new forms. In her own practice, Rossi called this “form invention”—she once used dish rags to evoke ringlets of hair—but her term speaks broadly to the innovation at the core of each artist’s work. Halkin created landscapes reconfiguring architectural components into fantastical worlds. Statsinger’s intricately patterned drawings and experimental sketchbooks were playgrounds for shape and figure. Ramberg transformed corsets into urns.",https://www.artic.edu/exhibitions/10097/four-chicago-artists-theodore-halkin-evelyn-statsinger-barbara-rossi-and-christina-ramberg,"Found on the venue's ""past 2024"" listing page."
artic,Georgia O’Keeffe: “My New Yorks”,2024-06-02,2024-09-22,"Famed for her images of flowers and Southwestern landscapes, Georgia O’Keeffe spent several years exploring the built environment of New York City with brush in hand. The artist first moved to the city’s newly built Shelton Hotel in 1924, then the tallest residential skyscraper in the world, and its soaring heights inspired a five-year period of energetic experimentation, across media and at a variety of scales, with subject matter, form, and perspective. Get tips on getting your tickets in advance, joining the exhibition’s virtual line, and visiting during less busy times. Learn more. She created street-level compositions capturing the city’s monumental skyscrapers from below and suspended views looking down from her 30th-floor apartment. O’Keeffe called these works “my New Yorks” and through them investigated the dynamic potential of New York’s cityscape—the organic and the inorganic, the natural and the constructed. As she put it, “One can’t paint New York as it is, but rather as it is felt.”",https://www.artic.edu/exhibitions/9539/georgia-okeeffe-my-new-yorks,"Found on the venue's ""past 2024"" listing page."
artic,Ellsworth Kelly: Spectrum Colors Arranged by Chance,2024-06-22,2024-09-09,"In October and November of 1951, Ellsworth Kelly produced a series of eight large-scale collages. Each of the works consisted of papier gommette, sticky colored paper used by French schoolchildren, cut into squares and arranged by chance in a 40-inch-wide grid formation. These collages are key early works in Kelly’s career, showing his experiments with chance, his constructive use of color, and the evolution of his impersonal aesthetic. By the time he made these collages, Kelly was already in the process of developing the non-compositional strategies he would use throughout his career. The humble, commercially produced papier gommette allowed for a nearly infinite number of unexpected color combinations and an overall composition that was not determined by the artist himself. The breakthrough of the Spectrum Colors collages would lead to some of the artist’s most iconic and best known works, including the painting Spectrum Colors Arranged by Chance, made in the summer of 1953 and based on the collage Spectrum Colors Arranged by Chance VI. In 1953 Kelly also produced a ninth and final Spectrum Colors collage. This exhibition brings together, for the first time, the full series of Spectrum Colors collages along with the 1953 painting. By focusing on the importance of a single series to Kelly’s practice, this exhibition illuminates a pivotal chapter in the career of one of the 20th century’s defining artists.",https://www.artic.edu/exhibitions/10279/ellsworth-kelly-spectrum-colors-arranged-by-chance,"Found on the venue's ""past 2024"" listing page."
artic,Bruce Nauman: Clown Torture,2024-06-22,2024-12-02,"Clown Torture chronicles the absurd misadventures of four clowns, each played by actor Walter Stevens. Artist Bruce Nauman described the protagonists as ranging from an “old French Baroque clown” to a “traditional … red-haired, oversized shoe clown.” The result is utter cacophony, an aural and visual assault. With both clown and viewer locked in an endless loop of failure and degradation, the humor soon turns to horror. Of his work in general, Nauman has said, “From the beginning I was trying to see if I could make art that … was just there all at once. Like getting hit in the face with a baseball bat. Or better, like getting hit in the back of the head. You never see it coming; it just knocks you down. I like that … the kind of intensity that doesn’t give you any trace of whether you’re going to like it or not.” Experimenting with film and video, printmaking, and sculpture, the artist has explored anxiety, boredom, confusion, entrapment, and failure since the beginning of his career. Nauman created Clown Torture after returning to video in the 1980s following a 10-year break.",https://www.artic.edu/exhibitions/10461/bruce-nauman-clown-torture,"Found on the venue's ""past 2024"" listing page."
artic,Kabuki-Actor Portraits by Tōshūsai Sharaku,2024-07-18,2024-10-14,"Between the summer of 1794 and early spring of 1795, an artist using the name Tōshūsai Sharaku produced around 150 prints representing Kabuki actors: a prolific display of innovation in a mere ten months. Such prints were popular mementos for fans of the stage—serving as a very marketable type of image at the time—and most of Sharaku’s works featured unusual characters with exaggerated, almost comic expressions and awkward poses. His extensive output stopped suddenly, perhaps because his style’s popularity could not be sustained. Today, his identity remains debated in Japanese print scholarship. The first works attributed to Sharaku depict individuals who appeared in the Kabuki plays presented at the three principal theaters in Edo (present-day Tokyo). These 28 prints are bold and realistic portraits of actors in famous roles, each set against a dark background that sparkles thanks to the application of mica, a mineral silicate. By late fall/early winter of 1794, however, as the peak of the Kabuki season approached, Sharaku began producing designs with two full-length figures apiece. This exhibition contains prints from all stages of Sharaku’s short but generative career. Many were given to the museum by brother and sister Clarence and Kate Buckingham between 1925 and 1934. The Buckinghams’ early collecting efforts have made the Art Institute home to one of the largest and finest collections of Sharaku’s work.",https://www.artic.edu/exhibitions/10426/kabuki-actor-portraits-by-toshusai-sharaku,"Found on the venue's ""past 2024"" listing page."
artic,Screens: A Panafrica Film Series,2024-08-10,2025-01-06,"For modern and contemporary artists working between Africa and the diaspora, film and photography have been tremendously important forms of creative expression. The five moving-image makers featured in Screens share the planetary hopes of Pan-Africanism, a set of bold visions first developed before 1900 that have galvanized global struggles for freedom and solidarity ever since. The films underscore the great attention paid by African and African diasporic contemporary artists to legacies of the 1950s and ’60s. In those decades, people of African descent worldwide achieved unprecedented gains in national sovereignty, cultural expression, and political recognition. That heyday of decolonization and civil rights sharpened Pan-African imaginations: fostering visions of contemporary self-affirmation, on the one hand, and on the other, a global connectedness for Black people. Studio portraiture and photojournalism both assumed great prominence in these decades, whether by offering empowering representations of ordinary subjects or shedding light on struggles for justice and human rights. In 1969, meanwhile, filmmaker Sarah Maldoror (1929–2020) produced her first short film, Monangambééé, which captured the essence of struggles for equality in the nation of Angola.",https://www.artic.edu/exhibitions/10390/screens-a-panafrica-film-series,"Found on the venue's ""past 2024"" listing page."
artic,Germane Barnes: Columnar Disorder,2024-09-21,2025-01-27,"Chicago-born architect Germane Barnes explores the connections between identity and the built environment—using research, design, and activism to mine the social and political agency of architecture and uncover the spatial histories and futures of Black self-determination. For his first solo museum exhibition, Barnes recasts the canonical foundations of Western architecture through the lens of the African diaspora. Critically reflecting on the enduring legacy of the Classical orders—the Doric, Ionic, and Corinthian—whose distinctive columns continue to proliferate in our built environment today, Barnes upends these long-standing and ubiquitous conventions by reimagining architectural orders that are instead rooted in the Black experience, history, and values. His project centers on the design of three new columns, which the exhibition presents through drawings, collages, and commissioned sculptural works. The Identity Column celebrates the Black body and beauty, the Labor Column considers how slavery fueled American economic growth, and the Migration Column—a meditation on the intercontinental journeys of enslaved Africans— recognizes water as a site of Black memory, loss, and selfhood. Attentive to how Eurocentric histories of classical architecture have neglected the migration of North African building traditions across the Mediterranean during antiquity, Barnes’s project seeks to recuperate this legacy through an architectural counter-narrative. By demanding a reorientation of architectural principles that acknowledges and reveres the historical role of the African diaspora, he also offers a framework for envisioning Africa and its descendants as the future of architecture.",https://www.artic.edu/exhibitions/10310/germane-barnes-columnar-disorder,"Found on the venue's ""past 2024"" listing page."
artic,Mascon: A Massive Concentration of Black Interscalar Energy,2024-09-26,2025-03-17,"If Pan-Africanism opens the political horizon of Africa’s modernity, then its borderless imagination is best envisioned in cinema’s Africanas. In a new work commissioned for the major exhibitions on Pan-Africanism at the Art Institute, the British duo Kodwo Eshun and Anjalika Sagar of the Otolith Group have conceived a mural that studies the films directed by Senegalese filmmakers Ousmane Sembène and Djibril Diop Mambéty between 1963 and 2003. Picture a mural that montages the spaces, bodies, faces, forms, gestures, expressions, geometries, and geographies of the cinematic Sahel imagined and invented by Mambéty and Sembène. Mascon: A Massive Concentration of Black Interscalar Energy is curated by Antawan I. Byrd, associate curator of Photography and Media, Art Institute of Chicago, and assistant professor of Art History, Northwestern University; Adom Getachew, Professor of Political Science and Race, Diaspora and Indigeneity, University of Chicago; and Matthew S. Witkovsky, vice president for strategic art initiatives and Sandor Chair of Photography and Media, Art Institute of Chicago.",https://www.artic.edu/exhibitions/10445/cine-sahel-cinegeometries-of-cinemafricana,"Found on the venue's ""past 2024"" listing page."
artic,Nancy Holt: Seeing in the Round,2024-10-05,2025-04-20,"More than a sculpture to look at, it is a sculpture to look through. In the early 1970s, Nancy Holt (American, 1938–2014) created her first sculpture, a viewing device that she called a Locator. Made from two pieces of welded steel pipe, with a viewing aperture set at the height of her own eyes, the Locator became a powerful means for Holt to ground her viewer in the conscious process of perception. The first Locators were installed in Holt’s New York studio in 1971. From here she could train a viewer’s eye on overlooked aspects of the urban landscape, focusing attention on found elements, such as ventilators on nearby rooftops or windows on neighboring buildings. She then created site-responsive installations, using the Locator as an apparatus to frame surprising passages in the built environment, which she selected and marked with paint. In this installation, conceived in collaboration with the Holt/Smithson Foundation, two historical works—Dual Locators (1972) and Locator (PS1) (1980)—are presented for the first time out-of-doors on a sculpture terrace, where the interior and exterior architecture of the museum are in constant dialogue with each other and the surrounding city. Drawing awareness to the act of looking, these devices ask us to attend to our individual experience of vision, while challenging the presumption that how we see is in any way self-evident. Nancy Holt: Seeing in the Round is curated by Caitlin Haskell, Gary C. and Frances Comer Curator of Modern and Contemporary Art, and Makayla May, curatorial associate, Modern and Contemporary Art.",https://www.artic.edu/exhibitions/10488/nancy-holt-seeing-in-the-round,"Found on the venue's ""past 2024"" listing page."
artic,Paula Modersohn-Becker: I Am Me,2024-10-12,2025-01-12,"During her short life, Paula Modersohn-Becker (1876–1907) radically charted her own path, exploring the singular aspects of the feminine experience in a bold style that foreshadowed Expressionism. Her most striking works—among the more than 700 paintings, roughly 1,400 drawings, and eleven prints made across only 10 years—are frank portrayals of childhood and images of the lived bodily experience of motherhood, pregnancy, and old age. Modersohn-Becker is especially acclaimed for her many self-portraits, including the first nude self-portraits known to have been made by a woman. Beyond subject matter, her innovative style, which emphasized expression over representation, placed her at the forefront of experimental art in Europe at the turn of the century. Despite her importance to art history and her posthumous place as a feminist icon, Modersohn-Becker has never been the subject of a museum retrospective in the United States. This exhibition marks her first full-scale museum presentation in this country. Showing the full range of her achievement over her career, tragically cut short by a postpartum embolism, the display includes more than 50 paintings, 15 large-scale drawings, and five etchings.",https://www.artic.edu/exhibitions/9592/paula-modersohn-becker,"Found on the venue's ""past 2024"" listing page."
artic,Transitory Beauty: Japanese Fan Prints,2024-10-17,2025-01-20,"The most ephemeral of all Japanese prints, fans depicting popular Kabuki actors, beauties, and landscapes were common during the Edo period (1615–1868). They came in two shapes: the folding fan (ōgi) and the round fan (uchiwa). Specialized shops produced bases made of paper mounted on bamboo ribs, and then printed images—often in colorful designs—were pasted on them. Utagawa Hiroshige, whose work appears on many of the fans shown here, designed more images for this purpose than any other artist. His prolific creativity is reflected in the variety of scenes attributed to him. These fans were often heavily handled or even worn out by their owners as part of their function. Many of the fan prints in the Art Institute’s collection survive because they were not mounted on bamboo sticks and thus were never used. Japanese print designs also commonly featured depictions of people with fans as well as fan shapes incorporated into images, so examples of both appear in this display alongside fan prints meant for conventional use. Transitory Beauty: Japanese Fan Prints is curated by Janice Katz, Roger L. Weston Associate Curator of Japanese Art, the Art Institute of Chicago.",https://www.artic.edu/exhibitions/10447/transitory-beauty-japanese-fan-prints-2,"Found on the venue's ""past 2024"" listing page."
artic,French Neoclassical Paintings from The Horvitz Collection,2024-10-19,2025-01-06,"This exhibition showcases 25 paintings from the preeminent private collection of French 18th-century art in the United States: The Horvitz Collection. The selection of works focuses on Neoclassicism, an artistic style that emerged in the later 1700s and flourished through the 1820s, a period of tremendous political and social upheaval in France. This time was also the heyday of “history painting,” a genre of painting characterized by large-scale compositions portraying scenes from history, mythology, and religion. Neoclassical painters looked to the art, architecture, and literature of ancient Greece and Rome for inspiration, often as a lens through which to depict and comment upon contemporary events, and several works included in the exhibition were displayed to a broad public at the annual Paris Salons. While these works were created more than 200 years ago and often depict ancient or mythological events, they also reference social and political challenges that remain relevant today, from the overthrow of an absolutist government during the French Revolution—which saw the groundwork laid for modern democracies—through to Napoleon’s Empire and the eventual restoration of Bourbon monarchy. This period also coincided with the rise of Enlightenment ideals, the democratization of knowledge, the spread of printed materials, and the origins of industrialization and increased urbanization. The exhibition complements a major survey of drawings from the same period, Revolution to Restoration: French Drawings from The Horvitz Collection.",https://www.artic.edu/exhibitions/10418/french-neoclassical-paintings-from-the-horvitz-collection,"Found on the venue's ""past 2024"" listing page."
artic,One Hundred Famous Views of Edo,2025-10-15,2026-01-05,"Utagawa Hiroshige (1797–1858) stands as one of the most celebrated designers of ukiyo-e prints. Ukiyo-e, meaning “pictures of the floating world,” was a genre of woodblock print popular from the 17th through 19th century that depicted scenes of everyday life across Japan. Hiroshige’s designs are among the most widely circulated of any premodern print artist, and because of his prints’ popularity, editions ran into the thousands. His most well-known series, One Hundred Famous Views of Edo, was completed just before his death. Hiroshige had lived his entire life in Edo (present-day Tokyo), and the series offers a great variety of scenes from many locations in and around his home city. Mount Fuji features prominently, as do the waterways and canals that cut through Edo at the time. The series’ extreme commercial success resulted in Hiroshige creating more than the 100 views of its title over a period of two-plus years. Both during and after his lifetime, many editions of the series were produced as well, with clear differences apparent among them. For example, the earliest deluxe edition usually has multicolored title cartouches, many of which are on view in this exhibition.",https://www.artic.edu/exhibitions/10753/hiroshiges-one-hundred-famous-views-of-edo,"Found on the venue's ""past p2 2025"" listing page."
artic,Jane Alexander: Infantry with beast,2025-11-15,2026-01-12,"Seen around the world, from New York and Paris to Cape Town, Jane Alexander’s Infantry with beast makes an eight-week appearance at the Art Institute of Chicago this fall and winter. Infantry with beast is a composite installation, initially shown as two separate works. Infantry (2008-10) consists of 27 dog-headed human-like figures, diminutively sized yet fearsome, that form a mottled grey phalanx marching with placid menace along a parade carpet of military red. (Infantry was first shown, without the carpet, inside a disused military site in South Africa.) The formation advances toward beast (2003), an even more diminutive creature, as its lower-case initial letter suggests. While beast crouches expectantly, all heads in Infantry gaze blankly upward and to the right, as if the marchers are awaiting orders from an unseen commander who—given the direction of their gazes—might be imagined standing in the very place occupied by viewers of this work. Jane Alexander came to prominence in 1991 with Butcher Boys, an iconic response to apartheid in South Africa. In a sweeping essay on Alexander’s work, written in 2013 just at the time that Infantry with beast was first exhibited in its present arrangement, art historian and writer Kobena Mercer used the perceptive term “humanimals” to underscore the uniquely unsettling qualities of Alexander’s creations, which act simultaneously to captivate and confound: “the feelings aroused by the humanimal are always mixed feelings… . To be disturbed by what we perceive ‘out there’ … is one thing: to be simultaneously affected ‘in here’ by a creeping sense of doubt about one’s own state of mind is quite another.” Infantry with beast will be the final art installation shown in this space long known as Regenstein Hall and dedicated to temporary exhibitions. Following the close of the installation, we will begin transforming the space into the new Grainger Center for Conservation and Science. Regenstein Hall will move to the first floor o",https://www.artic.edu/exhibitions/10583/jane-alexander-infantry-with-beast,"Found on the venue's ""past p2 2025"" listing page."
artic,Bruce Goff: Material Worlds,2025-12-20,2026-03-29,"“I’ve been controversial ever since I started. I can’t help it. I’m neither ashamed nor proud of it. That’s just what happened.” This major retrospective celebrates the unbounded creative practice of American architect Bruce Goff (1904–1982). Best known for his groundbreaking, idiosyncratic single-family homes in suburban and rural areas across the United States, Goff charted an alternative narrative for a modern architecture imbued with individuality, materiality, and fantastical invention. Dubbed the “Michelangelo of kitsch” by architecture critic Charles Jencks, Goff rejected the minimalist aesthetics and the metropolitan worldview of his modernist contemporaries. Instead, his work was inspired by everyday consumer goods and building practices from small towns and cities in the Midwest and the Great Plains where he grew up, trained, taught, and based his practice.",https://www.artic.edu/exhibitions/10171/bruce-goff-material-worlds,"Found on the venue's ""past p2 2025"" listing page."
artic,Jeremy Frey: Woven,2024-10-26,2025-02-10,"Delicate, intricate, and sinuous—the vessels that Jeremy Frey weaves from the heavy lumber of ash trees are astonishing to behold. Born in 1978 and raised in the Passamaquoddy Indian Township Reservation in Maine, Frey descends from a long line of esteemed basket weavers and draws on his heritage for the vocabulary of his works. At the same time, he radically innovates within these long-standing forms and techniques to masterfully sculpt objects with unprecedented complexity and elegance. Jeremy Frey: Woven—a mid-career retrospective of the artist’s work—includes more than 50 baskets Frey has crafted over the last two decades. These pieces chart his development as an artist dedicated to expanding and elaborating the possibilities of traditional Passamaquoddy basket weaving. An artist’s artist, Frey continually, meticulously, and systematically redefines his practice to imaginative and unexpected ends. His works explore the potential of shapes, textures, and layered colors within the parameters of weaving. Many of the pieces additionally feature images intricately embroidered with dyed porcupine quills. Frey has recently experimented with using his baskets as a matrix for printmaking, as well as creating his first time-based-media work—both of which are included in this presentation. The first museum exhibition of the artist’s work, Jeremy Frey: Woven showcases both the time-honored art form of Passamaquoddy basketmaking and the way Frey has transformed it into something uniquely—exquisitely—his own.",https://www.artic.edu/exhibitions/10212/jeremy-frey-woven,"Found on the venue's ""past p2 2024"" listing page."
artic,Revolution to Restoration: French Drawings from The Horvitz Collection,2024-10-26,2025-01-06,"Revolution to Restoration: French Drawings from The Horvitz Collection features approximately 90 drawings made from the 1770s through the 1850s, one of the most turbulent periods in French history. During this time, France abolished the monarchy, established a republic, terrorized perceived political enemies, waged war across the continent, imposed an empire, and eventually reinstated the monarchy—and these are only a handful of the tumultuous episodes that occurred across this 80-year period. Despite this profound instability, the country’s cultural environment flourished, spurring a significant stylistic shift in artistic production. Influenced by the rationalist ideas and moral seriousness of such Enlightenment thinkers as Voltaire and Jean-Jacques Rousseau, and inspired by important archaeological discoveries that radically altered contemporary ideas about the ancient Greco-Roman past, artists turned away from the playful, decadent Rococo style of the mid-18th century. In its place they adopted a more restrained and disciplined style, now known as Neoclassicism, a term invented only in the 19th century. Featuring works by the most accomplished and influential artists of the time, including Jacques-Louis David, Jean Auguste Dominique Ingres, Pierre-Paul Prud’hon, and Théodore Géricault, the exhibition explores the impact of ancient Greek and Roman art, history, and mythology on artistic production, as well as the role of the Academy, changing social norms, and convulsive contemporary events. The selected drawings showcase a variety of media—pen and ink, watercolor, chalk, and pastel—and highlight how artists of the period demonstrated a surprisingly modern combination of intellectual curiosity, political commitment, and graphic virtuosity. The presentation demonstrates the expressive versatility and powerful immediacy of drawing as a medium of persuasion, propaganda, and, above all, aesthetic stimulation.",https://www.artic.edu/exhibitions/10127/revolution-to-restoration-french-drawings-from-the-horvitz-collection,"Found on the venue's ""past p2 2024"" listing page."
artic,After the End of the World: Pictures from Panafrica,2024-11-02,2025-04-21,"What meanings has Earth held for people of African descent, and what can an environmental consciousness grounded in Pan-Africanist perspectives teach all of humanity today? Conceived to accompany the major survey exhibition Project a Black Planet: The Art and Culture of Panafrica (on view at the Art Institute December 15, 2024–March 30, 2025), this exhibition, drawn from the museum’s collection, addresses the planet itself. Works by 17 artists in film, photography, and book arts draw attention to three vital and intertwined interactions with the land: as a path to freedom, as a means of spiritual and bodily sustenance, and as a source of enlightenment. Works by artists such as Carrie Mae Weems and Dawoud Bey retrace nocturnal paths to freedom. For example, Weems’s North Star stems from the experience of her grandfather, labor organizer Frank Weems, who made a path from rural Arkansas to Chicago in 1936 by traveling at night and following Polaris, the North Star. Like many others who found their way to freedom, Weems saved his life but lost his family and never could return to his birthplace. Foregrounding the interrelation of food and spiritual wisdom are works by Radcliffe Bailey and Luis Medina as well as the room-filling photo installation Bori (Feed the Head) by Candomblé priest and visual artist Ayrson Heráclito. Bori memorializes a ritual performance in which Heráclito encircled the heads of one dozen initiated participants with mounded ingredients to nourish individual Yoruba deities.",https://www.artic.edu/exhibitions/10409/after-the-end-of-the-world-pictures-from-panafrica,"Found on the venue's ""past p2 2024"" listing page."
artic,Neapolitan Crèche,2024-11-21,2025-01-06,"The Art Institute’s spectacular 18th-century Neapolitan crèche returns once again this holiday season. This crèche, or Nativity scene, tells the story of Jesus Christ’s birth using more than 200 painted terracotta figures staged in an elaborate environment inspired by 18th-century Naples. The upper register of the crèche contains the main characters of the Nativity—the Holy Family (Mary, Joseph, and Jesus) and the Three Wise Men, along with angels and shepherds. Surrounding them are scenes of Neapolitan daily life, including a raucous tavern, a bucolic pasture, and a street crowded with vendors. These representations celebrate Naples as a cosmopolitan port city that included people from all walks of life. They also demonstrate the lens of exoticism through which many Europeans viewed visitors from other lands, non-Christians, and people of color. Though Naples had long been home to people from throughout the Islamic world, here they are shown as foreigners, confined to the biblical scene in the upper register and wearing turbans and billowing trousers that contrast with the rustic Neapolitan garb of the figures below. Enlivening ancient biblical stories with modern costume and scenery is typical in the crèche genre and, more broadly, in European religious art since the Renaissance. By highlighting the vibrant social fabric of Baroque Naples, the crèche invites viewers to witness the miraculous amid the mundane and to delight in the hustle and bustle of everyday life.",https://www.artic.edu/exhibitions/10518/neapolitan-creche-807,"Found on the venue's ""past p2 2024"" listing page."
artic,"Beatriz Santiago Muñoz: The Crow, the Trench, and the Mare",2024-12-14,2025-03-08,"As part of the Art Institute’s presentation of art and artists who engage with the ideas and of Pan-Africanism, the museum is screening Beatriz Santiago Muñoz’s 2021 film The Crow, the Trench and the Mare. Muñoz created this film in Haiti and Puerto Rico as a meditative reflection on a fundamental metaphysical subject: human awareness of time and space. Muñoz took inspiration from a technique in Sanskrit poetry called ślesa, in which two distinct stories are narrated at once. The film tracks Haitian playwright Guy Regis Junior (born 1974) as he discusses translating the classic 20th-century novel by Marcel Proust, Remembrance of Things Past, from French into Haitian Kreyol. This account is intertwined with a monologue by Italian physicist Carlo Rovelli (born 1956) about the meaning of time and the possibility of many “nows” unfolding at once. The film hints throughout at connections between disparate places and events, as well as the ways that a linear understanding of time limits our understanding of the world’s dynamic complexities. Beatriz Santiago Muñoz: The Crow, the Trench, and the Mare is curated by Antawan I. Byrd, associate curator of Photography and Media, Art Institute of Chicago, and assistant professor of Art History, Northwestern University; Adom Getachew, Professor of Political Science and Race, Diaspora and Indigeneity, University of Chicago; and Matthew S. Witkovsky, vice president for strategic art initiatives and Sandor Chair of Photography and Media, Art Institute of Chicago.",https://www.artic.edu/exhibitions/10516/munoz-wt,"Found on the venue's ""past p2 2024"" listing page."
artic,Project a Black Planet: The Art and Culture of Panafrica,2024-12-15,2025-03-30,"Pan-Africanism, first named and theorized around 1900, is commonly regarded as an umbrella term for political movements that have advanced the call for both individual self-determination and global solidarity among peoples of African descent. It has yet to be fully examined as a worldview that takes its force from art and culture. As the first major exhibition to survey Pan-Africanism’s cultural manifestations, Project a Black Planet: The Art and Culture of Panafrica gathers together some 350 objects, spanning the 1920s to the present, made by artists on four continents: Africa, North and South America, and Europe. Panafrica, the promised land named in the exhibition title, is presented as a conceptual place where arguments about decolonization, solidarity, and freedom are advanced and negotiated with the aim of an emancipatory future. Rather than a stable and defined territory, the exhibition maps Panafrica as a shifting and boundless constellation that transforms and reassembles standard representation of the planet. In fact, many artists featured in the exhibition have creatively redrawn the map of Africa or the world: Yto Barrada (Paris, born 1971, lives in Tangier and New York), Kerry James Marshall (Birmingham, born 1955, lives in Chicago), and Abdoulaye Ndoye (Dakar, born 1951, lives in Dakar). Others, including David Hammons (Springfield, IL, born 1943, lives in New York), Edith de Kyndt (Ypres, born 1960, lives in Berlin and Brussels), Chris Ofili (Manchester, born 1968, lives in Port of Spain and London), and Kawira Mwirichia (Nairobi, 1984–2020), have made flags which correspond to no official nation but rather imagine a transnational solidarity.",https://www.artic.edu/exhibitions/10157/project-a-black-planet-the-art-and-culture-of-panafrica,"Found on the venue's ""past p2 2024"" listing page."
