venue_code,title,start_date,end_date,summary,url,notes,swept_at
acq,Joan Miró | Jean Paul Riopelle Palm Beach,,,Palm Beach. Two painters shown together.,https://www.acquavellagalleries.com/exhibitions/joan-miro-jean-paul-riopelle,"Found on the venue's ""all (current/upcoming/past)"" listing page. The venue's page shows only ""SEPTEMBER 2026"" for this exhibition's dates — no day is published, only the month and year.",2026-09-13T04:27:16.428Z
acq,Matisse The Pursuit of Harmony New York,2026-04-09,2026-05-22,New York. Matisse's investigation of form.,https://www.acquavellagalleries.com/exhibitions/matisse2,"Found on the venue's ""all (current/upcoming/past)"" listing page.",2026-09-13T04:27:16.428Z
acq,Soft Reins From Degas to Fordjour Palm Beach,2026-02-06,2026-04-06,Palm Beach. Horse and equestrian.,https://www.acquavellagalleries.com/exhibitions/soft-reins,"Found on the venue's ""all (current/upcoming/past)"" listing page.",2026-09-13T04:27:16.428Z
acq,Masters of Modernism From Gauguin to Warhol Palm Beach,2025-12-13,2026-02-02,Palm Beach. Gauguin to Warhol survey.,https://www.acquavellagalleries.com/exhibitions/masters-of-modernism,"Found on the venue's ""all (current/upcoming/past)"" listing page.",2026-09-13T04:27:16.428Z
acq,Nicole Wittenberg All the Way New York,2025-10-16,2025-12-05,New York. First solo.,https://www.acquavellagalleries.com/exhibitions/nicole-wittenberg2,"Found on the venue's ""all (current/upcoming/past)"" listing page.",2026-09-13T04:27:16.428Z
acq,Yuka Kashihara Stardust Palm Beach,2025-10-15,2025-12-08,Palm Beach. Recent paintings.,https://www.acquavellagalleries.com/exhibitions/yuka-kashihara2,"Found on the venue's ""all (current/upcoming/past)"" listing page.",2026-09-13T04:27:16.428Z
acq,Miquel Barceló New York,2025-04-24,2025-05-30,New York. Recent work.,https://www.acquavellagalleries.com/exhibitions/miquel-barcelo4,"Found on the venue's ""all (current/upcoming/past)"" listing page.",2026-09-13T04:27:16.428Z
acq,Joani Tremblay All the Wild That Remains Palm Beach,2025-04-17,2025-06-15,Palm Beach. Landscape painting.,https://www.acquavellagalleries.com/exhibitions/joani-tremblay,"Found on the venue's ""all (current/upcoming/past)"" listing page.",2026-09-13T04:27:16.428Z
acq,Postwar Abstraction Movement and Form Palm Beach,2025-02-28,2025-04-13,Palm Beach. Postwar abstraction including sculpture.,https://www.acquavellagalleries.com/exhibitions/postwar-abstraction,"Found on the venue's ""all (current/upcoming/past)"" listing page.",2026-09-13T04:27:16.428Z
acq,Portraiture: From Cassatt to Warhol New York,2025-01-21,2025-04-04,New York. Portraiture from Impressionism to today.,https://www.acquavellagalleries.com/exhibitions/portraiture-from-cassatt-to-warhol,"Found on the venue's ""all (current/upcoming/past)"" listing page. The same exhibition is also shown at Palm Beach.",2026-09-13T04:27:16.428Z
acq,Harumi Klossowska de Rola Sacred Woods Palm Beach,2025-01-11,2025-02-23,Palm Beach. Balthus's daughter.,https://www.acquavellagalleries.com/exhibitions/harumi-klossowska-de-rola,"Found on the venue's ""all (current/upcoming/past)"" listing page.",2026-09-13T04:27:16.428Z
acq,Portraiture From Cassatt to Warhol Palm Beach,2024-11-22,2025-01-05,"Portraits spanning a century, Impressionism to today.",https://www.acquavellagalleries.com/exhibitions/portraiture,"Found on the venue's ""all (current/upcoming/past)"" listing page. The same exhibition is also shown at New York.",2026-09-13T04:27:16.428Z
acq,Tom Sachs Bronze New York,2024-11-07,2024-12-13,New York. Bricolage in bronze.,https://www.acquavellagalleries.com/exhibitions/tom-sachs3,"Found on the venue's ""all (current/upcoming/past)"" listing page.",2026-09-13T04:27:16.428Z
acq,Jacob El Hanani Drawing on Canvas New York,2024-09-10,2024-10-18,New York. Microscopically fine line drawing.,https://www.acquavellagalleries.com/exhibitions/jacob-el-hanani,"Found on the venue's ""all (current/upcoming/past)"" listing page.",2026-09-13T04:27:16.428Z
acq,"James Rosenquist at MoMA F-111 on view in The Werner and Elaine Dannheisser Gallery, Fourth Floor",2012-01-26,,,https://www.acquavellagalleries.com/exhibitions/james-rosenquist-at-moma,"Found on the venue's ""all (current/upcoming/past)"" listing page. No closing date found anywhere on the venue's pages. The text on this page is not a description of the exhibition, so no summary was written.",2026-09-13T04:27:16.428Z
brera,Beauty and the Ideal,2025-05-16,2027-05-17,"Canova's restored plaster busts, marble Vestal, and enamel miniatures.",https://pinacotecabrera.org/en/news/mostra/beauty-and-the-ideal/,"Found on the venue's ""current"" listing page. Also listed on the venue's ""past"" page.",2026-09-13T04:29:04.356Z
brera,Pinacoteca viaggiante,2025-05-16,2027-05-17,"In English: The Travelling Picture Gallery. — Sommariva's 99 enamel miniatures, his 'portable' painting collection.",https://pinacotecabrera.org/en/news/mostra/pinacoteca-viaggiante/,"Found on the venue's ""current"" listing page. Also listed on the venue's ""past"" page.",2026-09-13T04:29:04.356Z
brera,Giovanni Agostino da Lodi. An itinerant painter between Leonardo and Giorgione,2026-05-26,2026-09-13,"Giovanni Agostino da Lodi's rediscovered career, alongside Bellini and Giorgione.",https://pinacotecabrera.org/en/news/mostra/giovanni-agostino-da-lodi-a-traveling-painter-between-leonardo-and-giorgione/,"Found on the venue's ""current"" listing page. Also listed on the venue's ""past"" page.",2026-09-13T04:29:04.356Z
brera,Oman and Italy: Two Millennia of Cross-Civilisational Dialogue,2026-06-18,2026-09-13,"Two millennia of trade and exchange, Oman and Italy.",https://pinacotecabrera.org/en/news/mostra/oman-and-italy-two-millennia-of-cross-civilisational-dialogue/,"Found on the venue's ""current"" listing page. Also listed on the venue's ""past"" page.",2026-09-13T04:29:04.356Z
brera,[upcoming page],,,,https://pinacotecabrera.org/en/exhibitions-and-events/exhibitions/?current_page=1&date=scheduled,"The venue's ""upcoming"" listing page loaded but no exhibitions could be read from it. Marker row, not an exhibition.",2026-09-13T04:29:04.356Z
brera,"Giorgio Armani. Milano, per amore",2025-09-24,2026-05-03,"In English: Giorgio Armani. Milan, for Love. — Over 120 Armani creations woven through the museum's paintings.",https://pinacotecabrera.org/en/news/mostra/giorgio-armani-milano-per-amore/,"Found on the venue's ""past"" listing page. opening date read from a sentence, not a date field: ""September 24, 2025, to January 11, 2026"". The venue extended this exhibition; it first announced 2026-01-11 as the closing date.",2026-09-13T04:29:04.356Z
brera,La grande pittura italiana,2025-05-24,2025-07-27,"In English: Great Italian Painting. — 25 confiscated paintings by postwar Italian masters, Guttuso to Novelli.",https://pinacotecabrera.org/en/news/mostra/la-grande-pittura-italiana/,"Found on the venue's ""past"" listing page.",2026-09-13T04:29:04.356Z
brera,Buon Compleanno Linus,2025-06-03,2025-09-09,"In English: Happy Birthday Linus. — Sixty years of Linus, the comics magazine, honouring Altan.",https://pinacotecabrera.org/en/news/mostra/buon-compleanno-linus/,"Found on the venue's ""past"" listing page.",2026-09-13T04:29:04.356Z
brit,[current/upcoming page],,,,https://www.britishmuseum.org/exhibitions-events,"The venue's ""current/upcoming"" listing page loaded but no exhibitions could be read from it. Marker row, not an exhibition.",2026-09-13T04:29:09.875Z
brit,[past page],,,,https://www.britishmuseum.org/exhibitions-events/past-exhibitions,"The venue's ""past"" listing page could not be read: the venue’s site refused us (HTTP 403). Marker row, not an exhibition.",2026-09-13T04:29:09.875Z
dellav,Transforming Energy: Marina Abramović,2026-05-06,2026-10-18,"Marina Abramović's performance art, marking her 80th birthday.",https://www.gallerieaccademia.it/en/exhibition/transforming-energy-marina-abramovic/,"Found on the venue's ""current"" listing page. opening date read from a sentence, not a date field: ""6 May 2026-18 October 2026"".",2026-09-13T04:29:43.197Z
dellav,TransLucent — The Form of Light,2026-09-10,2026-11-22,"Leiko Ikemura's glass sculptures, in dialogue with Venetian painting.",https://www.gallerieaccademia.it/en/exhibition/leiko-ikemura-translucent-the-shape-of-light/,"Found on the venue's ""current"" listing page. opening and closing date read from a sentence, not a date field: ""10 set 2026 - 22 nov 2026"".",2026-09-13T04:29:43.197Z
frick,"Siena: The Art of Bronze, 1450–1500",2026-10-15,2027-01-18,"Sienese Renaissance bronzes by Donatello, Vecchietta, and Francesco di Giorgio.",https://www.frick.org/exhibitions/siena,"Found on the venue's ""current/upcoming"" listing page. opening and closing date read from a sentence, not a date field: ""October 15, 2026 to January 18, 2027"".",2026-09-13T04:28:05.429Z
frick,Kent Monkman: Officer and Laughing Girl,2026-11-12,2027-02-22,Monkman's paintings responding to Vermeer's Officer and Laughing Girl.,https://www.frick.org/exhibitions/monkman,"Found on the venue's ""current/upcoming"" listing page. opening and closing date read from a sentence, not a date field: ""November 12, 2026 to February 22, 2027"".",2026-09-13T04:28:05.429Z
frick,Painting with Fire: Susanne de Court and the Art of Enamel,2027-04-08,2027-07-12,"Susanne de Court's enamels, the first exhibition of her work.",https://www.frick.org/exhibitions/de_court,"Found on the venue's ""current/upcoming"" listing page. opening and closing date read from a sentence, not a date field: ""April 8, 2027 to July 12, 2027"".",2026-09-13T04:28:05.429Z
frick,Ruffles & Ribbons: Fashion Plates from the Time of Marie Antoinette,2026-04-01,2026-08-03,"Late 18th-century French fashion plates, from Gallerie des Modes.",https://www.frick.org/exhibitions/ruffles,"Found on the venue's ""current/upcoming"" listing page. Also listed on the venue's ""past"" page.",2026-09-13T04:28:05.429Z
frick,Gainsborough: The Fashion of Portraiture,2026-02-12,2026-05-25,"Gainsborough's portraits explored through fashion, his first NY show.",https://www.frick.org/exhibitions/gainsborough,"Found on the venue's ""current/upcoming"" listing page. Also listed on the venue's ""past"" page.",2026-09-13T04:28:05.429Z
frick,To the Holy Sepulcher: Treasures from the Terra Sancta Museum,2025-10-02,2026-01-05,"Treasures from Jerusalem's Holy Sepulcher, on their first US stop.",https://www.frick.org/exhibitions/holy_sepulcher,"Found on the venue's ""current/upcoming"" listing page. Also listed on the venue's ""past"" page.",2026-09-13T04:28:05.429Z
frick,Flora Yukhnovich's Four Seasons,2025-09-03,2026-03-09,"Yukhnovich's mural, reimagining Boucher's Four Seasons in the Cabinet.",https://www.frick.org/exhibitions/yukhnovich,"Found on the venue's ""past"" listing page. opening and closing date read from a sentence, not a date field: ""September 3, 2025 to March 9, 2026"".",2026-09-13T04:28:05.429Z
frick,Vermeer’s Love Letters,2025-06-18,2025-08-31,"Three Vermeers on the theme of love letters, reunited.",https://www.frick.org/exhibitions/vermeer_love_letters,"Found on the venue's ""past"" listing page. opening and closing date read from a sentence, not a date field: ""June 18, 2025 to August 31, 2025"".",2026-09-13T04:28:05.429Z
frick,Porcelain Garden: Vladimir Kanevsky at The Frick Collection,2025-04-17,2025-11-17,"Kanevsky's lifelike porcelain flowers, evoking the museum's original bouquets.",https://www.frick.org/exhibitions/kanevsky,"Found on the venue's ""past"" listing page. opening and closing date read from a sentence, not a date field: ""April 17, 2025 to November 17, 2025"".",2026-09-13T04:28:05.429Z
frick,Highlights of Drawings from The Frick Collection,2025-04-17,2025-08-11,"Drawings from the Frick's own collection, Pisanello to Degas.",https://www.frick.org/exhibitions/highlights_drawings,"Found on the venue's ""past"" listing page. opening and closing date read from a sentence, not a date field: ""April 17, 2025 to August 11, 2025"".",2026-09-13T04:28:05.429Z
khm,Canaletto & Bellotto,2026-03-24,2026-09-06,Canaletto and his nephew Bellotto's precise city views.,https://www.khm.at/en/exhibitions/canaletto-bellotto,"Found on the venue's ""current"" listing page.",2026-09-13T04:29:26.002Z
khm,Head and Shoulders. Coins in Fashion,2025-11-11,,"Over a hundred coin portraits, tracing 2,400 years of fashion.",https://www.khm.at/en/exhibitions/head-and-shoulders-coins-in-fashion,"Found on the venue's ""current"" listing page. Also listed on the venue's ""upcoming"" page. No closing date found anywhere on the venue's pages.",2026-09-13T04:29:26.002Z
khm,My Story – Ancient Female Portraits and Their Afterlife,,2026-09-20,"Two previously unexhibited Roman portraits of women, including Julia.",https://www.khm.at/en/exhibitions/my-story-ancient-female-portraits-and-their-afterlife,"Found on the venue's ""current"" listing page. Also listed on the venue's ""upcoming"" page. No opening date published while this exhibition is running.",2026-09-13T04:29:26.002Z
khm,Crime Scene Ephesus,2026-10-20,2027-03-29,"Cleopatra's sister Arsinoë's unsolved murder mystery, archaeology at Ephesus.",https://www.khm.at/en/exhibitions/crime-scene-ephesus,"Found on the venue's ""upcoming"" listing page.",2026-09-13T04:29:26.002Z
khm,Bernini - Painter and Sculptor,2026-12-02,2027-04-04,"A reattributed portrait, now credited to Bernini the painter.",https://www.khm.at/en/exhibitions/bernini-painter-and-sculptor,"Found on the venue's ""upcoming"" listing page.",2026-09-13T04:29:26.002Z
khm,Prime Time – Travelling with a Roman Portable Sundial,2026-09-25,2027-03-14,How a Roman portable sundial told the time.,https://www.khm.at/en/exhibitions/prime-time-travelling-with-a-roman-portable-sundial,"Found on the venue's ""upcoming"" listing page.",2026-09-13T04:29:26.002Z
louvre,Primeval Waters,2026-05-20,2027-03-15,Ancient Mesopotamia's earliest water and irrigation engineering.,https://www.louvre.fr/en/exhibitions-and-events/exhibitions/primeval-waters,"Found on the venue's ""current/upcoming"" listing page. Also listed on the venue's ""past"" page. Also listed on the venue's ""past 2025"" page. Also listed on the venue's ""past 2024"" page.",2026-09-13T04:30:10.364Z
louvre,Zurbarán,2026-10-07,2027-01-25,A joint Zurbarán retrospective with the National Gallery and Chicago.,https://www.louvre.fr/en/exhibitions-and-events/exhibitions/zurbaran,"Found on the venue's ""current/upcoming"" listing page.",2026-09-13T04:30:10.364Z
louvre,Sculpting Colour,2026-10-07,2027-01-25,"Polychrome Spanish sculpture by Gregorio Fernández, shown alongside Zurbarán.",https://www.louvre.fr/en/exhibitions-and-events/exhibitions/sculpting-colour,"Found on the venue's ""current/upcoming"" listing page.",2026-09-13T04:30:10.364Z
louvre,Louvre Photo,2026-11-04,2027-05-03,"Over 300 photographs of the Louvre itself, across history.",https://www.louvre.fr/en/exhibitions-and-events/exhibitions/louvre-photo,"Found on the venue's ""current/upcoming"" listing page.",2026-09-13T04:30:10.364Z
louvre,Affinities,2026-06-24,2026-12-31,"Islamic art's influence on European decorative arts, fifty objects.",https://www.louvre.fr/en/exhibitions-and-events/exhibitions/affinities,"Found on the venue's ""current/upcoming"" listing page.",2026-09-13T04:30:10.364Z
louvre,Michel Lacoste’s donation to the musée du Louvre,2026-06-26,2027-01-11,Michel Lacoste's gift of a hundred precious metalwork pieces.,https://www.louvre.fr/en/exhibitions-and-events/exhibitions/michel-lacoste-s-donation-to-the-musee-du-louvre,"Found on the venue's ""current/upcoming"" listing page.",2026-09-13T04:30:10.364Z
louvre,Hosts at the Louvre,2026-09-24,2026-12-14,Kader Attia and Elizabeth Peyton's two-year Louvre residencies.,https://www.louvre.fr/en/exhibitions-and-events/exhibitions/hosts-at-the-louvre,"Found on the venue's ""current/upcoming"" listing page.",2026-09-13T04:30:10.364Z
louvre,Michelangelo Rodin,2026-04-15,2026-07-20,"Michelangelo and Rodin's sculpture in dialogue, body and soul.",https://www.louvre.fr/en/exhibitions-and-events/exhibitions/michelangelo-rodin,"Found on the venue's ""past"" listing page.",2026-09-13T04:30:10.364Z
louvre,Martin Schongauer,2026-04-08,2026-07-20,"Schongauer's near-complete paintings, alongside his celebrated engravings.",https://www.louvre.fr/en/exhibitions-and-events/exhibitions/martin-schongauer,"Found on the venue's ""past"" listing page.",2026-09-13T04:30:10.364Z
louvre,The Carracci Drawings,2025-11-05,2026-02-02,"Annibale Carracci's Farnese Gallery frescoes, recreated through preparatory drawings.",https://www.louvre.fr/en/exhibitions-and-events/exhibitions/the-carracci-drawings,"Found on the venue's ""past"" listing page.",2026-09-13T04:30:10.364Z
louvre,Jacques-Louis David,2025-10-15,2026-01-26,"Jacques-Louis David's revolutionary paintings, on his death's bicentennial.",https://www.louvre.fr/en/exhibitions-and-events/exhibitions/jacques-louis-david,"Found on the venue's ""past"" listing page.",2026-09-13T04:30:10.364Z
louvre,The Met at the Louvre,2024-02-29,2025-12-14,"Ten ancient Near Eastern works, on loan from the Met.",https://www.louvre.fr/en/exhibitions-and-events/exhibitions/the-met-at-the-louvre,"Found on the venue's ""past"" listing page. Also listed on the venue's ""past 2025"" page.",2026-09-13T04:30:10.364Z
louvre,A Passion for China,2025-05-14,2025-08-25,"Adolphe Thiers's collection of Chinese art, 170 objects.",https://www.louvre.fr/en/exhibitions-and-events/exhibitions/a-passion-for-china,"Found on the venue's ""past"" listing page. Also listed on the venue's ""past 2025"" page.",2026-09-13T04:30:10.364Z
louvre,LOUVRE COUTURE,2025-01-24,2025-08-24,Sixty-five fashion designs in dialogue with Louvre's decorative arts.,https://www.louvre.fr/en/exhibitions-and-events/exhibitions/louvre-couture,"Found on the venue's ""past"" listing page. Also listed on the venue's ""past 2025"" page.",2026-09-13T04:30:10.364Z
louvre,Mamluks,2025-04-30,2025-07-28,"The Mamluk sultanate's art and culture, nearly 260 works.",https://www.louvre.fr/en/exhibitions-and-events/exhibitions/mamluks,"Found on the venue's ""past"" listing page. Also listed on the venue's ""past 2025"" page.",2026-09-13T04:30:10.364Z
louvre,The Experience of Nature,2025-03-19,2025-06-30,Art and science entwined at Emperor Rudolf II's court.,https://www.louvre.fr/en/exhibitions-and-events/exhibitions/the-experience-of-nature,"Found on the venue's ""past"" listing page. Also listed on the venue's ""past 2025"" page.",2026-09-13T04:30:10.364Z
louvre,A New Look at Cimabue,2025-01-22,2025-05-12,,https://www.louvre.fr/en/exhibitions-and-events/exhibitions/a-new-look-at-cimabue,"Found on the venue's ""past"" listing page. Also listed on the venue's ""past 2025"" page. This exhibition's own page could not be read: the venue’s site refused us (HTTP 429).",2026-09-13T04:30:10.364Z
louvre,"Guillon-Lethière, ""born in Guadeloupe""",2024-11-13,2025-02-17,"Guillon-Lethière's rediscovered paintings, the first show on him.",https://www.louvre.fr/en/exhibitions-and-events/exhibitions/guillon-lethiere-born-in-guadeloupe,"Found on the venue's ""past"" listing page. Also listed on the venue's ""past 2025"" page.",2026-09-13T04:30:10.364Z
louvre,A new look at Watteau,2024-10-16,2025-02-03,"Watteau's mysterious Pierrot, examined after fresh restoration work.",https://www.louvre.fr/en/exhibitions-and-events/exhibitions/a-new-look-at-watteau,"Found on the venue's ""past"" listing page. Also listed on the venue's ""past 2025"" page.",2026-09-13T04:30:10.364Z
louvre,Figures of the Fool,2024-10-16,2025-02-03,,https://www.louvre.fr/en/exhibitions-and-events/exhibitions/figures-of-the-fool,"Found on the venue's ""past"" listing page. Also listed on the venue's ""past 2025"" page. This exhibition's own page could not be read: the venue’s site refused us (HTTP 429).",2026-09-13T04:30:10.364Z
louvre,Masterpieces from the Torlonia collection,2024-06-26,2025-01-06,"The Torlonia princes' ancient Roman marbles, first shown abroad.",https://www.louvre.fr/en/exhibitions-and-events/exhibitions/masterpieces-from-the-torlonia-collection,"Found on the venue's ""past"" listing page. Also listed on the venue's ""past 2025"" page.",2026-09-13T04:30:10.364Z
louvre,Olympism,2024-04-24,2024-09-16,"The origins of the modern Olympic Games, via Gilliéron's art.",https://www.louvre.fr/en/exhibitions-and-events/exhibitions/olympism,"Found on the venue's ""past"" listing page. Also listed on the venue's ""past 2024"" page.",2026-09-13T04:30:10.364Z
menil,Wall Drawing Series: Jitish Kallat,2026-09-10,2027-08-08,Jitish Kallat's site-specific wall drawing for the Drawing Institute.,https://www.menil.org/exhibition/wall-drawing-series-jitish-kallat,"Found on the venue's ""current"" listing page.",2026-09-13T04:29:43.604Z
menil,Fragility,2026-09-10,2027-01-24,"Paper as material, with works by Krasner, Hamilton, and Zarina.",https://www.menil.org/exhibition/fragility,"Found on the venue's ""current"" listing page.",2026-09-13T04:29:43.604Z
menil,John Akomfrah: The Hour Of The Dog,2026-04-24,2026-10-11,Akomfrah's six-channel video on Civil Rights-era youth activism.,https://www.menil.org/exhibition/john-akomfrah-the-hour-of-the-dog,"Found on the venue's ""current"" listing page.",2026-09-13T04:29:43.604Z
menil,"Foyer Installation: Mel Bochner, Chryssa, and Dorothy Hood",2026-04-01,2026-10-25,"Foyer selection of works by Bochner, Chryssa, and Hood.",https://www.menil.org/exhibition/foyer-installation-mel-bochner-chryssa-and-dorothy-hood,"Found on the venue's ""current"" listing page.",2026-09-13T04:29:43.604Z
menil,Southern Outsider Artists,2026-05-06,2026-12-13,"Self-taught Southern artists, Dial, Swearingen, Bolden, Butler, and Harvey.",https://www.menil.org/exhibition/southern-outsider-artists,"Found on the venue's ""current"" listing page.",2026-09-13T04:29:43.604Z
menil,Terry Winters: Vitalized Geometry,2026-09-25,2027-04-04,Four decades of Winters's printmaking practice.,https://www.menil.org/exhibition/terry-winters-vitalized-geometry,"Found on the venue's ""upcoming"" listing page.",2026-09-13T04:29:43.604Z
menil,How to Make an Exhibition: The Story of Jermayne MacAgy,2026-12-11,2027-07-18,Legacy of groundbreaking curator MacAgy.,https://www.menil.org/exhibition/how-to-make-an-exhibition-the-story-of-jermayne-macagy,"Found on the venue's ""upcoming"" listing page.",2026-09-13T04:29:43.604Z
menil,"D’MBA: Beauty, Desire, and Collecting an African Mask",2027-05-14,2027-11-07,African d'mba headdresses and their collectors.,https://www.menil.org/exhibition/d-mba-beauty-desire-and-collecting-an-african-mask,"Found on the venue's ""upcoming"" listing page.",2026-09-13T04:29:43.604Z
menil,Sedona Surreal: Max Ernst and Dorothea Tanning in the American Southwest,2027-09-17,2028-03-12,Ernst and Tanning's surrealist years in Sedona.,https://www.menil.org/exhibition/sedona-surreal-max-ernst-and-dorothea-tanning-in-the-american-southwest,"Found on the venue's ""upcoming"" listing page.",2026-09-13T04:29:43.604Z
menil,Photography from The Menil Collection: Curated by Wendy Watriss,2025-12-12,2026-08-16,Documentary photographs selected by Watriss.,https://www.menil.org/exhibition/photography-from-the-menil-collection-curated-by-wendy-watriss,"Found on the venue's ""past"" listing page.",2026-09-13T04:29:43.604Z
menil,The Gift of Drawing: Cy Twombly,2026-03-27,2026-08-09,"Three decades of Twombly drawings, newly gifted.",https://www.menil.org/exhibition/the-gift-of-drawing-cy-twombly,"Found on the venue's ""past"" listing page.",2026-09-13T04:29:43.604Z
menil,Wall Drawing Series: Gladys Nilsson,2025-09-05,2026-08-09,Nilsson's site-specific wall drawing of hybrid beings.,https://www.menil.org/exhibition/wall-drawing-series-gladys-nilsson,"Found on the venue's ""past"" listing page.",2026-09-13T04:29:43.604Z
menil,From the Sea,2025-08-20,2026-05-03,Artworks related to the sea.,https://www.menil.org/exhibition/from-the-sea,"Found on the venue's ""past"" listing page.",2026-09-13T04:29:43.604Z
menil,Foyer Installation: Pop Art,2025-08-20,2026-03-29,Pop art from the permanent collection.,https://www.menil.org/exhibition/foyer-installation-pop-art,"Found on the venue's ""past"" listing page.",2026-09-13T04:29:43.604Z
menil,Robert Rauschenberg: Fabric Works of the 1970s,2025-09-19,2026-03-01,Rauschenberg's fabric sculptures from the 1970s.,https://www.menil.org/exhibition/robert-rauschenberg-fabric-works-of-the-1970s,"Found on the venue's ""past"" listing page.",2026-09-13T04:29:43.604Z
menil,Lines of Resolution: Drawing at the Advent of Television and Video,2025-10-04,2026-02-08,Drawing's relationship to television and video.,https://www.menil.org/exhibition/lines-of-resolution-drawing-at-the-advent-of-television-and-video,"Found on the venue's ""past"" listing page.",2026-09-13T04:29:43.604Z
menil,The Space Between Looking and Loving: Francesca Fuchs and the de Menil House,2025-05-23,2025-11-02,Fuchs's new work on the de Menil house.,https://www.menil.org/exhibition/the-space-between-looking-and-loving-francesca-fuchs-and-the-de-menil-house,"Found on the venue's ""past"" listing page.",2026-09-13T04:29:43.604Z
menil,Foyer Installation: René Magritte,2025-04-02,2025-08-17,Magritte paintings from the Menil Collection.,https://www.menil.org/exhibition/foyer-installation-rene-magritte,"Found on the venue's ""past"" listing page.",2026-09-13T04:29:43.604Z
menil,"Animals, Monsters, and Creatures from the Collection",2025-01-29,2025-08-17,"Paintings and objects of monstrous, fantastic creatures.",https://www.menil.org/exhibition/animals-monsters-and-creatures-from-the-collection,"Found on the venue's ""past"" listing page.",2026-09-13T04:29:43.604Z
menil,What drawing can be: four responses,2025-03-21,2025-08-10,Four artists stretch the boundaries of drawing.,https://www.menil.org/exhibition/what-drawing-can-be-four-responses,"Found on the venue's ""past"" listing page.",2026-09-13T04:29:43.604Z
menil,Wall Drawing Series: Ronny Quevedo,2024-09-13,2025-08-10,Quevedo's site-specific wall drawing triptych.,https://www.menil.org/exhibition/wall-drawing-series-ronny-quevedo,"Found on the venue's ""past p2"" listing page.",2026-09-13T04:29:43.604Z
menil,Joe Overstreet: Taking Flight,2025-01-24,2025-07-13,First major Overstreet exhibition in thirty years.,https://www.menil.org/exhibition/joe-overstreet-taking-flight,"Found on the venue's ""past p2"" listing page.",2026-09-13T04:29:43.604Z
menil,Tacita Dean: Blind Folly,2024-10-11,2025-04-19,"Dean's chance-based drawings, films and prints.",https://www.menil.org/exhibition/tacita-dean-blind-folly,"Found on the venue's ""past p2"" listing page.",2026-09-13T04:29:43.604Z
menil,Out of Thin Air: Emerging Forms,2024-09-20,2025-01-26,"Artworks of emerging, indeterminate forms.",https://www.menil.org/exhibition/out-of-thin-air-emerging-forms,"Found on the venue's ""past p2"" listing page.",2026-09-13T04:29:43.604Z
menil,Fragments of Memory,2024-09-20,2025-01-26,Drawings exploring personal and collective memory.,https://www.menil.org/exhibition/fragments-of-memory,"Found on the venue's ""past p2"" listing page.",2026-09-13T04:29:43.604Z
menil,Portraits of Women from the Collection,2024-03-16,2024-11-10,"Portraits of women, featuring a new Neel acquisition.",https://www.menil.org/exhibition/portraits-of-women-from-the-collection,"Found on the venue's ""past p2"" listing page.",2026-09-13T04:29:43.604Z
menil,"Longing, Grief, and Spirituality: Art Since 1980",2023-06-15,2024-10-10,Forty years of art expressing grief and spirituality.,https://www.menil.org/exhibition/longing-grief-and-spirituality-art-since-1980,"Found on the venue's ""past p2"" listing page.",2026-09-13T04:29:43.604Z
menil,Foyer Installation: On Kawara,2024-05-08,2024-09-15,Kawara's Date Paintings marking the Moon landing.,https://www.menil.org/exhibition/foyer-installation-on-kawara,"Found on the venue's ""past p2"" listing page.",2026-09-13T04:29:43.604Z
menil,Abstraction after Modernism: Recent Acquisitions,2024-04-26,2024-08-25,Recent acquisitions in abstraction after Modernism.,https://www.menil.org/exhibition/abstraction-after-modernism-recent-acquisitions,"Found on the venue's ""past p2"" listing page.",2026-09-13T04:29:43.604Z
menil,Wall Drawing Series: Marc Bauer,2023-09-22,2024-08-18,Bauer's charcoal mural on history and politics.,https://www.menil.org/exhibition/wall-drawing-series-marc-bauer,"Found on the venue's ""past p2"" listing page.",2026-09-13T04:29:43.604Z
menil,Janet Sobel: All-Over,2024-02-23,2024-08-11,Sobel's pioneering all-over abstract paintings reunited.,https://www.menil.org/exhibition/janet-sobel-all-over,"Found on the venue's ""past p2"" listing page.",2026-09-13T04:29:43.604Z
menil,Ruth Asawa Through Line,2024-03-22,2024-07-21,"Asawa's lifelong drawing practice, first surveyed.",https://www.menil.org/exhibition/ruth-asawa-through-line,"Found on the venue's ""past p2"" listing page.",2026-09-13T04:29:43.604Z
moma,[current/upcoming page],,,,https://www.moma.org/calendar/exhibitions,"The venue's ""current/upcoming"" listing page could not be read: the venue’s site refused us (HTTP 403). Marker row, not an exhibition.",2026-09-13T04:29:05.306Z
moma,[past page],,,,https://www.moma.org/calendar/exhibitions/history,"The venue's ""past"" listing page could not be read: the venue’s site refused us (HTTP 403). Marker row, not an exhibition.",2026-09-13T04:29:05.306Z
morgan,[current page],,,,https://www.themorgan.org/exhibitions/current,"The venue's ""current"" listing page could not be read: the venue’s site refused us (HTTP 403). Marker row, not an exhibition.",2026-09-13T04:27:52.570Z
morgan,[upcoming page],,,,https://www.themorgan.org/exhibitions/upcoming,"The venue's ""upcoming"" listing page could not be read: the venue’s site refused us (HTTP 403). Marker row, not an exhibition.",2026-09-13T04:27:52.570Z
morgan,[past page],,,,https://www.themorgan.org/exhibitions/past,"The venue's ""past"" listing page could not be read: the venue’s site refused us (HTTP 403). Marker row, not an exhibition.",2026-09-13T04:27:52.570Z
ng,Renoir and Love,2026-10-03,2027-01-31,Renoir gathered around the theme of love.,https://www.nationalgallery.org.uk/exhibitions/renoir-and-love,"Found on the venue's ""current/upcoming"" listing page.",2026-09-13T04:28:03.039Z
ng,Waldmüller: Landscapes,,2026-09-20,First UK exhibition of Waldmüller's landscapes.,https://www.nationalgallery.org.uk/exhibitions/waldm%C3%BCller-landscapes,"Found on the venue's ""current/upcoming"" listing page. No opening date published while this exhibition is running.",2026-09-13T04:28:03.039Z
ng,Monet and Renoir: Painting Side by Side,2026-07-27,2026-09-22,Two Impressionist paintings at the same motif.,https://www.nationalgallery.org.uk/exhibitions/monet-and-renoir-painting-side-by-side,"Found on the venue's ""current/upcoming"" listing page. opening date taken from the site's structured data, not its visible page.",2026-09-13T04:28:03.039Z
ng,Yinka Shonibare and Thomas Gainsborough: A Conversation,2026-10-15,2027-02-07,Britain's celebrated work reimagined.,https://www.nationalgallery.org.uk/exhibitions/yinka-shonibare-and-thomas-gainsborough-a-conversation,"Found on the venue's ""current/upcoming"" listing page.",2026-09-13T04:28:03.039Z
ng,Van Eyck: The Portraits,2026-11-21,2027-04-11,All of Van Eyck's portraits together.,https://www.nationalgallery.org.uk/exhibitions/van-eyck-the-portraits,"Found on the venue's ""current/upcoming"" listing page.",2026-09-13T04:28:03.039Z
ng,Catharina van Hemessen: Signature Works,2027-03-04,2027-05-30,Renaissance artist who painted herself into history.,https://www.nationalgallery.org.uk/exhibitions/catharina-van-hemessen,"Found on the venue's ""current/upcoming"" listing page.",2026-09-13T04:28:03.039Z
ng,German Expressionism,2027-03-20,2027-08-01,Fifty German Expressionist works.,https://www.nationalgallery.org.uk/exhibitions/german-expressionism-modern-painting-1900-1918,"Found on the venue's ""current/upcoming"" listing page.",2026-09-13T04:28:03.039Z
ng,Take One Picture 2026,2026-06-04,2026-08-31,Children's artworks inspired by Canaletto.,https://www.nationalgallery.org.uk/exhibitions/take-one-picture-2026,"Found on the venue's ""past"" listing page.",2026-09-13T04:28:03.039Z
ng,Zurbarán,2026-05-02,2026-08-23,First UK exhibition of Zurbarán.,https://www.nationalgallery.org.uk/exhibitions/past/zurbaran,"Found on the venue's ""past"" listing page.",2026-09-13T04:28:03.039Z
ng,Stubbs: Portrait of a Horse,2026-03-12,2026-05-31,"George Stubbs, master of horse painting.",https://www.nationalgallery.org.uk/exhibitions/past/stubbs-portrait-of-a-horse,"Found on the venue's ""past"" listing page.",2026-09-13T04:28:03.039Z
ng,Wright of Derby: From the Shadows,2025-11-07,2026-05-10,Joseph Wright of Derby's candlelight paintings.,https://www.nationalgallery.org.uk/exhibitions/past/wright-of-derby-from-the-shadows,"Found on the venue's ""past"" listing page.",2026-09-13T04:28:03.039Z
ng,ming wong: Dance of the sun on the water | Saltatio solis in aqua,2026-01-15,2026-04-06,Short film based on Saint Sebastian.,https://www.nationalgallery.org.uk/exhibitions/past/the-national-gallery-artist-in-residence-ming-wong,"Found on the venue's ""past"" listing page.",2026-09-13T04:28:03.039Z
ng,Edwin Austin Abbey: By the Dawn’s Early Light,2025-11-20,2026-02-15,American artist and Pennsylvania Capitol ceiling.,https://www.nationalgallery.org.uk/exhibitions/past/edwin-austin-abbey-by-the-dawn-s-early-light,"Found on the venue's ""past"" listing page.",2026-09-13T04:28:03.039Z
ng,Radical Harmony,2025-09-13,2026-02-08,"Seurat, Van Gogh, Signac and Pissarro.",https://www.nationalgallery.org.uk/exhibitions/past/radical-harmony-neo-impressionists,"Found on the venue's ""past"" listing page.",2026-09-13T04:28:03.039Z
ng,Millet: Life on the Land,2025-08-07,2025-10-19,The subjects that made Millet famous.,https://www.nationalgallery.org.uk/exhibitions/past/millet-life-on-the-land,"Found on the venue's ""past"" listing page.",2026-09-13T04:28:03.039Z
ng,Take One Picture 2025,2025-06-11,2025-08-31,Children's artworks inspired by de Hooch.,https://www.nationalgallery.org.uk/exhibitions/past/take-one-picture-2025,"Found on the venue's ""past"" listing page.",2026-09-13T04:28:03.039Z
ng,José María Velasco,2025-03-29,2025-08-17,Mexico's landscape painter.,https://www.nationalgallery.org.uk/exhibitions/past/velasco,"Found on the venue's ""past"" listing page.",2026-09-13T04:28:03.039Z
ng,The Carracci Cartoons: Myths in the Making,2025-04-10,2025-07-06,Carracci brothers' creative process.,https://www.nationalgallery.org.uk/exhibitions/past/the-carracci-cartoons-myths-in-the-making,"Found on the venue's ""past"" listing page.",2026-09-13T04:28:03.039Z
ng,"Siena: The Rise of Painting, 1300 ‒1350",2025-03-08,2025-06-22,Earliest Sienese trecento paintings.,https://www.nationalgallery.org.uk/exhibitions/past/siena-the-rise-of-painting,"Found on the venue's ""past"" listing page.",2026-09-13T04:28:03.039Z
ng,Parmigianino: The Vision of Saint Jerome,2024-12-05,2025-03-09,Visionary Renaissance artist at work.,https://www.nationalgallery.org.uk/exhibitions/past/parmigianino-the-vision-of-saint-jerome,"Found on the venue's ""past"" listing page.",2026-09-13T04:28:03.039Z
ng,Discover Constable & The Hay Wain,2024-10-17,2025-02-02,Behind the making of The Hay Wain.,https://www.nationalgallery.org.uk/exhibitions/past/discover-constable-and-the-hay-wain,"Found on the venue's ""past"" listing page.",2026-09-13T04:28:03.039Z
ng,Van Gogh: Poets and Lovers,2024-09-14,2025-01-19,Once-in-a-century Van Gogh exhibition.,https://www.nationalgallery.org.uk/exhibitions/past/van-gogh-poets-and-lovers,"Found on the venue's ""past"" listing page.",2026-09-13T04:28:03.039Z
ng,NG Stories: Making a National Gallery,2024-10-04,2025-01-12,Two hundred years of Gallery history.,https://www.nationalgallery.org.uk/exhibitions/past/ng-stories,"Found on the venue's ""past"" listing page.",2026-09-13T04:28:03.039Z
ng,Hockney and Piero: A Longer Look,2024-08-08,2024-10-27,Hockney against Piero della Francesca.,https://www.nationalgallery.org.uk/exhibitions/past/hockney-and-piero-a-longer-look,"Found on the venue's ""past"" listing page.",2026-09-13T04:28:03.039Z
ng,Discover Degas & Miss La La,2024-06-06,2024-09-01,The circus performer's life.,https://www.nationalgallery.org.uk/exhibitions/past/discover-degas-and-miss-la-la,"Found on the venue's ""past"" listing page.",2026-09-13T04:28:03.039Z
ng,Take One Picture 2024,2024-08-01,2024-09-01,Children's artworks inspired by Rousseau.,https://www.nationalgallery.org.uk/exhibitions/past/take-one-picture-2024,"Found on the venue's ""past"" listing page.",2026-09-13T04:28:03.039Z
ng,The Last Caravaggio,2024-04-18,2024-07-21,Caravaggio's last painting returns to London.,https://www.nationalgallery.org.uk/exhibitions/past/the-last-caravaggio,"Found on the venue's ""past"" listing page.",2026-09-13T04:28:03.039Z
rijks,Ed van der Elsken. Up Close,2026-06-19,2026-09-13,Unfiltered street energy across decades.,https://www.rijksmuseum.nl/en/whats-on/exhibitions/ed-van-der-elsken,"Found on the venue's ""current/upcoming"" listing page. opening date read from a sentence, not a date field: ""19 June till 13 September 2026"".",2026-09-13T04:28:28.453Z
rijks,Fiep Westendorp,2026-06-19,2026-09-13,150 original drawings by the illustrator.,https://www.rijksmuseum.nl/en/whats-on/exhibitions/fiep-westendorp,"Found on the venue's ""current/upcoming"" listing page. opening date read from a sentence, not a date field: ""19 June till 13 September 2026"".",2026-09-13T04:28:28.453Z
rijks,Carel Visser in the Rijksmuseum Gardens,2026-06-05,2026-10-25,Most influential Dutch sculptor of the twentieth century.,https://www.rijksmuseum.nl/en/whats-on/exhibitions/carel-visser,"Found on the venue's ""current/upcoming"" listing page. opening date read from a sentence, not a date field: ""5 June to 25 October (year taken from the listing page)"".",2026-09-13T04:28:28.453Z
rijks,In the Rijksmuseum print cabinets,,2026-11-29,"Rotating prints on Roman art, satire, fairy tales.",https://www.rijksmuseum.nl/en/whats-on/exhibitions/in-the-rijksmuseum-print-cabinets,"Found on the venue's ""current/upcoming"" listing page. No opening date published while this exhibition is running.",2026-09-13T04:28:28.453Z
rijks,Asian Pavilion,,,Calligraphy by Tong Yang-Tze and fashion by Hong.,https://www.rijksmuseum.nl/en/whats-on/exhibitions/asian-pavilion,"Found on the venue's ""current/upcoming"" listing page. No closing date found anywhere on the venue's pages.",2026-09-13T04:28:28.453Z
rijks,WORN,2026-03-27,2027-03-21,Dress and textiles: garments from 1640 to 1930.,https://www.rijksmuseum.nl/en/whats-on/exhibitions/worn,"Found on the venue's ""current/upcoming"" listing page. opening date read from a sentence, not a date field: ""27 March 2026 to 21 March 2027"".",2026-09-13T04:28:28.453Z
rijks,20th-century Galleries,,2026-11-09,New spotlights in the 20th-century galleries.,https://www.rijksmuseum.nl/en/whats-on/exhibitions/new-displays-in-the-20th-century-galleries,"Found on the venue's ""current/upcoming"" listing page. No opening date published while this exhibition is running.",2026-09-13T04:28:28.453Z
rijks,Willem de Kooning at work,2026-10-09,2027-01-17,120 works tracing De Kooning's process.,https://www.rijksmuseum.nl/en/whats-on/exhibitions/willem-de-kooning-at-work,"Found on the venue's ""current/upcoming"" listing page. closing date read from a sentence, not a date field: ""9 October 2026 until 17 January 2027"".",2026-09-13T04:28:28.453Z
rijks,Document Netherlands: New Energy,2026-10-09,2027-01-17,Annual commission to a Dutch photographer.,https://www.rijksmuseum.nl/en/whats-on/exhibitions/document-netherlands-new-energy,"Found on the venue's ""current/upcoming"" listing page. closing date read from a sentence, not a date field: ""9 October 2026 till 17 January 2027"".",2026-09-13T04:28:28.453Z
rijks,Drawing!,2027-02-12,2027-05-23,"Transformation of drawing, 100 highlights.",https://www.rijksmuseum.nl/en/whats-on/exhibitions/draw,"Found on the venue's ""current/upcoming"" listing page. closing date read from a sentence, not a date field: ""12 February till 23 May 2027"".",2026-09-13T04:28:28.453Z
rijks,Metamorphoses,2026-02-06,2026-05-25,"Ovid: Bernini, Titian to Rodin, Magritte, Bourgeois.",https://www.rijksmuseum.nl/en/whats-on/exhibitions/metamorphoses,"Found on the venue's ""past"" listing page.",2026-09-13T04:28:28.453Z
rijks,Fake!,2026-02-06,2026-05-25,Early photocollages and photomontages.,https://www.rijksmuseum.nl/en/whats-on/exhibitions/fake,"Found on the venue's ""past"" listing page.",2026-09-13T04:28:28.453Z
rijks,Suit Yourself,2025-03-22,2026-03-15,A century of men's dress.,https://www.rijksmuseum.nl/en/whats-on/exhibitions/suit-yourself-or100-years-of-menswear-1750-1850,"Found on the venue's ""past"" listing page.",2026-09-13T04:28:28.453Z
rijks,Occupied City,2025-09-12,2026-01-25,"Amsterdam under occupation, Steve McQueen.",https://www.rijksmuseum.nl/en/whats-on/exhibitions/steve-mcqueen-occupied-city,"Found on the venue's ""past"" listing page.",2026-09-13T04:28:28.453Z
rijks,At Home in the 17th Century,2025-10-17,2026-01-11,"Domestic life with Rembrandt, Hals, Vermeer.",https://www.rijksmuseum.nl/en/whats-on/exhibitions/past/thuis-in-de-17de-eeuw,"Found on the venue's ""past"" listing page.",2026-09-13T04:28:28.453Z
rijks,Document Nederland,2025-11-01,2026-01-11,Annual Dutch photography commission.,https://www.rijksmuseum.nl/en/whats-on/exhibitions/past/document-nederland-tina-farifteh,"Found on the venue's ""past"" listing page. opening and closing date read from a sentence, not a date field: ""1 November 2025 to 11 January 2026"".",2026-09-13T04:28:28.453Z
rijks,Isamu Noguchi,2025-05-28,2025-10-26,Garden sculpture devoted to Noguchi.,https://www.rijksmuseum.nl/en/whats-on/exhibitions/past/isamu-noguchi-in-de-rijksmuseumtuinen,"Found on the venue's ""past"" listing page.",2026-09-13T04:28:28.453Z
rijks,Crossings,2025-07-04,2025-10-12,Photography from the Indian subcontinent.,https://www.rijksmuseum.nl/en/whats-on/exhibitions/crossings,"Found on the venue's ""past"" listing page.",2026-09-13T04:28:28.453Z
rijks,Fiona Tan: Monomania,2025-07-04,2025-09-14,The artist's view on the collection.,https://www.rijksmuseum.nl/en/whats-on/exhibitions/fiona-tan-monomania,"Found on the venue's ""past"" listing page.",2026-09-13T04:28:28.453Z
rijks,Asian Bronze,2024-09-27,2025-01-12,Four thousand years of Asian bronze.,https://www.rijksmuseum.nl/en/whats-on/exhibitions/past/asian-bronze,"Found on the venue's ""past"" listing page.",2026-09-13T04:28:28.453Z
rijks,Festival Frenzy,2024-09-27,2025-01-12,Dutch festivals photographed.,https://www.rijksmuseum.nl/en/whats-on/exhibitions/past/document-nederland,"Found on the venue's ""past"" listing page.",2026-09-13T04:28:28.453Z
rijks,Lee Ufan,2024-05-28,2024-10-27,Garden sculpture devoted to Lee Ufan.,https://www.rijksmuseum.nl/en/whats-on/exhibitions/past/lee-ufan,"Found on the venue's ""past"" listing page.",2026-09-13T04:28:28.453Z
rijks,Point of View,2024-07-05,2024-09-01,How gender has been visualised through the ages.,https://www.rijksmuseum.nl/en/whats-on/exhibitions/past/point-of-view,"Found on the venue's ""past"" listing page.",2026-09-13T04:28:28.453Z
rijks,Stop motion,2024-07-05,2024-09-01,Photography corrected artists' inaccurate horse gallop depictions.,https://www.rijksmuseum.nl/nl/zien-en-doen/tentoonstellingen/afgelopen/stop-motion,"Found on the venue's ""past"" listing page.",2026-09-13T04:28:28.453Z
rijks,Express yourself,,,Wessel and Bogaerts photograph Dutch youth culture.,https://www.rijksmuseum.nl/en/whats-on/exhibitions/past/express-yourself,"Found on the venue's ""past"" listing page. The venue's page shows only ""16 Feb - 9 June"" for this exhibition's dates — no year is published anywhere.",2026-09-13T04:28:28.453Z
rijks,Richard Long,,,Long's interventions in the Rijksmuseum gardens.,https://www.rijksmuseum.nl/en/whats-on/exhibitions/past/richard-long,"Found on the venue's ""past"" listing page. No closing date found anywhere on the venue's pages.",2026-09-13T04:28:28.453Z
rijks,Mission Masterpiece,,,,https://www.rijksmuseum.nl/en/whats-on/exhibitions/past/mission-masterpiece,"Found on the venue's ""past"" listing page. The venue's own link to this exhibition is broken (HTTP 404). No closing date found anywhere on the venue's pages.",2026-09-13T04:28:28.453Z
rijks,XXL Paper,,,"The collection's largest, rarely displayed works on paper.",https://www.rijksmuseum.nl/en/whats-on/exhibitions/past/xxl-paper,"Found on the venue's ""past"" listing page. No closing date found anywhere on the venue's pages.",2026-09-13T04:28:28.453Z
rijks,Modern Japanese Lacquer,,,Detail and beauty of Japanese lacquer.,https://www.rijksmuseum.nl/en/whats-on/exhibitions/past/modern-japanese-lacquer,"Found on the venue's ""past"" listing page. No closing date found anywhere on the venue's pages.",2026-09-13T04:28:28.453Z
rijks,REVOLUSI!,,,More than 20 personal stories from Indonesia's independence struggle.,https://www.rijksmuseum.nl/en/whats-on/exhibitions/past/revolusi,"Found on the venue's ""past"" listing page. No closing date found anywhere on the venue's pages.",2026-09-13T04:28:28.453Z
rijks,Vincent Mentzel,,,Mentzel's photos trace photojournalism's evolution.,https://www.rijksmuseum.nl/en/whats-on/exhibitions/past/vincent-mentzel,"Found on the venue's ""past"" listing page. No closing date found anywhere on the venue's pages.",2026-09-13T04:28:28.453Z
rijks,Henk Wildschut,,,,https://www.rijksmuseum.nl/en/whats-on/exhibitions/past/henk-wildschut,"Found on the venue's ""past"" listing page. The venue's own link to this exhibition is broken (HTTP 404). No closing date found anywhere on the venue's pages.",2026-09-13T04:28:28.453Z
rijks,Ellsworth Kelly,,,Nine Kelly sculptures debut in the Netherlands.,https://www.rijksmuseum.nl/en/whats-on/exhibitions/past/ellsworth-kelly,"Found on the venue's ""past"" listing page. The venue's page shows only ""Until 24 October"" for this exhibition's dates — no year is published anywhere.",2026-09-13T04:28:28.453Z
rijks,Slavery,,,Personal stories of slavery across continents.,https://www.rijksmuseum.nl/en/whats-on/exhibitions/past/slavery,"Found on the venue's ""past"" listing page. No closing date found anywhere on the venue's pages.",2026-09-13T04:28:28.453Z
rijks,Ed van der Elsken,,,Unfiltered street energy across decades.,https://www.rijksmuseum.nl/en/whats-on/exhibitions/past/ed-van-der-elsken,"Found on the venue's ""past"" listing page. The venue's own link to this exhibition is broken (HTTP 404). No closing date found anywhere on the venue's pages. Description carried over from the previous sweep; the exhibition’s own page gave no text this time.",2026-09-13T04:28:28.453Z
rijks,The Strength of Dutch Museum Collections,,,Two portraits by Piero di Cosimo.,https://www.rijksmuseum.nl/en/whats-on/exhibitions/past/strength-of-dutch-museum-collections,"Found on the venue's ""past"" listing page. The venue's page shows only ""Until 15 December"" for this exhibition's dates — no year is published anywhere.",2026-09-13T04:28:28.453Z
rijks,The best Italian drawings,,,Italian master drawings from the print room.,https://www.rijksmuseum.nl/en/whats-on/exhibitions/past/highlights-of-italian-drawing,"Found on the venue's ""past"" listing page. The venue's page shows only ""Until 18 November"" for this exhibition's dates — no year is published anywhere.",2026-09-13T04:28:28.453Z
tate-britain,James McNeill Whistler,2026-05-21,2026-09-27,First major European Whistler retrospective in 30 years.,https://www.tate.org.uk/whats-on/tate-britain/whistler,"Found on the venue's ""current/upcoming"" listing page. Also listed on the venue's ""recently opened"" page. opening date read from a sentence, not a date field: ""21 May - 27 September 2026"".",2026-09-13T04:30:06.961Z
tate-britain,The 90s: Art and Fashion,2026-10-08,2027-02-14,Enninful curates 90s British art and fashion.,https://www.tate.org.uk/whats-on/tate-britain/the-90s,"Found on the venue's ""current/upcoming"" listing page. Also listed on the venue's ""recently opened"" page.",2026-09-13T04:30:06.961Z
tate-britain,Vanessa Bell & Duncan Grant: Inside Bloomsbury,2026-11-12,2027-04-11,Bell and Grant's Bloomsbury creative partnership.,https://www.tate.org.uk/whats-on/tate-britain/vanessa-bell-and-duncan-grant,"Found on the venue's ""current/upcoming"" listing page. Also listed on the venue's ""recently opened"" page.",2026-09-13T04:30:06.961Z
tate-britain,"Commission 2026: Zineb Sedira: When Words Fall Silent, Cinema Speaks",2026-05-13,2027-01-17,Sedira's new Duveen Galleries commission.,https://www.tate.org.uk/whats-on/tate-britain/zineb-sedira,"Found on the venue's ""current/upcoming"" listing page. opening date read from a sentence, not a date field: ""13 May 2026 - 17 January 2027"".",2026-09-13T04:30:06.961Z
tate-britain,Art Now: Mohammed Z Rahman,2026-06-05,2026-11-08,Rahman's new paintings on home and love.,https://www.tate.org.uk/whats-on/tate-britain/art-now-mohammed-z-rahman,"Found on the venue's ""current/upcoming"" listing page. opening date read from a sentence, not a date field: ""5 June - 8 November 2026"".",2026-09-13T04:30:06.961Z
tate-britain,Sonia Boyce,2027-03-24,2027-08-22,Tate's first survey of Boyce's forty-year career.,https://www.tate.org.uk/whats-on/tate-britain/sonia-boyce,"Found on the venue's ""current/upcoming"" listing page.",2026-09-13T04:30:06.961Z
tate-britain,Thomas Gainsborough,2027-05-20,2027-10-10,First major Gainsborough survey in over 20 years.,https://www.tate.org.uk/whats-on/tate-britain/thomas-gainsborough,"Found on the venue's ""current/upcoming"" listing page.",2026-09-13T04:30:06.961Z
tate-britain,David Hockney,2027-10-07,2028-02-20,Seven decades of Hockney's love and friendship.,https://www.tate.org.uk/whats-on/tate-britain/david-hockney,"Found on the venue's ""current/upcoming"" listing page.",2026-09-13T04:30:06.961Z
tate-britain,The Tudors,2027-11-18,2028-04-23,Tate's first Tudor art exhibition in 30 years.,https://www.tate.org.uk/whats-on/tate-britain/the-tudors,"Found on the venue's ""current/upcoming"" listing page.",2026-09-13T04:30:06.961Z
tate-modern,Frida: The Making of an Icon,2026-06-25,2027-01-03,The life and legacy of Frida Kahlo.,https://www.tate.org.uk/whats-on/tate-modern/frida-kahlo-the-making-of-an-icon,"Found on the venue's ""current/upcoming"" listing page. Also listed on the venue's ""recently opened"" page. opening date read from a sentence, not a date field: ""25 June 2026 - 3 January 2027"".",2026-09-13T04:29:54.650Z
tate-modern,Julio Le Parc: Light. Colour. Action.,2026-06-08,2027-05-03,Le Parc's kinetic art across seven decades.,https://www.tate.org.uk/whats-on/tate-modern/julio-le-parc,"Found on the venue's ""current/upcoming"" listing page. Also listed on the venue's ""recently opened"" page. opening date read from a sentence, not a date field: ""8 June 2026 - 3 May 2027"".",2026-09-13T04:29:54.650Z
tate-modern,Ana Mendieta,2026-07-14,2027-01-17,Mendieta's Silueta Series exploring body and nature.,https://www.tate.org.uk/whats-on/tate-modern/ana-mendieta,"Found on the venue's ""current/upcoming"" listing page. Also listed on the venue's ""recently opened"" page. opening date read from a sentence, not a date field: ""14 July 2026 - 17 January 2027"".",2026-09-13T04:29:54.650Z
tate-modern,Light and Magic: The Birth of Art Photography,2026-10-14,2027-02-21,Pictorialism as a global photographic movement.,https://www.tate.org.uk/whats-on/tate-modern/light-and-magic,"Found on the venue's ""current/upcoming"" listing page. Also listed on the venue's ""recently opened"" page.",2026-09-13T04:29:54.650Z
tate-modern,Monet: Painting Time,2027-02-25,2027-06-27,Monet's paintings and his relationship with time.,https://www.tate.org.uk/whats-on/tate-modern/monet,"Found on the venue's ""current/upcoming"" listing page. Also listed on the venue's ""recently opened"" page.",2026-09-13T04:29:54.650Z
tate-modern,Ink,2027-04-22,2027-08-30,Ink painting traditions across East Asia.,https://www.tate.org.uk/whats-on/tate-modern/ink,"Found on the venue's ""current/upcoming"" listing page. Also listed on the venue's ""recently opened"" page.",2026-09-13T04:29:54.650Z
tate-modern,Baya,2027-06-10,2027-10-17,First UK solo exhibition of Baya.,https://www.tate.org.uk/whats-on/tate-modern/baya,"Found on the venue's ""current/upcoming"" listing page. Also listed on the venue's ""recently opened"" page.",2026-09-13T04:29:54.650Z
tate-modern,Nalini Malani,2027-07-01,2028-01-09,"Malani's six-decade career, beauty and discomfort.",https://www.tate.org.uk/whats-on/tate-modern/nalini-malani,"Found on the venue's ""current/upcoming"" listing page. Also listed on the venue's ""recently opened"" page.",2026-09-13T04:29:54.650Z
tate-modern,Lynda Benglis,2027-09-30,2028-03-05,Benglis's boundary-pushing sculpture and material experiments.,https://www.tate.org.uk/whats-on/tate-modern/lynda-benglis,"Found on the venue's ""current/upcoming"" listing page. Also listed on the venue's ""recently opened"" page.",2026-09-13T04:29:54.650Z
tate-modern,Edvard Munch,2027-11-11,2028-04-23,Munch's soul paintings through the lens of cinema.,https://www.tate.org.uk/whats-on/tate-modern/edvard-munch,"Found on the venue's ""current/upcoming"" listing page. Also listed on the venue's ""recently opened"" page.",2026-09-13T04:29:54.650Z
tate-modern,Gathering Ground,2025-01-29,2027-03-07,Art connecting environmental and social justice.,https://www.tate.org.uk/whats-on/tate-modern/gathering-ground,"Found on the venue's ""current/upcoming"" listing page. Also listed on the venue's ""recently opened"" page. opening date read from a sentence, not a date field: ""29 January 2025 - 7 March 2027"".",2026-09-13T04:29:54.650Z
tate-modern,Hyundai Commission: Tarek Atoui,2026-10-13,2027-04-11,Atoui's new Turbine Hall sound installation.,https://www.tate.org.uk/whats-on/tate-modern/tarek-atoui,"Found on the venue's ""current/upcoming"" listing page.",2026-09-13T04:29:54.650Z
tate-modern,Hyundai Commission 2027,,,"Turbine Hall's next commission, artist to be announced.",https://www.tate.org.uk/whats-on/tate-modern/hyundai-commission-2027,"Found on the venue's ""current/upcoming"" listing page. No closing date found anywhere on the venue's pages.",2026-09-13T04:29:54.650Z
uffizi,At Palazzo Pitti the 20th century showcased in 40 dreamlike dresses: the new arrangement at the museum of Costume and Fashion,,,Forty dresses tracing 20th-century fashion history.,https://www.uffizi.it/en/events/nuovo-allestimento-museo-moda-2025,"Found on the venue's ""current"" listing page. Also listed on the venue's ""past 2025"" page. No closing date found anywhere on the venue's pages.",2026-09-13T04:28:55.699Z
uffizi,"At the Pitti Palace, the “very best” of the king’s furniture",,,Sixteen furniture masterpieces from three royal dynasties.,https://www.uffizi.it/en/events/the-king-s-furniture,"Found on the venue's ""current"" listing page. Also listed on the venue's ""past 2025"" page. No closing date found anywhere on the venue's pages.",2026-09-13T04:28:55.699Z
uffizi,Sarmi’s Genius. A new exhibition at the Museum of Costume and Fashion,2026-06-18,2026-12-31,Sarmi's gowns from mid-century New York fashion.,https://www.uffizi.it/en/events/il-genio-di-sarmi-nuova-mostra-al-museo-del-costume,"Found on the venue's ""current"" listing page.",2026-09-13T04:28:55.699Z
uffizi,Wax upon a time. The Medici and the arts of ceroplastics,2025-12-18,2026-04-12,Florentine wax sculpture from the Medici collections.,https://www.uffizi.it/en/events/wax-upon-a-time,"Found on the venue's ""past 2025"" listing page.",2026-09-13T04:28:55.699Z
uffizi,Florence and Europe. Arts of the Eighteenth Century at the Uffizi,,,Eighteenth-century art and the Grand Tour.,https://www.uffizi.it/en/events/florence-and-europe,"Found on the venue's ""past 2025"" listing page. The venue's page shows only ""24 June"" for this exhibition's dates — no year is published anywhere.",2026-09-13T04:28:55.699Z
uffizi,1925-1955 Fashion in the Spotlight. The origins of Made in Italy,2025-06-18,2025-11-02,Thirty formative years of Italian fashion history.,https://www.uffizi.it/en/events/1925-1955-fashion-the-origins-of-made-in-italy,"Found on the venue's ""past 2025"" listing page. The venue extended this exhibition; it first announced 2025-09-28 as the closing date.",2026-09-13T04:28:55.699Z
uffizi,The Witch by Salvator Rosa displayed in Pitti Palace,2025-01-11,2025-02-09,Salvator Rosa's Witch displayed at Pitti Palace.,https://www.uffizi.it/en/events/the-witch-by-salvator-rosa-displayed-in-pitti-palace,"Found on the venue's ""past 2025"" listing page. opening and closing date read from a sentence, not a date field: ""11 January to 9 February 2025"".",2026-09-13T04:28:55.699Z
uffizi,"Stanislao Pointeau. A Tuscan ""macchiaiolo""of French descent. An exhibition dedicated to Prof. Carlo Del Bravo",2024-10-26,2025-02-16,First monographic exhibition devoted to Pointeau.,https://www.uffizi.it/en/events/stanislao-pointeau,"Found on the venue's ""past 2024"" listing page.",2026-09-13T04:28:55.699Z
uffizi,"Tuscan Tournaments. The Saracen Joust, the Crossbow Palio and the Game of the Bridge",2024-09-12,2025-01-12,"Tuscan tournaments in prints, arms and armour.",https://www.uffizi.it/en/events/tornei-di-toscana-la-giostra-del-saracino-il-palio-della-balestra-e-il-gioco-del,"Found on the venue's ""past 2024"" listing page. opening and closing date read from a sentence, not a date field: ""12 September 2024 - 12 January 2025"".",2026-09-13T04:28:55.699Z
uffizi,Carlo Maria Mariani. Arte oltre il tempo,,,In English: Carlo Maria Mariani. Art Beyond Time. — Sixteen works spanning Mariani's fifty-year career.,https://www.uffizi.it/en/events/carlo-maria-mariani,"Found on the venue's ""past 2024"" listing page. No closing date found anywhere on the venue's pages.",2026-09-13T04:28:55.699Z
uffizi,Self-portraits on paper by 19th-century Masters,2024-08-06,2024-10-27,"Nineteenth-century self-portraits on paper, Uffizi rotation.",https://www.uffizi.it/en/events/self-portraits-on-paper-by-18th-century-masters,"Found on the venue's ""past 2024"" listing page.",2026-09-13T04:28:55.699Z
uffizi,Self-portraits on paper by 18th- and early 19th-century masters,2024-05-07,2024-08-04,"Self-portraits on paper, eighteenth and nineteenth century.",https://www.uffizi.it/en/events/self-portraits-on-paper-18th-and-early-19th-centuries,"Found on the venue's ""past 2024"" listing page. opening and closing date read from a sentence, not a date field: ""7 May to 4 August 2024"".",2026-09-13T04:28:55.699Z
uffizi,Uffizi: on display two masterpieces damaged by the 1993 Georgofili mafia attack,2024-05-26,2024-07-28,Manfredi paintings damaged in the Georgofili bombing.,https://www.uffizi.it/en/events/georgofili-commemoration-2024,"Found on the venue's ""past 2024"" listing page.",2026-09-13T04:28:55.699Z
va,Schiaparelli: Fashion Becomes Art,2026-03-28,2026-11-15,UK's first exhibition on Schiaparelli's fashion house.,https://www.vam.ac.uk/exhibitions/schiaparelli,"Found on the venue's ""current/upcoming"" listing page. opening and closing date taken from the site's structured data, not its visible page.",2026-09-13T04:28:18.967Z
va,"Rising Voices: Contemporary Art from Asia, Australia and the Pacific",2026-05-16,2027-01-10,Contemporary art from the Asia Pacific region.,https://www.vam.ac.uk/exhibitions/rising-voices-contemporary-art-from-asia-australia-and-the-pacific,"Found on the venue's ""current/upcoming"" listing page. opening and closing date taken from the site's structured data, not its visible page.",2026-09-13T04:28:18.967Z
va,"Constantinople to Istanbul: One City, Two Empires",2026-11-07,2027-05-09,"1,600 years of art in one city.",https://www.vam.ac.uk/exhibitions/constantinople-to-istanbul-one-city-two-empires,"Found on the venue's ""current/upcoming"" listing page. closing date taken from the site's structured data, not its visible page.",2026-09-13T04:28:18.967Z
va,Punk to Pop,2027-03-13,2028-01-02,Punk-era artists responding to austerity and turbulence.,https://www.vam.ac.uk/exhibitions/punk-to-pop,"Found on the venue's ""current/upcoming"" listing page. closing date taken from the site's structured data, not its visible page.",2026-09-13T04:28:18.967Z
va,Sculpture in Clay,2027-05-29,2028-02-06,Clay as a radical sculptural medium.,https://www.vam.ac.uk/exhibitions/sculpture-in-clay,"Found on the venue's ""current/upcoming"" listing page. closing date taken from the site's structured data, not its visible page.",2026-09-13T04:28:18.967Z
va,Chintz,2027-09-18,2028-06-04,"Four centuries of chintz, a coveted fabric.",https://www.vam.ac.uk/exhibitions/chintz,"Found on the venue's ""current/upcoming"" listing page. closing date taken from the site's structured data, not its visible page.",2026-09-13T04:28:18.967Z
wallace,Grayson Perry: Delusions of Grandeur,2025-03-28,2025-10-26,"Perry's largest contemporary exhibition, over forty works.",https://www.wallacecollection.org/explore/past-exhibitions/grayson-perry-delusions-of-grandeur/,"Found on the venue's ""current/upcoming"" listing page. Also listed on the venue's ""past"" page.",2026-09-13T04:30:25.650Z
wallace,Swords of Lucknow,2025-11-26,2026-03-22,Five ornate swords from Lucknow's Nawabi court.,https://www.wallacecollection.org/explore/past-exhibitions/swords-of-lucknow/,"Found on the venue's ""current/upcoming"" listing page. Also listed on the venue's ""past"" page.",2026-09-13T04:30:25.650Z
wallace,Caravaggio's Cupid,2025-11-26,2026-04-12,Caravaggio's Cupid reunited with its original collection.,https://www.wallacecollection.org/explore/past-exhibitions/caravaggios-cupid/,"Found on the venue's ""current/upcoming"" listing page. Also listed on the venue's ""past"" page.",2026-09-13T04:30:25.650Z
wallace,Winston Churchill: The Painter,2026-05-23,2026-11-29,First retrospective of Churchill's paintings since death.,https://www.wallacecollection.org/whats-on/exhibitions-displays/winston-churchill-the-painter/,"Found on the venue's ""current/upcoming"" listing page. opening and closing date read from a sentence, not a date field: ""23 May - 29 November 2026"".",2026-09-13T04:30:25.650Z
wallace,The Wallace Collection at War,2026-04-15,2026-10-25,Wallace Collection's wartime exhibitions on Anglo-Soviet friendship.,https://www.wallacecollection.org/whats-on/exhibitions-displays/the-wallace-collection-at-war/,"Found on the venue's ""current/upcoming"" listing page. opening and closing date read from a sentence, not a date field: ""15 April-25 October 2026"".",2026-09-13T04:30:25.650Z
wallace,Metamorphoses: Porcelain Sculpture by Rachel Kneebone,2026-09-23,2027-04-25,Kneebone's porcelain sculptures placed throughout the galleries.,https://www.wallacecollection.org/whats-on/exhibitions-displays/metamorphoses-porcelain-sculpture-by-rachel-kneebone/,"Found on the venue's ""current/upcoming"" listing page. opening and closing date read from a sentence, not a date field: ""23 September 2026-25 April 2027"".",2026-09-13T04:30:25.650Z
wallace,Cosimo I de’ Medici: Art and Dynasty,2026-11-18,2027-03-21,Cosimo I de' Medici's art of power.,https://www.wallacecollection.org/whats-on/exhibitions-displays/cosimo-i-de-medici-art-and-dynasty/,"Found on the venue's ""current/upcoming"" listing page. opening and closing date read from a sentence, not a date field: ""18 November 2026-21 March 2027"".",2026-09-13T04:30:25.650Z
wallace,Marie-Antoinette: An Eye for Beauty,2026-02-02,2026-03-31,Marie-Antoinette's commissions and refined taste.,https://www.wallacecollection.org/explore/past-exhibitions/marie-antoinette-an-eye-for-beauty/,"Found on the venue's ""past"" listing page.",2026-09-13T04:30:25.650Z
wallace,Keeping Time: Clocks by Boulle,2024-11-27,2025-03-02,Five clocks by Boulle for Louis XIV.,https://www.wallacecollection.org/explore/past-exhibitions/keeping-time-clocks-by-boulle/,"Found on the venue's ""past"" listing page.",2026-09-13T04:30:25.650Z
wallace,Flora Yukhnovich and François Boucher: The Language of the Rococo,2024-06-05,2024-11-03,Yukhnovich responds to Boucher's Rococo paintings.,https://www.wallacecollection.org/explore/past-exhibitions/flora-yukhnovich-and-francois-boucher-the-language-of-the-rococo/,"Found on the venue's ""past"" listing page.",2026-09-13T04:30:25.650Z
wallace,"Ranjit Singh: Sikh, Warrior, King",2024-04-10,2024-10-20,Ranjit Singh's life in nearly 100 artworks.,https://www.wallacecollection.org/explore/past-exhibitions/ranjit-singh-sikh-warrior-king/,"Found on the venue's ""past"" listing page.",2026-09-13T04:30:25.650Z
borghese,Metamorphoses Ovid and the Arts,2026-06-23,2026-10-11,"Ovid's Metamorphoses as inspiration, developed with the Rijksmuseum.",https://galleriaborghese.cultura.gov.it/en/exhibition/metamorphoses/,"Found on the venue's ""current"" listing page. opening and closing date read from a sentence, not a date field: ""June 23 to September 20, 2026"". The venue extended this exhibition; it first announced 2026-09-20 as the closing date.",2026-09-12T16:04:08.334Z
borghese,[upcoming page],,,,https://galleriaborghese.cultura.gov.it/en/mostre/future/,"The venue's ""upcoming"" listing page loaded but no exhibitions could be read from it. Marker row, not an exhibition.",2026-09-12T16:04:08.334Z
borghese,Return to Galleria Borghese. Giovan Francesco Penni and Raphael’s Workshop,2026-03-17,2026-05-10,"Penni's allegory, from Raphael's workshop, reunited with its pendant.",https://galleriaborghese.cultura.gov.it/en/exhibition/return-to-the-galleria-borghese/,"Found on the venue's ""past"" listing page. opening and closing date read from a sentence, not a date field: ""March 17 to May 10, 2026"".",2026-09-12T16:04:08.334Z
borghese,Marcello Provenzale from Cento. A Genius of Baroque Mosaic in Borghese Rome,2026-03-17,2026-05-10,"Provenzale's Baroque mosaic art, on his 450th birth anniversary.",https://galleriaborghese.cultura.gov.it/en/exhibition/marcello-provenzale-from-cento/,"Found on the venue's ""past"" listing page. opening and closing date read from a sentence, not a date field: ""March 17, and running until May 10, 2026"".",2026-09-12T16:04:08.334Z
borghese,Zanabazar at the Galleria Borghese. From Mongolia to the Global Baroque,2026-01-20,2026-02-22,"Two sculptures by Zanabazar, in dialogue with Baroque Europe.",https://galleriaborghese.cultura.gov.it/en/exhibition/zanabazar-at-the-galleria-borghese-from-mongolia-to-the-global-baroque/,"Found on the venue's ""past"" listing page. opening and closing date read from a sentence, not a date field: ""20 January to 22 February 2026"".",2026-09-12T16:04:08.334Z
borghese,Wangechi Mutu – Black Soil Poems,2025-06-10,2025-09-14,Mutu's site-specific sculptures across the galleries and gardens.,https://galleriaborghese.cultura.gov.it/en/exhibition/black-soil-poems/,"Found on the venue's ""past"" listing page. opening and closing date read from a sentence, not a date field: ""June 10 to September 14, 2025"".",2026-09-12T16:04:08.334Z
borghese,Poetry and Painting in the 17th Century. Giovan Battista Marino and the Marvelous Passion.,2024-11-19,2025-02-09,"Marino's poetry paired with Titian, Tintoretto, Correggio, Rubens, Poussin.",https://galleriaborghese.cultura.gov.it/en/exhibition/poetry-and-painting-in-the-17th-century-giovan-battista-marino-and-the-marvelous-passion/,"Found on the venue's ""past"" listing page. opening and closing date read from a sentence, not a date field: ""November 19, 2024, to February 9, 2025"".",2026-09-12T16:04:08.334Z
borghese,Louise Bourgeois. Unconscious Memories,,,"Bourgeois's sculptures on memory, first for a woman artist here.",https://galleriaborghese.cultura.gov.it/en/exhibition/louise-bourgeois-unconscious-memories/,"Found on the venue's ""past"" listing page. The venue's page shows only ""June / 2024"" for this exhibition's dates — no day is published, only the month and year.",2026-09-12T16:04:08.334Z
capo,I Segni dei Tempi. Carlo Maria Mariani a Capodimonte,2026-04-16,2026-09-08,"In English: The Signs of the Times. Carlo Maria Mariani at Capodimonte. — Mariani's donated painting, bridging Raphael and Duchamp.",https://capodimonte.cultura.gov.it/mostra/i-segni-dei-tempi-carlo-maria-mariani-a-capodimonte/,"Found on the venue's ""all (current/upcoming/past)"" listing page. opening and closing date read from a sentence, not a date field: ""16 aprile all’8 settembre 2026"".",2026-09-12T16:08:55.995Z
capo,Emilio Isgrò. Canto Napoli,2026-04-10,2026-09-29,In English: Emilio Isgrò. I Sing Naples. — Isgrò's erasures across 25 Neapolitan song scores.,https://capodimonte.cultura.gov.it/mostra/emilio-isgro-canto-napoli/,"Found on the venue's ""all (current/upcoming/past)"" listing page. No exhibition name could be read from this link. Web address suggests: ""Emilio Isgro Canto Napoli"". Name read from the exhibition's own page; the listing linked it by image only. opening and closing date read from a sentence, not a date field: ""10 aprile al 29 settembre 2026"".",2026-09-12T16:08:55.995Z
capo,“Metamorfosi” di Bertozzi & Casoni,2025-12-05,,"In English: ""Metamorphosis"" by Bertozzi & Casoni. — Bertozzi & Casoni's ceramic sculptures among the Royal Apartments.",https://capodimonte.cultura.gov.it/mostra/metamorfosi-di-bertozzi-casoni/,"Found on the venue's ""all (current/upcoming/past)"" listing page. opening date read from a sentence, not a date field: ""Dal 5 dicembre 2025"". No closing date found anywhere on the venue's pages.",2026-09-12T16:08:55.995Z
capo,Nicola Samorì. Classical collapse,2025-11-28,2026-06-09,"Samorì reworks classical tradition, shared with Milan's Ambrosiana.",https://capodimonte.cultura.gov.it/mostra/nicola-samori-classical-collapse/,"Found on the venue's ""all (current/upcoming/past)"" listing page. opening and closing date read from a sentence, not a date field: ""28 novembre 2025 - 10 marzo 2026"". The venue extended this exhibition; it first announced 2026-03-10 as the closing date.",2026-09-12T16:08:55.995Z
capo,Capodimonte ricorda Mimmo Jodice,,,"In English: Capodimonte Remembers Mimmo Jodice. — Mimmo Jodice's photographic series Transiti, in a memorial room.",https://capodimonte.cultura.gov.it/mostra/capodimonte-ricorda-mimmo-jodice/,"Found on the venue's ""all (current/upcoming/past)"" listing page. No exhibition name could be read from this link. Web address suggests: ""Capodimonte Ricorda Mimmo Jodice"". Name read from the exhibition's own page; the listing linked it by image only. The venue's page shows only ""21 novembre"" for this exhibition's dates — no year is published anywhere.",2026-09-12T16:08:55.995Z
capo,Sogno mediterraneo. Sergio Vacchi,2025-11-06,2026-01-27,"In English: Mediterranean Dream. Sergio Vacchi. — Sergio Vacchi's paintings, marking his birth centenary.",https://capodimonte.cultura.gov.it/mostra/sogno-mediterraneo-sergio-vacchi/,"Found on the venue's ""all (current/upcoming/past)"" listing page. opening and closing date read from a sentence, not a date field: ""6 novembre 2025 - 27 gennaio 2026"".",2026-09-12T16:08:55.995Z
capo,NAFRICA-MASCHERE (Memorie & Identità / Uomini o Maschere),2025-10-16,2026-01-06,In English: NAFRICA-MASKS (Memories & Identity / Men or Masks). — Simon Njami's exhibition on Italian colonial memory and identity.,https://capodimonte.cultura.gov.it/mostra/nafrica-maschere-memorie-identita-uomini-o-maschere/,"Found on the venue's ""all (current/upcoming/past)"" listing page. opening and closing date read from a sentence, not a date field: ""16 ottobre 2025 al 6 gennaio 2026"".",2026-09-12T16:08:55.995Z
capo,L’Ospite bergamasca Lucina Brembati di Lorenzo Lotto. Capodimonte è di Moda – Percorsi nella storia del Costume,2025-10-02,2026-01-13,"In English: The Bergamask Guest Lucina Brembati by Lorenzo Lotto. Capodimonte Is in Fashion – Journeys through the History of Costume. — Lotto's portrait of Lucina Brembati, guest amid fashion-history talks.",https://capodimonte.cultura.gov.it/mostra/lospite-bergamasca-lucina-brembati-di-lorenzo-lotto-capodimonte-e-di-moda-percorsi-nella-storia-del-costume/,"Found on the venue's ""all (current/upcoming/past)"" listing page. opening and closing date read from a sentence, not a date field: ""2 ottobre 2025- 13 gennaio 2026"".",2026-09-12T16:08:55.995Z
capo,"La Pietà di Gricci, il modellatore del Re. Nuova acquisizione di Capodimonte. Tra terracotta e porcellana",2025-08-07,2025-11-11,"In English: The Pietà by Gricci, the King's Modeler. New Acquisition by Capodimonte. Between Terracotta and Porcelain. — Giuseppe Gricci's rare terracotta Pietà, a new Capodimonte acquisition.",https://capodimonte.cultura.gov.it/mostra/la-pieta-di-gricci-il-modellatore-del-re-nuova-acquisizione-di-capodimonte-tra-terracotta-e-porcellana/,"Found on the venue's ""all (current/upcoming/past)"" listing page. opening and closing date read from a sentence, not a date field: ""7 agosto 2025 al 11 novembre 2025"".",2026-09-12T16:08:55.995Z
capo,Capodimonte doppio Caravaggio. L’Ecce Homo e La Flagellazione di Cristo,2025-07-24,2025-11-03,In English: Capodimonte's Double Caravaggio. The Ecce Homo and The Flagellation of Christ. — Caravaggio's Ecce Homo reunited with his Flagellazione di Cristo.,https://capodimonte.cultura.gov.it/mostra/capodimonte-doppio-caravaggio-lecce-homo-e-la-flagellazione-di-cristo/,"Found on the venue's ""all (current/upcoming/past)"" listing page. opening and closing date read from a sentence, not a date field: ""24 luglio al 3 novembre 2025"".",2026-09-12T16:08:55.995Z
capo,L’Ospite bolognese. L’Annunciazione di Ludovico Carracci,2025-03-25,2025-06-15,"In English: The Bolognese Guest. The Annunciation by Ludovico Carracci. — Ludovico Carracci's Annunciazione, guest alongside works by Pulzone and Curia.",https://capodimonte.cultura.gov.it/mostra/lospite-bolognese-lannunciazione-di-ludovico-carracci/,"Found on the venue's ""all (current/upcoming/past)"" listing page. opening and closing date read from a sentence, not a date field: ""25 marzo 2025 al 15 giugno 2025"".",2026-09-12T16:08:55.995Z
capo,Ospiti d’eccezione. Pieter Paul Rubens ‘San Sebastiano curato dagli angeli’ e Giovanni Baglione ‘Amor sacro e Amor profano’,2025-03-11,2025-07-15,In English: Exceptional Guests. Pieter Paul Rubens' 'Saint Sebastian Tended by Angels' and Giovanni Baglione's 'Sacred and Profane Love'. — Rubens's San Sebastiano guests beside Baglione's Amor Sacro e Profano.,https://capodimonte.cultura.gov.it/mostra/ospiti-deccezione-pieter-paul-rubens-san-sebastiano-curato-dagli-angeli-e-giovanni-baglione-amor-sacro-e-amor-profano/,"Found on the venue's ""all (current/upcoming/past)"" listing page. opening and closing date read from a sentence, not a date field: ""11 marzo 2025 al 15 luglio 2025"".",2026-09-12T16:08:55.995Z
capo,Gaia Fugazza. Sete,2025-01-31,2025-03-18,"In English: Gaia Fugazza. Thirst. — Gaia Fugazza's porcelain works and performance, Sete and Acque dentro.",https://capodimonte.cultura.gov.it/mostra/gaia-fugazza-sete/,"Found on the venue's ""all (current/upcoming/past)"" listing page. opening and closing date read from a sentence, not a date field: ""31 gennaio 2025 al 18 marzo 2025"".",2026-09-12T16:08:55.995Z
capo,L’Ospite francese. Gustave Courbet ‘Les Demoiselles des bords de la Seine (été),2024-11-07,2025-02-23,"In English: The French Guest. Gustave Courbet 'Young Ladies on the Banks of the Seine (Summer)'. — Courbet's Les Demoiselles des bords de la Seine, on loan.",https://capodimonte.cultura.gov.it/mostra/lospite-francese-gustave-courbet-les-demoiselles-des-bords-de-la-seine-ete/,"Found on the venue's ""all (current/upcoming/past)"" listing page. opening and closing date read from a sentence, not a date field: ""7 novembre 2024 al 23 febbraio 2025"".",2026-09-12T16:08:55.995Z
capo,Giuseppe Pirozzi. L’atelier dello scultore,2024-09-16,2025-01-06,In English: Giuseppe Pirozzi. The Sculptor's Studio. — Pirozzi's eighty-work retrospective of his sculptor's atelier.,https://capodimonte.cultura.gov.it/mostra/giuseppe-pirozzi-latelier-dello-scultore/,"Found on the venue's ""all (current/upcoming/past)"" listing page. opening and closing date read from a sentence, not a date field: ""16 settembre 2024 al 6 gennaio 2025"".",2026-09-12T16:08:55.995Z
capo,Gian Maria Tosatti. Damasa,2023-12-02,,"Tosatti's installation Damasa, a tribute to writer Anna Maria Ortese.",https://capodimonte.cultura.gov.it/mostra/gian-maria-tosatti-damasa/,"Found on the venue's ""all (current/upcoming/past)"" listing page. opening date read from a sentence, not a date field: ""Dal 2 dicembre 2023"". No closing date found anywhere on the venue's pages.",2026-09-12T16:08:55.995Z
capo,Oltre Caravaggio. Un nuovo racconto della pittura a Napoli,2022-03-31,,In English: Beyond Caravaggio. A New Story of Painting in Naples. — 200 works rethinking Naples' 17th-century painting beyond Caravaggio.,https://capodimonte.cultura.gov.it/mostra/oltre-caravaggio-un-nuovo-racconto-della-pittura-a-napoli/,"Found on the venue's ""all (current/upcoming/past)"" listing page. opening date read from a sentence, not a date field: ""DAL 31 MARZO 2022"". No closing date found anywhere on the venue's pages.",2026-09-12T16:08:55.995Z
capo,Yeesookyung. Whisper Only to You,,,Yeesookyung's sculptures made from Capodimonte's porcelain fragments.,https://capodimonte.cultura.gov.it/mostra/yeesookyung-whisper-only-to-you/,"Found on the venue's ""all (current/upcoming/past)"" listing page. No closing date found anywhere on the venue's pages.",2026-09-12T16:08:55.995Z
met,Musical Bodies,2026-06-07,2026-09-27,Instruments as sculptural and bodily objects from the Met's collection.,https://www.metmuseum.org/exhibitions/musical-bodies,"Found on the venue's ""current/upcoming"" listing page. opening and closing date taken from the site's structured data, not its visible page.",2026-09-13T04:31:15.651Z
met,Costume Art,2026-05-10,2027-01-10,Costume Institute spring show. Inaugurates new fashion galleries.,https://www.metmuseum.org/exhibitions/costume-art,"Found on the venue's ""current/upcoming"" listing page. opening date taken from the site's structured data, not its visible page.",2026-09-13T04:31:15.651Z
met,Orientalism: Between Fact and Fantasy,2026-06-12,2027-02-28,Nineteenth-century European depictions of the Middle East and North Africa.,https://www.metmuseum.org/exhibitions/orientalism-between-fact-and-fantasy,"Found on the venue's ""current/upcoming"" listing page. opening date taken from the site's structured data, not its visible page.",2026-09-13T04:31:15.651Z
met,A King’s Carpet: Louis XIV and the Savonnerie,2026-09-08,2028-03-05,Savonnerie carpets and French court display.,https://www.metmuseum.org/exhibitions/a-kings-carpet-louis-xiv-and-the-savonnerie,"Found on the venue's ""current/upcoming"" listing page. opening date taken from the site's structured data, not its visible page.",2026-09-13T04:31:15.651Z
met,"Futurism, Constructivism, and Dada in Georgia, 1917–1928",2026-08-13,2026-10-27,The avant-garde in Tbilisi during Georgia's brief independence.,https://www.metmuseum.org/exhibitions/futurism-constructivism-and-dada-in-georgia-1917-1928,"Found on the venue's ""current/upcoming"" listing page. opening and closing date taken from the site's structured data, not its visible page.",2026-09-13T04:31:15.651Z
met,Independence and Identity: Selections from the Department of Drawings and Prints,2026-05-14,2026-09-29,Works on paper addressing independence movements.,https://www.metmuseum.org/exhibitions/independence-and-identity-selections-from-the-department-of-drawings-and-prints,"Found on the venue's ""current/upcoming"" listing page. opening and closing date taken from the site's structured data, not its visible page.",2026-09-13T04:31:15.651Z
met,Rediscovering Della Robbia at The Met,2026-08-10,2028-01-17,Glazed terracotta from the Della Robbia workshop.,https://www.metmuseum.org/exhibitions/rediscovering-della-robbia-at-the-met,"Found on the venue's ""current/upcoming"" listing page. opening date taken from the site's structured data, not its visible page.",2026-09-13T04:31:15.651Z
met,Cottage Industry: The Val-Kill Furniture Shop,2026-07-18,2027-05-09,Eleanor Roosevelt's Val-Kill workshop.,https://www.metmuseum.org/exhibitions/cottage-industry-the-val-kill-furniture-shop,"Found on the venue's ""current/upcoming"" listing page. opening date taken from the site's structured data, not its visible page.",2026-09-13T04:31:15.651Z
met,City of Memory: Nanjing in the Seventeenth Century,2026-06-27,2027-01-03,Chinese painting from the Ming–Qing transition.,https://www.metmuseum.org/exhibitions/city-of-memory-nanjing-in-the-17th-century,"Found on the venue's ""current/upcoming"" listing page. opening date taken from the site's structured data, not its visible page.",2026-09-13T04:31:15.651Z
met,P. S. Art 2026: Celebrating the Creative Spirit of New York City Kids,2026-06-09,2026-10-26,New York City public-school students' artworks.,https://www.metmuseum.org/exhibitions/p-s-art-2026-celebrating-the-creative-spirit-of-new-york-city-kids,"Found on the venue's ""current/upcoming"" listing page. opening and closing date taken from the site's structured data, not its visible page.",2026-09-13T04:31:15.651Z
met,Flip Sides: Seeing Korean Art Anew,2026-03-16,2027-05-31,Korean objects revealing their reverse or hard-to-see aspects.,https://www.metmuseum.org/exhibitions/flip-sides-seeing-korean-art-anew,"Found on the venue's ""current/upcoming"" listing page. opening date taken from the site's structured data, not its visible page.",2026-09-13T04:31:15.651Z
met,Celebrating the Year of the Horse,2026-02-07,2027-01-26,Asian works for the lunar new year.,https://www.metmuseum.org/exhibitions/celebrating-the-year-of-the-horse,"Found on the venue's ""current/upcoming"" listing page. opening date taken from the site's structured data, not its visible page.",2026-09-13T04:31:15.651Z
met,"Household Gods: Hindu Devotional Prints, 1860–1930",2026-01-24,2027-06-27,Hindu devotional chromolithographs and domestic devotion.,https://www.metmuseum.org/exhibitions/household-gods-hindu-devotional-prints-1860-1930,"Found on the venue's ""current/upcoming"" listing page. opening date taken from the site's structured data, not its visible page.",2026-09-13T04:31:15.651Z
met,The Infinite Artistry of Japanese Ceramics,2026-01-19,2027-08-08,"Japanese ceramic traditions across technique, glaze and form.",https://www.metmuseum.org/exhibitions/the-infinite-artistry-of-japanese-ceramics,"Found on the venue's ""current/upcoming"" listing page. opening date taken from the site's structured data, not its visible page.",2026-09-13T04:31:15.651Z
met,Ecologies of Painting,2026-01-01,2027-01-17,"Painting through landscape, environment and material relations.",https://www.metmuseum.org/exhibitions/ecologies-of-painting,"Found on the venue's ""current/upcoming"" listing page. opening date taken from the site's structured data, not its visible page.",2026-09-13T04:31:15.651Z
met,Afterlives: Contemporary Art in the Byzantine Crypt,2024-01-29,2027-01-10,Contemporary work in the Byzantine galleries.,https://www.metmuseum.org/exhibitions/afterlives-contemporary-art-in-the-byzantine-crypt,"Found on the venue's ""current/upcoming"" listing page. opening date taken from the site's structured data, not its visible page.",2026-09-13T04:31:15.651Z
met,Chasing Clouds,2026-09-14,2027-02-28,"Cloud studies across painting, drawing and photography.",https://www.metmuseum.org/exhibitions/chasing-clouds,"Found on the venue's ""current/upcoming"" listing page.",2026-09-13T04:31:15.651Z
met,"The Genesis Facade Commission: Liu Wei, Speculation",2026-09-17,2027-06-08,Liu Wei's sculptures for the facade niches.,https://www.metmuseum.org/exhibitions/the-genesis-facade-commission-liu-wei,"Found on the venue's ""current/upcoming"" listing page.",2026-09-13T04:31:15.651Z
met,David Hartt: Peripheries,2026-09-25,2027-02-07,"Architecture, migration and the edges of cities.",https://www.metmuseum.org/exhibitions/david-hartt-peripheries,"Found on the venue's ""current/upcoming"" listing page.",2026-09-13T04:31:15.651Z
met,There Are No Words: Si Lewen's Parade,2026-10-01,2027-01-05,Wordless picture sequence on war.,https://www.metmuseum.org/exhibitions/there-are-no-words-si-lewens-parade,"Found on the venue's ""current/upcoming"" listing page.",2026-09-13T04:31:15.651Z
met,Krasner and Pollock: Past Continuous,2026-10-04,2027-01-31,"Lee Krasner and Jackson Pollock, exchange and divergence.",https://www.metmuseum.org/exhibitions/krasner-and-pollock-past-continuous,"Found on the venue's ""current/upcoming"" listing page.",2026-09-13T04:31:15.651Z
met,Designing the Gilded Age: Drawings from the Studios of Louis C. Tiffany,2026-10-22,2027-02-07,Drawings from Tiffany's decorating studios.,https://www.metmuseum.org/exhibitions/designing-the-gilded-age-drawings-from-the-studios-of-louis-c-tiffany,"Found on the venue's ""current/upcoming"" listing page.",2026-09-13T04:31:15.651Z
met,Across Wine-Dark Seas: Art and Identity beyond Ancient Greece,2026-12-20,2027-04-11,Greek visual culture around the Mediterranean.,https://www.metmuseum.org/exhibitions/across-wine-dark-seas-art-and-identity-beyond-ancient-greece,"Found on the venue's ""current/upcoming"" listing page.",2026-09-13T04:31:15.651Z
met,Baseball Cards from the Collection of Jefferson R. Burdick,2027-03-20,,Burdick's historic baseball card collection.,https://www.metmuseum.org/exhibitions/baseball-cards-from-the-collection-of-jefferson-r-burdick-2025,"Found on the venue's ""current/upcoming"" listing page. opening date taken from the site's structured data, not its visible page. No closing date found anywhere on the venue's pages.",2026-09-13T04:31:15.651Z
met,Giacometti in the Temple of Dendur,2026-06-12,2026-09-08,Giacometti's elongated figures alongside the Egyptian temple.,https://www.metmuseum.org/exhibitions/giacometti-in-the-temple-of-dendur,"Found on the venue's ""past"" listing page.",2026-09-13T04:31:15.651Z
met,Revolution!,2026-01-19,2026-09-07,Prints and visual material around revolutionary upheaval.,https://www.metmuseum.org/exhibitions/revolution,"Found on the venue's ""past"" listing page.",2026-09-13T04:31:15.651Z
met,Lillian Bassman: Bazaar and Beyond,2026-03-02,2026-07-26,Fashion photographer for Harper's Bazaar.,https://www.metmuseum.org/exhibitions/lillian-bassman-bazaar-and-beyond,"Found on the venue's ""past"" listing page.",2026-09-13T04:31:15.651Z
met,Gothic by Design: The Dawn of Architectural Draftsmanship,2026-04-16,2026-07-19,Architectural drawing in the Gothic period.,https://www.metmuseum.org/exhibitions/gothic-by-design-the-dawn-of-architectural-draftsmanship,"Found on the venue's ""past"" listing page.",2026-09-13T04:31:15.651Z
met,A Passion for Jade: The Bishop Collection,2022-07-02,2026-06-28,Heber Bishop's jade collection.,https://www.metmuseum.org/exhibitions/passion-for-jade,"Found on the venue's ""past"" listing page. Also listed on the venue's ""past 2025"" page. Also listed on the venue's ""past 2024"" page.",2026-09-13T04:31:15.651Z
met,"Embracing Color: Enamel in Chinese Decorative Arts, 1300–1900",2022-07-02,2026-06-28,Cloisonné and painted enamel across six centuries.,https://www.metmuseum.org/exhibitions/embracing-color,"Found on the venue's ""past"" listing page. Also listed on the venue's ""past 2025"" page. Also listed on the venue's ""past 2024"" page.",2026-09-13T04:31:15.651Z
met,Raphael: Sublime Poetry,2026-03-29,2026-06-28,First comprehensive US presentation of Raphael.,https://www.metmuseum.org/exhibitions/raphael-sublime-poetry,"Found on the venue's ""past"" listing page.",2026-09-13T04:31:15.651Z
met,Making It Modern: European Ceramics from the Martin Eidelberg Collection,2025-06-16,2026-06-14,Studio ceramics from the Eidelberg collection.,https://www.metmuseum.org/exhibitions/making-it-modern-european-ceramics-from-the-martin-eidelberg-collection,"Found on the venue's ""past"" listing page. Also listed on the venue's ""past 2025"" page.",2026-09-13T04:31:15.651Z
met,"The Genesis Facade Commission: Jeffrey Gibson, The Animal That Therefore I Am",2025-09-12,2026-06-09,Gibson's beaded sculptures for the facade.,https://www.metmuseum.org/exhibitions/the-facade-commission-jeffrey-gibson,"Found on the venue's ""past"" listing page. Also listed on the venue's ""past 2025"" page.",2026-09-13T04:31:15.651Z
met,Iba Ndiaye: Between Latitude and Longitude,2025-05-31,2026-05-31,Senegalese modernist painter.,https://www.metmuseum.org/exhibitions/iba-n-diaye-between-latitude-and-longitude,"Found on the venue's ""past"" listing page. Also listed on the venue's ""past 2025"" page.",2026-09-13T04:31:15.651Z
met,The Magical City: George Morrison’s New York,2025-07-17,2026-05-31,Ojibwe painter's abstract New York work.,https://www.metmuseum.org/exhibitions/the-magical-city-george-morrison-s-new-york,"Found on the venue's ""past"" listing page. Also listed on the venue's ""past 2025"" page.",2026-09-13T04:31:15.651Z
met,Filling in the Gaps: A Selection of Works by the 2026 Scholastic Art & Writing Awards New York City Gold Key Recipients,2026-03-28,2026-05-18,New York City teens' Gold Key artworks.,https://www.metmuseum.org/exhibitions/the-celebration-2026-scholastic-art-and-writing-awards,"Found on the venue's ""past"" listing page.",2026-09-13T04:31:15.651Z
met,Fanmania,2025-12-11,2026-05-12,Folding fans as fashion and display.,https://www.metmuseum.org/exhibitions/fanmania,"Found on the venue's ""past"" listing page. Also listed on the venue's ""past 2025"" page.",2026-09-13T04:31:15.651Z
met,Chinese Painting and Calligraphy: Selections from the Collection,2025-11-22,2026-05-10,Rotation from the Met's holdings.,https://www.metmuseum.org/exhibitions/chinese-painting-and-calligraphy-selections-from-the-collection,"Found on the venue's ""past"" listing page. Also listed on the venue's ""past 2025"" page.",2026-09-13T04:31:15.651Z
met,View Finding: Selections from The Walther Collection,2025-10-28,2026-05-03,"Photography, African and diasporic practice.",https://www.metmuseum.org/exhibitions/view-finding-selections-from-the-walther-collection,"Found on the venue's ""past"" listing page. Also listed on the venue's ""past 2025"" page.",2026-09-13T04:31:15.651Z
met,Seeing Silence: The Paintings of Helene Schjerfbeck,2025-12-05,2026-04-05,Finnish painter's pared-back portraits.,https://www.metmuseum.org/exhibitions/seeing-silence-the-paintings-of-helene-schjerfbeck,"Found on the venue's ""past"" listing page. Also listed on the venue's ""past 2025"" page.",2026-09-13T04:31:15.651Z
met,The Jousting Armor of Philip I of Castile,2023-05-11,2026-04-01,Rare surviving jousting harness.,https://www.metmuseum.org/exhibitions/the-jousting-armor-of-philip-i-of-castile,"Found on the venue's ""past"" listing page. Also listed on the venue's ""past 2025"" page. Also listed on the venue's ""past 2024"" page.",2026-09-13T04:31:15.651Z
met,"Spectrum of Desire: Love, Sex, and Gender in the Middle Ages",2025-10-17,2026-03-29,"Medieval desire, sexuality and gender.",https://www.metmuseum.org/exhibitions/spectrum-of-desire-love-sex-and-gender-in-the-middle-ages,"Found on the venue's ""past"" listing page. Also listed on the venue's ""past 2025"" page.",2026-09-13T04:31:15.651Z
met,Emily Sargent: Portrait of a Family,2025-07-01,2026-03-08,Watercolours by Sargent's sister.,https://www.metmuseum.org/exhibitions/emily-sargent-portrait-of-a-family,"Found on the venue's ""past"" listing page. Also listed on the venue's ""past 2025"" page. opening and closing date taken from the site's structured data, not its visible page.",2026-09-13T04:31:15.651Z
met,Impressions of the Imagination: New Medieval Beasts in Print,2026-02-05,2026-03-03,Printed bestiary imagery.,https://www.metmuseum.org/exhibitions/impressions-of-the-imagination-new-medieval-beasts-in-print,"Found on the venue's ""past"" listing page.",2026-09-13T04:31:15.651Z
met,The Brooklyn Bridge Up Close,2025-12-08,2026-02-22,Bridge construction in drawings and prints.,https://www.metmuseum.org/exhibitions/the-brooklyn-bridge-up-close,"Found on the venue's ""past"" listing page. Also listed on the venue's ""past 2025"" page.",2026-09-13T04:31:15.651Z
met,Colorful Korea: The Lea R. Sneider Collection,2024-12-02,2026-02-16,Korean textiles and ceramics.,https://www.metmuseum.org/exhibitions/colorful-korea,"Found on the venue's ""past"" listing page. Also listed on the venue's ""past 2025"" page. Also listed on the venue's ""past 2024"" page.",2026-09-13T04:31:15.651Z
met,Witnessing Humanity: The Art of John Wilson,2025-09-20,2026-02-08,African American figurative work on race and dignity.,https://www.metmuseum.org/exhibitions/witnessing-humanity-the-art-of-john-wilson,"Found on the venue's ""past"" listing page. Also listed on the venue's ""past 2025"" page.",2026-09-13T04:31:15.651Z
met,Man Ray: When Objects Dream,2025-09-14,2026-02-01,"Photographs, rayographs across Dada and Surrealism.",https://www.metmuseum.org/exhibitions/man-ray-when-objects-dream,"Found on the venue's ""past"" listing page. Also listed on the venue's ""past 2025"" page.",2026-09-13T04:31:15.651Z
met,Celebrating the Year of the Snake,2025-01-11,2026-02-01,Asian works featuring the snake.,https://www.metmuseum.org/exhibitions/celebrating-the-year-of-the-snake,"Found on the venue's ""past"" listing page. Also listed on the venue's ""past 2025"" page.",2026-09-13T04:31:15.651Z
met,Casa Susanna,2025-07-21,2026-01-25,1950s–60s Catskills retreat photographs.,https://www.metmuseum.org/exhibitions/casa-susanna,"Found on the venue's ""past"" listing page. Also listed on the venue's ""past 2025"" page.",2026-09-13T04:31:15.651Z
met,Divine Egypt,2025-10-12,2026-01-19,Major Egyptian exhibition on twenty deities.,https://www.metmuseum.org/exhibitions/divine-egypt,"Found on the venue's ""past"" listing page. Also listed on the venue's ""past 2025"" page.",2026-09-13T04:31:15.651Z
met,Christmas Tree and Neapolitan Baroque Crèche,2025-11-25,2026-01-06,Annual Neapolitan crèche figures.,https://www.metmuseum.org/exhibitions/christmas-tree-and-neapolitan-baroque-creche-2025,"Found on the venue's ""past"" listing page. Also listed on the venue's ""past 2025"" page.",2026-09-13T04:31:15.651Z
met,Ganesha: Lord of New Beginnings,2022-11-19,2026-01-04,Depictions of Ganesha across Asian art.,https://www.metmuseum.org/exhibitions/ganesha,"Found on the venue's ""past"" listing page. Also listed on the venue's ""past 2025"" page. Also listed on the venue's ""past 2024"" page.",2026-09-13T04:31:15.651Z
met,Allegory and Abstraction: Selections from the Department of Drawings and Prints,2025-09-04,2025-12-09,Drawings and prints on allegory and abstraction.,https://www.metmuseum.org/exhibitions/allegory-and-abstraction-selections-from-the-department-of-drawings-and-prints,"Found on the venue's ""past 2025"" listing page.",2026-09-13T04:31:15.651Z
met,Lorna Simpson: Source Notes,2025-05-19,2025-11-30,First survey of Simpson's painting practice.,https://www.metmuseum.org/exhibitions/lorna-simpson-source-notes,"Found on the venue's ""past 2025"" listing page.",2026-09-13T04:31:15.651Z
met,Superfine: Tailoring Black Style,2025-05-10,2025-10-26,Costume Institute spring show on Black dandyism.,https://www.metmuseum.org/exhibitions/superfine-tailoring-black-style,"Found on the venue's ""past 2025"" listing page.",2026-09-13T04:31:15.651Z
met,P. S. Art 2025: Celebrating the Creative Spirit of New York City Kids,2025-06-10,2025-10-19,New York City public-school students' artworks.,https://www.metmuseum.org/exhibitions/p-s-art-2025-celebrating-the-creative-spirit-of-new-york-city-kids,"Found on the venue's ""past 2025"" listing page.",2026-09-13T04:31:15.651Z
met,"The Roof Garden Commission: Jennie C. Jones, Ensemble",2025-04-15,2025-10-19,Jones's sound sculptures for the Roof Garden.,https://www.metmuseum.org/exhibitions/the-roof-garden-commission-jennie-c-jones,"Found on the venue's ""past 2025"" listing page.",2026-09-13T04:31:15.651Z
met,The Magic of Marbling: The Art of Karli Frigge,2025-05-01,2025-09-30,Frigge's marbled paper sample books.,https://www.metmuseum.org/exhibitions/the-magic-of-marbling-the-art-of-karli-frigge,"Found on the venue's ""past 2025"" listing page.",2026-09-13T04:31:15.651Z
met,"Recasting the Past: The Art of Chinese Bronzes, 1100–1900",2025-02-28,2025-09-28,"Later Chinese bronzes reconsidered, 1100 to 1900.",https://www.metmuseum.org/exhibitions/recasting-the-past-the-art-of-chinese-bronzes-1100-1900,"Found on the venue's ""past 2025"" listing page.",2026-09-13T04:31:15.651Z
met,City and Country: Selections from the Department of Drawings and Prints,2025-05-22,2025-09-02,Drawings and prints on city and country.,https://www.metmuseum.org/exhibitions/city-and-country-selections-from-the-department-of-drawings-and-prints,"Found on the venue's ""past 2025"" listing page.",2026-09-13T04:31:15.651Z
met,Monstrous Beauty: A Feminist Revision of Chinoiserie,2025-03-25,2025-08-17,Feminist revision of European chinoiserie porcelain.,https://www.metmuseum.org/exhibitions/monstrous-beauty-a-feminist-revision-of-chinoiserie,"Found on the venue's ""past 2025"" listing page.",2026-09-13T04:31:15.651Z
met,Sargent and Paris,2025-04-27,2025-08-03,Sargent's early career in Paris.,https://www.metmuseum.org/exhibitions/sargent-and-paris,"Found on the venue's ""past 2025"" listing page.",2026-09-13T04:31:15.651Z
met,"The Three Perfections: Japanese Poetry, Calligraphy, and Painting from the Mary and Cheney Cowles Collection",2024-08-10,2025-08-03,"Japanese poetry, calligraphy and painting, Cowles Collection.",https://www.metmuseum.org/exhibitions/the-three-perfections-japanese-poetry-calligraphy-and-painting-from-the-mary-and-cheney-cowles-collection,"Found on the venue's ""past 2025"" listing page. Also listed on the venue's ""past 2024"" page.",2026-09-13T04:31:15.651Z
met,Baseball Cards from the Collection of Jefferson R. Burdick,2025-02-13,2025-07-22,"Burdick's baseball cards, 1895 to 1956.",https://www.metmuseum.org/exhibitions/baseball-cards-from-the-collection-of-jefferson-r-burdick,"Found on the venue's ""past 2025"" listing page.",2026-09-13T04:31:15.651Z
met,"The New Art: American Photography, 1839–1910",2025-04-11,2025-07-20,"Early American photography, 1839 to 1910.",https://www.metmuseum.org/exhibitions/the-new-art-american-photography-1839-1910,"Found on the venue's ""past 2025"" listing page.",2026-09-13T04:31:15.651Z
met,Jesse Krimes: Corrections,2024-10-28,2025-07-13,Krimes's prison art alongside Bertillon's mugshots.,https://www.metmuseum.org/exhibitions/jesse-krimes-corrections,"Found on the venue's ""past 2025"" listing page. Also listed on the venue's ""past 2024"" page.",2026-09-13T04:31:15.651Z
met,"The Genesis Facade Commission: Lee Bul, Long Tail Halo",2024-09-12,2025-06-10,Lee Bul's sculptures for the Met facade.,https://www.metmuseum.org/exhibitions/the-facade-commission-lee-bul,"Found on the venue's ""past 2025"" listing page. Also listed on the venue's ""past 2024"" page.",2026-09-13T04:31:15.651Z
met,Democratizing Prints: The JoAnn Edinburg Pinkowitz Gift,2025-02-06,2025-05-20,Pinkowitz's gift of Mexican and Chinese prints.,https://www.metmuseum.org/exhibitions/democratizing-prints-the-joann-edinburg-pinkowitz-gift,"Found on the venue's ""past 2025"" listing page.",2026-09-13T04:31:15.651Z
met,The Celebration: A Selection of Works by the 2025 Scholastic Art & Writing Awards New York City Gold Key Recipients,2025-03-28,2025-05-18,New York City teens' Gold Key artworks.,https://www.metmuseum.org/exhibitions/the-celebration-a-selection-of-works-by-the-2025-scholastic-art-and-writing-awards-new-york-city-gold-key-recipients,"Found on the venue's ""past 2025"" listing page.",2026-09-13T04:31:15.651Z
met,Caspar David Friedrich: The Soul of Nature,2025-02-08,2025-05-11,First comprehensive US exhibition of Friedrich.,https://www.metmuseum.org/exhibitions/caspar-david-friedrich-the-soul-of-nature,"Found on the venue's ""past 2025"" listing page.",2026-09-13T04:31:15.651Z
met,Floridas: Anastasia Samoylova and Walker Evans,2024-10-14,2025-05-11,Samoylova and Evans photograph Florida.,https://www.metmuseum.org/exhibitions/floridas-anastasia-samoylova-and-walker-evans,"Found on the venue's ""past 2025"" listing page. Also listed on the venue's ""past 2024"" page.",2026-09-13T04:31:15.651Z
met,Ink and Ivory: Indian Drawings and Photographs Selected with James Ivory,2024-07-29,2025-05-04,Indian court drawings selected with James Ivory.,https://www.metmuseum.org/exhibitions/ink-and-ivory-indian-drawings-and-photographs-selected-with-james-ivory,"Found on the venue's ""past 2025"" listing page. Also listed on the venue's ""past 2024"" page.",2026-09-13T04:31:15.651Z
met,Art of Commerce: Trade Catalogs in Watson Library,2024-11-14,2025-04-29,Watson Library's historic trade catalogs.,https://www.metmuseum.org/exhibitions/art-of-commerce-trade-catalogs-in-watson-library,"Found on the venue's ""past 2025"" listing page. Also listed on the venue's ""past 2024"" page.",2026-09-13T04:31:15.651Z
met,"Jazz-Age Silks: The Stehli Silks Americana Collection, 1925–1928",2024-03-25,2025-04-15,1920s American dress silks by Stehli.,https://www.metmuseum.org/exhibitions/jazz-age-silks-the-stehli-silks-americana-collection-1925-1928,"Found on the venue's ""past 2025"" listing page. Also listed on the venue's ""past 2024"" page.",2026-09-13T04:31:15.651Z
met,"The Great Hall Commission: Tong Yang-Tze, Dialogue",2024-11-21,2025-04-08,Tong Yang-Tze's monumental calligraphy commission.,https://www.metmuseum.org/exhibitions/the-great-hall-commission-tong-yang-tze,"Found on the venue's ""past 2025"" listing page. Also listed on the venue's ""past 2024"" page.",2026-09-13T04:31:15.651Z
met,Samurai Splendor: Sword Fittings from Edo Japan,2022-03-21,2025-03-23,Edo-period samurai sword fittings and fashion.,https://www.metmuseum.org/exhibitions/samurai-splendor,"Found on the venue's ""past 2025"" listing page. Also listed on the venue's ""past 2024"" page.",2026-09-13T04:31:15.651Z
met,Materialized Space: The Architecture of Paul Rudolph,2024-09-30,2025-03-16,First museum survey of Rudolph's architecture.,https://www.metmuseum.org/exhibitions/the-materialized-space-the-architecture-of-paul-rudolph,"Found on the venue's ""past 2025"" listing page. Also listed on the venue's ""past 2024"" page.",2026-09-13T04:31:15.651Z
met,Hybrid Creatures and Creative Habitats: Exploring Medieval Beasts and Where They Live at The Met Cloisters,2025-02-06,2025-03-04,Children's creatures inspired by Cloisters' medieval beasts.,https://www.metmuseum.org/exhibitions/hybrid-creatures-and-creative-habitats,"Found on the venue's ""past 2025"" listing page.",2026-09-13T04:31:15.651Z
met,"A Decade on Paper: Recent Acquisitions, 2014–2024",2024-08-26,2025-02-23,Decade of American Wing paper acquisitions.,https://www.metmuseum.org/exhibitions/a-decade-on-paper-recent-acquisitions-2014-2024,"Found on the venue's ""past 2025"" listing page. Also listed on the venue's ""past 2024"" page.",2026-09-13T04:31:15.651Z
met,Taking Up Space: Selections from the 2024 Scholastic Art & Writing Awards’ Scholarships and Gold Medal Awards,2024-11-22,2025-02-23,National teen Scholastic Art & Writing winners.,https://www.metmuseum.org/exhibitions/taking-up-space-selections-from-the-2024-scholastic-art-and-writing-awards-scholarships-and-gold-medal-awards,"Found on the venue's ""past 2025"" listing page. Also listed on the venue's ""past 2024"" page.",2026-09-13T04:31:15.651Z
met,"Flight into Egypt: Black Artists and Ancient Egypt, 1876–Now",2024-11-17,2025-02-17,Black artists' engagement with ancient Egypt.,https://www.metmuseum.org/exhibitions/flight-into-egypt-black-artists-and-ancient-egypt-1876-now,"Found on the venue's ""past 2025"" listing page. Also listed on the venue's ""past 2024"" page.",2026-09-13T04:31:15.651Z
met,Baseball Cards from the Collection of Jefferson R. Burdick,2024-07-25,2025-02-11,"Burdick's baseball cards, including Honus Wagner.",https://www.metmuseum.org/exhibitions/burdick,"Found on the venue's ""past 2025"" listing page. Also listed on the venue's ""past 2024"" page.",2026-09-13T04:31:15.651Z
met,Paris through the Eyes of Saint-Aubin,2024-09-26,2025-02-04,Saint-Aubin's drawings of eighteenth-century Paris.,https://www.metmuseum.org/exhibitions/paris-through-the-eyes-of-saint-aubin,"Found on the venue's ""past 2025"" listing page. Also listed on the venue's ""past 2024"" page.",2026-09-13T04:31:15.651Z
met,"Siena: The Rise of Painting, 1300–1350",2024-10-13,2025-01-26,"Sienese painting's rise, 1300 to 1350.",https://www.metmuseum.org/exhibitions/siena-the-rise-of-painting-1300-1350,"Found on the venue's ""past 2025"" listing page. Also listed on the venue's ""past 2024"" page.",2026-09-13T04:31:15.651Z
met,Mary Sully: Native Modern,2024-07-18,2025-01-12,First solo exhibition of Sully's drawings.,https://www.metmuseum.org/exhibitions/mary-sully-native-modern,"Found on the venue's ""past 2025"" listing page. Also listed on the venue's ""past 2024"" page.",2026-09-13T04:31:15.651Z
met,Mandalas: Mapping the Buddhist Art of Tibet,2024-09-19,2025-01-12,Tibetan Buddhist mandalas and Rigdol's installation.,https://www.metmuseum.org/exhibitions/mandalas-mapping-the-buddhist-art-of-tibet,"Found on the venue's ""past 2025"" listing page. Also listed on the venue's ""past 2024"" page.",2026-09-13T04:31:15.651Z
met,Christmas Tree and Neapolitan Baroque Crèche,2024-11-26,2025-01-06,Annual Neapolitan crèche figures.,https://www.metmuseum.org/exhibitions/christmas-tree-and-neapolitan-baroque-creche-2024,"Found on the venue's ""past 2025"" listing page. Also listed on the venue's ""past 2024"" page.",2026-09-13T04:31:15.651Z
met,Chinese Painting and Calligraphy: Selections from the Collection,2024-07-13,2025-01-05,Chronological survey of Met's Chinese painting.,https://www.metmuseum.org/exhibitions/chinese-painting-and-calligraphy-selections-from-the-collection-medium,"Found on the venue's ""past 2025"" listing page. Also listed on the venue's ""past 2024"" page.",2026-09-13T04:31:15.651Z
met,Mexican Prints at the Vanguard,2024-09-12,2025-01-05,Mexican printmaking from Posada to Orozco.,https://www.metmuseum.org/exhibitions/mexican-prints-at-the-vanguard,"Found on the venue's ""past 2025"" listing page. Also listed on the venue's ""past 2024"" page.",2026-09-13T04:31:15.651Z
met,Art Work: Artists Working at The Met,2024-11-18,2024-12-01,Artwork by The Met's own staff.,https://www.metmuseum.org/exhibitions/art-work-artists-working-at-the-met-2024,"Found on the venue's ""past 2024"" listing page.",2026-09-13T04:31:15.651Z
met,Inspiring Design: The Book Collection of Tiffany & Co.'s Edward C. Moore,2024-07-18,2024-11-12,Moore's design library at Tiffany.,https://www.metmuseum.org/exhibitions/inspiring-design-the-book-collection-of-tiffany-and-co-s-edward-c-moore,"Found on the venue's ""past 2024"" listing page.",2026-09-13T04:31:15.651Z
met,"The Roof Garden Commission: Petrit Halilaj, Abetare",2024-04-30,2024-10-27,Halilaj's sculptural installation for the Roof Garden.,https://www.metmuseum.org/exhibitions/the-roof-garden-commission-petrit-halilaj,"Found on the venue's ""past 2024"" listing page.",2026-09-13T04:31:15.651Z
met,Collecting Inspiration: Edward C. Moore at Tiffany & Co.,2024-06-09,2024-10-20,Moore's collection behind Tiffany's silver design.,https://www.metmuseum.org/exhibitions/collecting-inspiration-edward-c-moore-at-tiffany-and-co,"Found on the venue's ""past 2024"" listing page.",2026-09-13T04:31:15.651Z
met,P. S. Art 2024: Celebrating the Creative Spirit of New York City Kids,2024-06-18,2024-10-20,New York City public-school students' artworks.,https://www.metmuseum.org/exhibitions/p-s-art-2024-celebrating-the-creative-spirit-of-new-york-city-kids,"Found on the venue's ""past 2024"" listing page.",2026-09-13T04:31:15.651Z
met,Lineages: Korean Art at The Met,2023-11-07,2024-10-20,"Korean art across centuries, historic to contemporary.",https://www.metmuseum.org/exhibitions/lineages-korean-art,"Found on the venue's ""past 2024"" listing page.",2026-09-13T04:31:15.651Z
met,The African Origin of Civilization,2021-12-14,2024-10-06,Homage to Diop pairing Africa and Egypt.,https://www.metmuseum.org/exhibitions/african-origin-of-civilization,"Found on the venue's ""past 2024"" listing page.",2026-09-13T04:31:15.651Z
met,Human/Nature: Selections from the Department of Drawings and Prints,2024-06-13,2024-09-23,Drawings and prints on humans and nature.,https://www.metmuseum.org/exhibitions/human-nature-selections-from-the-department-of-drawings-and-prints,"Found on the venue's ""past 2024"" listing page.",2026-09-13T04:31:15.651Z
met,Don't Forget to Call Your Mother,2023-12-18,2024-09-15,"Family photographs and nostalgia, various artists.",https://www.metmuseum.org/exhibitions/don-t-forget-to-call-your-mother,"Found on the venue's ""past 2024"" listing page.",2026-09-13T04:31:15.651Z
met,Sleeping Beauties: Reawakening Fashion,2024-05-10,2024-09-02,Costume Institute reanimates fashion through senses.,https://www.metmuseum.org/exhibitions/sleeping-beauties-reawakening-fashion,"Found on the venue's ""past 2024"" listing page.",2026-09-13T04:31:15.651Z
met,The Real Thing: Unpackaging Product Photography,2024-03-11,2024-08-04,Product photography as commercial art.,https://www.metmuseum.org/exhibitions/the-real-thing-unpackaging-product-photography,"Found on the venue's ""past 2024"" listing page.",2026-09-13T04:31:15.651Z
met,The Harlem Renaissance and Transatlantic Modernism,2024-02-25,2024-07-28,Harlem Renaissance art and transatlantic modernism.,https://www.metmuseum.org/exhibitions/the-harlem-renaissance-and-transatlantic-modernism,"Found on the venue's ""past 2024"" listing page.",2026-09-13T04:31:15.651Z
met,"New York Art Worlds, 1870–1890",2022-12-12,2024-07-21,"New York artists' world, 1870 to 1890.",https://www.metmuseum.org/exhibitions/new-york-art-worlds,"Found on the venue's ""past 2024"" listing page.",2026-09-13T04:31:15.651Z
met,Emulating Books: Book Objects from the Lynn and Bruce Heckman Gift,2024-04-18,2024-07-16,Heckman gift of book-form objects.,https://www.metmuseum.org/exhibitions/emulating-books-book-objects-from-the-lynn-and-bruce-heckman-gift,"Found on the venue's ""past 2024"" listing page.",2026-09-13T04:31:15.651Z
met,Anxiety and Hope in Japanese Art,2023-04-08,2024-07-14,Anxiety and hope across Japanese art.,https://www.metmuseum.org/exhibitions/anxiety-hope-in-japanese-art,"Found on the venue's ""past 2024"" listing page.",2026-09-13T04:31:15.651Z
met,Hidden Faces: Covered Portraits of the Renaissance,2024-04-02,2024-07-07,Renaissance portraits with hidden covered faces.,https://www.metmuseum.org/exhibitions/hidden-faces-covered-portraits-of-the-renaissance,"Found on the venue's ""past 2024"" listing page.",2026-09-13T04:31:15.651Z
artic,Mary Cassatt: After Impressionism,2026-09-06,2027-01-03,Cassatt's paintings after the Impressionist years.,https://www.artic.edu/exhibitions/10487/mary-cassatt-after-impressionism,"Found on the venue's ""current"" listing page. Also listed on the venue's ""upcoming"" page. Also listed on the venue's ""past 2026"" page. Also listed on the venue's ""past 2025"" page. Also listed on the venue's ""past 2024"" page. Also listed on the venue's ""past 2023"" page. Also listed on the venue's ""past p2 2026"" page. Also listed on the venue's ""past p2 2025"" page. Also listed on the venue's ""past p2 2024"" page. Also listed on the venue's ""past p2 2023"" page.",2026-09-13T04:32:52.711Z
artic,Willem de Kooning Drawing,2026-06-14,2026-09-20,"De Kooning's expansive drawing practice, first exhibition.",https://www.artic.edu/exhibitions/9993/willem-de-kooning-drawing,"Found on the venue's ""current"" listing page.",2026-09-13T04:32:52.711Z
artic,Lee Miller: Fearless,2026-08-29,2026-12-07,First comprehensive survey of Miller's photographs.,https://www.artic.edu/exhibitions/10521/lee-miller-fearless,"Found on the venue's ""current"" listing page.",2026-09-13T04:32:52.711Z
artic,Beyond Form: Abstraction at Midcentury,2026-06-27,2026-10-19,"Global abstraction, 65 artists, 1940 to 1970.",https://www.artic.edu/exhibitions/10694/beyond-form-abstraction-at-midcentury,"Found on the venue's ""current"" listing page.",2026-09-13T04:32:52.711Z
artic,"Self, Made: Fourteen Modern Artists from the Richard and Ellen Sandor Family Collection",2026-06-25,2026-11-09,Modern artists from the Sandor family collection.,https://www.artic.edu/exhibitions/10587/self-made-fourteen-modern-artists-from-the-richard-and-ellen-sandor-family-collection,"Found on the venue's ""current"" listing page.",2026-09-13T04:32:52.711Z
artic,Abigail Lucien: Blood of the Earth,2026-06-18,2027-01-25,Lucien's iron sculptures and their histories.,https://www.artic.edu/exhibitions/10693/abigail-lucien-blood-of-the-earth,"Found on the venue's ""current"" listing page.",2026-09-13T04:32:52.711Z
artic,Embroidered Traditions from Morocco to Afghanistan,2026-05-02,2027-01-25,Embroidery traditions across Morocco to Afghanistan.,https://www.artic.edu/exhibitions/10585/embroidered-traditions-from-morocco-to-afghanistan,"Found on the venue's ""current"" listing page.",2026-09-13T04:32:52.711Z
artic,Raqib Shaw: Paradise Lost,2025-06-07,2026-11-15,Shaw's fantastical paintings on identity and transformation.,https://www.artic.edu/exhibitions/10569/raqib-shaw-paradise-lost,"Found on the venue's ""current"" listing page.",2026-09-13T04:32:52.711Z
artic,Edgar Calel: Corn Mountain of Life (Ixim Juyu K’aslem),2026-05-02,2026-09-13,Calel's hut and corn sculpture installation.,https://www.artic.edu/exhibitions/10586/edgar-calel-corn-mountain-of-life-ixim-juyu-kaslem,"Found on the venue's ""current"" listing page.",2026-09-13T04:32:52.711Z
artic,Jitish Kallat: Public Notice 3,2024-09-09,2026-09-14,Kallat's staircase installation on Vivekananda's speech.,https://www.artic.edu/exhibitions/10453/jitish-kallat-public-notice-3-2,"Found on the venue's ""current"" listing page.",2026-09-13T04:32:52.711Z
artic,Jill Mulleady: The Passenger,2026-09-19,2027-01-18,"Mulleady's first solo museum show, twenty paintings.",https://www.artic.edu/exhibitions/10588/jill-mulleady-the-passenger,"Found on the venue's ""upcoming"" listing page.",2026-09-13T04:32:52.711Z
artic,Tony Cokes: On Boredom,2026-10-03,2027-03-14,Cokes's video and billboard text installation.,https://www.artic.edu/exhibitions/10777/tony-cokes-on-boredom,"Found on the venue's ""upcoming"" listing page.",2026-09-13T04:32:52.711Z
artic,Beatriz González: In Series and Full Color,2026-11-15,2027-03-01,First retrospective of González's drawings and prints.,https://www.artic.edu/exhibitions/10589/beatriz-gonzalez-in-series-and-full-color,"Found on the venue's ""upcoming"" listing page.",2026-09-13T04:32:52.711Z
artic,Zurbarán: Divine Light,2027-02-28,2027-06-20,First US Zurbarán exhibition in forty years.,https://www.artic.edu/exhibitions/10208/zurbaran-divine-light,"Found on the venue's ""upcoming"" listing page.",2026-09-13T04:32:52.711Z
artic,Vilhelm Hammershøi: Pictures from Home,2027-06-19,2027-10-03,Hammershøi's paintings of his Copenhagen apartment.,https://www.artic.edu/exhibitions/10458/vilhelm-hammershoi-pictures-from-home,"Found on the venue's ""upcoming"" listing page.",2026-09-13T04:32:52.711Z
artic,"Carroll Dunham: Drawings, 1974–2024",2026-01-31,2026-06-01,Fifty years of Dunham's drawings.,https://www.artic.edu/exhibitions/10558/carroll-dunham-drawings-1974-2024,"Found on the venue's ""past 2026"" listing page.",2026-09-13T04:32:52.711Z
artic,"Lucas Samaras: Sitting, Standing, Walking, Looking",2026-01-31,2026-07-20,Samaras's Polaroid self-photographs over seven decades.,https://www.artic.edu/exhibitions/10584/lucas-samaras-sitting-standing-walking-looking,"Found on the venue's ""past 2026"" listing page.",2026-09-13T04:32:52.711Z
artic,"Korean National Treasures: 2,000 Years of Art",2026-03-07,2026-07-05,Korean art treasures from the Lee Kun-Hee gift.,https://www.artic.edu/exhibitions/10209/korean-national-treasures-2000-years-of-art,"Found on the venue's ""past 2026"" listing page.",2026-09-13T04:32:52.711Z
artic,Matisse’s Jazz: Rhythms in Color,2026-03-07,2026-06-01,Matisse's cut-paper Jazz series.,https://www.artic.edu/exhibitions/10557/matisses-jazz-rhythms-in-color,"Found on the venue's ""past 2026"" listing page.",2026-09-13T04:32:52.711Z
artic,Modern Japanese Portraits in Print,2025-01-23,2025-04-14,"Postwar Japanese woodblock portraits, four printmakers.",https://www.artic.edu/exhibitions/10606/modern-japanese-portraits-in-print,"Found on the venue's ""past 2025"" listing page.",2026-09-13T04:32:52.711Z
artic,Myth and Marble: Ancient Roman Sculpture from the Torlonia Collection,2025-03-15,2025-06-29,"Fifty-eight ancient Roman sculptures, Torlonia Collection.",https://www.artic.edu/exhibitions/10257/myth-marble-ancient-roman-sculpture-from-the-torlonia-collection,"Found on the venue's ""past 2025"" listing page.",2026-09-13T04:32:52.711Z
artic,Lines of Connection: Drawing and Printmaking,2025-03-15,2025-06-01,"Drawing and printmaking's connections, ninety works.",https://www.artic.edu/exhibitions/10194/lines-of-connection-drawing-printmaking,"Found on the venue's ""past 2025"" listing page.",2026-09-13T04:32:52.711Z
artic,"En el principio / In the beginning: Juliana Góngora Rojas, Matías Quintero Sepúlveda, Juven Piranga Valencia, and Yinela Piranga Valencia",2025-03-29,2025-07-28,Góngora and collaborators' Amazon community installation.,https://www.artic.edu/exhibitions/10416/en-el-principio-in-the-beginning-juliana-gongora-rojas-matias-quintero-sepulveda-juven-piranga-valencia-and-yinela-piranga-valencia,"Found on the venue's ""past 2025"" listing page.",2026-09-13T04:32:52.711Z
artic,Frida Kahlo’s Month in Paris: A Friendship with Mary Reynolds,2025-03-29,2025-07-13,Kahlo's Paris friendship with Mary Reynolds.,https://www.artic.edu/exhibitions/10397/frida-kahlos-month-in-paris-a-friendship-with-mary-reynolds,"Found on the venue's ""past 2025"" listing page.",2026-09-13T04:32:52.711Z
artic,Japan’s Great Female Poets,2025-04-15,2025-07-14,Heian-era poets in prints and legend.,https://www.artic.edu/exhibitions/10611/japans-great-female-poets-3,"Found on the venue's ""past 2025"" listing page.",2026-09-13T04:32:52.711Z
artic,"Iman Issa: A Game, or So You May Think",2025-05-03,2025-09-21,"Issa's Heritage Studies, altered historical artifacts.",https://www.artic.edu/exhibitions/10507/iman-issa-a-game-or-so-you-may-think,"Found on the venue's ""past 2025"" listing page.",2026-09-13T04:32:52.711Z
artic,H. C. Westermann: Anchor Clanker,2025-05-17,2026-05-11,Westermann's woodworking and wartime-shaped worldview.,https://www.artic.edu/exhibitions/10566/hc-westermann-anchor-clanker,"Found on the venue's ""past 2025"" listing page.",2026-09-13T04:32:52.711Z
artic,Contemporary Drawings from the Stenn Family Collection,2025-06-28,2025-09-15,Stenn family's gift of 100 drawings.,https://www.artic.edu/exhibitions/10502/contemporary-drawings-from-the-stenn-family-collection,"Found on the venue's ""past 2025"" listing page.",2026-09-13T04:32:52.711Z
artic,Gustave Caillebotte: Painting His World,2025-06-29,2025-10-05,Caillebotte's paintings of family and friends.,https://www.artic.edu/exhibitions/10068/gustave-caillebotte-painting-his-world,"Found on the venue's ""past 2025"" listing page.",2026-09-13T04:32:52.711Z
artic,"The Dawn of Modernity: Japanese Prints, 1850–1900",2025-07-15,2025-10-13,Japanese prints documenting Japan's modernization era.,https://www.artic.edu/exhibitions/10644/the-dawn-of-modernity-japanese-prints-1850-1900,"Found on the venue's ""past 2025"" listing page.",2026-09-13T04:32:52.711Z
artic,Pixy Liao: Relationship Material,2025-07-26,2025-12-08,Liao's staged self-portraits with her partner.,https://www.artic.edu/exhibitions/10548/pixy-liao-relationship-material,"Found on the venue's ""past 2025"" listing page.",2026-09-13T04:32:52.711Z
artic,Charles Gaines: Night/Crimes,2025-08-16,2026-02-01,Gaines pairs crime scenes with constellations.,https://www.artic.edu/exhibitions/10568/charles-gaines-nightcrimes,"Found on the venue's ""past 2025"" listing page.",2026-09-13T04:32:52.711Z
artic,"Leslie Thornton: Jennifer, Where Are You?",2025-08-23,2026-01-11,Thornton's film on speech and perception.,https://www.artic.edu/exhibitions/10706/leslie-thornton-jennifer-where-are-you,"Found on the venue's ""past 2025"" listing page.",2026-09-13T04:32:52.711Z
artic,Elizabeth Catlett: “A Black Revolutionary Artist and All That It Implies”,2025-08-30,2026-01-04,"Catlett's sculpture, printmaking and activism.",https://www.artic.edu/exhibitions/10220/elizabeth-catlett-a-black-revolutionary-artist-and-all-that-it-implies,"Found on the venue's ""past 2025"" listing page.",2026-09-13T04:32:52.711Z
artic,Tuan Andrew Nguyen: We Were Lost in Our Country,2025-09-05,2026-03-08,Nguyen's film on Ngurrara Canvas II.,https://www.artic.edu/exhibitions/10618/tuan-andrew-nguyen-we-were-lost-in-our-country,"Found on the venue's ""past 2025"" listing page.",2026-09-13T04:32:52.711Z
artic,On Loss and Absence: Textiles of Mourning and Survival,2025-09-06,2026-03-15,"Textiles of mourning, over 100 objects.",https://www.artic.edu/exhibitions/9772/on-loss-and-absence-textiles-of-mourning-and-survival,"Found on the venue's ""past 2025"" listing page.",2026-09-13T04:32:52.711Z
artic,Diane Simpson: “Good for Future”,2025-10-04,2026-04-19,Simpson's outdoor sculptures from 1980s drawings.,https://www.artic.edu/exhibitions/10630/diane-simpson-good-for-future,"Found on the venue's ""past 2025"" listing page.",2026-09-13T04:32:52.711Z
artic,Strange Realities: The Symbolist Imagination,2025-10-04,2026-01-05,"Symbolism's dark, mysterious imaginative vocabulary.",https://www.artic.edu/exhibitions/10094/strange-realities-the-symbolist-imagination,"Found on the venue's ""past 2025"" listing page.",2026-09-13T04:32:52.711Z
artic,János Megyik Photograms,2024-02-03,2024-07-08,Megyik's photograms of larch wood constructions.,https://www.artic.edu/exhibitions/10200/janos-megyik-photograms,"Found on the venue's ""past 2024"" listing page.",2026-09-13T04:32:52.711Z
artic,Threaded Visions: Contemporary Weavings from the Collection,2024-02-24,2024-08-26,Contemporary weavings by thirteen artists.,https://www.artic.edu/exhibitions/10262/threaded-visions-contemporary-weavings-from-the-collection,"Found on the venue's ""past 2024"" listing page.",2026-09-13T04:32:52.711Z
artic,A Sign of Things to Come: Prints by Japanese Women Artists after 1950,2024-04-18,2024-07-15,Postwar prints by Japanese women artists.,https://www.artic.edu/exhibitions/10320/a-sign-of-things-to-comea-sign-of-things-to-come-prints-by-japanese-women-artists-after-1950,"Found on the venue's ""past 2024"" listing page.",2026-09-13T04:32:52.711Z
artic,Christina Ramberg: A Retrospective,2024-04-20,2024-08-11,"Ramberg's retrospective, first in thirty years.",https://www.artic.edu/exhibitions/9723/christina-ramberg-a-retrospective,"Found on the venue's ""past 2024"" listing page.",2026-09-13T04:32:52.711Z
artic,"Foreign Exchange: Photography between Chicago, Japan, and Germany, 1920–1960",2024-05-04,2024-09-09,"Photographic exchange between Germany, Japan, the US.",https://www.artic.edu/exhibitions/10311/foreign-exchange-photography-between-chicago-japan-and-germany-1920-1960,"Found on the venue's ""past 2024"" listing page.",2026-09-13T04:32:52.711Z
artic,John Knight: A work in situ,2024-05-04,2024-09-22,Knight's site-specific and context-dependent works.,https://www.artic.edu/exhibitions/10341/john-knight-working-title,"Found on the venue's ""past 2024"" listing page.",2026-09-13T04:32:52.711Z
artic,"Four Chicago Artists: Theodore Halkin, Evelyn Statsinger, Barbara Rossi, and Christina Ramberg",2024-05-11,2024-08-26,"Four Chicago artists' inventive, personal compositions.",https://www.artic.edu/exhibitions/10097/four-chicago-artists-theodore-halkin-evelyn-statsinger-barbara-rossi-and-christina-ramberg,"Found on the venue's ""past 2024"" listing page.",2026-09-13T04:32:52.711Z
artic,Georgia O’Keeffe: “My New Yorks”,2024-06-02,2024-09-22,O'Keeffe's paintings of 1920s New York.,https://www.artic.edu/exhibitions/9539/georgia-okeeffe-my-new-yorks,"Found on the venue's ""past 2024"" listing page.",2026-09-13T04:32:52.711Z
artic,Ellsworth Kelly: Spectrum Colors Arranged by Chance,2024-06-22,2024-09-09,Kelly's chance-arranged Spectrum Colors collages.,https://www.artic.edu/exhibitions/10279/ellsworth-kelly-spectrum-colors-arranged-by-chance,"Found on the venue's ""past 2024"" listing page.",2026-09-13T04:32:52.711Z
artic,Bruce Nauman: Clown Torture,2024-06-22,2024-12-02,"Nauman's clowns in absurd, aural cacophony.",https://www.artic.edu/exhibitions/10461/bruce-nauman-clown-torture,"Found on the venue's ""past 2024"" listing page.",2026-09-13T04:32:52.711Z
artic,Kabuki-Actor Portraits by Tōshūsai Sharaku,2024-07-18,2024-10-14,Sharaku's Kabuki actor portrait prints.,https://www.artic.edu/exhibitions/10426/kabuki-actor-portraits-by-toshusai-sharaku,"Found on the venue's ""past 2024"" listing page.",2026-09-13T04:32:52.711Z
artic,Screens: A Panafrica Film Series,2024-08-10,2025-01-06,Five moving-image works on Pan-Africanism.,https://www.artic.edu/exhibitions/10390/screens-a-panafrica-film-series,"Found on the venue's ""past 2024"" listing page.",2026-09-13T04:32:52.711Z
artic,Germane Barnes: Columnar Disorder,2024-09-21,2025-01-27,Barnes reimagines classical columns through Black history.,https://www.artic.edu/exhibitions/10310/germane-barnes-columnar-disorder,"Found on the venue's ""past 2024"" listing page.",2026-09-13T04:32:52.711Z
artic,Mascon: A Massive Concentration of Black Interscalar Energy,2024-09-26,2025-03-17,Otolith Group mural on Senegalese cinema.,https://www.artic.edu/exhibitions/10445/cine-sahel-cinegeometries-of-cinemafricana,"Found on the venue's ""past 2024"" listing page.",2026-09-13T04:32:52.711Z
artic,Nancy Holt: Seeing in the Round,2024-10-05,2025-04-20,Holt's viewing-device sculptures shown outdoors.,https://www.artic.edu/exhibitions/10488/nancy-holt-seeing-in-the-round,"Found on the venue's ""past 2024"" listing page.",2026-09-13T04:32:52.711Z
artic,Paula Modersohn-Becker: I Am Me,2024-10-12,2025-01-12,First US museum survey of Modersohn-Becker.,https://www.artic.edu/exhibitions/9592/paula-modersohn-becker,"Found on the venue's ""past 2024"" listing page.",2026-09-13T04:32:52.711Z
artic,Transitory Beauty: Japanese Fan Prints,2024-10-17,2025-01-20,"Japanese fan prints, featuring Hiroshige.",https://www.artic.edu/exhibitions/10447/transitory-beauty-japanese-fan-prints-2,"Found on the venue's ""past 2024"" listing page.",2026-09-13T04:32:52.711Z
artic,French Neoclassical Paintings from The Horvitz Collection,2024-10-19,2025-01-06,Neoclassical paintings from the Horvitz Collection.,https://www.artic.edu/exhibitions/10418/french-neoclassical-paintings-from-the-horvitz-collection,"Found on the venue's ""past 2024"" listing page.",2026-09-13T04:32:52.711Z
artic,One Hundred Famous Views of Edo,2025-10-15,2026-01-05,Hiroshige's celebrated views of Edo.,https://www.artic.edu/exhibitions/10753/hiroshiges-one-hundred-famous-views-of-edo,"Found on the venue's ""past p2 2025"" listing page.",2026-09-13T04:32:52.711Z
artic,Jane Alexander: Infantry with beast,2025-11-15,2026-01-12,Alexander's marching dog-headed figures installation.,https://www.artic.edu/exhibitions/10583/jane-alexander-infantry-with-beast,"Found on the venue's ""past p2 2025"" listing page.",2026-09-13T04:32:52.711Z
artic,Bruce Goff: Material Worlds,2025-12-20,2026-03-29,Retrospective of Goff's idiosyncratic houses.,https://www.artic.edu/exhibitions/10171/bruce-goff-material-worlds,"Found on the venue's ""past p2 2025"" listing page.",2026-09-13T04:32:52.711Z
artic,Jeremy Frey: Woven,2024-10-26,2025-02-10,Frey's Passamaquoddy basket-weaving retrospective.,https://www.artic.edu/exhibitions/10212/jeremy-frey-woven,"Found on the venue's ""past p2 2024"" listing page.",2026-09-13T04:32:52.711Z
artic,Revolution to Restoration: French Drawings from The Horvitz Collection,2024-10-26,2025-01-06,French drawings from the Horvitz Collection.,https://www.artic.edu/exhibitions/10127/revolution-to-restoration-french-drawings-from-the-horvitz-collection,"Found on the venue's ""past p2 2024"" listing page.",2026-09-13T04:32:52.711Z
artic,After the End of the World: Pictures from Panafrica,2024-11-02,2025-04-21,Seventeen artists on Pan-Africanist views of land.,https://www.artic.edu/exhibitions/10409/after-the-end-of-the-world-pictures-from-panafrica,"Found on the venue's ""past p2 2024"" listing page.",2026-09-13T04:32:52.711Z
artic,Neapolitan Crèche,2024-11-21,2025-01-06,Eighteenth-century Neapolitan Nativity terracotta figures.,https://www.artic.edu/exhibitions/10518/neapolitan-creche-807,"Found on the venue's ""past p2 2024"" listing page.",2026-09-13T04:32:52.711Z
artic,"Beatriz Santiago Muñoz: The Crow, the Trench, and the Mare",2024-12-14,2025-03-08,Muñoz film on time and translation.,https://www.artic.edu/exhibitions/10516/munoz-wt,"Found on the venue's ""past p2 2024"" listing page.",2026-09-13T04:32:52.711Z
artic,Project a Black Planet: The Art and Culture of Panafrica,2024-12-15,2025-03-30,Major survey of Pan-Africanist art and culture.,https://www.artic.edu/exhibitions/10157/project-a-black-planet-the-art-and-culture-of-panafrica,"Found on the venue's ""past p2 2024"" listing page.",2026-09-13T04:32:52.711Z
borghese,[current page],,,,https://galleriaborghese.cultura.gov.it/en/mostre/presenti/,"The venue's ""current"" listing page could not be read: the venue’s site did not respond. Marker row, not an exhibition.",2026-09-13T04:27:50.275Z
borghese,[upcoming page],,,,https://galleriaborghese.cultura.gov.it/en/mostre/future/,"The venue's ""upcoming"" listing page could not be read: the venue’s site did not respond. Marker row, not an exhibition.",2026-09-13T04:27:50.275Z
borghese,[past page],,,,https://galleriaborghese.cultura.gov.it/en/mostre/passate/,"The venue's ""past"" listing page could not be read: the venue’s site did not respond. Marker row, not an exhibition.",2026-09-13T04:27:50.275Z
capo,[all (current/upcoming/past) page],,,,https://capodimonte.cultura.gov.it/mostre/,"The venue's ""all (current/upcoming/past)"" listing page could not be read: the page did not finish loading in time. Marker row, not an exhibition.",2026-09-13T04:29:29.422Z
