venue_code,title,start_date,end_date,summary,url,notes
acq,JOAN MIRÓ | JEAN PAUL RIOPELLE PALM BEACH,,,Palm Beach. Two painters shown together.,https://www.acquavellagalleries.com/exhibitions/joan-miro-jean-paul-riopelle,"Found on the venue's ""all (current/upcoming/past)"" listing page. The venue's page shows only ""SEPTEMBER 2026"" for this exhibition's dates — no day is published, only the month and year."
acq,MATISSE THE PURSUIT OF HARMONY NEW YORK,2026-04-09,2026-05-22,New York. Matisse's investigation of form.,https://www.acquavellagalleries.com/exhibitions/matisse2,"Found on the venue's ""all (current/upcoming/past)"" listing page."
acq,SOFT REINS FROM DEGAS TO FORDJOUR PALM BEACH,2026-02-06,2026-04-06,Palm Beach. Horse and equestrian.,https://www.acquavellagalleries.com/exhibitions/soft-reins,"Found on the venue's ""all (current/upcoming/past)"" listing page."
acq,MASTERS OF MODERNISM FROM GAUGUIN TO WARHOL PALM BEACH,2025-12-13,2026-02-02,Palm Beach. Gauguin to Warhol survey.,https://www.acquavellagalleries.com/exhibitions/masters-of-modernism,"Found on the venue's ""all (current/upcoming/past)"" listing page."
acq,NICOLE WITTENBERG ALL THE WAY NEW YORK,2025-10-16,2025-12-05,New York. First solo.,https://www.acquavellagalleries.com/exhibitions/nicole-wittenberg2,"Found on the venue's ""all (current/upcoming/past)"" listing page."
acq,YUKA KASHIHARA STARDUST PALM BEACH,2025-10-15,2025-12-08,Palm Beach. Recent paintings.,https://www.acquavellagalleries.com/exhibitions/yuka-kashihara2,"Found on the venue's ""all (current/upcoming/past)"" listing page."
acq,MIQUEL BARCELÓ NEW YORK,2025-04-24,2025-05-30,New York. Recent work.,https://www.acquavellagalleries.com/exhibitions/miquel-barcelo4,"Found on the venue's ""all (current/upcoming/past)"" listing page."
acq,JOANI TREMBLAY ALL THE WILD THAT REMAINS PALM BEACH,2025-04-17,2025-06-15,Palm Beach. Landscape painting.,https://www.acquavellagalleries.com/exhibitions/joani-tremblay,"Found on the venue's ""all (current/upcoming/past)"" listing page."
acq,POSTWAR ABSTRACTION MOVEMENT AND FORM PALM BEACH,2025-02-28,2025-04-13,Palm Beach. Postwar abstraction including sculpture.,https://www.acquavellagalleries.com/exhibitions/postwar-abstraction,"Found on the venue's ""all (current/upcoming/past)"" listing page."
acq,PORTRAITURE: FROM CASSATT TO WARHOL NEW YORK,2025-01-21,2025-04-04,New York. Portraiture from Impressionism to today.,https://www.acquavellagalleries.com/exhibitions/portraiture-from-cassatt-to-warhol,"Found on the venue's ""all (current/upcoming/past)"" listing page. The same exhibition is also shown at Palm Beach."
acq,HARUMI KLOSSOWSKA DE ROLA SACRED WOODS PALM BEACH,2025-01-11,2025-02-23,Palm Beach. Balthus's daughter.,https://www.acquavellagalleries.com/exhibitions/harumi-klossowska-de-rola,"Found on the venue's ""all (current/upcoming/past)"" listing page."
acq,PORTRAITURE FROM CASSATT TO WARHOL PALM BEACH,2024-11-22,2025-01-05,"Portraits spanning a century, Impressionism to today.",https://www.acquavellagalleries.com/exhibitions/portraiture,"Found on the venue's ""all (current/upcoming/past)"" listing page. The same exhibition is also shown at New York."
acq,TOM SACHS BRONZE NEW YORK,2024-11-07,2024-12-13,New York. Bricolage in bronze.,https://www.acquavellagalleries.com/exhibitions/tom-sachs3,"Found on the venue's ""all (current/upcoming/past)"" listing page."
acq,JACOB EL HANANI DRAWING ON CANVAS NEW YORK,2024-09-10,2024-10-18,New York. Microscopically fine line drawing.,https://www.acquavellagalleries.com/exhibitions/jacob-el-hanani,"Found on the venue's ""all (current/upcoming/past)"" listing page."
acq,"JAMES ROSENQUIST AT MOMA F-111 ON VIEW IN THE WERNER AND ELAINE DANNHEISSER GALLERY, FOURTH FLOOR",2012-01-26,,,https://www.acquavellagalleries.com/exhibitions/james-rosenquist-at-moma,"Found on the venue's ""all (current/upcoming/past)"" listing page. No closing date found anywhere on the venue's pages. The text on this page is not a description of the exhibition, so no summary was written."
artic,[current page],,,,https://www.artic.edu/exhibitions,"The venue's ""current"" listing page could not be read: the venue’s site refused us (HTTP 403). Marker row, not an exhibition."
artic,[upcoming page],,,,https://www.artic.edu/exhibitions/upcoming,"The venue's ""upcoming"" listing page could not be read: the venue’s site refused us (HTTP 403). Marker row, not an exhibition."
artic,[past 2026 page],,,,https://www.artic.edu/exhibitions/history?year=2026,"The venue's ""past 2026"" listing page could not be read: the venue’s site refused us (HTTP 403). Marker row, not an exhibition."
artic,[past 2025 page],,,,https://www.artic.edu/exhibitions/history?year=2025,"The venue's ""past 2025"" listing page could not be read: the venue’s site refused us (HTTP 403). Marker row, not an exhibition."
artic,[past 2024 page],,,,https://www.artic.edu/exhibitions/history?year=2024,"The venue's ""past 2024"" listing page could not be read: the venue’s site refused us (HTTP 403). Marker row, not an exhibition."
artic,[past 2023 page],,,,https://www.artic.edu/exhibitions/history?year=2023,"The venue's ""past 2023"" listing page could not be read: the venue’s site refused us (HTTP 403). Marker row, not an exhibition."
artic,[past p2 2026 page],,,,https://www.artic.edu/exhibitions/history?year=2026&page=2,"The venue's ""past p2 2026"" listing page could not be read: the venue’s site refused us (HTTP 403). Marker row, not an exhibition."
artic,[past p2 2025 page],,,,https://www.artic.edu/exhibitions/history?year=2025&page=2,"The venue's ""past p2 2025"" listing page could not be read: the venue’s site refused us (HTTP 403). Marker row, not an exhibition."
artic,[past p2 2024 page],,,,https://www.artic.edu/exhibitions/history?year=2024&page=2,"The venue's ""past p2 2024"" listing page could not be read: the venue’s site refused us (HTTP 403). Marker row, not an exhibition."
artic,[past p2 2023 page],,,,https://www.artic.edu/exhibitions/history?year=2023&page=2,"The venue's ""past p2 2023"" listing page could not be read: the venue’s site refused us (HTTP 403). Marker row, not an exhibition."
borghese,METAMORPHOSES OVID AND THE ARTS,2026-06-23,2026-10-11,"Ovid's Metamorphoses as inspiration, developed with the Rijksmuseum.",https://galleriaborghese.cultura.gov.it/en/exhibition/metamorphoses/,"Found on the venue's ""current"" listing page. opening and closing date read from a sentence, not a date field: ""June 23 to September 20, 2026""."
borghese,[upcoming page],,,,https://galleriaborghese.cultura.gov.it/en/mostre/future/,"The venue's ""upcoming"" listing page loaded but no exhibitions could be read from it. Marker row, not an exhibition."
borghese,RETURN TO GALLERIA BORGHESE. GIOVAN FRANCESCO PENNI AND RAPHAEL’S WORKSHOP,2026-03-17,2026-05-10,"Penni's allegory, from Raphael's workshop, reunited with its pendant.",https://galleriaborghese.cultura.gov.it/en/exhibition/return-to-the-galleria-borghese/,"Found on the venue's ""past"" listing page. opening and closing date read from a sentence, not a date field: ""March 17 to May 10, 2026""."
borghese,MARCELLO PROVENZALE FROM CENTO. A GENIUS OF BAROQUE MOSAIC IN BORGHESE ROME,2026-03-17,2026-05-10,"Provenzale's Baroque mosaic art, on his 450th birth anniversary.",https://galleriaborghese.cultura.gov.it/en/exhibition/marcello-provenzale-from-cento/,"Found on the venue's ""past"" listing page. opening and closing date read from a sentence, not a date field: ""March 17, and running until May 10, 2026""."
borghese,ZANABAZAR AT THE GALLERIA BORGHESE. FROM MONGOLIA TO THE GLOBAL BAROQUE,2026-01-20,2026-02-22,"Two sculptures by Zanabazar, in dialogue with Baroque Europe.",https://galleriaborghese.cultura.gov.it/en/exhibition/zanabazar-at-the-galleria-borghese-from-mongolia-to-the-global-baroque/,"Found on the venue's ""past"" listing page. opening and closing date read from a sentence, not a date field: ""20 January to 22 February 2026""."
borghese,WANGECHI MUTU – BLACK SOIL POEMS,2025-06-10,2025-09-14,Mutu's site-specific sculptures across the galleries and gardens.,https://galleriaborghese.cultura.gov.it/en/exhibition/black-soil-poems/,"Found on the venue's ""past"" listing page. opening and closing date read from a sentence, not a date field: ""June 10 to September 14, 2025""."
borghese,POETRY AND PAINTING IN THE 17TH CENTURY. GIOVAN BATTISTA MARINO AND THE MARVELOUS PASSION.,2024-11-19,2025-02-09,"Marino's poetry paired with Titian, Tintoretto, Correggio, Rubens, Poussin.",https://galleriaborghese.cultura.gov.it/en/exhibition/poetry-and-painting-in-the-17th-century-giovan-battista-marino-and-the-marvelous-passion/,"Found on the venue's ""past"" listing page. opening and closing date read from a sentence, not a date field: ""November 19, 2024, to February 9, 2025""."
borghese,LOUISE BOURGEOIS. UNCONSCIOUS MEMORIES,,,"Bourgeois's sculptures on memory, first for a woman artist here.",https://galleriaborghese.cultura.gov.it/en/exhibition/louise-bourgeois-unconscious-memories/,"Found on the venue's ""past"" listing page. The venue's page shows only ""June / 2024"" for this exhibition's dates — no day is published, only the month and year."
brera,Beauty and the Ideal,2025-05-16,2027-05-17,"Canova's restored plaster busts, marble Vestal, and enamel miniatures.",https://pinacotecabrera.org/en/news/mostra/beauty-and-the-ideal/,"Found on the venue's ""current"" listing page. Also listed on the venue's ""past"" page. Also listed on the venue's ""past"" page."
brera,Pinacoteca viaggiante,2025-05-16,2027-05-17,"Sommariva's 99 enamel miniatures, his 'portable' painting collection.",https://pinacotecabrera.org/en/news/mostra/pinacoteca-viaggiante/,"Found on the venue's ""current"" listing page. Also listed on the venue's ""past"" page. Also listed on the venue's ""past"" page."
brera,Giovanni Agostino da Lodi. An itinerant painter between Leonardo and Giorgione,2026-05-26,2026-09-13,"Giovanni Agostino da Lodi's rediscovered career, alongside Bellini and Giorgione.",https://pinacotecabrera.org/en/news/mostra/giovanni-agostino-da-lodi-a-traveling-painter-between-leonardo-and-giorgione/,"Found on the venue's ""current"" listing page. Also listed on the venue's ""past"" page. Also listed on the venue's ""past"" page."
brera,Oman and Italy: Two Millennia of Cross-Civilisational Dialogue,2026-06-18,2026-09-13,"Two millennia of trade and exchange, Oman and Italy.",https://pinacotecabrera.org/en/news/mostra/oman-and-italy-two-millennia-of-cross-civilisational-dialogue/,"Found on the venue's ""current"" listing page. Also listed on the venue's ""past"" page. Also listed on the venue's ""past"" page."
brera,[upcoming page],,,,https://pinacotecabrera.org/en/exhibitions-and-events/exhibitions/?current_page=1&date=scheduled,"The venue's ""upcoming"" listing page loaded but no exhibitions could be read from it. Marker row, not an exhibition."
brera,"Giorgio Armani. Milano, per amore",2025-09-24,2026-05-03,Over 120 Armani creations woven through the museum's paintings.,https://pinacotecabrera.org/en/news/mostra/giorgio-armani-milano-per-amore/,"Found on the venue's ""past"" listing page. opening date read from a sentence, not a date field: ""September 24, 2025, to January 11, 2026""."
brera,La grande pittura italiana,2025-05-24,2025-07-27,"25 confiscated paintings by postwar Italian masters, Guttuso to Novelli.",https://pinacotecabrera.org/en/news/mostra/la-grande-pittura-italiana/,"Found on the venue's ""past"" listing page."
brera,Buon Compleanno Linus,2025-06-03,2025-09-09,"Sixty years of Linus, the comics magazine, honouring Altan.",https://pinacotecabrera.org/en/news/mostra/buon-compleanno-linus/,"Found on the venue's ""past"" listing page."
brit,[current/upcoming page],,,,https://www.britishmuseum.org/exhibitions-events,"The venue's ""current/upcoming"" listing page loaded but no exhibitions could be read from it. Marker row, not an exhibition."
brit,[past page],,,,https://www.britishmuseum.org/exhibitions-events/past-exhibitions,"The venue's ""past"" listing page could not be read: the venue’s site refused us (HTTP 403). Marker row, not an exhibition."
capo,I Segni dei Tempi. Carlo Maria Mariani a Capodimonte,2026-04-16,2026-09-08,"Mariani's donated painting, bridging Raphael and Duchamp.",https://capodimonte.cultura.gov.it/mostra/i-segni-dei-tempi-carlo-maria-mariani-a-capodimonte/,"Found on the venue's ""all (current/upcoming/past)"" listing page. opening and closing date read from a sentence, not a date field: ""skip to Main Content MUSEO E REAL BOSCO ORGANIZZA LA TUA VISITA COLLEZIONI MOSTRE SOSTIENICI NEWS MULTIMEDIA INFO UTILI I Segni dei Tempi. Carlo Maria Mariani a Capodimonte INIZIO » MOSTRE » I SEGNI DEI TEMPI. CARLO MARIA MARIANI A CAPODIMONTE I Segni dei Tempi. Carlo Maria Mariani a Capodimonte A cura di Antonio Martino e Andrea Viliani sala 6, I piano Dal 16 aprile all’8 settembre 2026 Mostra in occasione della donazione del dipinto al Museo e Real Bosco di Capodimonte da parte della Fondazione Carlo Maria Mariani (New York) Ingresso gratuito compreso nel biglietto del museo Apertura tutti i giorni tranne il mercoledì, la domenica e i festivi dalle ore 8.30 alle 19.30 (ultimo ingresso alle 18.30) Inaugurazione giovedì 16 aprile - ore 12,00 Intervengono: Il Direttore del Museo e Real Bosco di Capodimonte Eike Schmidt, il Direttore della Pinacoteca di Brera Angelo Crespi i curatori Antonio Martino e Andrea Viliani La mostra Informazioni Comunicato stampa L'inaugurazione È come se, nel dipingere quest’opera nel 2019, Mariani avesse predeterminato e predestinato il suo approdo finale a Napoli e Capodimonte” La donazione del dipinto di Carlo Maria Mariani I Segni dei Tempi (2019) al Museo e Real Bosco di Capodimonte da parte della Fondazione Carlo Maria Mariani (New York), è accompagnata da una mostra omaggio (16 aprile -14 luglio, prorogata all’8 settembre 2026) dedicata all’artista definito “l’ultimo degli antichi e il primo dei contemporanei” a cura di Antonio Martino e Andrea Viliani (sala 6, I piano). “La mostra estiva di Capodimonte - dichiara il Direttore del Museo e Real Bosco di Capodimonte, Eike Schmidt - raccolta nelle dimensioni ma densa di significato, celebra la generosissima donazione della tela I Segni dei Tempi (The Signs of the Times, 2019), destinata all’istituzione napoletana dalla Carlo Maria Mariani and Carol Lane Mariani Foundation di New York e la iscrive entro un orizzonte di significato più ampio grazie alla presenza di altre sette opere dell’artista, accostate a una raffinata selezione di oggetti provenienti dalle collezioni del museo. La mostra trae insieme lo spunto e il titolo dal dipinto donato, un’opera che può dirsi esemplare della visione artistica di Mariani, in quanto riunisce le due figure sulle quali la sua riflessione si è esercitata con maggiore continuità e profondità: Raffaello e Marcel Duchamp. Da questo confronto Mariani ha tratto un linguaggio del tutto personale, nel quale l’eredità formale del classicismo rinascimentale, barocco e settecentesco si congiunge all’intensità filosofica e intellettuale che, sulla scia del grande artista franco-americano e campione di scacchi, sarebbe venuta a segnare l’arte concettuale. Inserendo lo Scolabottiglie di Duchamp (1914) entro uno spazio pittorico e figurativo desunto dalla pergola illusionistica della Loggia di Amore e Psiche di Raffaello (1517-1518), nella Villa Farnesina di Agostino Chigi, allora ancora collocata in un contesto suburbano, Mariani rende con particolare evidenza la profonda affinità che lega questi due fari supremi del suo immaginario”. Carlo Maria Mariani I Segni dei Tempi 2019 91,5 x 91,5 cm olio su tela Museo e Real Bosco di Capodimonte Donazione Fondazione Carlo Maria Mariani (New York) Mostra Carlo Maria Mariani Mostra Carlo Maria Mariani Mostra Carlo Maria Mariani Mostra Carlo Maria Mariani Carlo Maria Mariani I Segni dei Tempi 2019 91,5 x 91,5 cm olio su tela Museo e Real Bosco di Capodimonte Donazione Fondazione Carlo Maria Mariani (New York) Particolare Carlo Maria Mariani I Segni dei Tempi 2019 91,5 x 91,5 cm olio su tela Museo e Real Bosco di Capodimonte Donazione Fondazione Carlo Maria Mariani (New York) Particolare Carlo Maria Mariani I Segni dei Tempi 2019 91,5 x 91,5 cm olio su tela Museo e Real Bosco di Capodimonte Donazione Fondazione Carlo Maria Mariani (New York) Particolare Carlo Maria Mariani Composizione 5 1989 180 x 150 cm collezione Maurizio Calvesi, Roma particolare Carlo Maria Mariani Dopo il bagno 1989 147 x 147 cm collezione Antonio Martino, Roma particolare Carlo Maria Mariani Iper/ri/cognizione 2 1974 90 x 80 cm Collezione Cannaviello, Milano particolare In occasione dell’evento a Capodimonte il Direttore della Pinacoteca di Brera Angelo Crespi annuncia una mostra omaggio a Mariani che si svolgerà in autunno a Milano. La rassegna si terrà a Palazzo Citterio, dall’8 ottobre 2026 al 10 gennaio 2027. La complessa e stratificata ricerca figurativa di Mariani, (Roma, 1931 - New York, 2021), lo colloca in una posizione autonoma nella storia dell’arte degli ultimi decenni, tra eredità classica e pensiero contemporaneo. Mariani non era solo un pittore dell’intelletto, ma un profondo indagatore dei misteri dell’invisibile, un lettore assiduo delle dottrine di Madame Blavatsky e dei testi teosofici. I Segni dei Tempi è considerata l’opera cardine di uno dei maestri italiani protagonisti dell’arte contemporanea internazionale. “Nel guardare in ‘I Segni dei Tempi’ la figura femminile centrale che sembra sfidare la gravità come un feto nel grembo materno, stretta nei cerchi metallici del porte-bouteilles duchampiano, non si può non scorgere anche un riferimento alla natura mitologica di Partenope - nota Antonio Martino - Mariani dipinge un corpo che, come la sirena fondatrice, abita il confine tra due mondi. Se Partenope è il mito della caduta e della rinascita attraverso l’acqua, l’opera di Mariani mette in scena un ‘tuffo’ nell’azzurro metafisico e assoluto del cielo, che è il colore stesso dell’anima di Napoli”. Come scrive nel suo saggio Martino “Mariani non ‘guarda’ al passato: egli lo abita. Il suo rapporto con la Magna Grecia non è archeologico, ma ontologico. Come un moderno Winckelmann, egli cerca la ‘nobile semplicità e quieta grandezza’, ma lo fa con la consapevolezza di chi ha attraversato le macerie del Novecento. In questo, il suo unico vero interlocutore è Giorgio de Chirico“. “Mariani, nelle sale di Capodimonte, sembra esservi stato da sempre…: ‘io non sono un pittore, io non sono l’artista: io sono l’opus’ dichiarava infatti, per indicare che l’autore si indentifica con la propria opera in cui si condensa tutta la storia dell’arte passata, presente e futura. Mariani non è mai stato, in questo senso, un artista “anacronista”, né un artista “postmoderno”, ma piuttosto un pittore concettuale e, come tale, un neo-classico della contemporaneità” spiega Andrea Viliani che aggiunge “Napoli è l’habitat per cui le opere di Mariani sembrano essere state dipinte fin dall’inizio, respirando l’aria densa che si avverte lungo i decumani, tra la Cappella Sansevero e le Sette Opere della Misericordia caravaggesche”. Il percorso - che ha come fulcro il dipinto I Segni dei Tempi, titolo della mostra - vuole proporsi come un armonico confronto fra storia e contemporaneità, passando per la Magna Grecia, il Rinascimento, il Grand Tour del XVIII-XIX secolo, fino alle avanguardie del XX secolo. Carlo Maria Mariani Composizione 5 1989 180 x 150 cm collezione Maurizio Calvesi, Roma Carlo Maria Mariani Dopo il bagno 1989 147 x 147 cm collezione Antonio Martino, Roma Carlo Maria Mariani Ercole che riposa 1976 184 x 137 cm collezione Antonio Martino, Roma Iper/ri/cognizione 2 1974 90 x 80 cm Collezione Cannaviello, Milano Carlo Maria Mariani Orfeo 1979 grafite su cartone 180 x 140 cm collezione Antonio Martino, Roma Carlo Maria Mariani Gaia 1974 40,3 x 43 cm collezione Antonio Martino, Roma Carlo Maria Mariani Gentil 1974 40,3 x 43 cm collezione Luca D’Amelio Roma Otto le opere selezionate, tutte provenienti da collezioni private. Iper/ri/cognizione 2 (1974), Orfeo (1979) ed Ercole che riposa (1976) rinviano alla statuaria classica e alle sue varianti nelle collezioni farnesiane, o alla pittura rinascimentale e alle sue derivazioni nella decorazione neoclassica. Composizione 5 e Dopo il bagno (1989) interrogano la genealogia del moderno in un incontro consapevole con Joseph Beuys e Marcel Duchamp. Un riferimento significativo affiora proprio nell’opera che dà il titolo alla mostra, con l’inserimento del Porte-bouteilles (1914) duchampiano. Gentil e Gaia (1974) sono testimonianza di una performance presso le Logge di Raffaello: tenendo in mano una mela reale di fronte a quella dipinta, l’artista integra sé stesso e la realtà che lo circonda nel fregio rinascimentale, evidenziando i motivi cardine della sua visione: le mani, che congiungono pensiero e gesto, e la mela, emblema di unità indivisibile ed eterno presente dell’arte. Ercole Farnese, h. 24 cm bronzo Museo e Real Bosco di Capodimonte, Napoli Porcellana francese decorata a Napoli da Raffaele Giovine. Servizio da tavola decorato con frutta e ortaggi, 1818-1819, Firmato: giovine in Napoli, Piatti da coltello, diam. 23,2 cm, Porcellana dipinta e dorata, Mela e uva bianca, Inv. 826. Museo e Real Bosco di Capodimonte, Napoli Porcellana francese decorata a Napoli da Raffaele Giovine. Servizio da tavola decorato con frutta e ortaggi, 1818-1819, Firmato: giovine in Napoli, Piatti da coltello, diam. 23,2 cm, Porcellana dipinta e dorata, Inv. OA 810 limone Museo e Real Bosco di Capodimonte, Napoli Marcel Duchamp Le marchand du sel, Rumma Editore, 1969 Archivio Marcello e Lia Rumma Joseph Beuys, Tracce in Italia, Amelio Editore, 1978 Archivio Amelio Santamaria Esposte anche opere della collezione del museo: due piatti della manifattura Giovine con fiori e frutti del 1818-19 e un bronzetto dell’Ercole Farnese. Nell’allestimento due rare edizioni dei volumi ‘Marcel Duchamp, Le marchand du sel’, Rumma Editore, 1969 (Archivio Marcello e Lia Rumma) e ‘Joseph Beuys, Tracce in Italia’, Amelio Editore, 1978 (Archivio Amelio Santamaria). A cinque anni dalla scomparsa del pittore, la mostra segna il ritorno simbolico dell’artista a Napoli, dove espose nel 1978 presso lo Studio Trisorio, nello stesso anno in cui il Museo e Real Bosco di Capodimonte inaugurava una stagione decisiva della propria storia espositiva, accostando il Grande Cretto Nero di Alberto Burri alla Flagellazione di Cristo di Caravaggio. Un episodio destinato a segnare un momento fondativo per la collezione di arte contemporanea del Museo. All’inaugurazione di giovedì 16 aprile sono intervenuti: Il Direttore del Museo e Real Bosco di Capodimonte Eike Schmidt, i curatori Antonio Martino e Andrea Viliani, Clayton Calvert, Executive Director The Carlo Maria Mariani and Carol Lane Mariani Foundation. Nel corso dell’inaugurazione l’attrice Paola De Crescenzo ha declamato due componimenti della poetessa Teresa Bandettini, nota anche con il nome arcadico di Amarilli Etrusca (Lucca, 11 agosto 1763 - Lucca, 6 aprile1837): “Inno alla bellezza” e “Inno alla Grazia Neoclassica”. La mostra è accompagnata dal catalogo Éditions Lord Byron. SHARE THIS Facebook Twitter Email LinkedIn previous post: Emilio Isgrò. Canto Napoli Mostre in corso TUTTE LE MOSTRE DIRETTORE GENERALE Eike SCHMIDT DOVE SIAMO Via Lucio Amelio 2, Napoli, Italia COME RAGGIUNGERCI PER INFO Telefono: +39 081 7499130 Indirizzo email: mu-cap@cultura.gov.it PEC: mu-cap@pec.cultura.gov.it CONTATTACI Twitter Facebook Instagram Pinterest Youtube ORARI BIGLIETTI EVENTI COME RAGGIUNGERCI CONTATTI AMICI DI CAPODIMONTE SOSTIENICI MAPPE @ 2021 Museo e Real Bosco di Capodimonte Privacy PolicyAmministrazione trasparenteDichiarazione di accessibilità × Close mobile menu MUSEO E REAL BOSCO ORGANIZZA LA TUA VISITA COLLEZIONI MOSTRE SOSTIENICI NEWS MULTIMEDIA Info utili Cerca Submit""."
capo,Emilio Isgrò. Canto Napoli,2026-04-10,2026-09-29,Isgrò's erasures across 25 Neapolitan song scores.,https://capodimonte.cultura.gov.it/mostra/emilio-isgro-canto-napoli/,"Found on the venue's ""all (current/upcoming/past)"" listing page. No exhibition name could be read from this link. Web address suggests: ""Emilio Isgro Canto Napoli"". Name read from the exhibition's own page; the listing linked it by image only. opening and closing date read from a sentence, not a date field: ""skip to Main Content MUSEO E REAL BOSCO ORGANIZZA LA TUA VISITA COLLEZIONI MOSTRE SOSTIENICI NEWS MULTIMEDIA INFO UTILI Emilio Isgrò. Canto Napoli INIZIO » MOSTRE » EMILIO ISGRÒ. CANTO NAPOLI Emilio Isgrò. Canto Napoli Dal 10 aprile al 29 settembre 2026, sale 81, 83, 84 secondo piano Ingresso gratuito compreso nel biglietto del museo Apertura tutti i giorni (tranne il mercoledì, le domeniche e i festivi) dalle 8.30 alle 17.00 (ultimo ingresso alle 16.30) La mostra Informazioni Comunicato stampa L'inaugurazione Omaggio del Maestro alla Canzone Napoletana con cancellature inedite di venticinque partiture da ‘O sole mio a Voce ‘e notte Museo e Real Bosco di Capodimonte dal 10 aprile al 29 settembre 2026 a cura di Eike Schmidt Per vedere, devi sollevare il velo, operando uno sforzo, perché l’arte non è mai del tutto facile, ha sempre bisogno di una decifrazione - Emilio Isgrò Canto Napoli è la mostra che Emilio Isgrò dedica alla città di Napoli, un progetto inedito curato da Eike Schmidt, Direttore del Museo e Real Bosco di Capodimonte, presentato dal 10 aprile al 29 settembre nelle sale 81-83-84 del secondo piano. Artista concettuale e pittore - ma anche poeta, scrittore, drammaturgo e regista - il Maestro Emilio Isgrò (Barcellona Pozzo di Gotto, 1937) è uno tra i maggiori protagonisti dell’arte contemporanea internazionale. A partire dagli anni Sessanta sviluppa la pratica della Cancellatura come gesto poetico e critico, riflessione sul linguaggio, sulla memoria e sui processi della conoscenza. Questa tecnica divenuta ormai suo metodo distintivo applicato su materiali testuali di grande varietà (dai Promessi Sposi a La Bibbia, dall’Odissea alla Costituzione italiana fino alla prossima ‘cancellazione’ dell’Enciclica Laudato si’ iniziata con Papa Francesco e proseguita con Leone XIV), è qui rivolta per la prima volta alla musica napoletana. Il corpus delle partiture di alcuni tra i più celebri brani del repertorio partenopeo è sottoposto così a una rigorosa operazione di Cancellatura sulla cui superficie si posano insetti, come attratti dalla dolcezza di melodia, armonia, ritmo e versi, custoditi nelle partiture. Le complesse e deliziose figure retoriche che attraversano la canzone napoletana diventano così traccia e fondamento di un ulteriore segno che l’artista vi sovrappone con rinnovata intensità poetica. Non tutte le parole (e le celebri frasi che hanno fatto sognare, e amare, intere generazioni dall’Ottocento ad oggi) sono infatti cancellate da Isgrò: il risultato finale appare simile ad un componimento ermetico che affascinerà ogni tipo di visitatore. Le venticinque canzoni scelte spaziano da ‘O sole mio (versi di Giovanni Capurro e musica Eduardo Di Capua e Alfredo Mazzucchi, 1898) nella duplice versione chiara e scura, a Voce ‘e notte di Edoardo Nicolardi ed Ernesto De Curtis (1904) e a Reginella (scritta nel 1917 da Libero Bovio), passando per Maruzzella di Renato Carosone (1954), fino a Resta cu’mme con musica di Domenico Modugno (1957) che scriverà anche Tu si’ na cosa grande (1964) e all’ormai classica Napul’è di Pino Daniele (1977). Passando per tanti brani immortali o comunque popolarissimi: Te voglio bene assaje (1839 testo di Raffaele Sacco, musica attribuita a Donizetti), Funiculì funiculà (1880 testo di Peppino Turco, musica di Luigi Denza), Torna a Surriento, (1894 di G. De Curtis), I’ te vurria vasà, (1900 di Russo-di Capua), Comme facette mammeta (1906 di Capaldo-Gambardella), Ninì Tirabusciò (1911 di Califano-Gambardella), ‘O surdato ‘nnammurato (1915 di Califano - Cannio), Santa Lucia e Santa Lucia luntana (1919 di E.A. Mario), Scalinatella (1948 di Buonagura-Cioffi), Anema e core (1950 di Tito Manlio - D’Esposito), Luna Rossa (1950 di De Crescenzo-Vian), Malafemmena (1951, A. De Curtis in arte Totò), Guaglione (1956 di Nisa a Fanciulli), Nun è peccato (di Ugo Calise successo anni ‘60 di Peppino di Capri), A Canzuncella (1977 di Paolo Morelli degli Alunni del Sole). Accanto alle scritture musicali riarrangiate da Isgrò, trovano posto tre lavori a tutto tondo: due mandolini e una chitarra classica a dimensione reale, attraversati dagli stessi insetti che popolano le opere bidimensionali. “Le api e le formiche musicali di Isgrò sono emanazioni della mente dell’artista - nota Eike Schmidt nel suo saggio curatoriale - segni non pittografici, privi di denotazioni semantiche precise; metasegni senza funzione grammaticale; ipersegni di connotazioni molteplici e reciprocamente contradditorie, come del resto le cancellature stesse. Se però le cancellature evidenziano e celano il testo nello stesso tempo, coprendo le parole per proteggerle e conservarle, le processioni e i grovigli degli insetti introducono sulla superficie della carta, un elemento dinamico. La loro coreografia collettiva rende evidente la dimensione sociale della canzone e, in qualche caso, sembra persino interpretarne il carattere: si pensi ai grandi grumi brulicanti sullo spartito della Tammurriata nera”. La mostra è allestita in prossimità della sala dedicata al presepe napoletano, espressione tipica della cultura figurativa settecentesca. Le partiture cancellate sono realizzate con tecnica mista su carta stoffa montata su legno. In questo contesto, l’intervento di Isgrò si colloca in un dialogo serrato fra tradizione e ricerca concettuale. “Questo nuovo progetto nasce, sì, da un amore antico per la canzone napoletana, ma anche da qualcosa di più ostinato: il desiderio di restituire centralità alla dimensione storica. La cultura europea, e dunque napoletana, si fonda, infatti, sulle grandi tradizioni e l’arte. Credo, serva proprio a rendere quelle tradizioni non soltanto accettabili ma necessarie e vitali anche per il futuro” spiega Isgrò. Emilio Isgrò ‘O sole mio 2025 Tecnica mista su carta stoffa montata su legno 77 x 99 x 5,5 cm Emilio Isgrò A canzuncella 2025 Tecnica mista su carta stoffa montata su legno 67,5 x 88 x 5,1 cm Emilio Isgrò Funiculì funiculà 2025 Tecnica mista su carta stoffa montata su legno 67,5 x 88 x 5,1 cm Emilio Isgrò Tammurriata nera 2025 Tecnica mista su carta stoffa montata su legno 67,5 x 88 x 5,1 cm Emilio Isgrò Te voglio bene assaje 2025 Tecnica mista su carta stoffa montata su legno 67,5 x 88 x 5,1 cm Emilio Isgrò Tu si’ ‘na cosa grande 2025 Tecnica mista su carta stoffa montata su legno 67,5 x 88 x 5,1 cm Emilio Isgrò Mandolino 2025 Tecnica mista su mandolino 69 x 27,5 x 6,5 cm L’artista, da sempre attento alla musica, tema molto presente nei suoi sessant’anni di attività, definisce la canzone napoletana ‘profondamente democratica’. Tiene insieme un gigante come Salvatore Di Giacomo ma anche autori considerati ‘minori’ che funzionano meravigliosamente. “In questo tempo anche gli artisti napoletani possono essere esposti al rischio dell’omologazione, ma difficilmente vi cedono, perché qui l’arte si respira ovunque. Quando sento un posteggiatore suonare il mandolino, non vedo sottocultura, mi chiedo piuttosto da dove venga quella musica. E la risposta è chiara, viene da Pergolesi, dalla grande tradizione del San Carlo, da Paisiello. Da siciliano, non posso dimenticare che chi voleva studiare e fare musica, come lo stesso Vincenzo Bellini, doveva andare a Napoli, a San Pietro a Majella”. Sul tema della Cancellatura l’artista aggiunge: “Per me la Cancellatura è figlia diretta della filosofia siculo-greca, una grecità che riguarda anche Napoli. È la continuazione delle posizioni da un lato dei sofisti - nulla esiste e anche se esistesse non si potrebbe conoscere - e dall’altro della filosofia socratica, quella che pone continue domande. Pongo ostacoli davanti alla canzone napoletana, o davanti a testi e immagini, per suggerire al pubblico di ingaggiare un percorso conoscitivo. Per vedere, devi sollevare il velo, operando uno sforzo, perché l’arte non è mai del tutto facile, ha sempre bisogno di una decifrazione”. La mostra sarà accompagnata da un catalogo edito da Treccani, con prefazione del Presidente Massimo Bray, il saggio di Eike Schmidt, “La danza delle formiche” e i seguenti contributi: Bruno Corà, “Emilio Isgrò: canzoni che cantano la Cancellatura”; Michele Bonuomo, “Il canto muto di Emilio Isgrò”; Marco Bazzini, “Isgrò e la musica”; Laura Valente, “Custodire le tracce”; Stefano Causa, “L’alfabeto Morse della canzone napoletana”; Maria Laura Chiacchio, “Oltre la Cancellatura, la poesia”; Luciana Berti, “Al margine delle note. Intervista a Emilio Isgrò”. SHARE THIS Facebook Twitter Email LinkedIn previous post: “Metamorfosi” di Bertozzi & Casoni next post: I Segni dei Tempi. Carlo Maria Mariani a Capodimonte Mostre in corso TUTTE LE MOSTRE DIRETTORE GENERALE Eike SCHMIDT DOVE SIAMO Via Lucio Amelio 2, Napoli, Italia COME RAGGIUNGERCI PER INFO Telefono: +39 081 7499130 Indirizzo email: mu-cap@cultura.gov.it PEC: mu-cap@pec.cultura.gov.it CONTATTACI Twitter Facebook Instagram Pinterest Youtube ORARI BIGLIETTI EVENTI COME RAGGIUNGERCI CONTATTI AMICI DI CAPODIMONTE SOSTIENICI MAPPE @ 2021 Museo e Real Bosco di Capodimonte Privacy PolicyAmministrazione trasparenteDichiarazione di accessibilità × Close mobile menu MUSEO E REAL BOSCO ORGANIZZA LA TUA VISITA COLLEZIONI MOSTRE SOSTIENICI NEWS MULTIMEDIA Info utili Cerca Submit""."
capo,“Metamorfosi” di Bertozzi & Casoni,2025-12-05,,Bertozzi & Casoni's ceramic sculptures among the Royal Apartments.,https://capodimonte.cultura.gov.it/mostra/metamorfosi-di-bertozzi-casoni/,"Found on the venue's ""all (current/upcoming/past)"" listing page. opening date read from a sentence, not a date field: ""skip to Main Content MUSEO E REAL BOSCO ORGANIZZA LA TUA VISITA COLLEZIONI MOSTRE SOSTIENICI NEWS MULTIMEDIA INFO UTILI “Metamorfosi” di Bertozzi & Casoni INIZIO » MOSTRE » “METAMORFOSI” DI BERTOZZI & CASONI “Metamorfosi” di Bertozzi & Casoni Dal 5 dicembre 2025, primo piano, Appartamento Reale Ingresso gratuito compreso nel biglietto del museo Apertura tutti i giorni tranne il mercoledì, le domeniche e i festivi Nei giorni feriali dalle ore 8.30 alle 19.30 (ultimo ingresso alle 18.30). La mostra Informazioni Biografia Dialogo con Bertozzi e Claudia Casoni L'inaugurazione “Metamorfosi” di Bertozzi & Casoni Le porcellane e la Reggia tra storia, dialoghi e contraddizioni Inaugurazione mostra 5 dicembre 2025 ore 11,00 Napoli, Museo e Real Bosco di Capodimonte I piano, Appartamenti Reali Il 5 dicembre 2025 il Museo e Real Bosco di Capodimonte presenta Bertozzi & Casoni. Metamorfosi, a cura di Eike Schmidt e Diego Galizzi. La mostra, visitabile fino al 24 aprile 2026, si sviluppa nelle sale degli Appartamenti reali al primo piano del Museo, dal Salottino Pompeiano all’elegante Salone delle Feste. Protagonisti originali e visionari della scultura contemporanea, Bertozzi & Casoni (Giampaolo Bertozzi, 1957 - Stefano Dal Monte Casoni, 1961-2023) avviarono la loro ricerca artistica ispirati dalla celebre mostra Civiltà del Settecento, realizzata nel 1980 al Museo di Capodimonte. A oltre quarant’anni di distanza da quel primo e significativo incontro con le maggiori espressioni dell’arte del Settecento napoletano, tornano a Capodimonte con la mostra Metamorfosi, una selezione di circa venti opere, tra prestiti da collezioni private e inediti realizzati appositamente per Capodimonte, in particolare Rocco (2025) - opera scelta come immagine-guida della mostra e che apre il percorso espositivo, inserita nel suggestivo Salottino pompeiano - e la colorata e strabordante opera Fenicottero degli stracci (2025), rivisitazione in ceramica policroma della nota Venere di Michelangelo Pistoletto. Il Direttore Eike Schmidt ha dichiarato: ”Celebriamo con questo percorso originalissimo, che ci accompagnerà negli appartamenti reali fino ad aprile, il legame straordinario di Bertozzi & Casoni con il Museo di Capodimonte, alle radici di una attività artistica di livello internazionale ispirata proprio nel 1980 da un viaggio a Napoli di due ragazzi talentuosi e dalla visita alla celebre mostra Civiltà del 700. E forse non poteva essere diversamente perchè i due geniali artisti, formatisi nella celebre scuola faentina, in oltre 40 anni di lavoro apprezzato in tutto il mondo, hanno compiuto una missione che proprio Napoli con la storia della sua porcellana gli aveva suggerito: riportare la scultura in ceramica al centro della scena artistica contemporanea con la sua dignità e complessità anche tecnica. Napoli e la sua real Fabbrica di Capodimonte, Faenza città della ceramica, si incontrano quindi felicemente in questa ‘Metamorfosi’, una mostra che stupirà e stimolerà l’immaginario dei nostri visitatori come solo le vere opere d’arte sanno fare”. Bertozzi & Casoni Rocco 2025 ceramica policroma e bronzo Proprietà Bertozzi & Casoni Bertozzi & Casoni Fenicottero degli stracci 2025 ceramica policroma Proprietà Bertozzi & Casoni Il progetto espositivo si sviluppa attorno al tema della metamorfosi, intesa sia come trasfigurazione iconografica dei soggetti, sia come processo intrinseco alla materia che, sottoposta a temperature elevate, attraversa varie fasi di trasformazione, generando esiti affascinanti e spiazzanti. Il risultato è un iperrealismo esasperato, attraversato da accenti surreali e da una potente vena ironica, come nell’opera Chicco House (2005), allestita al centro del pavimento della Sala della Culla. Qui la casetta giocattolo dai colori vivaci, abitata da scimmiette irrequiete e circondata da resti di cibo e oggetti come il pacchetto di sigarette, crea un cortocircuito visivo, mescolando innocenza infantile e allusioni al mondo adulto. Bertozzi & Casoni Chicco House 2005 ceramica policroma, tappeto dipinto In mostra, le creazioni del duo stabiliscono un articolato dialogo con arredi, oggetti e opere dell’Appartamento Storico, dando vita a sorprendenti accostamenti e offrendo al pubblico l’opportunità di approfondire una riflessione critica sul medium della porcellana contemporanea. Le traiettorie imprevedibili percorse da Bertozzi & Casoni nell’ambito della loro ricerca, si manifestano in lavori come Sparecchiatura (2025), in Grand Hotel (2025), e Vassoio (2005), colmi di materiali eterogenei, nelle zolle di terra sature di scarti come in Disgrazia con orchidea rosa (2012) e la grande installazione Madonna scheletrita (2008) posta al centro della sala 37. Bertozzi & Casoni Sparecchiatura 2025 ceramica policroma Proprietà Bertozzi & Casoni Bertozzi & Casoni Grand Hotel 2025 ceramica policroma Bertozzi & Casoni Vassoio 2005 ceramica policroma Bertozzi & Casoni Disgrazia con orchidea rosa 2012 ceramica policroma Bertozzi & Casoni Madonna scheletrita 2008 ceramica policroma e argento Tra le opere esposte, nella sala 34, figura la scenografica installazione La morte dell’Eros (2000-2023), raffigurante un fauno di grandi dimensioni sospeso al soffitto, che evoca la tradizione classica ampiamente rappresentata nelle collezioni storiche del Museo. Bertozzi & Casoni La morte dell’Eros 2000-2023 ceramica policroma Proprietà Bertozzi & Casoni Il percorso prosegue al secondo piano con l’opera Grottesca (2013), esposta nella sala 93 accanto a due straordinari esempi della tradizione ceroplastica meridionale: la Testa decollata (seconda metà del XVIII secolo), con capelli naturali e occhi in vetro, e la Figura femminile in decomposizione o Vanitas (ultimo quarto del XVII - inizi XVIII secolo). Bertozzi & Casoni Grottesca 2013 ceramica policroma Scuola dell’Italia meridionale “Figura femminile in decomposizione o Vanitas” Produzione Napoletana, “Testa decollata” All’interno di questo universo visivo caratterizzato da eccesso e accumulo, in cui il dettaglio minuzioso convive con la caoticità del rifiuto, la ceramica si configura come un campo di sperimentazione privilegiato, assottigliando il confine tra preziosità e degrado, ordine e disordine, bellezza e bizzarria. Bertozzi & Casoni Metamorfoelefante 2023 ceramica policroma Bertozzi & Casoni Resurrezione 2014 ceramica policroma Bertozzi & Casoni Oracolo 2024 ceramica policroma, bronzo e alluminio Bertozzi & Casoni Chimpanzèè 2020 ceramica policroma Bertozzi & Casoni Pensieri 2019 ceramica policroma Bertozzi & Casoni Preghiera 2022 ceramica policroma Bertozzi & Casoni Dove come quando 2014 ceramica policroma Bertozzi & Casoni Quinta Stagione 2020 ceramica policroma La mostra è accompagnata da un catalogo, edito da Silvana Editoriale, di prossima presentazione. Il volume raccoglie, oltre ai saggi dei curatori Eike Schmidt e Diego Galizzi, un’intervista di Luciana Berti all’artista Paolo Bertozzi e a Claudia Pedrini, vedova di Stefano Casoni Dal Monte, un contributo di Maria Laura Chiacchio sull’Appartamento storico e un ricco apparato fotografico con tutte le opere in mostra e le relative installation view. SHARE THIS Facebook Twitter Email LinkedIn previous post: Nicola Samorì. Classical collapse next post: Emilio Isgrò. Canto Napoli @ 2021 Museo e Real Bosco di Capodimonte Privacy PolicyAmministrazione trasparenteDichiarazione di accessibilità"". No closing date found anywhere on the venue's pages."
capo,Nicola Samorì. Classical collapse,2025-11-28,2026-06-09,"Samorì reworks classical tradition, shared with Milan's Ambrosiana.",https://capodimonte.cultura.gov.it/mostra/nicola-samori-classical-collapse/,"Found on the venue's ""all (current/upcoming/past)"" listing page. opening and closing date read from a sentence, not a date field: ""28 novembre 2025 - 10 marzo 2026""."
capo,Capodimonte ricorda Mimmo Jodice,,,"Mimmo Jodice's photographic series Transiti, in a memorial room.",https://capodimonte.cultura.gov.it/mostra/capodimonte-ricorda-mimmo-jodice/,"Found on the venue's ""all (current/upcoming/past)"" listing page. No exhibition name could be read from this link. Web address suggests: ""Capodimonte Ricorda Mimmo Jodice"". Name read from the exhibition's own page; the listing linked it by image only. The venue's page shows only ""21 novembre"" for this exhibition's dates — no year is published anywhere."
capo,Sogno mediterraneo. Sergio Vacchi,2025-11-06,2026-01-27,"Sergio Vacchi's paintings, marking his birth centenary.",https://capodimonte.cultura.gov.it/mostra/sogno-mediterraneo-sergio-vacchi/,"Found on the venue's ""all (current/upcoming/past)"" listing page. opening and closing date read from a sentence, not a date field: ""6 novembre 2025 - 27 gennaio 2026""."
capo,NAFRICA-MASCHERE (Memorie & Identità / Uomini o Maschere),2025-10-16,2026-01-06,Simon Njami's exhibition on Italian colonial memory and identity.,https://capodimonte.cultura.gov.it/mostra/nafrica-maschere-memorie-identita-uomini-o-maschere/,"Found on the venue's ""all (current/upcoming/past)"" listing page. opening and closing date read from a sentence, not a date field: ""skip to Main Content MUSEO E REAL BOSCO ORGANIZZA LA TUA VISITA COLLEZIONI MOSTRE SOSTIENICI NEWS MULTIMEDIA INFO UTILI NAFRICA-MASCHERE (Memorie & Identità / Uomini o Maschere) INIZIO » MOSTRE » NAFRICA-MASCHERE (MEMORIE & IDENTITÀ / UOMINI O MASCHERE) NAFRICA-MASCHERE (Memorie & Identità / Uomini o Maschere) Dal 16 ottobre 2025 al 6 gennaio 2026, sala 2 primo piano Ingresso gratuito Apertura tutti i giorni tranne il mercoledì, le domeniche e i festivi Nei giorni feriali dalle ore 11.00 alle 16.00 La mostra Informazioni Comunicato stampa L'inaugurazione MOSTRA NAFRICA-MASCHERE (Memorie & Identità / Uomini o Maschere) A cura di SIMON NJAMI Una mostra sull’eredità coloniale italiana, l’identità, la memoria e la potenza trasformativa dell’arte contemporanea Apertura al pubblico: 16 ottobre 2025 Ingresso libero tutti i giorni / dalle 11:00 alle 16:00 tranne la domenica, i festivi e i mercoledì Sede: Museo e Real Bosco di Capodimonte, Napoli A cura di: Simon Njami Testi: Simon Njami Nell’ambito delle celebrazioni Napoli2500 con la direzione artistica di Laura Valente, il Comune e il Museo e Real Bosco di Capodimonte, diretto da Eike Schmidt, ospiteranno la mostra NAFRICA-MASCHERE a cura di Simon Njami e prodotta da Andrea Aragosa per Black tarantella. L’appuntamento è realizzato in collaborazione con il Ministero della Cultura, Dipartimento Valorizzazione Patrimonio Culturale; l’Università Federico II di Napoli; l’Università L’Orientale e MUCIV, Museo delle Civiltà. La mostra affronta le radici irrisolte del colonialismo italiano in Africa, interrogando il rapporto tra memoria, identità e i linguaggi dell’arte contemporanea. Si ripercorre, da un lato, l’influenza che la scultura africana ebbe sui movimenti artistici del primo Novecento e, dall’altro, la narrazione coloniale che ha profondamente segnato la storia culturale italiana. Dalla Biennale di Venezia del 1922, dove furono mostrati per la prima volta manufatti di “arte primitiva”, alle grandi esposizioni coloniali di Napoli (1934 al Maschio Angioino e 1940 alla Mostra d’Oltremare), il percorso mette in luce il modo in cui “l’ideologia coloniale” si è servita delle arti per consolidare il proprio immaginario. Elemento centrale della mostra NAFRICA-MASCHERE è il lavoro di una figura controversa come l’antropologo fiorentino Lidio Cipriani, i cui viaggi documentati tra il 1923 e il 1927 verso il Corno d’Africa - attraverso fotografie, testi e calchi facciali policromi - rivelano la costruzione scientifica e culturale dell’ “altro”, del “diverso”, del “Negro”. Questi materiali, provenienti dal Museo di Antropologia dell’Università Federico II di Napoli, sono presentati non tanto come reperti, ma come documenti della violenza ideologica che contribuì a giustificare schiavitù, segregazione e le leggi razziali del 1938. “Accanto a questo inquietante archivio visivo, venticinque artisti contemporanei, africani ed europei, sono stati invitati a “rispondere” con opere nuove o esistenti, mettendo così in dialogo due registri opposti: da un lato, la riduzione del volto umano a oggetto coloniale; dall’altro, la riaffermazione della soggettività attraverso l’arte. Non si tratta di una semplice denuncia, ma di un confronto visivo capace di generare nello spettatore una consapevolezza profonda e non mediata, ciò che Jean-Paul Sartre definiva ‘lo shock dell’essere visti’. Questa mostra è necessaria. Dipinge un quadro terribile dell’immobilità della storia e del modo in cui siamo incapaci di imparare da essa. La storia non appartiene a un popolo. È l’esplosione dell’incontro. E se la propaganda del nazismo affermava che la storia è sempre scritta dai vincitori, allora è giunto il momento di riscriverla. La mostra NAFRICA-MASCHERE si sviluppa come un libro visivo: ogni opera, ogni documento d’archivio diventa una nota o un’illustrazione di un racconto collettivo ancora in costruzione. L’obiettivo non è proporre una morale o una lettura univoca, ma aprire uno spazio di risonanza critica, dove l’arte possa agire come strumento di esorcismo e riscrittura”, come spiega il curatore Simon Njami. Artisti in mostra NAFRICA-MASCHERE: Antonio Biasiucci, Assunta Saulle, Bruno Ceccobelli, Délio Jasse, Edson Chagas, Euridice Zaituna Kala, Felice Levini, Férielle Doulain-Zouari, Gonçalo Mabunda, Jean Lamore, Maria Magdalena Campos, Mario Ciaramella, Maurice Pefura, Michèle Magema, Michele Zaza, Mwangi Hutter, Myriam Mihindou, Pascale Marthine Tayou, Pélagie Gbaguidi, Theo Eshetu, Ugo Giletta. Pensata come mostra itinerante, NAFRICA-MASCHERE è concepita per evolversi: nuove opere, nuovi artisti e nuovi contesti potranno integrarsi lungo il suo percorso, generando ogni volta rinnovati spunti di riflessione e dibattito. Simon Njami - Biografia curatoriale Simon Njami è curatore, scrittore e teorico dell’arte contemporanea, con un focus specifico sulle pratiche artistiche africane e della diaspora. Nato a Losanna nel 1962 da genitori camerunesi, Njami ha dedicato gran parte della sua carriera a smantellare le narrazioni eurocentriche sull’Africa, ridefinendo i confini del discorso artistico globale. È stato curatore della celebre mostra itinerante “Africa Remix” (2004-2007), esposta nei maggiori musei internazionali tra cui il Centre Pompidou (Parigi), la Hayward Gallery (Londra) e il Mori Art Museum (Tokyo), considerata una pietra miliare nella rilettura dell’arte contemporanea africana. Njami è stato direttore artistico della Biennale di Dakar (Dak’Art) per diverse edizioni, e co-fondatore della Réseau panafricain pour l’art contemporain, impegnato nella formazione e promozione di giovani curatori e artisti africani. Dal 2013 al 2017 ha diretto la Biennale di Fotografia di Bamako, rinnovandone radicalmente l’approccio curatoriale. È inoltre autore di numerosi saggi, romanzi e testi critici, tra cui collaborazioni con istituzioni quali il Museo Rietberg (Zurigo), il MACBA (Barcellona), la Fondation Gulbenkian (Lisbona) e il Musée d’Orsay (Parigi). Ha curato mostre in tutto il mondo, dalla Biennale di Venezia alla Johannesburg Art Gallery, contribuendo in modo significativo alla definizione di una visione postcoloniale dell’arte contemporanea. Oltre alla sua attività curatoriale, Simon Njami è stato membro di giurie internazionali - tra cui il Turner Prize e il Prince Claus Award - ed è attivo nel campo della pedagogia curatoriale, dirigendo workshop e programmi di formazione in Europa, Africa, America Latina e Asia. Nel suo lavoro, Njami promuove una visione dell’arte come spazio di confronto tra linguaggi, identità e storie divergenti, invitando a superare ogni forma di stereotipo culturale attraverso una pratica curatoriale radicalmente aperta e dialogica. Délio Jasse No calco, 2025 Serigrafia su carta argento / Screen print on silver paper n. 6 - 70 x 100 cm Courtesy dell’artista Euridice Zaituna Kala Modele I (Personal archives: an exercise on emotional archaeologies), 2020 4 elementi in vetro su struttura metallica / 4 pieces of glass on a metal frame 160 x 52 cm Courtesy dell’artista e Gallery Anne Barrault Myriam Mihindou Le Monologue des Anges, 2004-2006 Stampa a pigmento su carta Hahnemühle / Pigment print on Hahnemühle paper 100 x 130 x 4 cm © ADAGP, Parigi - Courtesy dell’artista Edson Chagas Jean P. Mbayo, 2014 Stampa digitale su carta Photo Luster / Digital print on Photo Luster paper 100 x 80 cm Courtesy APALAZZOGALLERY Pascale Marthine Tayou Masque bronzé, 2019 Maschera in legno, tecniche miste / Wooden mask, mixed media © ADAGP, Parigi - Courtesy dell’artista e GALLERIA CONTINUA Maurice Pefura Rifaccio, 2025 Tecniche miste / Mixed media 50 x 50 cm Workshop 2025, San Vittore - extract Courtesy dell’artista Jean Lamore White Mask with Spines, 2010 Gesso / Plaster 78 x 60 x 35 cm Courtesy dell’artista Jean Lamore Democracy, Bramble Head, 2010 Radica / Briar 160 x 110 x 45 cm Courtesy dell’artista Note sugli artisti in Mostra NAFRICA-MASCHERE NAFRICA-MASCHERE presenta una selezione di 25 artisti contemporanei provenienti dall’Africa, dalla diaspora e dall’Europa. Questi artisti si confrontano con le eredità del colonialismo, indagano identità complesse e praticano forme di resistenza culturale attraverso linguaggi diversi - dalla scultura alla fotografia, dalla performance all’installazione. Tra gli artisti africani e della diaspora figurano Pascale Marthine Tayou, Michèle Magema, Meschac Gaba, Kudzanai Chiurai, Zanele Muholi e Maurice Pefura, i cui lavori esplorano tematiche legate alla memoria storica, al corpo e alla politica identitaria. Gli artisti europei, tra cui Bruno Ceccobelli, Antonio Biasiucci, Felice Levini e Ugo Giletta, intrecciano riflessioni sulla memoria storica europea con uno sguardo critico sul passato coloniale e sulle sue conseguenze contemporanee. Infine, artisti che operano tra Africa ed Europa, come Kader Attia, Maria Magdalena Campos e Theo Eshetu, sperimentano pratiche transdisciplinari che interrogano la complessità delle identità ibride e le narrazioni collettive. Questa pluralità di voci crea un dialogo visivo potente, invitando lo spettatore a una riflessione critica sul passato coloniale e le sue tracce nel presente. LE DICHIARAZIONI Il sindaco di Napoli: “NAFRICA-MASCHERE è un progetto che parla di memoria, di responsabilità e di sguardi sul futuro. Ripercorrere, attraverso l’arte, le tracce del nostro passato coloniale significa confrontarsi con un capitolo doloroso della storia e scegliere di trasformarlo in conoscenza e consapevolezza. Questa consapevolezza riguarda soprattutto le nuove generazioni: offrire ai giovani gli strumenti per comprendere la complessità del passato significa renderli protagonisti di un futuro più giusto, più aperto e più solidale. La collaborazione tra Comune, Museo e Real Bosco di Capodimonte e Napoli 2500 sotto la direzione artistica di Laura Valente, testimonia la forza delle istituzioni quando operano insieme per costruire una memoria condivisa e aperta. Questa mostra ci ricorda che l’arte non è solo bellezza, ma anche coscienza civile: uno strumento per comprendere chi siamo e per immaginare, insieme, una società più giusta, più consapevole e più capace di futuro”. Il direttore generale del Museo e Real Bosco di Capodimonte Eike Schmidt: “Siamo lieti di accogliere a Capodimonte un progetto così originale con il quale Napoli2500 ha voluto confrontarsi con la cultura africana e la sua indiscussa influenza sull’arte contemporanea ma anche con un passato di orrori ideologici, dal razzismo al colonialismo, che non vanno mai dimenticati, giustificati e men che mai assolti. Ringrazio Laura Valente, direttrice Artistica delle celebrazioni, e Simon Njami, figura di spicco del panorama curatoriale internazionale, per averci invitato a questa riflessione sul ruolo dell’arte, e quindi dei musei, nella rielaborazione di una storia finalmente globale”. La direttrice artistica di Napoli2500 Laura Valente: “Abbiamo voluto inserire nelle celebrazioni di Napoli2500 un progetto che supera la commemorazione per farsi atto critico, rilettura e possibilità di riscrittura. La collaborazione con il Museo e Real Bosco di Capodimonte, diretto da Eike Schmidt, eccellenza del patrimonio culturale italiano, è per noi tanto strategica quanto simbolica: è nei luoghi del canone che oggi è urgente aprire varchi, sollevare domande, accogliere nuovi sguardi. Simon Njami ci invita a confrontarci con memorie e volti imprigionati negli stereotipi, identità deformate da narrazioni univoche. Napoli, città dalla memoria stratificata e dalle identità mobili, con questa mostra affronta il rimosso del colonialismo italiano e si propone come ponte tra i nostri Sud e quelli del mondo. Una frizione fertile, che restituisce all’arte il suo ruolo più profondo: spazio di confronto e di trasformazione condivisa”. Il produttore di Black Tarantella, Andrea Aragosa: “Le Maschere sono quelle indossate da milioni di donne, bambini e uomini che, per sfuggire a persecuzioni, fame, miseria e carestie, mettono a repentaglio la loro stessa vita per trovare un approdo su questa sponda del mare nostrum. Un mare che porta conoscenze, culture e miti millenari, ma che rimane per troppi un abisso senza ritorno. La memoria dei tanti che sono sepolti in quel mare sembra rivivere attraverso le maschere di questa esposizione che ci costringe a non dimenticare”. SHARE THIS Facebook Twitter Email LinkedIn previous post: L’Ospite bergamasca Lucina Brembati di Lorenzo Lotto. Capodimonte è di Moda - Percorsi nella storia del Costume next post: Sogno mediterraneo. Sergio Vacchi Mostre in corso TUTTE LE MOSTRE DIRETTORE GENERALE Eike SCHMIDT DOVE SIAMO Via Lucio Amelio 2, Napoli, Italia COME RAGGIUNGERCI PER INFO Telefono: +39 081 7499130 Indirizzo email: mu-cap@cultura.gov.it PEC: mu-cap@pec.cultura.gov.it CONTATTACI Twitter Facebook Instagram Pinterest Youtube ORARI BIGLIETTI EVENTI COME RAGGIUNGERCI CONTATTI AMICI DI CAPODIMONTE SOSTIENICI MAPPE @ 2021 Museo e Real Bosco di Capodimonte Privacy PolicyAmministrazione trasparenteDichiarazione di accessibilità × Close mobile menu MUSEO E REAL BOSCO ORGANIZZA LA TUA VISITA COLLEZIONI MOSTRE SOSTIENICI NEWS MULTIMEDIA Info utili Cerca Submit""."
capo,L’Ospite bergamasca Lucina Brembati di Lorenzo Lotto. Capodimonte è di Moda – Percorsi nella storia del Costume,2025-10-02,2027-01-13,"Lotto's portrait of Lucina Brembati, guest amid fashion-history talks.",https://capodimonte.cultura.gov.it/mostra/lospite-bergamasca-lucina-brembati-di-lorenzo-lotto-capodimonte-e-di-moda-percorsi-nella-storia-del-costume/,"Found on the venue's ""all (current/upcoming/past)"" listing page. opening and closing date read from a sentence, not a date field: ""2 ottobre 2025- 13 gennaio 2026""."
capo,"La Pietà di Gricci, il modellatore del Re. Nuova acquisizione di Capodimonte. Tra terracotta e porcellana",2025-08-07,2027-11-11,"Giuseppe Gricci's rare terracotta Pietà, a new Capodimonte acquisition.",https://capodimonte.cultura.gov.it/mostra/la-pieta-di-gricci-il-modellatore-del-re-nuova-acquisizione-di-capodimonte-tra-terracotta-e-porcellana/,"Found on the venue's ""all (current/upcoming/past)"" listing page. opening and closing date read from a sentence, not a date field: ""skip to Main Content MUSEO E REAL BOSCO ORGANIZZA LA TUA VISITA COLLEZIONI MOSTRE SOSTIENICI NEWS MULTIMEDIA INFO UTILI La Pietà di Gricci, il modellatore del Re. Nuova acquisizione di Capodimonte. Tra terracotta e porcellana INIZIO » MOSTRE » LA PIETÀ DI GRICCI, IL MODELLATORE DEL RE. NUOVA ACQUISIZIONE DI CAPODIMONTE. TRA TERRACOTTA E PORCELLANA La Pietà di Gricci, il modellatore del Re. Nuova acquisizione di Capodimonte. Tra terracotta e porcellana Dal 7 agosto 2025 al 11 novembre 2025, sala 20 primo piano Ingresso gratuito compreso nel biglietto del museo Apertura tutti i giorni tranne il mercoledì, le domeniche e i festivi (apertura eccezionale domenica 2 novembre e martedì 4 novembre) Nei giorni feriali dalle ore 8.30 alle 19.30 (ultimo ingresso alle 18.30). Aperture serali straordinarie da venerdì 19 settembre La mostra Informazioni Comunicato stampa L'inaugurazione “La Pietà di Gricci, il modellatore del Re. Nuova acquisizione di Capodimonte. Tra terracotta e porcellana” Il Direttore Schmidt: “Emozionante riportare a Napoli un tassello importante della storia della Real Fabbrica” Un tassello importante dell’identità di Capodimonte torna a casa per completare la storia della Real Fabbrica di Porcellana fondata da Carlo di Borbone nel 1743: è un piccolo ma straordinario capolavoro la Pietà di Giuseppe Gricci, il modellatore del Re, pezzo rarissimo in terracotta che gli studiosi hanno identificato circa un ventennio fa sul mercato internazionale dell’arte. “E’ stato emozionante riportare quest’opera a Napoli, dove fu realizzata, ed ammirarla da vicino - dichiara Eike Schmidt, direttore del Museo e Real Bosco di Capodimonte - Nelle collezioni pubbliche cittadine non è conservato alcun bozzetto in terracotta ascrivibile, come questo, alla mano del celebre capo-modellatore della Real Fabbrica. Il modello in creta plasmato da Gricci è, infatti, lo stadio dell’opera in cui più immediatamente è possibile cogliere il segno e la cultura figurativa di questo grande artista fiorentino, che Carlo di Borbone volle con sé, prima a Napoli e poi a Madrid. Abbiamo voluto condividere subito questa acquisizione con i tanti visitatori che nel periodo estivo affollano il Museo e Real Bosco. Con un piccolo allestimento che vuole essere una preziosa anticipazione del nuovo allestimento delle porcellane atteso tra pochi mesi“. “La Pietà di Gricci, il modellatore del Re. Nuova acquisizione di Capodimonte. Tra terracotta e porcellana” è il titolo dell’allestimento, fino al 28 ottobre (prorogato fino al 11 novembre). In questa occasione la nuova terracotta del Museo e Real Bosco viene messa a confronto con la Pietà con il San Giovanni Evangelista in porcellana del Museo Duca di Martina, sempre del Gricci. Giuseppe Gricci Pietà, 1744-1745 circa Terracotta con tracce di policromia Napoli, Museo e Real Bosco di Capodimonte Acquisto 2025 Real Fabbrica della Porcellana di Capodimonte (1743 - 1759) Giuseppe Gricci Pietà, 1744 Porcellana bianca Napoli, Museo Duca di Martina La costruzione piramidale è quella della Pietà di Michelangelo, con il corpo di Cristo accolto sulle gambe di Maria e le figure raccordate da un ampio panneggio. Il confronto tra i due gruppi - quello in terracotta e quello in porcellana - rivela l’evoluzione stilistica di Gricci sul tema della Pietà: più teatrale e distaccata nella porcellana, dove il dolore è sublimato, più umana e intima nella terracotta, dove il gesto della Madonna che asciuga le lacrime esprime una sofferenza materna. Il dialogo tra le due opere è stato allestito nella sala 20 del secondo piano del Museo, dove è esposta la celebre Pietà di Annibale Carracci: il dipinto, realizzato presumibilmente per la devozione privata del cardinale Odoardo, nel Settecento al Palazzo Reale a Napoli, è caratterizzato da un dolore straziato e raccolto. Annibale Carracci (Bologna, 1560 - Roma, 1609) Pietà 1599-1600 Olio su tela Napoli, Museo e Real Bosco di Capodimonte Collezione Farnese L’impostazione monumentale dei due protagonisti e la resa scultorea di alcuni dettagli, come le pieghe nette della veste della Vergine, hanno reso l’opera un modello trasversale nell’interpretazione di questa iconografia per pittori, scultori, incisori e modellatori. E anche Gricci mostra di esserne influenzato, riecheggiando nei suoi due gruppi plastici molti elementi della tela: ad esempio nelle membra abbandonate del Cristo, che si svolgono in continuità con il sudario poggiato sulle rocce. Alla presentazione sono intervenuti Luigi Gallo, Direttore ad interim Musei Nazionali del Vomero, e Riccardo Naldi - professore di storia dell’arte moderna Università degli Studi di Napoli L’Orientale, che fu il primo a riconoscere il gruppo in terracotta di Gricci nel 2007. Giuseppe Gricci, raffinato modellatore e scultore fiorentino, fu attivo come autore di soggetti sacri destinati alla corte reale sin dai primissimi anni di vita della Real Fabbrica di porcellana di Capodimonte, e tra il 1744 e il 1745 lavora a più riprese proprio al tema della Pietà. In un documento pubblicato nel 1888, Minieri Riccio fa riferimento a Gricci che nell’aprile del 1744 ‘fece una Pietà in porcellana ed una maensola con la sua forma in gesso’. La terracotta che, a causa della variante del movimento del braccio destro della Vergine, non può ritenersi il modello diretto del gruppo in porcellana del Museo Duca di Martina, tuttavia consente di seguire il processo di elaborazione del tema. I resti di colore sembrerebbero alludere a un utilizzo del modello come base di prova di decorazioni pittoriche, documentate da un esemplare in porcellana policroma del Museo Municipal di Madrid. SHARE THIS Facebook Twitter Email LinkedIn previous post: Capodimonte doppio Caravaggio. L’Ecce Homo e La Flagellazione di Cristo next post: L’Ospite bergamasca Lucina Brembati di Lorenzo Lotto. Capodimonte è di Moda - Percorsi nella storia del Costume Mostre in corso TUTTE LE MOSTRE DIRETTORE GENERALE Eike SCHMIDT DOVE SIAMO Via Lucio Amelio 2, Napoli, Italia COME RAGGIUNGERCI PER INFO Telefono: +39 081 7499130 Indirizzo email: mu-cap@cultura.gov.it PEC: mu-cap@pec.cultura.gov.it CONTATTACI Twitter Facebook Instagram Pinterest Youtube ORARI BIGLIETTI EVENTI COME RAGGIUNGERCI CONTATTI AMICI DI CAPODIMONTE SOSTIENICI MAPPE @ 2021 Museo e Real Bosco di Capodimonte Privacy PolicyAmministrazione trasparenteDichiarazione di accessibilità × Close mobile menu MUSEO E REAL BOSCO ORGANIZZA LA TUA VISITA COLLEZIONI MOSTRE SOSTIENICI NEWS MULTIMEDIA Info utili Cerca Submit""."
capo,Capodimonte doppio Caravaggio. L’Ecce Homo e La Flagellazione di Cristo,2025-07-24,2025-11-03,Caravaggio's Ecce Homo reunited with his Flagellazione di Cristo.,https://capodimonte.cultura.gov.it/mostra/capodimonte-doppio-caravaggio-lecce-homo-e-la-flagellazione-di-cristo/,"Found on the venue's ""all (current/upcoming/past)"" listing page. opening and closing date read from a sentence, not a date field: ""skip to Main Content MUSEO E REAL BOSCO ORGANIZZA LA TUA VISITA COLLEZIONI MOSTRE SOSTIENICI NEWS MULTIMEDIA INFO UTILI Capodimonte doppio Caravaggio. L’Ecce Homo e La Flagellazione di Cristo INIZIO » MOSTRE » CAPODIMONTE DOPPIO CARAVAGGIO. L’ECCE HOMO E LA FLAGELLAZIONE DI CRISTO Capodimonte doppio Caravaggio. L’Ecce Homo e La Flagellazione di Cristo Dal 24 luglio al 3 novembre 2025, sala 62 secondo piano Ingresso gratuito compreso nel biglietto del museo Apertura tutti i giorni tranne il mercoledì Nei giorni feriali dalle 8.30 alle 17.00 (ultimo ingresso alle 16.30) nei giorni festivi dalle ore 8.30 alle 19.30 (ultimo ingresso alle 18.30) Aperture serali straordinarie La mostra Informazioni Comunicato stampa L'inaugurazione Dopo quattro secoli il capolavoro ritrovato a Madrid torna a Napoli dove fu dipinto. Schmidt: Qui un dialogo unico con un Ospite davvero speciale. È la nostra proposta per omaggiare Napoli 2500. Dal 24 luglio al 3 novembre “Capodimonte Doppio Caravaggio” è un’occasione unica per ammirare l’Ecce Homo di Madrid, l’ultimo capolavoro ad essere entrato nel corpus del pittore, eccezionalmente in dialogo accanto alla Flagellazione di Cristo (1571-1610). Caravaggio (Michelangelo Merisi), Flagellazione di Cristo, 1607; olio su tela, Napoli, Museo e Real Bosco di Capodimonte (proprietà del Fondo Edifici di Culto, Ministero dell’Interno) Caravaggio (Michelangelo Merisi), Ecce Homo, 1606-07 ca. o 1609 ca., olio su tela, Icon Trust Giovedì 24 luglio è stata inaugurata dal direttore Eike Schmidt alla presenza del Sindaco di Napoli Gaetano Manfredi, l’esposizione‘Capodimonte doppio Caravaggio’: fino al 2 novembre l’Ecce Homo di Caravaggio, dipinto a Napoli quattro secoli fa e riscoperto nel 2021 a Madrid, è l’Ospite speciale del Museo e Real Bosco di Capodimonte, in dialogo con il capolavoro la Flagellazione di Cristo. Entrambe le opere furono realizzate nei soggiorni napoletani del Merisi (1606/1607 e 1609) e sono ora esposte nella sala 62 in un confronto di grande suggestione che pone accanto la celebre pala d’altare della Chiesa di San Domenico (di proprietà del Fondo Edifici di Culto in consegna al museo dal 1972 per ragioni di tutela) e il dipinto perduto, appartenuto a un viceré di Napoli - Garcia Avellaneda y Haro - alla metà del Seicento. ‘Capodimonte Doppio Caravaggio’ vuole essere anche un omaggio alle celebrazioni per i 2500 anni della città ed è un’iniziativa promossa in collaborazione con il Comune di Napoli. La Flagellazione di Cristo, dopo il successo della grande mostra romana per il Giubileo (‘Caravaggio 2025’, 7 marzo - 20 luglio), è subito rientrata infatti al Museo e Real Bosco di Capodimonte, portando con sé un ospite d’eccezione: l’Ecce Homo spagnolo, dipinto che negli ultimi anni è stato al centro del dibattito scientifico e mediatico mondiale. Dopo l’attribuzione, il quadro era stato infatti subito esposto al Museo del Prado a Madrid, per volere del nuovo proprietario, e attualmente può lasciare la Spagna solo per eccezionali occasioni. “Appena abbiamo saputo che l’Ecce Homo sarebbe arrivato in Italia - spiega Eike Schmidt, Direttore del Museo e Real Bosco di Capodimonte - ci siamo messi al lavoro per averlo a Napoli al termine della mostra del Giubileo per la quale ci era stata richiesta la Flagellazione. Le celebrazioni dei 2500 anni di Napoli sono stata un’ulteriore motivazione per la realizzazione di questa iniziativa. La nostra politica dei prestiti sarà sempre improntata al protagonismo di Capodimonte e all’esaltazione del suo patrimonio. In particolare, questo ospite speciale per il quale ringraziamo il Ministero della cultura spagnolo e il Museo del Prado, è anche un’occasione di confronto unica che illustra e documenta la fortuna napoletana del modello caravaggesco. Nella stessa sala i visitatori troveranno esposto infatti anche l’Ecce Homo di Battistello Caracciolo. “Doppio Caravaggio” fa parte del ciclo “L’Ospite” mostre piccole ma preziose che Capodimonte propone mentre completa i grandi lavori di efficientamento energetico e quindi il rinnovamento degli spazi, in costante dialogo con i grandi musei italiani e internazionali“. Negli ultimi mesi sono state ‘ospiti’ a Capodimonte importanti opere di Courbet, Carracci, Rubens, Baglione. “L’inaugurazione della mostra ‘Capodimonte Doppio Caravaggio‘- dichiara il sindaco di Napoli Gaetano Manfredi - segna, per la città, il ritorno di un’opera di grande interesse, realizzata durante i soggiorni napoletani dell’artista: l’Ecce Homo. Dal Museo del Prado di Madrid al Museo e Real Bosco di Capodimonte, unica tappa italiana prima del ritorno in Spagna, l’esposizione si inserisce, a pieno titolo, nelle celebrazioni per i 2500 anni di Neapolis. In un anno così speciale e ricco di stimoli, l’offerta culturale di Napoli si arricchisce di nuove contaminazioni. La Flagellazione di Cristo, già custodita al Museo, in dialogo con l’Ecce Homo di Caravaggio: un viaggio unico nel tempo e nello spazio, all’insegna della riscoperta dell’arte caravaggesca e della sua influenza in ambiente napoletano, come testimonia il lavoro di Battistello Caracciolo. Non posso che rinnovare il supporto del Comune di Napoli al Museo di Capodimonte, uno dei siti di maggiore interesse in città e, negli anni, promotore di iniziative di grande spessore e qualità“. “Lo spirito di Napoli2500 è perfettamente presente nell’idea stessa di questa esposizione a Capodimonte - sottolinea Laura Valente, direttrice artistica di Napoli2500. Il racconto della pittura del ‘600 napoletano si arricchisce di un dialogo unico che ci svela sempre nuovi tasselli della sua storia. Come Fringefestival proporremo qui in autunno appuntamenti performativi dedicati a Caravaggio e al suo legame ideale con alcuni geni contemporanei. E nel quadro della collaborazione con il Museo e Real Bosco, frutto dell’adesione entusiasta del direttore Schmidt alle celebrazioni per il compleanno di Neapolis, annunceremo a breve una mostra di arte contemporanea internazionale, dal messaggio potente, per il cartellone di fine anno”. ECCE HOMO a Capodimonte - Caso più unico che raro tra le attribuzioni di dipinti a Caravaggio dell’ultimo mezzo secolo, su questa tela di media grandezza il consenso della critica è stato pressoché unanime. L’Ecce Homo si trovava nel salotto di una casa privata, nel 2021 il quadro venne messo in vendita con una base d’asta di 1500 euro come opera di ‘scuola di Ribera’ . La casa d’arte spagnola Ansorena pubblica allora un catalogo con l’opera e attraverso un tam-tam di segnalazioni attorno al dipinto in pochi giorni si riuniscono i principali esperti del pittore, inclusi mercanti d’arte e curatori di museo da tutto il mondo. Mentre il quadro consolidava sempre più la sua reputazione di originale perduto di Caravaggio, il governo spagnolo ne sanciva la non esportabilità, vincolandone, quindi, la permanenza sul suo territorio. Nell’estate del 2024 l’Ecce Homo, acquistato da un filantropo britannico, che vuole restare anonimo, residente in Spagna, è esposto in una sala dedicata del Museo del Prado di Madrid. Una storia appassionante narrata anche nel thriller documentaristico ‘Il Caravaggio perduto’ uscito quest’anno nelle sale italiane, recentemente trasmesso su Sky Arte. Già Roberto Longhi, nei suoi studi fondativi sul pittore, aveva pubblicato un’immagine di una copia del quadro di Madrid, intravedendo, primo fra tutti, oltre le vernici ossidate e la banalizzazione di un mediocre copista tutta la forza di un’autentica idea caravaggesca ancora da rintracciare. Lo studio sulla storia del dipinto si deve, però, interamente a Maria Cristina Terzaghi che ne ha rintracciato il passaggio nell’Ottocento dall’Academia San Fernando di Madrid e che ha proposto di riconoscere lo stesso in un Ecce Homodi Caravaggio appartenuto a un viceré di Napoli - Garcia Avellaneda y Haro - alla metà del Seicento. L’Ecce Homo - tra gli ultimi episodi della vita di Cristo precedente alla Crocifissione e successivo alla Flagellazione - è un’iconografia che ebbe ampia diffusione, nell’intera penisola italiana, tra Quattrocento e Cinquecento. Nel quadro di Madrid, Caravaggio dispone le figure in profondità, suggerendo una loggia buia da cui si sporge Ponzio Pilato, il giudice che indica Cristo dolente alla folla, mentre un aguzzino con la bocca aperta lo spoglia (o forse lo ricopre dopo averlo spogliato) per mostrarne ulteriormente il corpo martoriato. Geniale e dal forte valore simbolico è la soluzione caravaggesca di rappresentare, sopra la fronte di Cristo, la sezione a mo’ di piccola fiamma di un ramo di rovi spiccato dal tronco principale, più chiara rispetto alla variazione di bruni della corona di spine. Poiché, in tutta probabilità, fu realizzata a Napoli, è con i quadri dei due periodi napoletani che la tela madrilena può mettersi più facilmente in relazione ed è proprio a potenziare la suggestione che la pala di San Domenico maggiore del 1607 e il quadro da stanza di Madrid sono stati nuovamente messi in dialogo nella sala con i capolavori del Museo di Capodimonte. L’importanza del dipinto è attestata dalla ripresa di alcune pose nella pala della Stella del 1607-1608 di Battistello Caracciolo (1578-1635), tra i più fedeli seguaci di Caravaggio e che ebbe anche rapporti diretti con l’artista durante i suoi soggiorni napoletani. Battistello (Giovan Battista Caracciolo), Ecce Homo, olio su tela, Napoli, Museo e Real Bosco di Capodimonte Su di una parete laterale, nella stessa sala, si è poi deciso di esporre proprio un’opera di Battistello proveniente dai depositi del museo: un altro Ecce Homo dal formato orizzontale. Capodimonte propone quindi una occasione di confronto unica che illustra e documenta anche la fortuna napoletana del modello caravaggesco. La prossimità stilistica con alcune opere finali del Merisi ha permesso di confermarne la realizzazione da parte di Battistello proprio negli anni in cui Caravaggio era a Napoli o in quelli compresi tra i suoi soggiorni. Ed ecco che il ritrovamento dell’Ecce Homo di Madrid permette di dare nuovo significato alla suggestione dello studioso che in catalogo si chiedeva se all’opera di Battistello non potesse aver “sovrainteso” lo stesso Caravaggio. Rimane, tuttora, rischioso spingersi a dire di più, ma gli esperti e il grande pubblico potranno tornare a vedere con occhi nuovi opere della collezione permanente di Capodimonte, grazie a un prestito straordinario, anello intermedio di una catena che dalla Flagellazione di San Domenico maggiore muove verso l’Ecce Homo di Battistello e si spinge certamente oltre. Capodimonte Doppio Caravaggio 24 luglio - 2 novembre A cura dell’Ufficio Mostre, responsabile Maria Laura Chiacchio. Architetti Renata Marmo e Silvia Sorice. Testi didattici di Vincenzo Sorrentino, curatore dell’arte del Seicento al Museo e Real Bosco di Capodimonte. SHARE THIS Facebook Twitter Email LinkedIn previous post: L’Ospite bolognese. L’Annunciazione di Ludovico Carracci next post: La Pietà di Gricci, il modellatore del Re. Nuova acquisizione di Capodimonte. Tra terracotta e porcellana @ 2021 Museo e Real Bosco di Capodimonte Privacy PolicyAmministrazione trasparenteDichiarazione di accessibilità""."
capo,L’Ospite bolognese. L’Annunciazione di Ludovico Carracci,2025-03-25,2025-06-15,"Ludovico Carracci's Annunciazione, guest alongside works by Pulzone and Curia.",https://capodimonte.cultura.gov.it/mostra/lospite-bolognese-lannunciazione-di-ludovico-carracci/,"Found on the venue's ""all (current/upcoming/past)"" listing page. opening and closing date read from a sentence, not a date field: ""skip to Main Content MUSEO E REAL BOSCO ORGANIZZA LA TUA VISITA COLLEZIONI MOSTRE SOSTIENICI NEWS MULTIMEDIA INFO UTILI L’Ospite bolognese. L’Annunciazione di Ludovico Carracci INIZIO » MOSTRE » L’OSPITE BOLOGNESE. L’ANNUNCIAZIONE DI LUDOVICO CARRACCI L'Ospite bolognese. L'Annunciazione di Ludovico Carracci Dal 25 marzo 2025 al 15 giugno 2025, sala 6 primo piano Inaugurazione ore 16,30 Ingresso gratuito compreso nel biglietto del museo Apertura tutti i giorni tranne il mercoledì, le domeniche e i festivi Nei giorni feriali dalle ore 8.30 alle 19.30 (ultimo ingresso alle 18.30). La mostra L'iconografia Ludovico Carracci Informazioni Comunicato stampa L'inaugurazione L’Annunciazione di Ludovico Carracci è l’Ospite bolognese, in prestito dalla Pinacoteca Nazionale di Bologna. Il Direttore Eike Schmidt: “Primavera del Museo con mostre agili e confronti pensati per esaltare il nostro patrimonio”. Il 25 marzo, giorno nel quale la Chiesa Cattolica celebra l’Annunciazione del Signore, il Museo e Real Bosco di Capodimonte presenta ‘L’Ospite bolognese. Ludovico Carracci (1555-1619)’ con la Annunciazione (1584, olio su tela, 182,5×221) in prestito dalla Pinacoteca Nazionale di Bologna fino al 15 giugno. “Dopo Rubens e Baglione ecco il terzo atteso ospite del mese di marzo che arricchisce ancora di più l’offerta della primavera dell’arte a Capodimonte: Ludovico Carracci, al quale dedichiamo la sala 6 - spiega Eike Schmidt, Direttore del Museo e Real Bosco - I visitatori troveranno la sua celebre Annunciazione in dialogo con due opere di Capodimonte, dello stesso periodo e sul medesimo fondamentale tema iconografico, una di Scipione Pulzone e l’altra di Francesco Curia. Una gradita formula quella dell’Ospite che testimonia il costante dialogo con importanti istituzioni italiane e internazionali e che ben si adatta, in concomitanza dei lavori nella Reggia, all’esigenza di mostre agili, coinvolgenti, e confronti pensati per esaltare il nostro patrimonio” Ludovico Carracci, Annunciazione, 1584 olio su tela in prestito dalla Pinacoteca Nazionale di Bologna Nell’opera ‘ospite’, in visita da Bologna, la Vergine intenta a leggere un libro di preghiere, è interrotta da un angelo che le porge un giglio e le annuncia che Dio si è incarnato in lei. L’inginocchiatoio in legno, la cesta di vimini con il cucito e il letto sulla destra, così come le linee del pavimento in cotto che segnano la fuga prospettica, alludono a un evento miracoloso che avviene in un ambiente scarno, simile a un’umile dimora della Bologna del tempo. Le torri cittadine si intravedono anche attraverso la finestra aperta da cui irrompe la colomba dello Spirito Santo. È con un preciso intento didattico e in piena sintonia con i dettami del Concilio di Trento (1545-1563), la risposta cattolica alle nuove dottrine luterana e calvinista, che Ludovico Carracci ideò questa pala orizzontale, originariamente collocata nella sede di una compagnia religiosa e non in una chiesa. Dopo i seducenti virtuosismi del Manierismo, Ludovico interpreta il tema in maniera piana e devota, facilmente intellegibile, come a voler facilitare l’immedesimazione del fedele spettatore. Scipione Pulzone, Annunciazione, 1587 olio su tela Collezione Borbone Napoli, Museo e Real Bosco di Capodimonte L’opera di Scipione Pulzone (Gaeta, 1550 ca. - Roma, 1598) proposta in sala 6 (primo piano) è datata 1587 (olio su tela, da Gaeta chiesa di Sant’Angelo in Planciano) e firmata sul cartiglio collocato nella parte bassa dell’inginocchiatoio. Raffigura la Vergine che, interrotta durante la lettura, ascolta il messaggio dell’Arcangelo e accetta ciò che il Signore, circondato da angeli, ha in serbo per lei. La stanza semplice, dove vi sono una sedia di vimini e gli strumenti da cucito, si affaccia su un panorama che ricorda quello del golfo di Gaeta. Attraverso questi espedienti, il pittore avvicina l’episodio sacro alla vita quotidiana dello spettatore. Francesco Curia, Annunciazione, 1596 - 1597 olio su tavola Collezione Borbone Napoli, Museo e Real Bosco di Capodimonte Francesco Curia (documentato dal 1588 - Napoli, 1608) dipinse la sua Annunciazione nel 1596-1597 (olio su tavola provenienza Napoli, chiesa di Santa Maria di Monteoliveto). Il dipinto mostra lo stile peculiare dell’autore, che ambienta l’episodio sacro nell’elegante portico di una strada di città. I colori vivaci delle vesti e la raffinata resa dei dettagli, come le preziose venature del marmo o il broccato che copre il leggio, suggeriscono un contatto diretto con artisti fiamminghi, che Curia poteva aver conosciuto a Napoli e nel corso dei suoi numerosi viaggi. SHARE THIS Facebook Twitter Email LinkedIn previous post: Ospiti d’eccezione. Pieter Paul Rubens ‘San Sebastiano curato dagli angeli’ e Giovanni Baglione ‘Amor sacro e Amor profano’ next post: Capodimonte doppio Caravaggio. L’Ecce Homo e La Flagellazione di Cristo Mostre in corso TUTTE LE MOSTRE DIRETTORE GENERALE Eike SCHMIDT DOVE SIAMO Via Lucio Amelio 2, Napoli, Italia COME RAGGIUNGERCI PER INFO Telefono: +39 081 7499130 Indirizzo email: mu-cap@cultura.gov.it PEC: mu-cap@pec.cultura.gov.it CONTATTACI Twitter Facebook Instagram Pinterest Youtube ORARI BIGLIETTI EVENTI COME RAGGIUNGERCI CONTATTI AMICI DI CAPODIMONTE SOSTIENICI MAPPE @ 2021 Museo e Real Bosco di Capodimonte Privacy PolicyAmministrazione trasparenteDichiarazione di accessibilità × Close mobile menu MUSEO E REAL BOSCO ORGANIZZA LA TUA VISITA COLLEZIONI MOSTRE SOSTIENICI NEWS MULTIMEDIA Info utili Cerca Submit""."
capo,Ospiti d’eccezione. Pieter Paul Rubens ‘San Sebastiano curato dagli angeli’ e Giovanni Baglione ‘Amor sacro e Amor profano’,2025-03-11,2025-07-15,Rubens's San Sebastiano guests beside Baglione's Amor Sacro e Profano.,https://capodimonte.cultura.gov.it/mostra/ospiti-deccezione-pieter-paul-rubens-san-sebastiano-curato-dagli-angeli-e-giovanni-baglione-amor-sacro-e-amor-profano/,"Found on the venue's ""all (current/upcoming/past)"" listing page. opening and closing date read from a sentence, not a date field: ""skip to Main Content MUSEO E REAL BOSCO ORGANIZZA LA TUA VISITA COLLEZIONI MOSTRE SOSTIENICI NEWS MULTIMEDIA Info utili Cerca Cerca Submit Ospiti d’eccezione. Pieter Paul Rubens ‘San Sebastiano curato dagli angeli’ e Giovanni Baglione ‘Amor sacro e Amor profano’ Inizio » Mostre » Ospiti d’eccezione. Pieter Paul Rubens ‘San Sebastiano curato dagli angeli’ e Giovanni Baglione ‘Amor sacro e Amor profano’ Ospiti d'eccezione. Pieter Paul Rubens 'San Sebastiano curato dagli angeli' e Giovanni Baglione 'Amor sacro e Amor profano' Dall’11 marzo 2025 al 15 luglio 2025, sale 61-62 secondo piano Ingresso gratuito compreso nel biglietto del museo Apertura tutti i giorni tranne il mercoledì Nei giorni feriali dalle 8.30 alle 17.00 (ultimo ingresso alle 16.30) nei giorni festivi dalle ore 8.30 alle 19.30 (ultimo ingresso alle 18.30) Rubens e Baglione a Capodimonte I dialoghi Informazioni Comunicato stampa L'inaugurazione Rubens e Baglione a Capodimonte Rubens a Capodimonte: dall’11 marzo in mostra ‘San Sebastiano curato dagli angeli’ (1601-1602, olio su tela, 155,5 x 119,5 cm) uno dei capolavori delle Gallerie Nazionali di Arte Antica di Roma custodito dalla Galleria Corsini. L’opera di Pieter Paul Rubens (Siegen, 28 giugno 1577 - Anversa, 30 maggio 1640), è in dialogo con alcune potenti raffigurazioni del martirio del Santo nelle collezioni del Museo e Real Bosco di Capodimonte (sala 61): i dipinti di Domenico Cresti detto il Passignano, Bartolomeo Schedoni, Andrea Vaccaro, Mattia Preti. Pieter Paul Rubens (Siegen, 28 giugno 1577 - Anversa, 30 maggio 1640) San Sebastiano curato dagli angeli’ (1601-1602, olio su tela), Gallerie Nazionali di Arte Antica di Roma custodito dalla Galleria Corsini Giovanni Baglione (Roma, 1573 circa -30 dicembre 1643) Amor sacro e Amor profano’ (1602, Olio su tela), Gallerie Nazionali di Arte Antica di Roma custodito da Palazzo Barberini Da Palazzo Barberini, altra sede delle Gallerie, in prestito (allestito nella sala 62) anche ‘Amor sacro e Amor profano’ di Giovanni Baglione (1602, Olio su tela, 240 x 143 cm), pittore e biografo, noto anche come anti-Caravaggio (Roma, 1573 circa -30 dicembre 1643), protagonista della celebre rivalità con il Merisi, che portò a processo per ingiurie nella Roma del primo ‘600. “L’arrivo di questi due capolavori rientra in un significativo scambio con le Gallerie Nazionali di Arte Antica - spiega Eike Schmidt direttore del Museo e Real Bosco di Capodimonte - sarà l’occasione per i frequentatori di Capodimonte, soprattutto per i cittadini che vengono al museo regolarmente, di ammirare questi dipinti, raramente prestati, in un diverso contesto e per giunta a Napoli. Un dialogo che stimolerà nuove riflessioni e paragoni, nel caso del San Sebastiano di Rubens con un allestimento dal punto di vista iconografico che è un vero e proprio compendio seicentesco sul tema. Mi piace ricordare che il capolavoro di Baglione torna a Napoli esattamente dopo 40 anni dalla mostra epocale ‘Caravaggio e il suo tempo’ firmata da Causa e Spinosa”. Sebastiano, militare romano, si convertì al cristianesimo e fu condannato a morte per aver diffuso la fede tra i suoi compagni. Legato e trafitto da frecce, il suo corpo venne lasciato in pasto agli animali ma, la vedova Irene lo trovò ancora moribondo e lo curò con l’aiuto di una serva. Sebastiano poté quindi riprendere l’attività di proselitismo ma, gli fu presto inflitto un nuovo martirio: la fustigazione. Il suo corpo doveva essere poi gettato nella Cloaca Maxima in segno di disprezzo ma, fu recuperato dalla matrona Lucina che gli diede degna sepoltura. La figura del soldato martire ha avuto grande fortuna nell’arte, dapprima uomo barbuto in armatura, poi sempre più spesso giovane nudo, trafitto da frecce, occasione per mostrare un’avvenente anatomia, una delle poche che avesse il diritto di essere esposta anche in ambienti sacri. Nell’opera ‘ospite’ di Rubens, San Sebastiano curato dagli angeli, è rappresentato il momento successivo al primo martirio: il corpo del giovane soldato, legato a un albero, è stato trafitto dalle frecce e quattro angeli sono intenti a soccorrerlo e a liberarlo, una variazione dell’artista alla più comune iconografia con la vedova Irene. Il potente corpo maschile del protagonista come quelli più minuti dei suoi salvatori mostrano una fisicità debitrice dello studio dell’Antico e di Michelangelo, vere rivelazioni dei due soggiorni romani del pittore fiammingo. Co-protagonista della scena è la grande corazza a sinistra, riferimento al suo ruolo di militare, ma anche virtuosismo pittorico di Rubens che rende l’effetto riflettente del metallo. Il pittore restituisce una versione pienamente barocca e reinterpreta il soggetto insistendo su una resa teatrale e sottilmente erotica. L’allestimento della sala 61 con l’opera di Rubens, ospite fiammingo, in dialogo con le opere del museo La sala 62 con l’opera di Giovanni Baglione, ospite romano, tra i capolavori del museo In concomitanza con le celebrazioni del Giubileo 2025, ‘La Flagellazione’ di Caravaggio, di proprietà del Fondo Edifici di Culto, in consegna a Capodimonte dal 1972, è esposta a Palazzo Barberini nella mostra Caravaggio 2025 (fino al 20 luglio). La sinergia attivata in occasione dei prestiti include promozione e scontistica reciproca per i visitatori di Capodimonte e della Mostra di Palazzo Barberini. In particolare, con il biglietto di Capodimonte il ticket della mostra si potrà acquistare scontato da 18 a 12 euro. Ai visitatori di Caravaggio 2025 il museo napoletano praticherà il biglietto ridotto di 12 euro (fino al 30 luglio). Ludovico Carracci (Bologna, 1555 - 1619) ‘L’Annunciazione’ (1585. Olio su tela) Pinacoteca Nazionale di Bologna Dopo Rubens e Baglione nel mese di marzo atteso anche un terzo ‘Ospite’ a Capodimonte, per il ciclo aperto lo scorso anno da Courbet: è Ludovico Carracci (Bologna, 1555 - 1619)con ‘L’Annunciazione’ (1585. Olio su tela cm 182,5 × 221 cm) prestito della Pinacoteca Nazionale di Bologna. Pieter Paul Rubens (Siegen, 28 giugno 1577 - Anversa, 30 maggio 1640) San Sebastiano curato dagli angeli' (1601-1602, olio su tela), Gallerie Nazionali di Arte Antica di Roma custodito dalla Galleria Corsini I dialoghi In dialogo con Rubens allestite nella sala 61 sono quattro opere. Di Domenico Cresti detto il Passignano (Passignano, 1559 - Firenze, 1638) è il San Sebastiano condotto al sepolcro(1602 - olio su tela - collezione Borbone- acquisto tramite Domenico Venuti, 1802). La scena è ambientata nella Roma di Diocleziano, in particolare è riconoscibile la Colonna Traiana. È rappresentato il momento del recupero del corpo di Sebastiano, condotto al sepolcro da Lucina con altre donne e un anziano neofita. La composizione è dominata dalle pallide ma vigorose membra del santo, intorno al quale si distribuiscono gli altri personaggi in primo piano. Domenico Cresti detto il Passignano (Passignano, 1559 - Firenze, 1638) San Sebastiano condotto al sepolcro (1602 - olio su tela - collezione Borbone- acquisto tramite Domenico Venuti, 1802) Museo e Real Bosco di Capodimonte Di Bartolomeo Schedoni (Modena, 1578 - Parma, 1615) è il San Sebastiano curato dalle pie donne (1615 olio su tela - collezione Farnese). Qui lo scorcio del corpo nudo e contratto del Santo, è posto in diagonale così da negare allo spettatore la visione del suo volto, mentre le donne restituiscono con le loro espressioni il sentimento di pietà che le muove ad averne cura. Il dipinto, pur rimasto incompiuto, mostra corpose pennellate e un’attenzione particolare ai tocchi di luce. Bartolomeo Schedoni (Modena, 1578 - Parma, 1615) San Sebastiano curato dalle pie donne (1615 olio su tela - collezione Farnese) Museo e Real Bosco di Capodimonte Nell’opera di Andrea Vaccaro (Napoli, 1604 - Napoli, 1670) San Sebastiano (1635-1640 - olio su tela- donazione Edoardo Dalbono, 1907, restaurato nel 2024)) il santo è rappresentato nel momento culminante del martirio: i polsi legati a un albero, il corpo colpito dalle frecce, il volto sofferente. La rotazione della figura mette in evidenza la muscolatura. Il recente restauro ha fatto riemergere i bagliori sull’armatura in primo piano e brani di paesaggio illuminati da una luce crepuscolare. Andrea Vaccaro (Napoli, 1604 - Napoli, 1670) San Sebastiano (1635-1640 - olio su tela- donazione Edoardo Dalbono, 1907, restaurato nel 2024) Museo e Real Bosco di Capodimonte Infine di Mattia Preti (Taverna, 1613 - La Valletta, 1699) San Sebastiano (1656 ca. olio su tela da Napoli, chiesa di Santa Maria dei Sette Dolori , in deposito cautelativo a Capodimonte dal 1980). Il Santo spogliato della sua armatura che appare scomposta a terra, i polsi legati all’albero, ha appena subito il primo martirio e volge lo sguardo verso il cielo. Rappresentato con un’inquadratura dal basso verso l’alto, la sua figura acquista monumentalità e una plasticità scultorea, accentuata dalla luce che illumina pienamente il corpo, facendo risaltare il bianco panneggio. Mattia Preti (Taverna, 1613 - La Valletta, 1699) San Sebastiano (1656 ca. olio su tela da Napoli, chiesa di Santa Maria dei Sette Dolori , in deposito cautelativo a Capodimonte dal 1980) Museo e Real Bosco di Capodimonte Informazioni date e orari Dall’11 marzo 2025 al 15 luglio 2025 Apertura tutti i giorni tranne il mercoledì Nei giorni feriali dalle 8.30 alle 17.00 (ultimo ingresso alle 16.30) nei giorni festivi dalle ore 8.30 alle 19.30 (ultimo ingresso alle 18.30) sede Museo e Real Bosco di Capodimonte, via Miano 2 - Napoli / Sale 61-62 secondo piano biglietti Ingresso gratuito compreso nel biglietto del museo info e prenotazioni Servizio di informazioni del Museo e Real Bosco di Capodimonte. Tel. 0810106129 Il servizio telefonico non effettua prevendita di biglietti e servizi. Gli operatori sono a disposizione dal martedì alla domenica, festivi esclusi, dalle 9.00 alle 13.00. Per informazioni e per l’acquisto dei biglietti segnaliamo il sito https://portale.museiitaliani.it/ Informazioni mu-cap.accoglienza.capodimonte@cultura.gov.it per condividere l’esperienza e l’emozione della mostra sui social Fb museodicapodimonte Instagram museoboscocapodimonte Twitter Capodimonte_mus Comunicato stampa SCARICA IL COMUNICATO L'inaugurazione L’inaugurazione Share This Facebook Twitter Email LinkedIn previous post: Gaia Fugazza. Sete next post: L’Ospite bolognese. L’Annunciazione di Ludovico Carracci Mostre in corso Emilio Isgrò. Canto Napoli Capodimonte ricorda Mimmo Jodice previous slidenext slide TUTTE LE MOSTRE DIRETTORE GENERALE Eike SCHMIDT DOVE SIAMO Via Lucio Amelio 2, Napoli, Italia COME RAGGIUNGERCI PER INFO Telefono: +39 081 7499130 Indirizzo email: mu-cap@cultura.gov.it PEC: mu-cap@pec.cultura.gov.it CONTATTACI TwitterFacebookInstagramPinterestYoutube ORARI BIGLIETTI EVENTI COME RAGGIUNGERCI CONTATTI AMICI DI CAPODIMONTE SOSTIENICI MAPPE @ 2021 Museo e Real Bosco di Capodimonte Privacy Policy Amministrazione trasparente Dichiarazione di accessibilità Cerca Submit Back To Top ×Close mobile menu MUSEO E REAL BOSCO MUSEO La Reggia Storia Regolamento REAL BOSCO Un giardino storico Edifici del bosco La Stufa dei Fiori Giardino Torre La Capraia Casa Colletta Casa Canonica Attività e Regolamento CHI SIAMO Organi statutari e Advisory Board Staff Missioni Masterplan ORGANIZZA LA TUA VISITA Laboratori Capodimonte per tutti COLLEZIONI Esplora collezioni Nuove acquisizioni Restauri Archivio e Documentazione Capodimonte racconta MOSTRE Mostre Capodimonte nel mondo SOSTIENICI Amici di Capodimonte American Friends Art Bonus Nuove acquisizioni Finance for fine arts NEWS Attività ed Eventi Comunicati stampa MULTIMEDIA Google Arts & Culture Instagram YouTube Facebook X Podcast Info utili Riprese fotografiche e video Orari Biglietti Come Raggiungerci Spazi per eventi Feste private informations utiles useful information Mappa Museo Bosco Amministrazione trasparente Cerca Cerca Submit""."
capo,Gaia Fugazza. Sete,2025-01-31,2025-03-18,"Gaia Fugazza's porcelain works and performance, Sete and Acque dentro.",https://capodimonte.cultura.gov.it/mostra/gaia-fugazza-sete/,"Found on the venue's ""all (current/upcoming/past)"" listing page. opening and closing date read from a sentence, not a date field: ""skip to Main Content MUSEO E REAL BOSCO ORGANIZZA LA TUA VISITA COLLEZIONI MOSTRE SOSTIENICI NEWS MULTIMEDIA INFO UTILI Gaia Fugazza. Sete INIZIO » MOSTRE » GAIA FUGAZZA. SETE Gaia Fugazza. Sete 31 GENNAIO 2025 INAUGURAZIONE MOSTRA, SALE 27-28, ORE 16:30 PERFORMANCE ACQUE DENTRO, SALONE DELLE FESTE, ORE 17:00 A cura di Valter Luca De Bartolomeis e Sara Dolfi Agostini Dal 31 gennaio 2025 al 18 marzo 2025, sale 27-28 primo piano Ingresso gratuito compreso nel biglietto del museo Apertura tutti i giorni tranne il mercoledì, le domeniche e i festivi Nei giorni feriali dalle ore 8.30 alle 19.30 (ultimo ingresso alle 18.30) La mostra Informazioni Gaia Fugazza I curatori Comunicato stampa L'inaugurazione Il Museo e Real Bosco di Capodimonte e il Polo delle Arti Caselli Palizzi di Napoli presentano l’opera dell’artista Gaia Fugazza con la mostra personale Sete e la performance Acque dentro. Il progetto è a cura di Valter Luca De Bartolomeis e Sara Dolfi Agostini, e in collaborazione con i professori e gli studenti del Polo delle Arti. “Capodimonte si apre alla creatività giovane e performativa - dichiara Eike Schmidt direttore del Museo e Real Bosco - ospitando una artista dal respiro internazionale nel quadro delle storiche sinergie con il Polo delle Arti Caselli Palizzi. E lo fa nel segno della Porcellana, un tema che declineremo in varie forme nel 2025 nel nostro percorso verso l’apertura della grande sezione dedicata a questa arte identitaria”. L’evento conclude un progetto di residenza dell’artista presso l’Istituto ad Indirizzo Raro “Giovanni Caselli”, ubicato all’interno del parco di Capodimonte, nel medesimo antico edificio che fu sede della prima Real Fabbrica della Porcellana, fondata nel 1743 e oggi parte del Polo delle Arti Caselli Palizzi diretto da Valter Luca De Bartolomeis. La residenza, che ha portato l’artista a Napoli tra il 2023 e il 2024, si è focalizzata sulla lavorazione della porcellana in terzo fuoco e sulla sua ibridazione con altri materiali. La mostra Sete e la performance Acque dentro sono parte di un progetto artistico che esplora un’intelligenza diffusa del corpo attraverso un immaginario che va da elementi marini ad agenti atmosferici, dai bisogni fisici a quelli sociali. Concepito in due parti, il progetto è un acceleratore di stimoli tattili, visivi e concettuali che mettono in relazione dimensione individuale e collettiva. In mostra si trovano due serie di opere a muro in porcellana, le prime realizzate nei colori vivaci del terzo fuoco; le altre contaminate con vetro o trafitte da ossa di calamaro. Le ossa di calamaro sembrano piume di plastica e, come le sculture a forma di becchi di polpo della performance, sono forse testimoni di un tempo lontano della storia in cui le creature del cielo e quelle degli abissi si sono ritrovate, unite nel cammino dell’evoluzione. Le opere riconfigurano così leggende primitive e inconscio mitopoietico dell’artista - permeate da una nota eroica il cui fulcro è sempre un corpo, spesso femminile, fluido e poroso, inciso con segni arcaici e penetrato da materie estranee, effetto delle sperimentazioni artistiche. Il corpo, talvolta, quasi scompare, precipita in una relazione osmotica con la natura - atmosferica e organica - che ne ribalta la relazione tra interno ed esterno, lo trascina e ne annulla i tratti distintivi, mentre si muove e rotola sulla superficie della lastra di porcellana. La performance Acque Dentro (2025) attiva esperienze fisiche insolite, volte ad attivare forme di conoscenza considerate residuali nella società contemporanea. L’una coinvolge il corpo dei performer - studenti di musica e danza del Polo delle Arti Caselli Palizzi, è pubblica e detta la durata dell’evento; mentre l’altra implica in maniera più diretta i visitatori, cui è offerta la possibilità di avere in bocca una miniatura in porcellana che non è possibile vedere o toccare prima di partecipare; un’opera d’arte ma anche un dispositivo per accentuare la presenza fisica, l’hinc et nunc. La scultura è modellata sulla forma dei becchi di polpo che in italiano vengono spesso chiamati “occhi di polpo”. I becchi di polpo sono simili a becchi di uccelli in miniatura e sono l’unico elemento di cartilagine dura nel corpo di una creatura altrimenti priva di ossa che vive nei fondali marini, in aree buie e difficilmente accessibili per l’essere umano. Così, nella penombra del Salone delle Feste, ottenuta usando solo l’illuminazione originaria ispirata ai candelabri, alcuni visitatori decidono di partecipare alla performance, altri osservano - ma gli uni e gli altri si guardano e si muovono insieme, in incognito, con implicazioni sociali e comportamentali nello spazio condiviso con i ballerini e i musicisti. Loro, invece, interagiscono solo in coppia, interpretando - in una sorta di time-lapse evolutivo o dell’apprendimento - forme di comunicazione possibili, in dialogo con il proprio corpo e quello degli altri, ma anche con gli strumenti musicali. La performance crea così un’esperienza interna e la fa uscire progressivamente, fino a renderla pubblica. Al contempo, mette in discussione l’egemonia della società delle immagini, l’idea di una realtà filtrata quasi esclusivamente dagli occhi e non dagli altri sensi, e rivendica un approccio multisensoriale all’opera d’arte. Con Acque dentro, Gaia Fugazza emancipa così i visitatori dal linguaggio, strumento del pensiero razionale, e li riporta alla dimensione ludica del conoscere, quella dei bambini che toccano e mettono gli oggetti in bocca, si copiano e reagiscono, informati dalla dimensione relazionale del crescere insieme. L’opera di Gaia Fugazza è un’esplorazione estetica della relazione tra esseri umani e una realtà intesa come entità viva, espressiva e rizomatica. Attraverso tecniche diverse come ceramica, pittura, intaglio e performance, le sue opere riportano alla luce saperi perduti su un mondo concreto - un distillato di corpi, piante e cose, toccano temi interspecie come i sistemi di riproduzione, e interrogano un misticismo pagano che attraversa secoli e civilizzazioni, di cui la natura è l’epicentro. In particolare, nell’atto creativo c’è una critica all’antropocentrismo stimolata da un’esperienza artistica fisica che si nutre di figure archetipiche. Muovendosi liberamente tra la bidimensionalità del disegno e la tridimensionalità della scultura, la metodologia di Gaia Fugazza parte sempre dalla materia - del supporto o dell’oggetto - trasformando pratiche antiche canonizzate con sperimentazioni dissonanti e intuizioni personali. Nelle performance, invece, l’artista esplora più deliberatamente la trasmissione del sapere, innestando cortocircuiti sensoriali e immaginando equivalenze tra mondi lontani o incompatibili, volte a scardinare l’egemonia del pensiero verticale, quello logico-razionale. Nell’interrogare forme altre e possibili convivenze, Gaia Fugazza applica un pensiero orizzontale, de-gerarchizzato e inclusivo. Animali, piante ed esseri umani partecipano come esseri sensienti, e i temi affrontati penetrano la realtà, oltrepassando l’attualità più incalzante. SHARE THIS Facebook Twitter Email LinkedIn previous post: L’Ospite francese. Gustave Courbet ‘Les Demoiselles des bords de la Seine (été) next post: Ospiti d’eccezione. Pieter Paul Rubens ‘San Sebastiano curato dagli angeli’ e Giovanni Baglione ‘Amor sacro e Amor profano’ Mostre in corso TUTTE LE MOSTRE DIRETTORE GENERALE Eike SCHMIDT DOVE SIAMO Via Lucio Amelio 2, Napoli, Italia COME RAGGIUNGERCI PER INFO Telefono: +39 081 7499130 Indirizzo email: mu-cap@cultura.gov.it PEC: mu-cap@pec.cultura.gov.it CONTATTACI Twitter Facebook Instagram Pinterest Youtube ORARI BIGLIETTI EVENTI COME RAGGIUNGERCI CONTATTI AMICI DI CAPODIMONTE SOSTIENICI MAPPE @ 2021 Museo e Real Bosco di Capodimonte Privacy PolicyAmministrazione trasparenteDichiarazione di accessibilità × Close mobile menu MUSEO E REAL BOSCO ORGANIZZA LA TUA VISITA COLLEZIONI MOSTRE SOSTIENICI NEWS MULTIMEDIA Info utili Cerca Submit""."
capo,L’Ospite francese. Gustave Courbet ‘Les Demoiselles des bords de la Seine (été),2024-11-07,2025-02-23,"Courbet's Les Demoiselles des bords de la Seine, on loan.",https://capodimonte.cultura.gov.it/mostra/lospite-francese-gustave-courbet-les-demoiselles-des-bords-de-la-seine-ete/,"Found on the venue's ""all (current/upcoming/past)"" listing page. opening and closing date read from a sentence, not a date field: ""skip to Main Content MUSEO E REAL BOSCO ORGANIZZA LA TUA VISITA COLLEZIONI MOSTRE SOSTIENICI NEWS MULTIMEDIA INFO UTILI L’Ospite francese. Gustave Courbet ‘Les Demoiselles des bords de la Seine (été) INIZIO » MOSTRE » L’OSPITE FRANCESE. GUSTAVE COURBET ‘LES DEMOISELLES DES BORDS DE LA SEINE (ÉTÉ) L’Ospite francese. Gustave Courbet ‘Les Demoiselles des bords de la Seine (été) Dal 7 novembre 2024 al 23 febbraio 2025, sala 6 primo piano Ingresso gratuito compreso nel biglietto del museo Apertura tutti i giorni tranne il mercoledì, le domeniche e i festivi Nei giorni feriali dalle ore 8.30 alle 19.30 (ultimo ingresso alle 18.30). La mostra Informazioni Gustave Courbet Comunicato stampa L'inaugurazione Gustave Courbet con ‘Les Demoiselles des bords de la Seine (été) è l’Ospite francese al Museo e Real Bosco di Capodimonte, in visita dal Petit Palais, Musée des Beaux-Arts de la Ville de Paris. Il Direttore Eike Schmidt: “Nuovo spazio di dialogo con i musei internazionali. Un prestito di grande significato culturale anche per la citta di Napoli”. Gustave Courbet con il suo celebre dipinto ‘Les Demoiselles des bords de la Seine (été)’ è l’ospite francese al Museo e Real Bosco di Capodimonte, in visita dal Petit Palais, Musée des Beaux-Arts de la Ville de Paris. Olio su tela di grandi dimensioni (cm 174X206), l’opera del maggior esponente del realismo francese, è in mostra, per la prima volta a Napoli, nella sala 6 dal 7 novembre al 23 febbraio 2025. Dichiara il Direttore del Museo e Real Bosco di Capodimonte Eike Schmidt: “Con questo allestimento si apre un nuovo spazio dedicato al dialogo tra Capodimonte e gli altri musei internazionali che porterà a Napoli opere significative della storia dell’arte mondiale. Come nel caso del nostro ‘Ospite francese’, un dipinto che fece molto discutere la società dell’epoca per il soggetto moderno e il realismo nel tema, allora nuovo, dei piaceri e degli svaghi all’aperto. ‘Les Demoiselles des bords de la Seine (été)’ è davvero un prestito di grande significato culturale non solo per il Museo e Real Bosco di Capodimonte ma anche per la città: sono infatti tanti gli artisti napoletani dell’Ottocento che, nelle proprie opere, mostrano il fascino esercitato su di loro dall’arte e dalla personalità stessa di Courbet”. Courbet, Gustave (10.06.1819-31.12.1877), Les demoiselles des bords de la Seine (été), 1857. Olio su tela. CC0 Paris Musées / Petit Palais, Musée des Beaux-Arts de la Ville de Paris ‘Les Demoiselles des bords de la Seine (été)’ presentato al Salon parigino nel 1857 suscitò subito grande scalpore per la sensualità del suo messaggio: in una calda giornata estiva due giovani donne, probabilmente due prostitute, riposano distese mollemente sull’erba in riva al fiume. L’atmosfera calda e umida avvolge le ragazze, come mostra un accenno di sudorazione sulla pelle. A prima vista il dipinto parrebbe appartenere ad una tradizione derivata dalle figure femminili di Giorgione e Tiziano, ma riletta da Courbet attraverso la pittura dei maestri spagnoli del Seicento, Ribera in primis. Il Realismo qui racconta la vita quotidiana all’aperto e il riposo estivo, aprendosi ai dipinti di grande formato ed anticipando la grande fortuna pittorica delle rive della Senna, celebrate una generazione dopo dagli impressionisti. L’arte di Courbet sedusse, tra gli altri, numerosi artisti di cultura napoletana che visitarono Parigi nel secondo Ottocento per confrontarsi con le esperienze di rinnovamento della pittura accademica, interessati al superamento del Naturalismo in favore appunto del Realismo. Soprattutto Michele Cammarano ma anche Francesco Saverio Altamura, Domenico Morelli, i fratelli Palizzi, Francesco Netti e Antonio Mancini trovarono un riferimento nei dipinti di Courbet per i loro connotati fortemente sociali, le tonalità contrastate e l’attenzione al chiaroscuro, elemento questo di continuità con il naturalismo seicentesco caro agli artisti napoletani. Dipinti di Morelli e Cammarano sono esposti a Capodimonte nell’atrio del secondo piano. SHARE THIS Facebook Twitter Email LinkedIn previous post: Giuseppe Pirozzi. L’atelier dello scultore next post: Gaia Fugazza. Sete Mostre in corso TUTTE LE MOSTRE DIRETTORE GENERALE Eike SCHMIDT DOVE SIAMO Via Lucio Amelio 2, Napoli, Italia COME RAGGIUNGERCI PER INFO Telefono: +39 081 7499130 Indirizzo email: mu-cap@cultura.gov.it PEC: mu-cap@pec.cultura.gov.it CONTATTACI Twitter Facebook Instagram Pinterest Youtube ORARI BIGLIETTI EVENTI COME RAGGIUNGERCI CONTATTI AMICI DI CAPODIMONTE SOSTIENICI MAPPE @ 2021 Museo e Real Bosco di Capodimonte Privacy PolicyAmministrazione trasparenteDichiarazione di accessibilità × Close mobile menu MUSEO E REAL BOSCO ORGANIZZA LA TUA VISITA COLLEZIONI MOSTRE SOSTIENICI NEWS MULTIMEDIA Info utili Cerca Submit""."
capo,Giuseppe Pirozzi. L’atelier dello scultore,2024-09-16,2025-01-06,Pirozzi's eighty-work retrospective of his sculptor's atelier.,https://capodimonte.cultura.gov.it/mostra/giuseppe-pirozzi-latelier-dello-scultore/,"Found on the venue's ""all (current/upcoming/past)"" listing page. opening and closing date read from a sentence, not a date field: ""skip to Main Content MUSEO E REAL BOSCO ORGANIZZA LA TUA VISITA COLLEZIONI MOSTRE SOSTIENICI NEWS MULTIMEDIA INFO UTILI Giuseppe Pirozzi. L’atelier dello scultore INIZIO » MOSTRE » GIUSEPPE PIROZZI. L’ATELIER DELLO SCULTORE Giuseppe Pirozzi. L’atelier dello scultore Dal 16 settembre 2024 al 6 gennaio 2025, Cellaio nel Real Bosco di Capodimonte a cura di Maria Tamajo Contarini e Luciana Berti Inaugurazione e apertura al pubblico lunedì 16 settembre a partire dalle ore 12.00 Ingresso gratuito tutti i giorni tranne il mercoledì dalle ore 10.00 alle ore 16.00 Nelle aperture serali straordinarie del 20 e 27 settembre sarà possibile visitare la mostra “Giovanni Pirozzi. L’atelier dello scultore“, nel Cellaio nel Real Bosco dalle ore 19.30 alle ore 21.30. La mostra Informazioni Giuseppe Pirozzi: Maestro dell'arte scultorea Comunicati stampa L'inaugurazione La mostra antologica “Giuseppe Pirozzi. L’atelier dello scultore”, aprirà le porte ai visitatori dal 16 settembre 2024 al 6 gennaio 2025 all’interno del Cellaio, edificio storico situato all’interno del Museo e Real Bosco di Capodimonte, Napoli. La mostra, attraverso l’esposizione al pubblico di circa 80 opere, intende rappresentare i momenti salienti della lunga attività dello scultore. L’esposizione, a cura di Maria Tamajo Contarini e Luciana Berti, presenterà una selezione di opere scultoree, tra cui bronzi, gessi, terracotte, disegni, stampe e preziose sculture-gioiello in argento fuso a cera persa. Il progetto mira a ricreare l’esperienza della visita all’atelier dello scultore, offrendo un dialogo intimo con le opere e un percorso cronologico che copre il periodo dagli anni Cinquanta a oggi, evidenziando l’evoluzione delle tecniche e dei materiali utilizzati dall’artista. Le opere, provenienti dall’atelier dell’artista e da varie collezioni museali e private, garantiscono un percorso antologico completo. La mostra è stata realizzata con la collaborazione dell’artista e della figlia Francesca Pirozzi, che, in stretta collaborazione con i curatori del Museo e Real Bosco di Capodimonte, hanno contribuito alla selezione delle opere e dei materiali di archivio. Dichiara l’artista prof. Giuseppe Pirozzi: Sono molto contento del riconoscimento che questa mostra rappresenta all’interno del contesto cittadino e in questo museo di prestigio. Il luogo scelto: il Cellaio, è un edificio integrato perfettamente nel Bosco, questo rispecchia il mio lavoro perché da sempre la natura ha fatto parte delle mie opere. Capodimonte è un luogo a me molto caro perché ho abitato qui vicino, mia moglie insegnava all’Istituto Caselli e il mio studio è stato per un lungo periodo a villa Fagella, nei pressi del Bosco, dove c’erano molte residenze d’artista. Associo Capodimonte all’ex Soprintendente Raffaello Causa che, accanto all’arte antica, ha saputo valorizzare i giovani artisti. Infatti, con lui, nel 1961 partecipai alla mostra chiamata Giovani artisti italiani’ alla casina Pompeiana.” Il Direttore del Museo e Real Bosco di Capodimonte, prof. Eike Schmidt commenta: È un onore inaugurare una mostra dedicata a Giuseppe Pirozzi nell’anno in cui ha compiuto il suo novantesimo compleanno. Pirozzi è tra gli artisti che hanno maggiormente contribuito al rinnovamento della scena napoletana, recependo e rielaborando le tendenze internazionali attraverso un percorso straordinario di oltre sette decenni. In occasione della mostra, verranno inoltre donate sette opere dall’artista al Museo e Real Bosco di Capodimonte, che verranno presentate durante l’inaugurazione il 16 settembre p.v. I Sig. giornalisti sono invitati alle ore 11.00 presso l’edificio Cellaio nel Real Bosco di Capodimonte, Napoli. Conferma di partecipazione entro il 9 settembre comunicando nome, cognome e testata all’indirizzo mu-cap.ufficiostampa@cultura.gov.it e indicando come oggetto della mail “Accredito Pirozzi”. L’ingresso alla conferenza stampa sarà consentito esclusivamente ai giornalisti accreditati. Accesso e parcheggio a Porta Piccola fino ad esaurimento posti. SHARE THIS Facebook Twitter Email LinkedIn previous post: La Battaglia di Pavia. Gli Arazzi di Capodimonte next post: L’Ospite francese. Gustave Courbet ‘Les Demoiselles des bords de la Seine (été) Mostre in corso TUTTE LE MOSTRE DIRETTORE GENERALE Eike SCHMIDT DOVE SIAMO Via Lucio Amelio 2, Napoli, Italia COME RAGGIUNGERCI PER INFO Telefono: +39 081 7499130 Indirizzo email: mu-cap@cultura.gov.it PEC: mu-cap@pec.cultura.gov.it CONTATTACI Twitter Facebook Instagram Pinterest Youtube ORARI BIGLIETTI EVENTI COME RAGGIUNGERCI CONTATTI AMICI DI CAPODIMONTE SOSTIENICI MAPPE @ 2021 Museo e Real Bosco di Capodimonte Privacy PolicyAmministrazione trasparenteDichiarazione di accessibilità × Close mobile menu MUSEO E REAL BOSCO ORGANIZZA LA TUA VISITA COLLEZIONI MOSTRE SOSTIENICI NEWS MULTIMEDIA Info utili Cerca Submit""."
capo,Gian Maria Tosatti. Damasa,2023-12-02,,"Tosatti's installation Damasa, a tribute to writer Anna Maria Ortese.",https://capodimonte.cultura.gov.it/mostra/gian-maria-tosatti-damasa/,"Found on the venue's ""all (current/upcoming/past)"" listing page. opening date read from a sentence, not a date field: ""skip to Main Content MUSEO E REAL BOSCO ORGANIZZA LA TUA VISITA COLLEZIONI MOSTRE SOSTIENICI NEWS MULTIMEDIA Info utili Cerca Cerca Submit Gian Maria Tosatti. Damasa Inizio » Mostre » Gian Maria Tosatti. Damasa Gian Maria Tosatti Damasa Dal 2 dicembre 2023, sala 82 al secondo piano Ingresso con il biglietto del museo tutti i giorni tranne il mercoledì dalle ore 8.30 alle ore 17.00 (ultimo accesso alle ore 16.30) a cura di Sylvain Bellenger con Luciana Berti Damasa a Capodimonte L'opera Informazioni Biografia Credit Damasa a Capodimonte Mai, infine, ho sentito come allora (forse a causa del vuoto del mare e del mondo) l’acuto odore dolce-amaro dei gerani rosa. Anna Maria Ortese. Il Porto di Toledo In questa stanza ci ritroviamo anche noi a sognare, a immaginare un omaggio alla pioggia, alle grate fognarie, alle piccole strade, alla cenere, al vuoto e al silenzio della povertà e delle domeniche… Un giusto riconoscimento che Tosatti ci offre per la grande artista che Napoli ha incantato e annientato». Sylvain Bellenger Presentata il 2 dicembre 2023 l’opera Damasa di Gian Maria Tosatti, installazione allestita permanentemente nella sala 82 della Reggia, acquisita in collezione grazie al sostegno del PAC 2022-2023 - Piano per l’Arte Contemporanea, promosso dalla Direzione Generale Creatività Contemporanea del Ministero della Cultura. Realizzata ed esposta a Napoli per la prima volta nel 2017, Damasa è l’installazione ambientale ideata come casa dell’anima di Anna Maria Ortese, la principale autrice che la città ha avuto nel suo Novecento letterario. Il titolo dell’opera deriva dal nome che la scrittrice diede a uno dei personaggi del romanzo sperimentale Il porto di Toledo, nel quale riconosciamo il suo alter-ego. Accogliendo la volontà dell’artista di non esporre l’opera lontano da Napoli, Sylvain Bellenger, nel doppio ruolo di Direttore del Museo di Capodimonte e di curatore del progetto, ha destinato la sala 82, al secondo piano della Reggia, all’esposizione permanente dell’installazione, restituendo uno spazio reale e al contempo visionario alla scrittrice e infrangendo l’esilio che ha lungamente relegato Ortese, morta in solitudine a centinaia di chilometri di distanza, sognando ancora la sua città. Grazie a questa acquisizione, Damasa trova la sua dimora d’elezione in una delle sale del museo significativamente affacciata verso il porto, situata in continuità con la Sezione di Arte contemporanea, lungo il percorso espositivo dedicato al Seicento. Alla presentazione del 2 dicembre 2023 hanno partecipato in conversazione con Tosatti, Sylvain Bellenger, curatore del progetto, Angela Tecce, Presidente della Fondazione Donnaregina per le Arti Contemporanee - Museo Madre di Napoli, Francesca Gallo per la Galleria Lia Rumma, Luciana Berti, assistente di direzione del Museo. In occasione della presentazione di Damasa, opera dedicata ad Anna Maria Ortese, sono state esposte all’ingresso della sala le sculture Levriera che allatta i cagnolini (1839) e Gesù Nazareno (ante 1857), legate alla produzione dello scultore Giuseppe Vaccà, nonno materno dalla scrittrice napoletana, spesso evocato nelle sue pagine. Anna Maria Ortese, una scrittrice esiliata L’installazione intende restituire una casa ad Anna Maria Ortese, in città. Quella della sua giovinezza, al porto, venne distrutta dai bombardamenti. Dopodiché il suo fu un girovagare eterno e tormentato, prima tra i vicoli di Chiaia e poi in altre città che la accolsero quando Napoli le voltò le spalle. È il 1953 l’anno della sua partenza. Lo stesso in cui pubblica Il mare non bagna Napoli, il suo libro più famoso, che si conclude con un duro e disilluso attacco alla fragilità degli autori partenopei suoi contemporanei. Ciò le costò l’emarginazione dall’ambiente culturale cittadino e un esilio forzato che non finì mai. In un articolo sul Corriere del Mezzogiorno del 2018, lo stesso Tosatti lamentava come la più alta voce letteraria del Novecento napoletano non fosse mai stata riabbracciata dalla città. Quell’incantesimo di freddezza che la allontanò e che è ancora percepibile, vuol essere spezzato con quest’opera. Le sculture di Giuseppe Vaccà, nonno di Ortese, nelle collezioni di Capodimonte. In occasione della presentazione di Damasa, sono esposte all’ingresso della sala 82 due sculture intitolate Levriera che allatta i cagnolini e Gesù Nazareno, legate alla produzione di Giuseppe Vaccà (Carrara 1803 - Napoli 1871), nonno materno di Ortese. In Angelici dolori (1937), libro d’esordio, la scrittrice racconta un sogno, nel quale il nonno Giuseppe le apre le porte di una dimora fantastica: «Mistero bellissimo di questa casa - io dissi - che mi tiene incantata! Resterò sempre qui?». Nel corso di riflessioni condivise tra Gian Maria Tosatti e Sylvain Bellenger durante le attività di allestimento dell’opera, è emerso, infatti, quanto si possa riconoscere nella scrittura di Ortese l’influenza dell’arte visiva. La stessa scrittrice in una intervista del 1975, condotta dallo scrittore e drammaturgo Dario Bellezza, evocava una visita scolastica a Capodimonte, databile alla seconda metà degli anni Venti. Al fallace ricordo di infanzia si fondevano, in uno, reminiscenze, suggestioni e informazioni successive sulla collezione del Museo che, come istituzione, sarebbe nata solo più tardi 1957: «Vidi un Raffaello di piccole proporzioni. Tutte le altre cose che vidi le ho dimenticate, proprio perché quel Raffaello mi colpì. Rappresentava un cielo. E quel cielo - in qualche modo che devo ritenere straordinario - capovolgeva ogni idea che avevo sulla realtà, era più vero, più reale di ogni cielo del mondo reale». La scultura è replica dell’opera di Joseph Gott (Londra, 1785 - Roma, 1860) Greyhound suckling her two pups (1825), presente alla Chatsworth Sculpture Gallery in Inghilterra. Entrambe le opere si ispirano a sculture antiche raffiguranti levrieri, di cui alcuni esemplari erano presenti al Museo Pio Clementino di Roma e al Real Museo Borbonico di Napoli. Giuseppe Vaccà era attivo nella bottega di Bertel Thorvaldsen (Copenaghen, 1770 - 1844) a Roma negli anni in cui sono presenti diversi artisti europei di cultura neoclassica, tra cui lo stesso Gott. Thorvaldsen, dai contemporanei considerato antagonista di Antonio Canova (Possagno, 1757 - Venezia, 1822), fu frequentemente a Napoli e potrebbe aver fatto da tramite per il trasferimento in città di Vaccà. L’opera fu acquistata all’Esposizione borbonica del 1839 per essere esposta nelle collezioni reali napoletane. (Maria Tamajo Contarini) Il riferimento ai modelli della scultura rinascimentale fiorentina e i dettagli di naturalezza espressiva rimandano ai modi puristi di cultura neoclassica, in particolare a Lorenzo Bartolini (Savignano, 1777 - Firenze 1850), scultore ufficiale della famiglia Bonaparte, nominato direttore della scuola di scultura dell’Accademia di Carrara (1807), città di origine della famiglia Vaccà. Della scultura, firmata sul retro J. Vaccà F.t, non si conosce la provenienza, ma probabilmente appartiene al nucleo di opere borboniche, perché registrata nelle residenze reali. (Maria Tamajo Contarini). Sylvain Bellenger: «“Mai, infine, ho sentito come allora (forse a causa del vuoto del mare e del mondo) l’acuto odore dolce-amaro dei gerani rosa.” Anna Maria Ortese. “Non appena è apparso, è scomparso”, scrive Anna Maria Ortese ne Il Porto di Toledo, libro che è stato guardato con sospetto, non recensito, non promosso, boicottato proprio come la vita stessa della sua autrice, divenuta famosa per il magnifico e terribile Il Mare non bagna Napoli. Devo a Gian Maria Tosatti la scoperta de Il Porto di Toledo e posso dire senza riserve che si tratta di uno dei più grandi testi della letteratura italiana scritto da una delle più grandi autrici napoletane. Come la “stanza d’Angolo”, che considero una delle maggiori eroine de Il Porto di Toledo, la finestra della sala 82 della Reggia di Capodimonte apre sul porto di Napoli, sul cielo e sul mare, sui sogni, sulle bellezze che sono tali solo per i visionari, sul mondo frantumato dell’infanzia, la frode della memoria e della povertà. La Stanza 82, che sembra un nome in codice, è stata per quasi otto anni dedicata al ciclo di mostre focus “Incontri sensibili”, dove sono state esposte differenti interpretazioni, incontri stimolanti e commoventi. La serie si chiude oggi con Damasa, l’opera di Gian Maria Tosatti che pone in dialogo letteratura e arte visiva, ciascuna essendo un tentativo di costruire il mondo attraverso un linguaggio diverso. La stanza immaginata da Gian Maria Tosatti migra delle «espressività» letterarie, come dice la Ortese, all’ «espressività» plastica, dello stesso Tosatti. Chi, come la giovane Damasa, decifra il mondo segue le sue magnifiche mitologie. In questa stanza ci ritroviamo anche noi a sognare, a immaginare un omaggio alla pioggia, alle grate fognarie, alle piccole strade, alla cenere, al vuoto e al silenzio della povertà e delle domeniche… Damasa sarà l’ultima mostra della serie e da oggi la sala 82, con l’opera permanente di Tosatti, grazie alla lungimiranza della Direzione Generale Creatività Contemporanea, prende il nome di stanza di Damasa. Un giusto riconoscimento che Tosatti ci offre per la grande artista che Napoli ha incantato e annientato». Gian Maria Tosatti: «È un grande onore quello che il Museo di Capodimonte mi fa dedicando permanentemente una intera sala a una mia opera. Forse eccessivo. Trovo il coraggio di accoglierlo solo perché mi pare di condividerlo con Anna Maria Ortese, a cui questa installazione è dedicata. Essa arriva qui dopo essere stata esposta nella Galleria Lia Rumma nel 2017. Allora lo spazio non prevedeva finestre. Era un luogo chiuso, intimo, spirituale. La richiesta di acquisizione da parte del museo è stata accompagnata dalla proposta di una sala in cui collocarla. E la prima cosa che il direttore Sylvain Bellenger mi disse, per parlarmene, fu che la stanza aveva una meravigliosa finestra affacciata sul porto. Ritengo questo il suo prezioso contributo curatoriale. Ecco, le opere, come gli uomini e le donne, hanno delle storie; e, negli anni, imparano a cambiare. La finestra diventa oggi un elemento nodale e poetico dell’opera. Ormai indissolubile da essa. Con l’installazione del 2017 - che il museo aveva deciso di acquisire - restituivamo la Ortese a Napoli, dopo settant’anni di esilio. Con quella del 2023 - che abbiamo installato - restituiamo Napoli alla Ortese. E, forse, facciamo qualcosa di anche più profondo. Le ultime parole della scrittrice, mentre moriva all’ospedale di Rapallo, sono state: “Quanto è distante il mare? Mi piacerebbe vederlo per l’ultima volta». Si ringraziano la Galleria Lia Rumma, Ales - Arte Lavoro e Servizi Spa per il supporto tecnico-logistico per la valorizzazione, l’Associazione Amici di Capodimonte ETS, Il Mattino per la gentile fornitura dei quotidiani e Vincenzo Modugno Srl Costruzioni e Restauri per l’attività di mecenatismo a supporto dell’installazione dell’opera. L'opera L’installazione ambientale di Tosatti riproduce uno spazio domestico. In una camera unica, circondata da cumuli di cenere e di giornali bruciati, su un vecchio pavimento, trovano spazio alcuni mobili, un letto, un tavolo e una sedia. Su di essi è in corso una trasformazione, il legno, le lenzuola o un pezzo di pane mutano la loro sostanza in onice bianco, una materia che, nella poetica di Tosatti, è spesso usata come analogia dell’anima. Come in altre opere dell’artista - Tetralogia della Polvere (Novara, 2012) o Elegia (permanente presso la stazione della metropolitana di Scampia a Napoli, 2019) - la presenza degli esseri che vivono un luogo porta ad una osmosi, tra ambiente e umanità. Anche qui, la materia si contamina con lo spirito di chi abita lo spazio. Damasa, è un’opera complessa. Intreccia lancinanti elementi biografici dell’artista e della scrittrice cui è dedicata. Riproduce uno spazio dell’anima del primo e una stanza trasfigurata simile alle tante in cui la seconda ha vissuto tra Roma, Milano, Genova e Rapallo, dopo aver lasciato Napoli. Come in molte installazioni di Tosatti, però, il pretesto non è che l’occasione per costruire uno schermo in cui ogni visitatore può proiettare qualcosa che ha bisogno di dire a se stesso. Damasa è, assieme, un atto politico, che tende a ricucire uno strappo nella storia di questa città, e una verità intima che ognuno può leggere a modo suo. Come afferma l’artista: «Le nostre storie non hanno tempo e si ripetono all’infinito, perché il mondo non cambia, l’umanità non cambia. La vicenda di Antigone, oggi è la stessa di centinaia di ragazze che oggi vivono in Ucraina o in Russia, in Israele o in Palestina. Così è per la Ortese. Damasa è lei o sarà domani una delle nostre figlie. D’altra parte neppure Napoli è cambiata dal 1953». Informazioni date e orari Tutti i giorni (chiuso il mercoledì) dalle ore 8.30 alle ore 17.00 (ultimo accesso alle ore 16.30) sede Museo e Real Bosco di Capodimonte, via Lucio Amelio 2 - Napoli / Secondo piano del museo sala 82 biglietti Ingresso incluso nel biglietto del museo informazioni mu-cap.accoglienza.capodimonte@cultura.gov.it per condividere l’esperienza e l’emozione della mostra sui social Fb museodicapodimonte Instagram museoboscocapodimonte Twitter Capodimonte_mus Biografia Gian Maria Tosatti (Roma 1980, vive e lavora a Napoli) Formatosi nel campo performativo, dal 2005 realizza installazioni ambientali site-specific, segno distintivo della sua ricerca. Dal 2008 al 2018 vive e lavora a New York, prima di stabilirsi a Napoli. La sua pratica coinvolge spesso le comunità connesse ai luoghi in cui le sue opere prendono corpo. Nel 2022 ha rappresentato l’Italia nel padiglione nazionale della 59. Biennale di Venezia. È l’attuale Direttore Artistico della Quadriennale di Roma per il triennio 2021-2024 e svolge anche attività di editorialista per Il Corriere della Sera e Il Sole 24 Ore. Ha sviluppato mostre e progetti personali in numerosi spazi nazionali e internazionali, tra cui: Pirelli Hangar Bicocca (Milano, 2023), A4 Arts Foundation (Città del Capo, 2019); Manifesta 12 (Palermo-Catania, 2018); Homo Novus Festival (Riga, 2018); Museo Madre (Napoli, 2016); Hessel Museum del CCS BARD (New York, 2014). Scrive saggi di arte e politica. Credit Damasa di Gian Maria Tosatti a cura di Sylvain Bellenger con Luciana Berti Presentazione dell’opera acquisita per la collezione del Museo e Real Bosco di Capodimonte con il sostegno del PAC 2022-2023 - Piano per l’Arte Contemporanea, promosso dalla Direzione Generale Creatività Contemporanea del Ministero della Cultura Direttore Sylvain Bellenger Ufficio mostre e prestiti Patrizia Piscitello Concetta Capasso Giovanna Baldasarre Valentina Lanzilli Ufficio documentazione Alessandra Rullo Paola Aveta Giuseppina Raimo Cira Zingone Ufficio Restauro Antonio Tosini Sara Vitulli Alessia Zaccaria Antonio De Riggi Dipartimento di Architettura Eva Serpe Chiara Figliolia Silvia Sorice Allestimento dell’installazione STUDIO TOSATTI Sveva Brunetti Eugenia D’Aurelio Jona Fierro Nadia Filippi Trasporto Rosa dei Venti Srl Responsabile digitalizzazione e catalogo digitale delle opere Carmine Romano Consulenza legale e amministrativa Carmine Panico Assistenti di direzione Luciana Berti Francesca Dal Lago Ufficio stampa Giovanna Caiazzo Comunicazione Roberta Senese Sito web, cerimoniale e social media Giovanna Garraffa Progettazione grafica Francesco Giordano Con il supporto di Associazione Amici di Capodimonte ETS Presidente Errico di Lorenzo Responsabile attività e coordinamento Stefani Albinni Si ringrazia Maria Tamajo Contarini Galleria Lia Rumma Il Mattino Vincenzo Modugno Srl Costruzioni e Restauri Si ringrazia per la collaborazione e il supporto tutto il personale del Museo e Real Bosco di Capodimonte, i coordinatori del Servizio di Vigilanza e tutto il personale di Accoglienza e Vigilanza del Museo e di Ales Share This Facebook Twitter Email LinkedIn previous post: Gli Spagnoli a Napoli Il Rinascimento meridionale next post: Mario Amura. Napoli Explosion Mostre in corso Emilio Isgrò. Canto Napoli Capodimonte ricorda Mimmo Jodice previous slidenext slide TUTTE LE MOSTRE DIRETTORE GENERALE Eike SCHMIDT DOVE SIAMO Via Lucio Amelio 2, Napoli, Italia COME RAGGIUNGERCI PER INFO Telefono: +39 081 7499130 Indirizzo email: mu-cap@cultura.gov.it PEC: mu-cap@pec.cultura.gov.it CONTATTACI TwitterFacebookInstagramPinterestYoutube ORARI BIGLIETTI EVENTI COME RAGGIUNGERCI CONTATTI AMICI DI CAPODIMONTE SOSTIENICI MAPPE @ 2021 Museo e Real Bosco di Capodimonte Privacy Policy Amministrazione trasparente Dichiarazione di accessibilità Cerca Submit Back To Top ×Close mobile menu MUSEO E REAL BOSCO MUSEO La Reggia Storia Regolamento REAL BOSCO Un giardino storico Edifici del bosco La Stufa dei Fiori Giardino Torre La Capraia Casa Colletta Casa Canonica Attività e Regolamento CHI SIAMO Organi statutari e Advisory Board Staff Missioni Masterplan ORGANIZZA LA TUA VISITA Laboratori Capodimonte per tutti COLLEZIONI Esplora collezioni Nuove acquisizioni Restauri Archivio e Documentazione Capodimonte racconta MOSTRE Mostre Capodimonte nel mondo SOSTIENICI Amici di Capodimonte American Friends Art Bonus Nuove acquisizioni Finance for fine arts NEWS Attività ed Eventi Comunicati stampa MULTIMEDIA Google Arts & Culture Instagram YouTube Facebook X Podcast Info utili Riprese fotografiche e video Orari Biglietti Come Raggiungerci Spazi per eventi Feste private informations utiles useful information Mappa Museo Bosco Amministrazione trasparente Cerca Cerca Submit"". No closing date found anywhere on the venue's pages."
capo,Oltre Caravaggio. Un nuovo racconto della pittura a Napoli,2022-03-31,,200 works rethinking Naples' 17th-century painting beyond Caravaggio.,https://capodimonte.cultura.gov.it/mostra/oltre-caravaggio-un-nuovo-racconto-della-pittura-a-napoli/,"Found on the venue's ""all (current/upcoming/past)"" listing page. opening date read from a sentence, not a date field: ""skip to Main Content MUSEO E REAL BOSCO ORGANIZZA LA TUA VISITA COLLEZIONI MOSTRE SOSTIENICI NEWS MULTIMEDIA INFO UTILI Oltre Caravaggio. Un nuovo racconto della pittura a Napoli INIZIO » MOSTRE » OLTRE CARAVAGGIO. UN NUOVO RACCONTO DELLA PITTURA A NAPOLI Oltre Caravaggio. Un nuovo racconto della pittura a Napoli DAL 31 MARZO 2022 Secondo piano del Museo A CURA DI STEFANO CAUSA E PATRIZIA PISCITELLO La mostra Informazioni Il primo '600 Ribera Napoli Barocca Barocco da Camera Il secondo '600 Solimena e il '700 Ottocento caravaggesco Un po' di date I restauri Attività Didattiche La Musica Scheda Catalogo Cartella Stampa Credit L’inaugurazione “PER UN ORGANISMO [IL MUSEO] CHE CONTIENE IL PASSATO, MA SI CONFRONTA CONTINUAMENTE COL PRESENTE, CREDO CHE VERAMENTE LA PIÙ GROSSA CONTRADDIZIONE SIA LA PRETESA DI RIMANERE IMMOBILE” A. LUGLI, L’EDUCAZIONE ESTETICA, 1978 La mostra “Oltre Caravaggio. Un nuovo racconto della pittura a Napoli” (dal 31 marzo 2022 ), a cura di Stefano Causa, docente di Storia dell’arte moderna e contemporanea presso l’Università degli studi di Napoli “Suor Orsola Benincasa” e Patrizia Piscitello, responsabile Ufficio mostre e prestiti del Museo e Real Bosco di Capodimonte si sviluppa nelle 24 sale del secondo piano del Museo e Real Bosco di Capodimonte, diretto da Sylvain Bellenger. In esposizione 200 opere provenienti tutte dalle collezioni permanenti del museo, senza prestiti esterni. Una mostra, realizzata in collaborazione con le associazioni Amici di Capodimonte Ets e American Friends of Capodimonte, che si propone di rilanciare il dibattito presentando un’altra lettura del ‘600 napoletano, diventato per amatori e storici il secolo di Caravaggio. L’invenzione del Seicento Il ’600 napoletano è una ‘invenzione’ recente. È stato riscoperto e definito meno di un secolo fa dallo storico d’arte Roberto Longhi (1890-1970). Secondo lo studioso, il naturalismo di Caravaggio sarebbe la spina dorsale dell’arte napoletana. Gli studi seicenteschi sul Sud derivano, quasi senza eccezione, dalle sue proposte formulate in una serie di saggi che sono stati pubblicati essenzialmente nel secondo decennio del secolo scorso. Caravaggio (Michelangelo Merisi), Flagellazione di Cristo, 1607, olio su tavola, Napoli, chiesa di San Domenico Maggiore, proprietà Ministero dell’Interno, Fondo Edifici di Culto (in temporanea consegna dal 1972) Dall’inaugurazione della Pinacoteca di Capodimonte nel 1957 fino ad ora, l’esposizione dei dipinti del ’600 napoletano è stata in gran parte il risultato di quest’analisi. La realtà è più complessa e i curatori della mostra, Stefano Causa e Patrizia Piscitello, sulla base degli studi degli ultimi decenni, propongono di riconsiderare lo schema di Longhi, ormai ampiamente storicizzato, e di ripensare l’intera articolazione di un secolo che non fu solo quello di Caravaggio, ma soprattutto quello di Jusepe de Ribera, uno spagnolo arrivato a Napoli nel 1616, sei anni dopo la morte di Caravaggio. La mostra “Oltre Caravaggio” porta Ribera, rappresentato nelle collezioni di Capodimonte da opere sacre, mitologiche e nature morte, al centro della scena artistica napoletana. Presentare la civiltà artistica napoletana vuol dire mettere in giusto risalto gli apporti esterni e gli scambi con gli altri centri, l’invio da fuori di opere e progetti, la residenza in città degli artisti ‘forestieri’. Napoli, infatti, era ed è una grande città portuale, crocevia della vita e della cultura italiana. Nel XVII secolo era diventata una delle megalopoli più popolose del mondo esercitando una profonda influenza sulla cultura europea; la sua storia si presenta come una ricca stratigrafia, fatta di diverse civiltà, popoli e espressioni artistiche che hanno lasciato tracce nel patrimonio artistico e monumentale. Per secoli ha subito attacchi, invasioni e distruzioni, facendo fronte a numerose catastrofi naturali: eruzioni vulcaniche, terremoti, maremoti e pestilenze. In quest’ottica si può spiegare il ruolo centrale che hanno in questa rassegna, dedicata al XVII e XVIII secolo, lombardi come Caravaggio (1571-1610), emiliani come Giovanni Lanfranco (1582-1647), Domenichino (1581-1641) e Guido Reni (1575-1642), lo spagnolo (ma napoletano d’adozione) Jusepe de Ribera (1591-1652), i francesi Simon Vouet (1590-1649) e Pierre-Jacques Volaire (1729-1799), il bergamasco Cosimo Fanzago (1591-1678), i romani Artemisia Gentileschi (1593-1653) e Gregorio Guglielmi (1714-1773), il belga François Duquesnoy (1597-1643), che aveva collaborato all’altare per il cardinale Ascanio Filomarino (1583-1666) nella chiesa dei Santi Apostoli, imponente macchina realizzata tra il 1638 e il 1647 dall’architetto Francesco Borromini (1599-1667), tra i principali esponenti del barocco romano. Gli artisti napoletani traevano ispirazione da questi apporti, rielaborando in maniera del tutto personale iconografie, tagli compositivi e utilizzo delle luci, esportando il loro linguaggio in Italia e in Europa. Un esempio tra tutti è Luca Giordano (1634-1705), che, campione della pittura barocca napoletana, viene chiamato a Venezia (1665, 1668), a Firenze (1682-83, 1685) e in Spagna (1692-1702), lasciando traccia sui pittori locali. Cosa significasse per Caravaggio l’incontro con l’immensa capitale mediterranea, più classicamente antica di Roma stessa, e insieme spagnolesca e orientale, non è difficile intendere a chi abbia letto almeno qualche passo del Porta o del Basile; un’immersione entro una realtà quotidiana violenta e mimica, disperatamente popolare. R. Longhi, Caravaggio, 1951 SHARE THIS Facebook Twitter Email LinkedIn previous post: Cecily Brown a Capodimonte. The Triumph of Death next post: Salvatore Emblema Mostre in corso TUTTE LE MOSTRE DIRETTORE GENERALE Eike SCHMIDT DOVE SIAMO Via Lucio Amelio 2, Napoli, Italia COME RAGGIUNGERCI PER INFO Telefono: +39 081 7499130 Indirizzo email: mu-cap@cultura.gov.it PEC: mu-cap@pec.cultura.gov.it CONTATTACI Twitter Facebook Instagram Pinterest Youtube ORARI BIGLIETTI EVENTI COME RAGGIUNGERCI CONTATTI AMICI DI CAPODIMONTE SOSTIENICI MAPPE @ 2021 Museo e Real Bosco di Capodimonte Privacy PolicyAmministrazione trasparenteDichiarazione di accessibilità × Close mobile menu MUSEO E REAL BOSCO ORGANIZZA LA TUA VISITA COLLEZIONI MOSTRE SOSTIENICI NEWS MULTIMEDIA Info utili Cerca Submit"". No closing date found anywhere on the venue's pages."
capo,Yeesookyung. Whisper Only to You,,,Yeesookyung's sculptures made from Capodimonte's porcelain fragments.,https://capodimonte.cultura.gov.it/mostra/yeesookyung-whisper-only-to-you/,"Found on the venue's ""all (current/upcoming/past)"" listing page. No closing date found anywhere on the venue's pages."
dellav,Transforming Energy: Marina Abramović,2026-05-06,2026-10-18,"Marina Abramović's performance art, marking her 80th birthday.",https://www.gallerieaccademia.it/en/exhibition/transforming-energy-marina-abramovic/,"Found on the venue's ""current"" listing page. opening date read from a sentence, not a date field: ""6 May 2026-18 October 2026""."
dellav,TransLucent — The Form of Light,2026-09-10,2026-11-22,"Leiko Ikemura's glass sculptures, in dialogue with Venetian painting.",https://www.gallerieaccademia.it/en/exhibition/leiko-ikemura-translucent-the-shape-of-light/,"Found on the venue's ""current"" listing page. opening and closing date read from a sentence, not a date field: ""10 set 2026 - 22 nov 2026""."
frick,"Siena: The Art of Bronze, 1450–1500",2026-10-15,2027-01-18,"Sienese Renaissance bronzes by Donatello, Vecchietta, and Francesco di Giorgio.",https://www.frick.org/exhibitions/siena,"Found on the venue's ""current/upcoming"" listing page. opening and closing date read from a sentence, not a date field: ""October 15, 2026 to January 18, 2027""."
frick,Kent Monkman: Officer and Laughing Girl,2026-11-12,2027-02-22,Monkman's paintings responding to Vermeer's Officer and Laughing Girl.,https://www.frick.org/exhibitions/monkman,"Found on the venue's ""current/upcoming"" listing page. opening and closing date read from a sentence, not a date field: ""November 12, 2026 to February 22, 2027""."
frick,Painting with Fire: Susanne de Court and the Art of Enamel,2027-04-08,2027-07-12,"Susanne de Court's enamels, the first exhibition of her work.",https://www.frick.org/exhibitions/de_court,"Found on the venue's ""current/upcoming"" listing page. opening and closing date read from a sentence, not a date field: ""April 8, 2027 to July 12, 2027""."
frick,Ruffles & Ribbons: Fashion Plates from the Time of Marie Antoinette,2026-04-01,2026-08-03,"Late 18th-century French fashion plates, from Gallerie des Modes.",https://www.frick.org/exhibitions/ruffles,"Found on the venue's ""current/upcoming"" listing page. Also listed on the venue's ""past"" page. Also listed on the venue's ""past"" page."
frick,Gainsborough: The Fashion of Portraiture,2026-02-12,2026-05-25,"Gainsborough's portraits explored through fashion, his first NY show.",https://www.frick.org/exhibitions/gainsborough,"Found on the venue's ""current/upcoming"" listing page. Also listed on the venue's ""past"" page. Also listed on the venue's ""past"" page. Also listed on the venue's ""past"" page."
frick,To the Holy Sepulcher: Treasures from the Terra Sancta Museum,2025-10-02,2026-01-05,"Treasures from Jerusalem's Holy Sepulcher, on their first US stop.",https://www.frick.org/exhibitions/holy_sepulcher,"Found on the venue's ""current/upcoming"" listing page. Also listed on the venue's ""past"" page. Also listed on the venue's ""past"" page."
frick,Flora Yukhnovich's Four Seasons,2025-09-03,2026-03-09,"Yukhnovich's mural, reimagining Boucher's Four Seasons in the Cabinet.",https://www.frick.org/exhibitions/yukhnovich,"Found on the venue's ""past"" listing page. opening and closing date read from a sentence, not a date field: ""September 3, 2025 to March 9, 2026""."
frick,Vermeer’s Love Letters,2025-06-18,2025-08-31,"Three Vermeers on the theme of love letters, reunited.",https://www.frick.org/exhibitions/vermeer_love_letters,"Found on the venue's ""past"" listing page. opening and closing date read from a sentence, not a date field: ""June 18, 2025 to August 31, 2025""."
frick,Porcelain Garden: Vladimir Kanevsky at The Frick Collection,2025-04-17,2025-11-17,"Kanevsky's lifelike porcelain flowers, evoking the museum's original bouquets.",https://www.frick.org/exhibitions/kanevsky,"Found on the venue's ""past"" listing page. opening and closing date read from a sentence, not a date field: ""April 17, 2025 to November 17, 2025""."
frick,Highlights of Drawings from The Frick Collection,2025-04-17,2025-08-11,"Drawings from the Frick's own collection, Pisanello to Degas.",https://www.frick.org/exhibitions/highlights_drawings,"Found on the venue's ""past"" listing page. opening and closing date read from a sentence, not a date field: ""April 17, 2025 to August 11, 2025""."
khm,Canaletto & Bellotto,2026-03-24,2026-09-06,Canaletto and his nephew Bellotto's precise city views.,https://www.khm.at/en/exhibitions/canaletto-bellotto,"Found on the venue's ""current"" listing page."
khm,Head and Shoulders. Coins in Fashion,2025-11-11,,"Over a hundred coin portraits, tracing 2,400 years of fashion.",https://www.khm.at/en/exhibitions/head-and-shoulders-coins-in-fashion,"Found on the venue's ""current"" listing page. Also listed on the venue's ""upcoming"" page. No closing date found anywhere on the venue's pages."
khm,My Story – Ancient Female Portraits and Their Afterlife,,2026-09-20,"Two previously unexhibited Roman portraits of women, including Julia.",https://www.khm.at/en/exhibitions/my-story-ancient-female-portraits-and-their-afterlife,"Found on the venue's ""current"" listing page. Also listed on the venue's ""upcoming"" page. No opening date published while this exhibition is running."
khm,Crime Scene Ephesus,2026-10-20,2027-03-29,"Cleopatra's sister Arsinoë's unsolved murder mystery, archaeology at Ephesus.",https://www.khm.at/en/exhibitions/crime-scene-ephesus,"Found on the venue's ""upcoming"" listing page."
khm,Bernini - Painter and Sculptor,2026-12-02,2027-04-04,"A reattributed portrait, now credited to Bernini the painter.",https://www.khm.at/en/exhibitions/bernini-painter-and-sculptor,"Found on the venue's ""upcoming"" listing page."
khm,Prime Time – Travelling with a Roman Portable Sundial,2026-09-25,2027-03-14,How a Roman portable sundial told the time.,https://www.khm.at/en/exhibitions/prime-time-travelling-with-a-roman-portable-sundial,"Found on the venue's ""upcoming"" listing page."
louvre,Primeval Waters,2026-05-20,2027-03-15,Ancient Mesopotamia's earliest water and irrigation engineering.,https://www.louvre.fr/en/exhibitions-and-events/exhibitions/primeval-waters,"Found on the venue's ""current/upcoming"" listing page. Also listed on the venue's ""past"" page. Also listed on the venue's ""past 2025"" page. Also listed on the venue's ""past 2024"" page."
louvre,ZURBARÁN,2026-10-07,2027-01-25,A joint Zurbarán retrospective with the National Gallery and Chicago.,https://www.louvre.fr/en/exhibitions-and-events/exhibitions/zurbaran,"Found on the venue's ""current/upcoming"" listing page."
louvre,SCULPTING COLOUR,2026-10-07,2027-01-25,"Polychrome Spanish sculpture by Gregorio Fernández, shown alongside Zurbarán.",https://www.louvre.fr/en/exhibitions-and-events/exhibitions/sculpting-colour,"Found on the venue's ""current/upcoming"" listing page."
louvre,LOUVRE PHOTO,2026-11-04,2027-05-03,"Over 300 photographs of the Louvre itself, across history.",https://www.louvre.fr/en/exhibitions-and-events/exhibitions/louvre-photo,"Found on the venue's ""current/upcoming"" listing page."
louvre,AFFINITIES,2026-06-24,2026-12-31,"Islamic art's influence on European decorative arts, fifty objects.",https://www.louvre.fr/en/exhibitions-and-events/exhibitions/affinities,"Found on the venue's ""current/upcoming"" listing page."
louvre,MICHEL LACOSTE’S DONATION TO THE MUSÉE DU LOUVRE,2026-06-26,2027-01-11,Michel Lacoste's gift of a hundred precious metalwork pieces.,https://www.louvre.fr/en/exhibitions-and-events/exhibitions/michel-lacoste-s-donation-to-the-musee-du-louvre,"Found on the venue's ""current/upcoming"" listing page."
louvre,HOSTS AT THE LOUVRE,2026-09-24,2026-12-14,Kader Attia and Elizabeth Peyton's two-year Louvre residencies.,https://www.louvre.fr/en/exhibitions-and-events/exhibitions/hosts-at-the-louvre,"Found on the venue's ""current/upcoming"" listing page."
louvre,MICHELANGELO RODIN,2026-04-15,2026-07-20,"Michelangelo and Rodin's sculpture in dialogue, body and soul.",https://www.louvre.fr/en/exhibitions-and-events/exhibitions/michelangelo-rodin,"Found on the venue's ""past"" listing page."
louvre,MARTIN SCHONGAUER,2026-04-08,2026-07-20,"Schongauer's near-complete paintings, alongside his celebrated engravings.",https://www.louvre.fr/en/exhibitions-and-events/exhibitions/martin-schongauer,"Found on the venue's ""past"" listing page."
louvre,THE CARRACCI DRAWINGS,2025-11-05,2026-02-02,"Annibale Carracci's Farnese Gallery frescoes, recreated through preparatory drawings.",https://www.louvre.fr/en/exhibitions-and-events/exhibitions/the-carracci-drawings,"Found on the venue's ""past"" listing page."
louvre,JACQUES-LOUIS DAVID,2025-10-15,2026-01-26,"Jacques-Louis David's revolutionary paintings, on his death's bicentennial.",https://www.louvre.fr/en/exhibitions-and-events/exhibitions/jacques-louis-david,"Found on the venue's ""past"" listing page."
louvre,THE MET AT THE LOUVRE,2024-02-29,2025-12-14,"Ten ancient Near Eastern works, on loan from the Met.",https://www.louvre.fr/en/exhibitions-and-events/exhibitions/the-met-at-the-louvre,"Found on the venue's ""past"" listing page. Also listed on the venue's ""past 2025"" page."
louvre,A PASSION FOR CHINA,2025-05-14,2025-08-25,"Adolphe Thiers's collection of Chinese art, 170 objects.",https://www.louvre.fr/en/exhibitions-and-events/exhibitions/a-passion-for-china,"Found on the venue's ""past"" listing page. Also listed on the venue's ""past 2025"" page."
louvre,LOUVRE COUTURE,2025-01-24,2025-08-24,Sixty-five fashion designs in dialogue with Louvre's decorative arts.,https://www.louvre.fr/en/exhibitions-and-events/exhibitions/louvre-couture,"Found on the venue's ""past"" listing page. Also listed on the venue's ""past 2025"" page."
louvre,MAMLUKS,2025-04-30,2025-07-28,"The Mamluk sultanate's art and culture, nearly 260 works.",https://www.louvre.fr/en/exhibitions-and-events/exhibitions/mamluks,"Found on the venue's ""past"" listing page. Also listed on the venue's ""past 2025"" page."
louvre,THE EXPERIENCE OF NATURE,2025-03-19,2025-06-30,Art and science entwined at Emperor Rudolf II's court.,https://www.louvre.fr/en/exhibitions-and-events/exhibitions/the-experience-of-nature,"Found on the venue's ""past"" listing page. Also listed on the venue's ""past 2025"" page."
louvre,A NEW LOOK AT CIMABUE,2025-01-22,2025-05-12,,https://www.louvre.fr/en/exhibitions-and-events/exhibitions/a-new-look-at-cimabue,"Found on the venue's ""past"" listing page. Also listed on the venue's ""past 2025"" page. This exhibition's own page could not be read: the venue’s site refused us (HTTP 429)."
louvre,"GUILLON-LETHIÈRE, ""BORN IN GUADELOUPE""",2024-11-13,2025-02-17,"Guillon-Lethière's rediscovered paintings, the first show on him.",https://www.louvre.fr/en/exhibitions-and-events/exhibitions/guillon-lethiere-born-in-guadeloupe,"Found on the venue's ""past"" listing page. Also listed on the venue's ""past 2025"" page."
louvre,A NEW LOOK AT WATTEAU,2024-10-16,2025-02-03,"Watteau's mysterious Pierrot, examined after fresh restoration work.",https://www.louvre.fr/en/exhibitions-and-events/exhibitions/a-new-look-at-watteau,"Found on the venue's ""past"" listing page. Also listed on the venue's ""past 2025"" page."
louvre,FIGURES OF THE FOOL,2024-10-16,2025-02-03,,https://www.louvre.fr/en/exhibitions-and-events/exhibitions/figures-of-the-fool,"Found on the venue's ""past"" listing page. Also listed on the venue's ""past 2025"" page. This exhibition's own page could not be read: the venue’s site refused us (HTTP 429)."
louvre,MASTERPIECES FROM THE TORLONIA COLLECTION,2024-06-26,2025-01-06,"The Torlonia princes' ancient Roman marbles, first shown abroad.",https://www.louvre.fr/en/exhibitions-and-events/exhibitions/masterpieces-from-the-torlonia-collection,"Found on the venue's ""past"" listing page. Also listed on the venue's ""past 2025"" page."
louvre,OLYMPISM,2024-04-24,2024-09-16,"The origins of the modern Olympic Games, via Gilliéron's art.",https://www.louvre.fr/en/exhibitions-and-events/exhibitions/olympism,"Found on the venue's ""past"" listing page. Also listed on the venue's ""past 2024"" page."
menil,Wall Drawing Series: Jitish Kallat,2026-09-10,2027-08-08,Jitish Kallat's site-specific wall drawing for the Drawing Institute.,https://www.menil.org/exhibition/wall-drawing-series-jitish-kallat,"Found on the venue's ""current"" listing page."
menil,Fragility,2026-09-10,2027-01-24,"Paper as material, with works by Krasner, Hamilton, and Zarina.",https://www.menil.org/exhibition/fragility,"Found on the venue's ""current"" listing page."
menil,John Akomfrah: The Hour Of The Dog,2026-04-24,2026-10-11,Akomfrah's six-channel video on Civil Rights-era youth activism.,https://www.menil.org/exhibition/john-akomfrah-the-hour-of-the-dog,"Found on the venue's ""current"" listing page."
menil,"Foyer Installation: Mel Bochner, Chryssa, and Dorothy Hood",2026-04-01,2026-10-25,"Foyer selection of works by Bochner, Chryssa, and Hood.",https://www.menil.org/exhibition/foyer-installation-mel-bochner-chryssa-and-dorothy-hood,"Found on the venue's ""current"" listing page."
menil,Southern Outsider Artists,2026-05-06,2026-12-13,"Self-taught Southern artists, Dial, Swearingen, Bolden, Butler, and Harvey.",https://www.menil.org/exhibition/southern-outsider-artists,"Found on the venue's ""current"" listing page."
menil,Terry Winters: Vitalized Geometry,2026-09-25,2027-04-04,Four decades of Winters's printmaking practice.,https://www.menil.org/exhibition/terry-winters-vitalized-geometry,"Found on the venue's ""upcoming"" listing page."
menil,How to Make an Exhibition: The Story of Jermayne MacAgy,2026-12-11,2027-07-18,Legacy of groundbreaking curator MacAgy.,https://www.menil.org/exhibition/how-to-make-an-exhibition-the-story-of-jermayne-macagy,"Found on the venue's ""upcoming"" listing page."
menil,"D’MBA: Beauty, Desire, and Collecting an African Mask",2027-05-14,2027-11-07,African d'mba headdresses and their collectors.,https://www.menil.org/exhibition/d-mba-beauty-desire-and-collecting-an-african-mask,"Found on the venue's ""upcoming"" listing page."
menil,Sedona Surreal: Max Ernst and Dorothea Tanning in the American Southwest,2027-09-17,2028-03-12,Ernst and Tanning's surrealist years in Sedona.,https://www.menil.org/exhibition/sedona-surreal-max-ernst-and-dorothea-tanning-in-the-american-southwest,"Found on the venue's ""upcoming"" listing page."
menil,Photography from The Menil Collection: Curated by Wendy Watriss,2025-12-12,2026-08-16,Documentary photographs selected by Watriss.,https://www.menil.org/exhibition/photography-from-the-menil-collection-curated-by-wendy-watriss,"Found on the venue's ""past"" listing page."
menil,The Gift of Drawing: Cy Twombly,2026-03-27,2026-08-09,"Three decades of Twombly drawings, newly gifted.",https://www.menil.org/exhibition/the-gift-of-drawing-cy-twombly,"Found on the venue's ""past"" listing page."
menil,Wall Drawing Series: Gladys Nilsson,2025-09-05,2026-08-09,Nilsson's site-specific wall drawing of hybrid beings.,https://www.menil.org/exhibition/wall-drawing-series-gladys-nilsson,"Found on the venue's ""past"" listing page."
menil,From the Sea,2025-08-20,2026-05-03,Artworks related to the sea.,https://www.menil.org/exhibition/from-the-sea,"Found on the venue's ""past"" listing page."
menil,Foyer Installation: Pop Art,2025-08-20,2026-03-29,Pop art from the permanent collection.,https://www.menil.org/exhibition/foyer-installation-pop-art,"Found on the venue's ""past"" listing page."
menil,Robert Rauschenberg: Fabric Works of the 1970s,2025-09-19,2026-03-01,Rauschenberg's fabric sculptures from the 1970s.,https://www.menil.org/exhibition/robert-rauschenberg-fabric-works-of-the-1970s,"Found on the venue's ""past"" listing page."
menil,Lines of Resolution: Drawing at the Advent of Television and Video,2025-10-04,2026-02-08,Drawing's relationship to television and video.,https://www.menil.org/exhibition/lines-of-resolution-drawing-at-the-advent-of-television-and-video,"Found on the venue's ""past"" listing page."
menil,The Space Between Looking and Loving: Francesca Fuchs and the de Menil House,2025-05-23,2025-11-02,Fuchs's new work on the de Menil house.,https://www.menil.org/exhibition/the-space-between-looking-and-loving-francesca-fuchs-and-the-de-menil-house,"Found on the venue's ""past"" listing page."
menil,Foyer Installation: René Magritte,2025-04-02,2025-08-17,Magritte paintings from the Menil Collection.,https://www.menil.org/exhibition/foyer-installation-rene-magritte,"Found on the venue's ""past"" listing page."
menil,"Animals, Monsters, and Creatures from the Collection",2025-01-29,2025-08-17,"Paintings and objects of monstrous, fantastic creatures.",https://www.menil.org/exhibition/animals-monsters-and-creatures-from-the-collection,"Found on the venue's ""past"" listing page."
menil,What drawing can be: four responses,2025-03-21,2025-08-10,Four artists stretch the boundaries of drawing.,https://www.menil.org/exhibition/what-drawing-can-be-four-responses,"Found on the venue's ""past"" listing page."
menil,Wall Drawing Series: Ronny Quevedo,2024-09-13,2025-08-10,Quevedo's site-specific wall drawing triptych.,https://www.menil.org/exhibition/wall-drawing-series-ronny-quevedo,"Found on the venue's ""past p2"" listing page."
menil,Joe Overstreet: Taking Flight,2025-01-24,2025-07-13,First major Overstreet exhibition in thirty years.,https://www.menil.org/exhibition/joe-overstreet-taking-flight,"Found on the venue's ""past p2"" listing page."
menil,Tacita Dean: Blind Folly,2024-10-11,2025-04-19,"Dean's chance-based drawings, films and prints.",https://www.menil.org/exhibition/tacita-dean-blind-folly,"Found on the venue's ""past p2"" listing page."
menil,Out of Thin Air: Emerging Forms,2024-09-20,2025-01-26,"Artworks of emerging, indeterminate forms.",https://www.menil.org/exhibition/out-of-thin-air-emerging-forms,"Found on the venue's ""past p2"" listing page."
menil,Fragments of Memory,2024-09-20,2025-01-26,Drawings exploring personal and collective memory.,https://www.menil.org/exhibition/fragments-of-memory,"Found on the venue's ""past p2"" listing page."
menil,Portraits of Women from the Collection,2024-03-16,2024-11-10,"Portraits of women, featuring a new Neel acquisition.",https://www.menil.org/exhibition/portraits-of-women-from-the-collection,"Found on the venue's ""past p2"" listing page."
menil,"Longing, Grief, and Spirituality: Art Since 1980",2023-06-15,2024-10-10,Forty years of art expressing grief and spirituality.,https://www.menil.org/exhibition/longing-grief-and-spirituality-art-since-1980,"Found on the venue's ""past p2"" listing page."
menil,Foyer Installation: On Kawara,2024-05-08,2024-09-15,Kawara's Date Paintings marking the Moon landing.,https://www.menil.org/exhibition/foyer-installation-on-kawara,"Found on the venue's ""past p2"" listing page."
menil,Abstraction after Modernism: Recent Acquisitions,2024-04-26,2024-08-25,Recent acquisitions in abstraction after Modernism.,https://www.menil.org/exhibition/abstraction-after-modernism-recent-acquisitions,"Found on the venue's ""past p2"" listing page."
menil,Wall Drawing Series: Marc Bauer,2023-09-22,2024-08-18,Bauer's charcoal mural on history and politics.,https://www.menil.org/exhibition/wall-drawing-series-marc-bauer,"Found on the venue's ""past p2"" listing page."
menil,Janet Sobel: All-Over,2024-02-23,2024-08-11,Sobel's pioneering all-over abstract paintings reunited.,https://www.menil.org/exhibition/janet-sobel-all-over,"Found on the venue's ""past p2"" listing page."
menil,Ruth Asawa Through Line,2024-03-22,2024-07-21,"Asawa's lifelong drawing practice, first surveyed.",https://www.menil.org/exhibition/ruth-asawa-through-line,"Found on the venue's ""past p2"" listing page."
met,[current/upcoming page],,,,https://www.metmuseum.org/exhibitions,"The venue's ""current/upcoming"" listing page could not be read: the venue’s site refused us (HTTP 429). Marker row, not an exhibition."
met,[past page],,,,https://www.metmuseum.org/exhibitions/past,"The venue's ""past"" listing page could not be read: the venue’s site refused us (HTTP 429). Marker row, not an exhibition."
met,[past 2025 page],,,,https://www.metmuseum.org/exhibitions/past?year=2025,"The venue's ""past 2025"" listing page could not be read: the venue’s site refused us (HTTP 429). Marker row, not an exhibition."
met,[past 2024 page],,,,https://www.metmuseum.org/exhibitions/past?year=2024,"The venue's ""past 2024"" listing page could not be read: the venue’s site refused us (HTTP 429). Marker row, not an exhibition."
moma,[current/upcoming page],,,,https://www.moma.org/calendar/exhibitions,"The venue's ""current/upcoming"" listing page could not be read: the venue’s site refused us (HTTP 403). Marker row, not an exhibition."
moma,[past page],,,,https://www.moma.org/calendar/exhibitions/history,"The venue's ""past"" listing page could not be read: the venue’s site refused us (HTTP 403). Marker row, not an exhibition."
morgan,[current page],,,,https://www.themorgan.org/exhibitions/current,"The venue's ""current"" listing page could not be read: the venue’s site refused us (HTTP 403). Marker row, not an exhibition."
morgan,[upcoming page],,,,https://www.themorgan.org/exhibitions/upcoming,"The venue's ""upcoming"" listing page could not be read: the venue’s site refused us (HTTP 403). Marker row, not an exhibition."
morgan,[past page],,,,https://www.themorgan.org/exhibitions/past,"The venue's ""past"" listing page could not be read: the venue’s site refused us (HTTP 403). Marker row, not an exhibition."
ng,Renoir and Love,2026-10-03,2027-01-31,Renoir gathered around the theme of love.,https://www.nationalgallery.org.uk/exhibitions/renoir-and-love,"Found on the venue's ""current/upcoming"" listing page."
ng,Waldmüller: Landscapes,,2026-09-20,First UK exhibition of Waldmüller's landscapes.,https://www.nationalgallery.org.uk/exhibitions/waldm%C3%BCller-landscapes,"Found on the venue's ""current/upcoming"" listing page. No opening date published while this exhibition is running."
ng,Monet and Renoir: Painting Side by Side,2026-07-27,2026-09-22,Two Impressionist paintings at the same motif.,https://www.nationalgallery.org.uk/exhibitions/monet-and-renoir-painting-side-by-side,"Found on the venue's ""current/upcoming"" listing page. opening date taken from the site's structured data, not its visible page."
ng,Yinka Shonibare and Thomas Gainsborough: A Conversation,2026-10-15,2027-02-07,Britain's celebrated work reimagined.,https://www.nationalgallery.org.uk/exhibitions/yinka-shonibare-and-thomas-gainsborough-a-conversation,"Found on the venue's ""current/upcoming"" listing page."
ng,Van Eyck: The Portraits,2026-11-21,2027-04-11,All of Van Eyck's portraits together.,https://www.nationalgallery.org.uk/exhibitions/van-eyck-the-portraits,"Found on the venue's ""current/upcoming"" listing page."
ng,Catharina van Hemessen: Signature Works,2027-03-04,2027-05-30,Renaissance artist who painted herself into history.,https://www.nationalgallery.org.uk/exhibitions/catharina-van-hemessen,"Found on the venue's ""current/upcoming"" listing page."
ng,German Expressionism,2027-03-20,2027-08-01,Fifty German Expressionist works.,https://www.nationalgallery.org.uk/exhibitions/german-expressionism-modern-painting-1900-1918,"Found on the venue's ""current/upcoming"" listing page."
ng,Take One Picture 2026,2026-06-04,2026-08-31,Children's artworks inspired by Canaletto.,https://www.nationalgallery.org.uk/exhibitions/take-one-picture-2026,"Found on the venue's ""past"" listing page."
ng,Zurbarán,2026-05-02,2026-08-23,First UK exhibition of Zurbarán.,https://www.nationalgallery.org.uk/exhibitions/past/zurbaran,"Found on the venue's ""past"" listing page."
ng,Stubbs: Portrait of a Horse,2026-03-12,2026-05-31,"George Stubbs, master of horse painting.",https://www.nationalgallery.org.uk/exhibitions/past/stubbs-portrait-of-a-horse,"Found on the venue's ""past"" listing page."
ng,Wright of Derby: From the Shadows,2025-11-07,2026-05-10,Joseph Wright of Derby's candlelight paintings.,https://www.nationalgallery.org.uk/exhibitions/past/wright-of-derby-from-the-shadows,"Found on the venue's ""past"" listing page."
ng,ming wong: Dance of the sun on the water | Saltatio solis in aqua,2026-01-15,2026-04-06,Short film based on Saint Sebastian.,https://www.nationalgallery.org.uk/exhibitions/past/the-national-gallery-artist-in-residence-ming-wong,"Found on the venue's ""past"" listing page."
ng,Edwin Austin Abbey: By the Dawn’s Early Light,2025-11-20,2026-02-15,American artist and Pennsylvania Capitol ceiling.,https://www.nationalgallery.org.uk/exhibitions/past/edwin-austin-abbey-by-the-dawn-s-early-light,"Found on the venue's ""past"" listing page."
ng,Radical Harmony,2025-09-13,2026-02-08,"Seurat, Van Gogh, Signac and Pissarro.",https://www.nationalgallery.org.uk/exhibitions/past/radical-harmony-neo-impressionists,"Found on the venue's ""past"" listing page."
ng,Millet: Life on the Land,2025-08-07,2025-10-19,The subjects that made Millet famous.,https://www.nationalgallery.org.uk/exhibitions/past/millet-life-on-the-land,"Found on the venue's ""past"" listing page."
ng,Take One Picture 2025,2025-06-11,2025-08-31,Children's artworks inspired by de Hooch.,https://www.nationalgallery.org.uk/exhibitions/past/take-one-picture-2025,"Found on the venue's ""past"" listing page."
ng,José María Velasco,2025-03-29,2025-08-17,Mexico's landscape painter.,https://www.nationalgallery.org.uk/exhibitions/past/velasco,"Found on the venue's ""past"" listing page."
ng,The Carracci Cartoons: Myths in the Making,2025-04-10,2025-07-06,Carracci brothers' creative process.,https://www.nationalgallery.org.uk/exhibitions/past/the-carracci-cartoons-myths-in-the-making,"Found on the venue's ""past"" listing page."
ng,"Siena: The Rise of Painting, 1300 ‒1350",2025-03-08,2025-06-22,Earliest Sienese trecento paintings.,https://www.nationalgallery.org.uk/exhibitions/past/siena-the-rise-of-painting,"Found on the venue's ""past"" listing page."
ng,Parmigianino: The Vision of Saint Jerome,2024-12-05,2025-03-09,Visionary Renaissance artist at work.,https://www.nationalgallery.org.uk/exhibitions/past/parmigianino-the-vision-of-saint-jerome,"Found on the venue's ""past"" listing page."
ng,Discover Constable & The Hay Wain,2024-10-17,2025-02-02,Behind the making of The Hay Wain.,https://www.nationalgallery.org.uk/exhibitions/past/discover-constable-and-the-hay-wain,"Found on the venue's ""past"" listing page."
ng,Van Gogh: Poets and Lovers,2024-09-14,2025-01-19,Once-in-a-century Van Gogh exhibition.,https://www.nationalgallery.org.uk/exhibitions/past/van-gogh-poets-and-lovers,"Found on the venue's ""past"" listing page."
ng,NG Stories: Making a National Gallery,2024-10-04,2025-01-12,Two hundred years of Gallery history.,https://www.nationalgallery.org.uk/exhibitions/past/ng-stories,"Found on the venue's ""past"" listing page."
ng,Hockney and Piero: A Longer Look,2024-08-08,2024-10-27,Hockney against Piero della Francesca.,https://www.nationalgallery.org.uk/exhibitions/past/hockney-and-piero-a-longer-look,"Found on the venue's ""past"" listing page."
ng,Discover Degas & Miss La La,2024-06-06,2024-09-01,The circus performer's life.,https://www.nationalgallery.org.uk/exhibitions/past/discover-degas-and-miss-la-la,"Found on the venue's ""past"" listing page."
ng,Take One Picture 2024,2024-08-01,2024-09-01,Children's artworks inspired by Rousseau.,https://www.nationalgallery.org.uk/exhibitions/past/take-one-picture-2024,"Found on the venue's ""past"" listing page."
ng,The Last Caravaggio,2024-04-18,2024-07-21,Caravaggio's last painting returns to London.,https://www.nationalgallery.org.uk/exhibitions/past/the-last-caravaggio,"Found on the venue's ""past"" listing page."
rijks,ED VAN DER ELSKEN. UP CLOSE,2026-06-19,2026-09-13,Unfiltered street energy across decades.,https://www.rijksmuseum.nl/en/whats-on/exhibitions/ed-van-der-elsken,"Found on the venue's ""current/upcoming"" listing page. opening date read from a sentence, not a date field: ""19 June till 13 September 2026""."
rijks,FIEP WESTENDORP,2026-06-19,2026-09-13,150 original drawings by the illustrator.,https://www.rijksmuseum.nl/en/whats-on/exhibitions/fiep-westendorp,"Found on the venue's ""current/upcoming"" listing page. opening date read from a sentence, not a date field: ""19 June till 13 September 2026""."
rijks,CAREL VISSER IN THE RIJKSMUSEUM GARDENS,2026-06-05,2026-10-25,Most influential Dutch sculptor of the twentieth century.,https://www.rijksmuseum.nl/en/whats-on/exhibitions/carel-visser,"Found on the venue's ""current/upcoming"" listing page. opening date read from a sentence, not a date field: ""5 June to 25 October (year taken from the listing page)""."
rijks,IN THE RIJKSMUSEUM PRINT CABINETS,,2026-11-29,"Rotating prints on Roman art, satire, fairy tales.",https://www.rijksmuseum.nl/en/whats-on/exhibitions/in-the-rijksmuseum-print-cabinets,"Found on the venue's ""current/upcoming"" listing page. No opening date published while this exhibition is running."
rijks,PARTIALLY CLOSED,,,Calligraphy by Tong Yang-Tze and fashion by Hong.,https://www.rijksmuseum.nl/en/whats-on/exhibitions/asian-pavilion,"Found on the venue's ""current/upcoming"" listing page. No closing date found anywhere on the venue's pages."
rijks,WORN,2026-03-27,2027-03-21,Dress and textiles: garments from 1640 to 1930.,https://www.rijksmuseum.nl/en/whats-on/exhibitions/worn,"Found on the venue's ""current/upcoming"" listing page. opening date read from a sentence, not a date field: ""27 March 2026 to 21 March 2027""."
rijks,20th-century Galleries,,2026-11-09,New spotlights in the 20th-century galleries.,https://www.rijksmuseum.nl/en/whats-on/exhibitions/new-displays-in-the-20th-century-galleries,"Found on the venue's ""current/upcoming"" listing page. No opening date published while this exhibition is running."
rijks,WILLEM DE KOONING AT WORK,2026-10-09,2027-01-17,120 works tracing De Kooning's process.,https://www.rijksmuseum.nl/en/whats-on/exhibitions/willem-de-kooning-at-work,"Found on the venue's ""current/upcoming"" listing page. closing date read from a sentence, not a date field: ""9 October 2026 until 17 January 2027""."
rijks,DOCUMENT NETHERLANDS: NEW ENERGY,2026-10-09,2027-01-17,Annual commission to a Dutch photographer.,https://www.rijksmuseum.nl/en/whats-on/exhibitions/document-netherlands-new-energy,"Found on the venue's ""current/upcoming"" listing page. closing date read from a sentence, not a date field: ""9 October 2026 till 17 January 2027""."
rijks,DRAWING!,2027-02-12,2027-05-23,"Transformation of drawing, 100 highlights.",https://www.rijksmuseum.nl/en/whats-on/exhibitions/draw,"Found on the venue's ""current/upcoming"" listing page. closing date read from a sentence, not a date field: ""12 February till 23 May 2027""."
rijks,METAMORPHOSES,2026-02-06,2026-05-25,"Ovid: Bernini, Titian to Rodin, Magritte, Bourgeois.",https://www.rijksmuseum.nl/en/whats-on/exhibitions/metamorphoses,"Found on the venue's ""past"" listing page."
rijks,FAKE!,2026-02-06,2026-05-25,Early photocollages and photomontages.,https://www.rijksmuseum.nl/en/whats-on/exhibitions/fake,"Found on the venue's ""past"" listing page."
rijks,SUIT YOURSELF,2025-03-22,2026-03-15,A century of men's dress.,https://www.rijksmuseum.nl/en/whats-on/exhibitions/suit-yourself-or100-years-of-menswear-1750-1850,"Found on the venue's ""past"" listing page."
rijks,OCCUPIED CITY,2025-09-12,2026-01-25,"Amsterdam under occupation, Steve McQueen.",https://www.rijksmuseum.nl/en/whats-on/exhibitions/steve-mcqueen-occupied-city,"Found on the venue's ""past"" listing page."
rijks,AT HOME IN THE 17TH CENTURY,2025-10-17,2026-01-11,"Domestic life with Rembrandt, Hals, Vermeer.",https://www.rijksmuseum.nl/en/whats-on/exhibitions/past/thuis-in-de-17de-eeuw,"Found on the venue's ""past"" listing page."
rijks,DOCUMENT NEDERLAND,2025-11-01,2026-01-11,Annual Dutch photography commission.,https://www.rijksmuseum.nl/en/whats-on/exhibitions/past/document-nederland-tina-farifteh,"Found on the venue's ""past"" listing page. opening and closing date read from a sentence, not a date field: ""1 November 2025 to 11 January 2026""."
rijks,ISAMU NOGUCHI,2025-05-28,2025-10-26,Garden sculpture devoted to Noguchi.,https://www.rijksmuseum.nl/en/whats-on/exhibitions/past/isamu-noguchi-in-de-rijksmuseumtuinen,"Found on the venue's ""past"" listing page."
rijks,CROSSINGS,2025-07-04,2025-10-12,Photography from the Indian subcontinent.,https://www.rijksmuseum.nl/en/whats-on/exhibitions/crossings,"Found on the venue's ""past"" listing page."
rijks,FIONA TAN: MONOMANIA,2025-07-04,2025-09-14,The artist's view on the collection.,https://www.rijksmuseum.nl/en/whats-on/exhibitions/fiona-tan-monomania,"Found on the venue's ""past"" listing page."
rijks,ASIAN BRONZE,2024-09-27,2025-01-12,Four thousand years of Asian bronze.,https://www.rijksmuseum.nl/en/whats-on/exhibitions/past/asian-bronze,"Found on the venue's ""past"" listing page."
rijks,FESTIVAL FRENZY,2024-09-27,2025-01-12,Dutch festivals photographed.,https://www.rijksmuseum.nl/en/whats-on/exhibitions/past/document-nederland,"Found on the venue's ""past"" listing page."
rijks,LEE UFAN,2024-05-28,2024-10-27,Garden sculpture devoted to Lee Ufan.,https://www.rijksmuseum.nl/en/whats-on/exhibitions/past/lee-ufan,"Found on the venue's ""past"" listing page."
rijks,POINT OF VIEW,2024-07-05,2024-09-01,How gender has been visualised through the ages.,https://www.rijksmuseum.nl/en/whats-on/exhibitions/past/point-of-view,"Found on the venue's ""past"" listing page."
rijks,STOP MOTION,2024-07-05,2024-09-01,Photography corrected artists' inaccurate horse gallop depictions.,https://www.rijksmuseum.nl/nl/zien-en-doen/tentoonstellingen/afgelopen/stop-motion,"Found on the venue's ""past"" listing page."
rijks,EXPRESS YOURSELF,,,Wessel and Bogaerts photograph Dutch youth culture.,https://www.rijksmuseum.nl/en/whats-on/exhibitions/past/express-yourself,"Found on the venue's ""past"" listing page. The venue's page shows only ""16 Feb - 9 June"" for this exhibition's dates — no year is published anywhere."
rijks,RICHARD LONG,,,Long's interventions in the Rijksmuseum gardens.,https://www.rijksmuseum.nl/en/whats-on/exhibitions/past/richard-long,"Found on the venue's ""past"" listing page. No closing date found anywhere on the venue's pages."
rijks,MISSION MASTERPIECE,,,,https://www.rijksmuseum.nl/en/whats-on/exhibitions/past/mission-masterpiece,"Found on the venue's ""past"" listing page. The venue's own link to this exhibition is broken (HTTP 404). No closing date found anywhere on the venue's pages."
rijks,XXL PAPER,,,"The collection's largest, rarely displayed works on paper.",https://www.rijksmuseum.nl/en/whats-on/exhibitions/past/xxl-paper,"Found on the venue's ""past"" listing page. No closing date found anywhere on the venue's pages."
rijks,MODERN JAPANESE LACQUER,,,Detail and beauty of Japanese lacquer.,https://www.rijksmuseum.nl/en/whats-on/exhibitions/past/modern-japanese-lacquer,"Found on the venue's ""past"" listing page. No closing date found anywhere on the venue's pages."
rijks,REVOLUSI!,,,More than 20 personal stories from Indonesia's independence struggle.,https://www.rijksmuseum.nl/en/whats-on/exhibitions/past/revolusi,"Found on the venue's ""past"" listing page. No closing date found anywhere on the venue's pages."
rijks,VINCENT MENTZEL,,,Mentzel's photos trace photojournalism's evolution.,https://www.rijksmuseum.nl/en/whats-on/exhibitions/past/vincent-mentzel,"Found on the venue's ""past"" listing page. No closing date found anywhere on the venue's pages."
rijks,HENK WILDSCHUT,,,,https://www.rijksmuseum.nl/en/whats-on/exhibitions/past/henk-wildschut,"Found on the venue's ""past"" listing page. The venue's own link to this exhibition is broken (HTTP 404). No closing date found anywhere on the venue's pages."
rijks,ELLSWORTH KELLY,,,Nine Kelly sculptures debut in the Netherlands.,https://www.rijksmuseum.nl/en/whats-on/exhibitions/past/ellsworth-kelly,"Found on the venue's ""past"" listing page. The venue's page shows only ""Until 24 October"" for this exhibition's dates — no year is published anywhere."
rijks,SLAVERY,,,Personal stories of slavery across continents.,https://www.rijksmuseum.nl/en/whats-on/exhibitions/past/slavery,"Found on the venue's ""past"" listing page. No closing date found anywhere on the venue's pages."
rijks,ED VAN DER ELSKEN,,,Unfiltered street energy across decades.,https://www.rijksmuseum.nl/en/whats-on/exhibitions/past/ed-van-der-elsken,"Found on the venue's ""past"" listing page. The venue's own link to this exhibition is broken (HTTP 404). No closing date found anywhere on the venue's pages. Description carried over from the previous sweep; the exhibition’s own page gave no text this time."
rijks,THE STRENGTH OF DUTCH MUSEUM COLLECTIONS,,,Two portraits by Piero di Cosimo.,https://www.rijksmuseum.nl/en/whats-on/exhibitions/past/strength-of-dutch-museum-collections,"Found on the venue's ""past"" listing page. The venue's page shows only ""Until 15 December"" for this exhibition's dates — no year is published anywhere."
rijks,THE BEST ITALIAN DRAWINGS,,,Italian master drawings from the print room.,https://www.rijksmuseum.nl/en/whats-on/exhibitions/past/highlights-of-italian-drawing,"Found on the venue's ""past"" listing page. The venue's page shows only ""Until 18 November"" for this exhibition's dates — no year is published anywhere."
tate-britain,JAMES McNEILL WHISTLER,2026-05-21,2026-09-27,First major European Whistler retrospective in 30 years.,https://www.tate.org.uk/whats-on/tate-britain/whistler,"Found on the venue's ""current/upcoming"" listing page. Also listed on the venue's ""recently opened"" page. Also listed on the venue's ""recently opened"" page. opening date read from a sentence, not a date field: ""21 May - 27 September 2026""."
tate-britain,The 90s: Art and Fashion,2026-10-08,2027-02-14,Enninful curates 90s British art and fashion.,https://www.tate.org.uk/whats-on/tate-britain/the-90s,"Found on the venue's ""current/upcoming"" listing page. Also listed on the venue's ""recently opened"" page."
tate-britain,Vanessa Bell & Duncan Grant: Inside Bloomsbury,2026-11-12,2027-04-11,Bell and Grant's Bloomsbury creative partnership.,https://www.tate.org.uk/whats-on/tate-britain/vanessa-bell-and-duncan-grant,"Found on the venue's ""current/upcoming"" listing page. Also listed on the venue's ""recently opened"" page."
tate-britain,"Commission 2026: Zineb Sedira: When Words Fall Silent, Cinema Speaks",2026-05-13,2027-01-17,Sedira's new Duveen Galleries commission.,https://www.tate.org.uk/whats-on/tate-britain/zineb-sedira,"Found on the venue's ""current/upcoming"" listing page. opening date read from a sentence, not a date field: ""13 May 2026 - 17 January 2027""."
tate-britain,Art Now: Mohammed Z Rahman,2026-06-05,2026-11-08,Rahman's new paintings on home and love.,https://www.tate.org.uk/whats-on/tate-britain/art-now-mohammed-z-rahman,"Found on the venue's ""current/upcoming"" listing page. opening date read from a sentence, not a date field: ""5 June - 8 November 2026""."
tate-britain,Sonia Boyce,2027-03-24,2027-08-22,Tate's first survey of Boyce's forty-year career.,https://www.tate.org.uk/whats-on/tate-britain/sonia-boyce,"Found on the venue's ""current/upcoming"" listing page."
tate-britain,Thomas Gainsborough,2027-05-20,2027-10-10,First major Gainsborough survey in over 20 years.,https://www.tate.org.uk/whats-on/tate-britain/thomas-gainsborough,"Found on the venue's ""current/upcoming"" listing page."
tate-britain,David Hockney,2027-10-07,2028-02-20,Seven decades of Hockney's love and friendship.,https://www.tate.org.uk/whats-on/tate-britain/david-hockney,"Found on the venue's ""current/upcoming"" listing page."
tate-britain,The Tudors,2027-11-18,2028-04-23,Tate's first Tudor art exhibition in 30 years.,https://www.tate.org.uk/whats-on/tate-britain/the-tudors,"Found on the venue's ""current/upcoming"" listing page."
tate-modern,FRIDA: THE MAKING OF AN ICON,2026-06-25,2027-01-03,The life and legacy of Frida Kahlo.,https://www.tate.org.uk/whats-on/tate-modern/frida-kahlo-the-making-of-an-icon,"Found on the venue's ""current/upcoming"" listing page. Also listed on the venue's ""recently opened"" page. Also listed on the venue's ""recently opened"" page. Also listed on the venue's ""recently opened"" page. opening date read from a sentence, not a date field: ""25 June 2026 - 3 January 2027""."
tate-modern,Julio Le Parc: Light. Colour. Action.,2026-06-08,2027-05-03,Le Parc's kinetic art across seven decades.,https://www.tate.org.uk/whats-on/tate-modern/julio-le-parc,"Found on the venue's ""current/upcoming"" listing page. Also listed on the venue's ""recently opened"" page. Also listed on the venue's ""recently opened"" page. opening date read from a sentence, not a date field: ""8 June 2026 - 3 May 2027""."
tate-modern,Ana Mendieta,2026-07-14,2027-01-17,Mendieta's Silueta Series exploring body and nature.,https://www.tate.org.uk/whats-on/tate-modern/ana-mendieta,"Found on the venue's ""current/upcoming"" listing page. Also listed on the venue's ""recently opened"" page. opening date read from a sentence, not a date field: ""14 July 2026 - 17 January 2027""."
tate-modern,Light and Magic: The Birth of Art Photography,2026-10-14,2027-02-21,Pictorialism as a global photographic movement.,https://www.tate.org.uk/whats-on/tate-modern/light-and-magic,"Found on the venue's ""current/upcoming"" listing page. Also listed on the venue's ""recently opened"" page."
tate-modern,Monet: Painting Time,2027-02-25,2027-06-27,Monet's paintings and his relationship with time.,https://www.tate.org.uk/whats-on/tate-modern/monet,"Found on the venue's ""current/upcoming"" listing page. Also listed on the venue's ""recently opened"" page."
tate-modern,Ink,2027-04-22,2027-08-30,Ink painting traditions across East Asia.,https://www.tate.org.uk/whats-on/tate-modern/ink,"Found on the venue's ""current/upcoming"" listing page. Also listed on the venue's ""recently opened"" page."
tate-modern,Baya,2027-06-10,2027-10-17,First UK solo exhibition of Baya.,https://www.tate.org.uk/whats-on/tate-modern/baya,"Found on the venue's ""current/upcoming"" listing page. Also listed on the venue's ""recently opened"" page."
tate-modern,Nalini Malani,2027-07-01,2028-01-09,"Malani's six-decade career, beauty and discomfort.",https://www.tate.org.uk/whats-on/tate-modern/nalini-malani,"Found on the venue's ""current/upcoming"" listing page. Also listed on the venue's ""recently opened"" page."
tate-modern,Lynda Benglis,2027-09-30,2028-03-05,Benglis's boundary-pushing sculpture and material experiments.,https://www.tate.org.uk/whats-on/tate-modern/lynda-benglis,"Found on the venue's ""current/upcoming"" listing page. Also listed on the venue's ""recently opened"" page."
tate-modern,Edvard Munch,2027-11-11,2028-04-23,Munch's soul paintings through the lens of cinema.,https://www.tate.org.uk/whats-on/tate-modern/edvard-munch,"Found on the venue's ""current/upcoming"" listing page. Also listed on the venue's ""recently opened"" page."
tate-modern,Gathering Ground,2025-01-29,2027-03-07,Art connecting environmental and social justice.,https://www.tate.org.uk/whats-on/tate-modern/gathering-ground,"Found on the venue's ""current/upcoming"" listing page. Also listed on the venue's ""recently opened"" page. opening date read from a sentence, not a date field: ""29 January 2025 - 7 March 2027""."
tate-modern,Hyundai Commission: Tarek Atoui,2026-10-13,2027-04-11,Atoui's new Turbine Hall sound installation.,https://www.tate.org.uk/whats-on/tate-modern/tarek-atoui,"Found on the venue's ""current/upcoming"" listing page."
tate-modern,Hyundai Commission 2027,,,"Turbine Hall's next commission, artist to be announced.",https://www.tate.org.uk/whats-on/tate-modern/hyundai-commission-2027,"Found on the venue's ""current/upcoming"" listing page. No closing date found anywhere on the venue's pages."
uffizi,At Palazzo Pitti the 20th century showcased in 40 dreamlike dresses: the new arrangement at the museum of Costume and Fashion,,,Forty dresses tracing 20th-century fashion history.,https://www.uffizi.it/en/events/nuovo-allestimento-museo-moda-2025,"Found on the venue's ""current"" listing page. Also listed on the venue's ""past 2025"" page. No closing date found anywhere on the venue's pages."
uffizi,"At the Pitti Palace, the “very best” of the king’s furniture",,,Sixteen furniture masterpieces from three royal dynasties.,https://www.uffizi.it/en/events/the-king-s-furniture,"Found on the venue's ""current"" listing page. Also listed on the venue's ""past 2025"" page. No closing date found anywhere on the venue's pages."
uffizi,Sarmi’s Genius. A new exhibition at the Museum of Costume and Fashion,2026-06-18,2026-12-31,Sarmi's gowns from mid-century New York fashion.,https://www.uffizi.it/en/events/il-genio-di-sarmi-nuova-mostra-al-museo-del-costume,"Found on the venue's ""current"" listing page."
uffizi,Wax upon a time. The Medici and the arts of ceroplastics,2025-12-18,2026-04-12,Florentine wax sculpture from the Medici collections.,https://www.uffizi.it/en/events/wax-upon-a-time,"Found on the venue's ""past 2025"" listing page."
uffizi,Florence and Europe. Arts of the Eighteenth Century at the Uffizi,,,Eighteenth-century art and the Grand Tour.,https://www.uffizi.it/en/events/florence-and-europe,"Found on the venue's ""past 2025"" listing page. The venue's page shows only ""24 June"" for this exhibition's dates — no year is published anywhere."
uffizi,1925-1955 Fashion in the Spotlight. The origins of Made in Italy,2025-06-18,2025-11-02,Thirty formative years of Italian fashion history.,https://www.uffizi.it/en/events/1925-1955-fashion-the-origins-of-made-in-italy,"Found on the venue's ""past 2025"" listing page. The venue extended this exhibition; it first announced 2025-09-28 as the closing date."
uffizi,The Witch by Salvator Rosa displayed in Pitti Palace,2025-01-11,2025-02-09,Salvator Rosa's Witch displayed at Pitti Palace.,https://www.uffizi.it/en/events/the-witch-by-salvator-rosa-displayed-in-pitti-palace,"Found on the venue's ""past 2025"" listing page. opening and closing date read from a sentence, not a date field: ""11 January to 9 February 2025""."
uffizi,"Stanislao Pointeau. A Tuscan ""macchiaiolo""of French descent. An exhibition dedicated to Prof. Carlo Del Bravo",2024-10-26,2025-02-16,First monographic exhibition devoted to Pointeau.,https://www.uffizi.it/en/events/stanislao-pointeau,"Found on the venue's ""past 2024"" listing page."
uffizi,"Tuscan Tournaments. The Saracen Joust, the Crossbow Palio and the Game of the Bridge",2024-09-12,2025-01-12,"Tuscan tournaments in prints, arms and armour.",https://www.uffizi.it/en/events/tornei-di-toscana-la-giostra-del-saracino-il-palio-della-balestra-e-il-gioco-del,"Found on the venue's ""past 2024"" listing page. opening and closing date read from a sentence, not a date field: ""12 September 2024 - 12 January 2025""."
uffizi,Carlo Maria Mariani. Arte oltre il tempo,,,Sixteen works spanning Mariani's fifty-year career.,https://www.uffizi.it/en/events/carlo-maria-mariani,"Found on the venue's ""past 2024"" listing page. No closing date found anywhere on the venue's pages."
uffizi,Self-portraits on paper by 19th-century Masters,2024-08-06,2024-10-27,"Nineteenth-century self-portraits on paper, Uffizi rotation.",https://www.uffizi.it/en/events/self-portraits-on-paper-by-18th-century-masters,"Found on the venue's ""past 2024"" listing page."
uffizi,Self-portraits on paper by 18th- and early 19th-century masters,2024-05-07,2024-08-04,"Self-portraits on paper, eighteenth and nineteenth century.",https://www.uffizi.it/en/events/self-portraits-on-paper-18th-and-early-19th-centuries,"Found on the venue's ""past 2024"" listing page. opening and closing date read from a sentence, not a date field: ""7 May to 4 August 2024""."
uffizi,Uffizi: on display two masterpieces damaged by the 1993 Georgofili mafia attack,2024-05-26,2024-07-28,Manfredi paintings damaged in the Georgofili bombing.,https://www.uffizi.it/en/events/georgofili-commemoration-2024,"Found on the venue's ""past 2024"" listing page."
va,Schiaparelli: Fashion Becomes Art,2026-03-28,2026-11-15,UK's first exhibition on Schiaparelli's fashion house.,https://www.vam.ac.uk/exhibitions/schiaparelli,"Found on the venue's ""current/upcoming"" listing page. opening and closing date taken from the site's structured data, not its visible page."
va,"Rising Voices: Contemporary Art from Asia, Australia and the Pacific",2026-05-16,2027-01-10,Contemporary art from the Asia Pacific region.,https://www.vam.ac.uk/exhibitions/rising-voices-contemporary-art-from-asia-australia-and-the-pacific,"Found on the venue's ""current/upcoming"" listing page. opening and closing date taken from the site's structured data, not its visible page."
va,"Constantinople to Istanbul: One City, Two Empires",2026-11-07,2027-05-09,"1,600 years of art in one city.",https://www.vam.ac.uk/exhibitions/constantinople-to-istanbul-one-city-two-empires,"Found on the venue's ""current/upcoming"" listing page. closing date taken from the site's structured data, not its visible page."
va,Punk to Pop,2027-03-13,2028-01-02,Punk-era artists responding to austerity and turbulence.,https://www.vam.ac.uk/exhibitions/punk-to-pop,"Found on the venue's ""current/upcoming"" listing page. closing date taken from the site's structured data, not its visible page."
va,Sculpture in Clay,2027-05-29,2028-02-06,Clay as a radical sculptural medium.,https://www.vam.ac.uk/exhibitions/sculpture-in-clay,"Found on the venue's ""current/upcoming"" listing page. closing date taken from the site's structured data, not its visible page."
va,Chintz,2027-09-18,2028-06-04,"Four centuries of chintz, a coveted fabric.",https://www.vam.ac.uk/exhibitions/chintz,"Found on the venue's ""current/upcoming"" listing page. closing date taken from the site's structured data, not its visible page."
wallace,Grayson Perry: Delusions of Grandeur,2025-03-28,2025-10-26,"Perry's largest contemporary exhibition, over forty works.",https://www.wallacecollection.org/explore/past-exhibitions/grayson-perry-delusions-of-grandeur/,"Found on the venue's ""current/upcoming"" listing page. Also listed on the venue's ""past"" page. Also listed on the venue's ""past"" page."
wallace,Swords of Lucknow,2025-11-26,2026-03-22,Five ornate swords from Lucknow's Nawabi court.,https://www.wallacecollection.org/explore/past-exhibitions/swords-of-lucknow/,"Found on the venue's ""current/upcoming"" listing page. Also listed on the venue's ""past"" page. Also listed on the venue's ""past"" page."
wallace,Caravaggio's Cupid,2025-11-26,2026-04-12,Caravaggio's Cupid reunited with its original collection.,https://www.wallacecollection.org/explore/past-exhibitions/caravaggios-cupid/,"Found on the venue's ""current/upcoming"" listing page. Also listed on the venue's ""past"" page. Also listed on the venue's ""past"" page."
wallace,Winston Churchill: The Painter,2026-05-23,2026-11-29,First retrospective of Churchill's paintings since death.,https://www.wallacecollection.org/whats-on/exhibitions-displays/winston-churchill-the-painter/,"Found on the venue's ""current/upcoming"" listing page. opening and closing date read from a sentence, not a date field: ""Skip to main content Winston Churchill: The Painter Tickets Shop Search Visit What's On Explore Learn Join and Support Winston Churchill: The Painter 23 May - 29 November 2026 Exhibition Galleries Admission charge, members go free Book tickets Join today to enjoy free admission to all our exhibitions. Sir Winston Churchill (1874 - 1965) was one of the great statesmen of the twentieth century - the UK’s Prime Minister during the Second World War, and a Member of Parliament for 62 years. He was also a passionate and prolific painter. In painting, he found respite from public pressures, and a lifelong source of joy. The first major retrospective of Sir Winston Churchill’s paintings since his death, this exhibition brings together more than 50 of his works. More than half are from private collections, rarely accessible to the public. Happy are the painters, for they shall not be lonely. Light and colour, peace and hope, will keep them company to the end. Winston S. Churchill, 'Painting as a Pastime' Encounter sombre wartime scenes and radiant Mediterranean views, carefully composed still-lifes and portraits, luminous Moroccan cityscapes, and deeply personal paintings of Chartwell, Churchill’s beloved home and garden. During Churchill’s lifetime, some were exhibited at the Royal Academy, or given as tokens of friendship or diplomatic gifts. But most were painted purely for the pleasure and challenge of the creative process. WINSTON CHURCHILL: THE PAINTER Discover a different side to one of the 20th century's greatest statesman. Play trailer The audio guide is packed with curator commentary and features excerpts narrated by Sir Gary Oldman. Click here to listen to the guide in your device’s web browser or scan the QR code at the exhibition entrance. Don’t forget your headphones to make the most of your visit. Speaking of guides, pick up our free family activity trail and get creative in the exhibition! Explore and learn together through drawing, writing and discussion. Want to explore more deeply? Join us for talks, tours and creative workshops, during the day and after hours, as we delve into Winston Churchill’s artistic practice and influences, art as an expression of soft power, and more. See What's On The relationship between Churchill and the Wallace Collection dates back to the Second World War. In 1942, the museum hosted the Artists Aid Russia exhibition, a fundraiser supported by his wife Clementine Churchill. Discover this extraordinary moment in the Wallace Collection’s history in our free display The Wallace Collection at War. Please note filming is not allowed inside the exhibition space during opening hours and large bags cannot be accommodated. Contact us to find out about filming before the museum opens to the public. This exhibition was made possible by: David and Molly Lowell Borthwick with the International Churchill Society Generously supported by the Blavatnik Family Foundation and Jake and Hélène Marie Shafran. We are thankful to Michael and Angela Cronk, Kathryn Uhde and other donors for their additional support of the exhibition. The Wallace Collection is grateful to the Friends of Churchill: The Painter and, in particular, to Marilyn and Lawrence Friedland, the Zarnegin family (Beverly Hills, CA) and an anonymous donor. Lead Sponsor: Corient Exhibition Sponsor: Hallmark Associate Sponsor: Sotheby's Supported by the Richard Green Gallery, London. The catalogue was generously supported by The Elizabeth Cayzer Charitable Trust. Background Image: Sir Winston Churchill, Cap d’Ail, Alpes-Maritimes C489, 1952. Royal Academy of Arts, London. © Churchill Heritage Ltd. Photo: ©Royal Academy of Arts, London; photographer: John Hammond. Return to Exhibitions and Displays Connect with us A world of art direct to your inbox Sign up to our newsletter The Wallace Collection Hertford House, Manchester Square, London W1U 3BN Made by Numiko About Us Contact Us Venue Hire Join the Team Press Governance Privacy and Cookies Cookie Settings Copyright and Images Accessibility Statement""."
wallace,The Wallace Collection at War,2026-04-15,2026-10-25,Wallace Collection's wartime exhibitions on Anglo-Soviet friendship.,https://www.wallacecollection.org/whats-on/exhibitions-displays/the-wallace-collection-at-war/,"Found on the venue's ""current/upcoming"" listing page. opening and closing date read from a sentence, not a date field: ""15 April-25 October 2026""."
wallace,Metamorphoses: Porcelain Sculpture by Rachel Kneebone,2026-09-23,2027-04-25,Kneebone's porcelain sculptures placed throughout the galleries.,https://www.wallacecollection.org/whats-on/exhibitions-displays/metamorphoses-porcelain-sculpture-by-rachel-kneebone/,"Found on the venue's ""current/upcoming"" listing page. opening and closing date read from a sentence, not a date field: ""23 September 2026-25 April 2027""."
wallace,Cosimo I de’ Medici: Art and Dynasty,2026-11-18,2027-03-21,Cosimo I de' Medici's art of power.,https://www.wallacecollection.org/whats-on/exhibitions-displays/cosimo-i-de-medici-art-and-dynasty/,"Found on the venue's ""current/upcoming"" listing page. opening and closing date read from a sentence, not a date field: ""18 November 2026-21 March 2027""."
wallace,Marie-Antoinette: An Eye for Beauty,2026-02-02,2026-03-31,Marie-Antoinette's commissions and refined taste.,https://www.wallacecollection.org/explore/past-exhibitions/marie-antoinette-an-eye-for-beauty/,"Found on the venue's ""past"" listing page."
wallace,Keeping Time: Clocks by Boulle,2024-11-27,2025-03-02,Five clocks by Boulle for Louis XIV.,https://www.wallacecollection.org/explore/past-exhibitions/keeping-time-clocks-by-boulle/,"Found on the venue's ""past"" listing page."
wallace,Flora Yukhnovich and François Boucher: The Language of the Rococo,2024-06-05,2024-11-03,Yukhnovich responds to Boucher's Rococo paintings.,https://www.wallacecollection.org/explore/past-exhibitions/flora-yukhnovich-and-francois-boucher-the-language-of-the-rococo/,"Found on the venue's ""past"" listing page."
wallace,"Ranjit Singh: Sikh, Warrior, King",2024-04-10,2024-10-20,Ranjit Singh's life in nearly 100 artworks.,https://www.wallacecollection.org/explore/past-exhibitions/ranjit-singh-sikh-warrior-king/,"Found on the venue's ""past"" listing page."
acq,JOAN MIRÓ | JEAN PAUL RIOPELLE PALM BEACH,,,Palm Beach. Two painters shown together.,https://www.acquavellagalleries.com/exhibitions/joan-miro-jean-paul-riopelle,"Found on the venue's ""all (current/upcoming/past)"" listing page. The venue's page shows only ""SEPTEMBER 2026"" for this exhibition's dates — no day is published, only the month and year."
acq,MATISSE THE PURSUIT OF HARMONY NEW YORK,2026-04-09,2026-05-22,New York. Matisse's investigation of form.,https://www.acquavellagalleries.com/exhibitions/matisse2,"Found on the venue's ""all (current/upcoming/past)"" listing page."
acq,SOFT REINS FROM DEGAS TO FORDJOUR PALM BEACH,2026-02-06,2026-04-06,Palm Beach. Horse and equestrian.,https://www.acquavellagalleries.com/exhibitions/soft-reins,"Found on the venue's ""all (current/upcoming/past)"" listing page."
acq,MASTERS OF MODERNISM FROM GAUGUIN TO WARHOL PALM BEACH,2025-12-13,2026-02-02,Palm Beach. Gauguin to Warhol survey.,https://www.acquavellagalleries.com/exhibitions/masters-of-modernism,"Found on the venue's ""all (current/upcoming/past)"" listing page."
acq,NICOLE WITTENBERG ALL THE WAY NEW YORK,2025-10-16,2025-12-05,New York. First solo.,https://www.acquavellagalleries.com/exhibitions/nicole-wittenberg2,"Found on the venue's ""all (current/upcoming/past)"" listing page."
acq,YUKA KASHIHARA STARDUST PALM BEACH,2025-10-15,2025-12-08,Palm Beach. Recent paintings.,https://www.acquavellagalleries.com/exhibitions/yuka-kashihara2,"Found on the venue's ""all (current/upcoming/past)"" listing page."
acq,MIQUEL BARCELÓ NEW YORK,2025-04-24,2025-05-30,New York. Recent work.,https://www.acquavellagalleries.com/exhibitions/miquel-barcelo4,"Found on the venue's ""all (current/upcoming/past)"" listing page."
acq,JOANI TREMBLAY ALL THE WILD THAT REMAINS PALM BEACH,2025-04-17,2025-06-15,Palm Beach. Landscape painting.,https://www.acquavellagalleries.com/exhibitions/joani-tremblay,"Found on the venue's ""all (current/upcoming/past)"" listing page."
acq,POSTWAR ABSTRACTION MOVEMENT AND FORM PALM BEACH,2025-02-28,2025-04-13,Palm Beach. Postwar abstraction including sculpture.,https://www.acquavellagalleries.com/exhibitions/postwar-abstraction,"Found on the venue's ""all (current/upcoming/past)"" listing page."
acq,PORTRAITURE: FROM CASSATT TO WARHOL NEW YORK,2025-01-21,2025-04-04,New York. Portraiture from Impressionism to today.,https://www.acquavellagalleries.com/exhibitions/portraiture-from-cassatt-to-warhol,"Found on the venue's ""all (current/upcoming/past)"" listing page. The same exhibition is also shown at Palm Beach."
acq,HARUMI KLOSSOWSKA DE ROLA SACRED WOODS PALM BEACH,2025-01-11,2025-02-23,Palm Beach. Balthus's daughter.,https://www.acquavellagalleries.com/exhibitions/harumi-klossowska-de-rola,"Found on the venue's ""all (current/upcoming/past)"" listing page."
acq,PORTRAITURE FROM CASSATT TO WARHOL PALM BEACH,2024-11-22,2025-01-05,"Portraits spanning a century, Impressionism to today.",https://www.acquavellagalleries.com/exhibitions/portraiture,"Found on the venue's ""all (current/upcoming/past)"" listing page. The same exhibition is also shown at New York."
acq,TOM SACHS BRONZE NEW YORK,2024-11-07,2024-12-13,New York. Bricolage in bronze.,https://www.acquavellagalleries.com/exhibitions/tom-sachs3,"Found on the venue's ""all (current/upcoming/past)"" listing page."
acq,JACOB EL HANANI DRAWING ON CANVAS NEW YORK,2024-09-10,2024-10-18,New York. Microscopically fine line drawing.,https://www.acquavellagalleries.com/exhibitions/jacob-el-hanani,"Found on the venue's ""all (current/upcoming/past)"" listing page."
acq,"JAMES ROSENQUIST AT MOMA F-111 ON VIEW IN THE WERNER AND ELAINE DANNHEISSER GALLERY, FOURTH FLOOR",2012-01-26,,,https://www.acquavellagalleries.com/exhibitions/james-rosenquist-at-moma,"Found on the venue's ""all (current/upcoming/past)"" listing page. No closing date found anywhere on the venue's pages. The text on this page is not a description of the exhibition, so no summary was written."
borghese,[current page],,,,https://galleriaborghese.cultura.gov.it/en/mostre/presenti/,"The venue's ""current"" listing page could not be read: the venue’s site did not respond. Marker row, not an exhibition."
borghese,[upcoming page],,,,https://galleriaborghese.cultura.gov.it/en/mostre/future/,"The venue's ""upcoming"" listing page could not be read: the venue’s site did not respond. Marker row, not an exhibition."
borghese,[past page],,,,https://galleriaborghese.cultura.gov.it/en/mostre/passate/,"The venue's ""past"" listing page could not be read: the venue’s site did not respond. Marker row, not an exhibition."
brera,Beauty and the Ideal,2025-05-16,2027-05-17,"Canova's restored plaster busts, marble Vestal, and enamel miniatures.",https://pinacotecabrera.org/en/news/mostra/beauty-and-the-ideal/,"Found on the venue's ""current"" listing page. Also listed on the venue's ""past"" page. Also listed on the venue's ""past"" page."
brera,Pinacoteca viaggiante,2025-05-16,2027-05-17,"Sommariva's 99 enamel miniatures, his 'portable' painting collection.",https://pinacotecabrera.org/en/news/mostra/pinacoteca-viaggiante/,"Found on the venue's ""current"" listing page. Also listed on the venue's ""past"" page. Also listed on the venue's ""past"" page."
brera,Giovanni Agostino da Lodi. An itinerant painter between Leonardo and Giorgione,2026-05-26,2026-09-13,"Giovanni Agostino da Lodi's rediscovered career, alongside Bellini and Giorgione.",https://pinacotecabrera.org/en/news/mostra/giovanni-agostino-da-lodi-a-traveling-painter-between-leonardo-and-giorgione/,"Found on the venue's ""current"" listing page. Also listed on the venue's ""past"" page. Also listed on the venue's ""past"" page."
brera,Oman and Italy: Two Millennia of Cross-Civilisational Dialogue,2026-06-18,2026-09-13,"Two millennia of trade and exchange, Oman and Italy.",https://pinacotecabrera.org/en/news/mostra/oman-and-italy-two-millennia-of-cross-civilisational-dialogue/,"Found on the venue's ""current"" listing page. Also listed on the venue's ""past"" page. Also listed on the venue's ""past"" page."
brera,[upcoming page],,,,https://pinacotecabrera.org/en/exhibitions-and-events/exhibitions/?current_page=1&date=scheduled,"The venue's ""upcoming"" listing page loaded but no exhibitions could be read from it. Marker row, not an exhibition."
brera,"Giorgio Armani. Milano, per amore",2025-09-24,2026-05-03,Over 120 Armani creations woven through the museum's paintings.,https://pinacotecabrera.org/en/news/mostra/giorgio-armani-milano-per-amore/,"Found on the venue's ""past"" listing page. opening date read from a sentence, not a date field: ""September 24, 2025, to January 11, 2026""."
brera,La grande pittura italiana,2025-05-24,2025-07-27,"25 confiscated paintings by postwar Italian masters, Guttuso to Novelli.",https://pinacotecabrera.org/en/news/mostra/la-grande-pittura-italiana/,"Found on the venue's ""past"" listing page."
brera,Buon Compleanno Linus,2025-06-03,2025-09-09,"Sixty years of Linus, the comics magazine, honouring Altan.",https://pinacotecabrera.org/en/news/mostra/buon-compleanno-linus/,"Found on the venue's ""past"" listing page."
brit,[current/upcoming page],,,,https://www.britishmuseum.org/exhibitions-events,"The venue's ""current/upcoming"" listing page loaded but no exhibitions could be read from it. Marker row, not an exhibition."
brit,[past page],,,,https://www.britishmuseum.org/exhibitions-events/past-exhibitions,"The venue's ""past"" listing page could not be read: the venue’s site refused us (HTTP 403). Marker row, not an exhibition."
capo,[all (current/upcoming/past) page],,,,https://capodimonte.cultura.gov.it/mostre/,"The venue's ""all (current/upcoming/past)"" listing page could not be read: the venue’s site did not respond. Marker row, not an exhibition."
dellav,Transforming Energy: Marina Abramović,2026-05-06,2026-10-18,"Marina Abramović's performance art, marking her 80th birthday.",https://www.gallerieaccademia.it/en/exhibition/transforming-energy-marina-abramovic/,"Found on the venue's ""current"" listing page. opening date read from a sentence, not a date field: ""6 May 2026-18 October 2026""."
dellav,TransLucent — The Form of Light,2026-09-10,2026-11-22,"Leiko Ikemura's glass sculptures, in dialogue with Venetian painting.",https://www.gallerieaccademia.it/en/exhibition/leiko-ikemura-translucent-the-shape-of-light/,"Found on the venue's ""current"" listing page. opening and closing date read from a sentence, not a date field: ""10 set 2026 - 22 nov 2026""."
frick,"Siena: The Art of Bronze, 1450–1500",2026-10-15,2027-01-18,"Sienese Renaissance bronzes by Donatello, Vecchietta, and Francesco di Giorgio.",https://www.frick.org/exhibitions/siena,"Found on the venue's ""current/upcoming"" listing page. opening and closing date read from a sentence, not a date field: ""October 15, 2026 to January 18, 2027""."
frick,Kent Monkman: Officer and Laughing Girl,2026-11-12,2027-02-22,Monkman's paintings responding to Vermeer's Officer and Laughing Girl.,https://www.frick.org/exhibitions/monkman,"Found on the venue's ""current/upcoming"" listing page. opening and closing date read from a sentence, not a date field: ""November 12, 2026 to February 22, 2027""."
frick,Painting with Fire: Susanne de Court and the Art of Enamel,2027-04-08,2027-07-12,"Susanne de Court's enamels, the first exhibition of her work.",https://www.frick.org/exhibitions/de_court,"Found on the venue's ""current/upcoming"" listing page. opening and closing date read from a sentence, not a date field: ""April 8, 2027 to July 12, 2027""."
frick,Ruffles & Ribbons: Fashion Plates from the Time of Marie Antoinette,2026-04-01,2026-08-03,"Late 18th-century French fashion plates, from Gallerie des Modes.",https://www.frick.org/exhibitions/ruffles,"Found on the venue's ""current/upcoming"" listing page. Also listed on the venue's ""past"" page. Also listed on the venue's ""past"" page."
frick,Gainsborough: The Fashion of Portraiture,2026-02-12,2026-05-25,"Gainsborough's portraits explored through fashion, his first NY show.",https://www.frick.org/exhibitions/gainsborough,"Found on the venue's ""current/upcoming"" listing page. Also listed on the venue's ""past"" page. Also listed on the venue's ""past"" page. Also listed on the venue's ""past"" page."
frick,To the Holy Sepulcher: Treasures from the Terra Sancta Museum,2025-10-02,2026-01-05,"Treasures from Jerusalem's Holy Sepulcher, on their first US stop.",https://www.frick.org/exhibitions/holy_sepulcher,"Found on the venue's ""current/upcoming"" listing page. Also listed on the venue's ""past"" page. Also listed on the venue's ""past"" page."
frick,Flora Yukhnovich's Four Seasons,2025-09-03,2026-03-09,"Yukhnovich's mural, reimagining Boucher's Four Seasons in the Cabinet.",https://www.frick.org/exhibitions/yukhnovich,"Found on the venue's ""past"" listing page. opening and closing date read from a sentence, not a date field: ""September 3, 2025 to March 9, 2026""."
frick,Vermeer’s Love Letters,2025-06-18,2025-08-31,"Three Vermeers on the theme of love letters, reunited.",https://www.frick.org/exhibitions/vermeer_love_letters,"Found on the venue's ""past"" listing page. opening and closing date read from a sentence, not a date field: ""June 18, 2025 to August 31, 2025""."
frick,Porcelain Garden: Vladimir Kanevsky at The Frick Collection,2025-04-17,2025-11-17,"Kanevsky's lifelike porcelain flowers, evoking the museum's original bouquets.",https://www.frick.org/exhibitions/kanevsky,"Found on the venue's ""past"" listing page. opening and closing date read from a sentence, not a date field: ""April 17, 2025 to November 17, 2025""."
frick,Highlights of Drawings from The Frick Collection,2025-04-17,2025-08-11,"Drawings from the Frick's own collection, Pisanello to Degas.",https://www.frick.org/exhibitions/highlights_drawings,"Found on the venue's ""past"" listing page. opening and closing date read from a sentence, not a date field: ""April 17, 2025 to August 11, 2025""."
khm,Canaletto & Bellotto,2026-03-24,2026-09-06,Canaletto and his nephew Bellotto's precise city views.,https://www.khm.at/en/exhibitions/canaletto-bellotto,"Found on the venue's ""current"" listing page."
khm,Head and Shoulders. Coins in Fashion,2025-11-11,,"Over a hundred coin portraits, tracing 2,400 years of fashion.",https://www.khm.at/en/exhibitions/head-and-shoulders-coins-in-fashion,"Found on the venue's ""current"" listing page. Also listed on the venue's ""upcoming"" page. No closing date found anywhere on the venue's pages."
khm,My Story – Ancient Female Portraits and Their Afterlife,,2026-09-20,"Two previously unexhibited Roman portraits of women, including Julia.",https://www.khm.at/en/exhibitions/my-story-ancient-female-portraits-and-their-afterlife,"Found on the venue's ""current"" listing page. Also listed on the venue's ""upcoming"" page. No opening date published while this exhibition is running."
khm,Crime Scene Ephesus,2026-10-20,2027-03-29,"Cleopatra's sister Arsinoë's unsolved murder mystery, archaeology at Ephesus.",https://www.khm.at/en/exhibitions/crime-scene-ephesus,"Found on the venue's ""upcoming"" listing page."
khm,Bernini - Painter and Sculptor,2026-12-02,2027-04-04,"A reattributed portrait, now credited to Bernini the painter.",https://www.khm.at/en/exhibitions/bernini-painter-and-sculptor,"Found on the venue's ""upcoming"" listing page."
khm,Prime Time – Travelling with a Roman Portable Sundial,2026-09-25,2027-03-14,How a Roman portable sundial told the time.,https://www.khm.at/en/exhibitions/prime-time-travelling-with-a-roman-portable-sundial,"Found on the venue's ""upcoming"" listing page."
louvre,Primeval Waters,2026-05-20,2027-03-15,Ancient Mesopotamia's earliest water and irrigation engineering.,https://www.louvre.fr/en/exhibitions-and-events/exhibitions/primeval-waters,"Found on the venue's ""current/upcoming"" listing page. Also listed on the venue's ""past"" page. Also listed on the venue's ""past 2025"" page."
louvre,ZURBARÁN,2026-10-07,2027-01-25,A joint Zurbarán retrospective with the National Gallery and Chicago.,https://www.louvre.fr/en/exhibitions-and-events/exhibitions/zurbaran,"Found on the venue's ""current/upcoming"" listing page."
louvre,SCULPTING COLOUR,2026-10-07,2027-01-25,"Polychrome Spanish sculpture by Gregorio Fernández, shown alongside Zurbarán.",https://www.louvre.fr/en/exhibitions-and-events/exhibitions/sculpting-colour,"Found on the venue's ""current/upcoming"" listing page."
louvre,LOUVRE PHOTO,2026-11-04,2027-05-03,"Over 300 photographs of the Louvre itself, across history.",https://www.louvre.fr/en/exhibitions-and-events/exhibitions/louvre-photo,"Found on the venue's ""current/upcoming"" listing page."
louvre,AFFINITIES,2026-06-24,2026-12-31,"Islamic art's influence on European decorative arts, fifty objects.",https://www.louvre.fr/en/exhibitions-and-events/exhibitions/affinities,"Found on the venue's ""current/upcoming"" listing page."
louvre,MICHEL LACOSTE’S DONATION TO THE MUSÉE DU LOUVRE,2026-06-26,2027-01-11,Michel Lacoste's gift of a hundred precious metalwork pieces.,https://www.louvre.fr/en/exhibitions-and-events/exhibitions/michel-lacoste-s-donation-to-the-musee-du-louvre,"Found on the venue's ""current/upcoming"" listing page."
louvre,HOSTS AT THE LOUVRE,2026-09-24,2026-12-14,Kader Attia and Elizabeth Peyton's two-year Louvre residencies.,https://www.louvre.fr/en/exhibitions-and-events/exhibitions/hosts-at-the-louvre,"Found on the venue's ""current/upcoming"" listing page."
louvre,MICHELANGELO RODIN,2026-04-15,2026-07-20,"Michelangelo and Rodin's sculpture in dialogue, body and soul.",https://www.louvre.fr/en/exhibitions-and-events/exhibitions/michelangelo-rodin,"Found on the venue's ""past"" listing page."
louvre,MARTIN SCHONGAUER,2026-04-08,2026-07-20,"Schongauer's near-complete paintings, alongside his celebrated engravings.",https://www.louvre.fr/en/exhibitions-and-events/exhibitions/martin-schongauer,"Found on the venue's ""past"" listing page."
louvre,THE CARRACCI DRAWINGS,2025-11-05,2026-02-02,"Annibale Carracci's Farnese Gallery frescoes, recreated through preparatory drawings.",https://www.louvre.fr/en/exhibitions-and-events/exhibitions/the-carracci-drawings,"Found on the venue's ""past"" listing page."
louvre,JACQUES-LOUIS DAVID,2025-10-15,2026-01-26,"Jacques-Louis David's revolutionary paintings, on his death's bicentennial.",https://www.louvre.fr/en/exhibitions-and-events/exhibitions/jacques-louis-david,"Found on the venue's ""past"" listing page."
louvre,THE MET AT THE LOUVRE,2024-02-29,2025-12-14,"Ten ancient Near Eastern works, on loan from the Met.",https://www.louvre.fr/en/exhibitions-and-events/exhibitions/the-met-at-the-louvre,"Found on the venue's ""past"" listing page. Also listed on the venue's ""past 2025"" page."
louvre,A PASSION FOR CHINA,2025-05-14,2025-08-25,"Adolphe Thiers's collection of Chinese art, 170 objects.",https://www.louvre.fr/en/exhibitions-and-events/exhibitions/a-passion-for-china,"Found on the venue's ""past"" listing page. Also listed on the venue's ""past 2025"" page."
louvre,LOUVRE COUTURE,2025-01-24,2025-08-24,Sixty-five fashion designs in dialogue with Louvre's decorative arts.,https://www.louvre.fr/en/exhibitions-and-events/exhibitions/louvre-couture,"Found on the venue's ""past"" listing page. Also listed on the venue's ""past 2025"" page."
louvre,MAMLUKS,2025-04-30,2025-07-28,"The Mamluk sultanate's art and culture, nearly 260 works.",https://www.louvre.fr/en/exhibitions-and-events/exhibitions/mamluks,"Found on the venue's ""past"" listing page. Also listed on the venue's ""past 2025"" page."
louvre,THE EXPERIENCE OF NATURE,2025-03-19,2025-06-30,Art and science entwined at Emperor Rudolf II's court.,https://www.louvre.fr/en/exhibitions-and-events/exhibitions/the-experience-of-nature,"Found on the venue's ""past"" listing page. Also listed on the venue's ""past 2025"" page."
louvre,A NEW LOOK AT CIMABUE,2025-01-22,2025-05-12,"First Cimabue exhibition, forty works together.",https://www.louvre.fr/en/exhibitions-and-events/exhibitions/a-new-look-at-cimabue,"Found on the venue's ""past"" listing page. Also listed on the venue's ""past 2025"" page."
louvre,"GUILLON-LETHIÈRE, ""BORN IN GUADELOUPE""",2024-11-13,2025-02-17,"Guillon-Lethière's rediscovered paintings, the first show on him.",https://www.louvre.fr/en/exhibitions-and-events/exhibitions/guillon-lethiere-born-in-guadeloupe,"Found on the venue's ""past"" listing page. Also listed on the venue's ""past 2025"" page."
louvre,A NEW LOOK AT WATTEAU,2024-10-16,2025-02-03,"Watteau's mysterious Pierrot, examined after fresh restoration work.",https://www.louvre.fr/en/exhibitions-and-events/exhibitions/a-new-look-at-watteau,"Found on the venue's ""past"" listing page. Also listed on the venue's ""past 2025"" page."
louvre,FIGURES OF THE FOOL,2024-10-16,2025-02-03,"Fools in Western art, 300 works.",https://www.louvre.fr/en/exhibitions-and-events/exhibitions/figures-of-the-fool,"Found on the venue's ""past"" listing page. Also listed on the venue's ""past 2025"" page."
louvre,MASTERPIECES FROM THE TORLONIA COLLECTION,2024-06-26,2025-01-06,"The Torlonia princes' ancient Roman marbles, first shown abroad.",https://www.louvre.fr/en/exhibitions-and-events/exhibitions/masterpieces-from-the-torlonia-collection,"Found on the venue's ""past"" listing page. Also listed on the venue's ""past 2025"" page."
louvre,OLYMPISM,2024-04-24,2024-09-16,"The origins of the modern Olympic Games, via Gilliéron's art.",https://www.louvre.fr/en/exhibitions-and-events/exhibitions/olympism,"Found on the venue's ""past"" listing page. Also listed on the venue's ""past 2024"" page."
menil,Wall Drawing Series: Jitish Kallat,2026-09-10,2027-08-08,Jitish Kallat's site-specific wall drawing for the Drawing Institute.,https://www.menil.org/exhibition/wall-drawing-series-jitish-kallat,"Found on the venue's ""current"" listing page."
menil,Fragility,2026-09-10,2027-01-24,"Paper as material, with works by Krasner, Hamilton, and Zarina.",https://www.menil.org/exhibition/fragility,"Found on the venue's ""current"" listing page."
menil,John Akomfrah: The Hour Of The Dog,2026-04-24,2026-10-11,Akomfrah's six-channel video on Civil Rights-era youth activism.,https://www.menil.org/exhibition/john-akomfrah-the-hour-of-the-dog,"Found on the venue's ""current"" listing page."
menil,"Foyer Installation: Mel Bochner, Chryssa, and Dorothy Hood",2026-04-01,2026-10-25,"Foyer selection of works by Bochner, Chryssa, and Hood.",https://www.menil.org/exhibition/foyer-installation-mel-bochner-chryssa-and-dorothy-hood,"Found on the venue's ""current"" listing page."
menil,Southern Outsider Artists,2026-05-06,2026-12-13,"Self-taught Southern artists, Dial, Swearingen, Bolden, Butler, and Harvey.",https://www.menil.org/exhibition/southern-outsider-artists,"Found on the venue's ""current"" listing page."
menil,Terry Winters: Vitalized Geometry,2026-09-25,2027-04-04,Four decades of Winters's printmaking practice.,https://www.menil.org/exhibition/terry-winters-vitalized-geometry,"Found on the venue's ""upcoming"" listing page."
menil,How to Make an Exhibition: The Story of Jermayne MacAgy,2026-12-11,2027-07-18,Legacy of groundbreaking curator MacAgy.,https://www.menil.org/exhibition/how-to-make-an-exhibition-the-story-of-jermayne-macagy,"Found on the venue's ""upcoming"" listing page."
menil,"D’MBA: Beauty, Desire, and Collecting an African Mask",2027-05-14,2027-11-07,African d'mba headdresses and their collectors.,https://www.menil.org/exhibition/d-mba-beauty-desire-and-collecting-an-african-mask,"Found on the venue's ""upcoming"" listing page."
menil,Sedona Surreal: Max Ernst and Dorothea Tanning in the American Southwest,2027-09-17,2028-03-12,Ernst and Tanning's surrealist years in Sedona.,https://www.menil.org/exhibition/sedona-surreal-max-ernst-and-dorothea-tanning-in-the-american-southwest,"Found on the venue's ""upcoming"" listing page."
menil,Photography from The Menil Collection: Curated by Wendy Watriss,2025-12-12,2026-08-16,Documentary photographs selected by Watriss.,https://www.menil.org/exhibition/photography-from-the-menil-collection-curated-by-wendy-watriss,"Found on the venue's ""past"" listing page."
menil,The Gift of Drawing: Cy Twombly,2026-03-27,2026-08-09,"Three decades of Twombly drawings, newly gifted.",https://www.menil.org/exhibition/the-gift-of-drawing-cy-twombly,"Found on the venue's ""past"" listing page."
menil,Wall Drawing Series: Gladys Nilsson,2025-09-05,2026-08-09,Nilsson's site-specific wall drawing of hybrid beings.,https://www.menil.org/exhibition/wall-drawing-series-gladys-nilsson,"Found on the venue's ""past"" listing page."
menil,From the Sea,2025-08-20,2026-05-03,Artworks related to the sea.,https://www.menil.org/exhibition/from-the-sea,"Found on the venue's ""past"" listing page."
menil,Foyer Installation: Pop Art,2025-08-20,2026-03-29,Pop art from the permanent collection.,https://www.menil.org/exhibition/foyer-installation-pop-art,"Found on the venue's ""past"" listing page."
menil,Robert Rauschenberg: Fabric Works of the 1970s,2025-09-19,2026-03-01,Rauschenberg's fabric sculptures from the 1970s.,https://www.menil.org/exhibition/robert-rauschenberg-fabric-works-of-the-1970s,"Found on the venue's ""past"" listing page."
menil,Lines of Resolution: Drawing at the Advent of Television and Video,2025-10-04,2026-02-08,Drawing's relationship to television and video.,https://www.menil.org/exhibition/lines-of-resolution-drawing-at-the-advent-of-television-and-video,"Found on the venue's ""past"" listing page."
menil,The Space Between Looking and Loving: Francesca Fuchs and the de Menil House,2025-05-23,2025-11-02,Fuchs's new work on the de Menil house.,https://www.menil.org/exhibition/the-space-between-looking-and-loving-francesca-fuchs-and-the-de-menil-house,"Found on the venue's ""past"" listing page."
menil,Foyer Installation: René Magritte,2025-04-02,2025-08-17,Magritte paintings from the Menil Collection.,https://www.menil.org/exhibition/foyer-installation-rene-magritte,"Found on the venue's ""past"" listing page."
menil,"Animals, Monsters, and Creatures from the Collection",2025-01-29,2025-08-17,"Paintings and objects of monstrous, fantastic creatures.",https://www.menil.org/exhibition/animals-monsters-and-creatures-from-the-collection,"Found on the venue's ""past"" listing page."
menil,What drawing can be: four responses,2025-03-21,2025-08-10,Four artists stretch the boundaries of drawing.,https://www.menil.org/exhibition/what-drawing-can-be-four-responses,"Found on the venue's ""past"" listing page."
menil,Wall Drawing Series: Ronny Quevedo,2024-09-13,2025-08-10,Quevedo's site-specific wall drawing triptych.,https://www.menil.org/exhibition/wall-drawing-series-ronny-quevedo,"Found on the venue's ""past p2"" listing page."
menil,Joe Overstreet: Taking Flight,2025-01-24,2025-07-13,First major Overstreet exhibition in thirty years.,https://www.menil.org/exhibition/joe-overstreet-taking-flight,"Found on the venue's ""past p2"" listing page."
menil,Tacita Dean: Blind Folly,2024-10-11,2025-04-19,"Dean's chance-based drawings, films and prints.",https://www.menil.org/exhibition/tacita-dean-blind-folly,"Found on the venue's ""past p2"" listing page."
menil,Out of Thin Air: Emerging Forms,2024-09-20,2025-01-26,"Artworks of emerging, indeterminate forms.",https://www.menil.org/exhibition/out-of-thin-air-emerging-forms,"Found on the venue's ""past p2"" listing page."
menil,Fragments of Memory,2024-09-20,2025-01-26,Drawings exploring personal and collective memory.,https://www.menil.org/exhibition/fragments-of-memory,"Found on the venue's ""past p2"" listing page."
menil,Portraits of Women from the Collection,2024-03-16,2024-11-10,"Portraits of women, featuring a new Neel acquisition.",https://www.menil.org/exhibition/portraits-of-women-from-the-collection,"Found on the venue's ""past p2"" listing page."
menil,"Longing, Grief, and Spirituality: Art Since 1980",2023-06-15,2024-10-10,Forty years of art expressing grief and spirituality.,https://www.menil.org/exhibition/longing-grief-and-spirituality-art-since-1980,"Found on the venue's ""past p2"" listing page."
menil,Foyer Installation: On Kawara,2024-05-08,2024-09-15,Kawara's Date Paintings marking the Moon landing.,https://www.menil.org/exhibition/foyer-installation-on-kawara,"Found on the venue's ""past p2"" listing page."
menil,Abstraction after Modernism: Recent Acquisitions,2024-04-26,2024-08-25,Recent acquisitions in abstraction after Modernism.,https://www.menil.org/exhibition/abstraction-after-modernism-recent-acquisitions,"Found on the venue's ""past p2"" listing page."
menil,Wall Drawing Series: Marc Bauer,2023-09-22,2024-08-18,Bauer's charcoal mural on history and politics.,https://www.menil.org/exhibition/wall-drawing-series-marc-bauer,"Found on the venue's ""past p2"" listing page."
menil,Janet Sobel: All-Over,2024-02-23,2024-08-11,Sobel's pioneering all-over abstract paintings reunited.,https://www.menil.org/exhibition/janet-sobel-all-over,"Found on the venue's ""past p2"" listing page."
menil,Ruth Asawa Through Line,2024-03-22,2024-07-21,"Asawa's lifelong drawing practice, first surveyed.",https://www.menil.org/exhibition/ruth-asawa-through-line,"Found on the venue's ""past p2"" listing page."
moma,[current/upcoming page],,,,https://www.moma.org/calendar/exhibitions,"The venue's ""current/upcoming"" listing page could not be read: the venue’s site refused us (HTTP 403). Marker row, not an exhibition."
moma,[past page],,,,https://www.moma.org/calendar/exhibitions/history,"The venue's ""past"" listing page could not be read: the venue’s site refused us (HTTP 403). Marker row, not an exhibition."
morgan,[current page],,,,https://www.themorgan.org/exhibitions/current,"The venue's ""current"" listing page could not be read: the venue’s site refused us (HTTP 403). Marker row, not an exhibition."
morgan,[upcoming page],,,,https://www.themorgan.org/exhibitions/upcoming,"The venue's ""upcoming"" listing page could not be read: the venue’s site refused us (HTTP 403). Marker row, not an exhibition."
morgan,[past page],,,,https://www.themorgan.org/exhibitions/past,"The venue's ""past"" listing page could not be read: the venue’s site refused us (HTTP 403). Marker row, not an exhibition."
ng,Renoir and Love,2026-10-03,2027-01-31,Renoir gathered around the theme of love.,https://www.nationalgallery.org.uk/exhibitions/renoir-and-love,"Found on the venue's ""current/upcoming"" listing page."
ng,Waldmüller: Landscapes,,2026-09-20,First UK exhibition of Waldmüller's landscapes.,https://www.nationalgallery.org.uk/exhibitions/waldm%C3%BCller-landscapes,"Found on the venue's ""current/upcoming"" listing page. No opening date published while this exhibition is running."
ng,Monet and Renoir: Painting Side by Side,2026-07-27,2026-09-22,Two Impressionist paintings at the same motif.,https://www.nationalgallery.org.uk/exhibitions/monet-and-renoir-painting-side-by-side,"Found on the venue's ""current/upcoming"" listing page. opening date taken from the site's structured data, not its visible page."
ng,Yinka Shonibare and Thomas Gainsborough: A Conversation,2026-10-15,2027-02-07,Britain's celebrated work reimagined.,https://www.nationalgallery.org.uk/exhibitions/yinka-shonibare-and-thomas-gainsborough-a-conversation,"Found on the venue's ""current/upcoming"" listing page."
ng,Van Eyck: The Portraits,2026-11-21,2027-04-11,All of Van Eyck's portraits together.,https://www.nationalgallery.org.uk/exhibitions/van-eyck-the-portraits,"Found on the venue's ""current/upcoming"" listing page."
ng,Catharina van Hemessen: Signature Works,2027-03-04,2027-05-30,Renaissance artist who painted herself into history.,https://www.nationalgallery.org.uk/exhibitions/catharina-van-hemessen,"Found on the venue's ""current/upcoming"" listing page."
ng,German Expressionism,2027-03-20,2027-08-01,Fifty German Expressionist works.,https://www.nationalgallery.org.uk/exhibitions/german-expressionism-modern-painting-1900-1918,"Found on the venue's ""current/upcoming"" listing page."
ng,Take One Picture 2026,2026-06-04,2026-08-31,Children's artworks inspired by Canaletto.,https://www.nationalgallery.org.uk/exhibitions/take-one-picture-2026,"Found on the venue's ""past"" listing page."
ng,Zurbarán,2026-05-02,2026-08-23,First UK exhibition of Zurbarán.,https://www.nationalgallery.org.uk/exhibitions/past/zurbaran,"Found on the venue's ""past"" listing page."
ng,Stubbs: Portrait of a Horse,2026-03-12,2026-05-31,"George Stubbs, master of horse painting.",https://www.nationalgallery.org.uk/exhibitions/past/stubbs-portrait-of-a-horse,"Found on the venue's ""past"" listing page."
ng,Wright of Derby: From the Shadows,2025-11-07,2026-05-10,Joseph Wright of Derby's candlelight paintings.,https://www.nationalgallery.org.uk/exhibitions/past/wright-of-derby-from-the-shadows,"Found on the venue's ""past"" listing page."
ng,ming wong: Dance of the sun on the water | Saltatio solis in aqua,2026-01-15,2026-04-06,Short film based on Saint Sebastian.,https://www.nationalgallery.org.uk/exhibitions/past/the-national-gallery-artist-in-residence-ming-wong,"Found on the venue's ""past"" listing page."
ng,Edwin Austin Abbey: By the Dawn’s Early Light,2025-11-20,2026-02-15,American artist and Pennsylvania Capitol ceiling.,https://www.nationalgallery.org.uk/exhibitions/past/edwin-austin-abbey-by-the-dawn-s-early-light,"Found on the venue's ""past"" listing page."
ng,Radical Harmony,2025-09-13,2026-02-08,"Seurat, Van Gogh, Signac and Pissarro.",https://www.nationalgallery.org.uk/exhibitions/past/radical-harmony-neo-impressionists,"Found on the venue's ""past"" listing page."
ng,Millet: Life on the Land,2025-08-07,2025-10-19,The subjects that made Millet famous.,https://www.nationalgallery.org.uk/exhibitions/past/millet-life-on-the-land,"Found on the venue's ""past"" listing page."
ng,Take One Picture 2025,2025-06-11,2025-08-31,Children's artworks inspired by de Hooch.,https://www.nationalgallery.org.uk/exhibitions/past/take-one-picture-2025,"Found on the venue's ""past"" listing page."
ng,José María Velasco,2025-03-29,2025-08-17,Mexico's landscape painter.,https://www.nationalgallery.org.uk/exhibitions/past/velasco,"Found on the venue's ""past"" listing page."
ng,The Carracci Cartoons: Myths in the Making,2025-04-10,2025-07-06,Carracci brothers' creative process.,https://www.nationalgallery.org.uk/exhibitions/past/the-carracci-cartoons-myths-in-the-making,"Found on the venue's ""past"" listing page."
ng,"Siena: The Rise of Painting, 1300 ‒1350",2025-03-08,2025-06-22,Earliest Sienese trecento paintings.,https://www.nationalgallery.org.uk/exhibitions/past/siena-the-rise-of-painting,"Found on the venue's ""past"" listing page."
ng,Parmigianino: The Vision of Saint Jerome,2024-12-05,2025-03-09,Visionary Renaissance artist at work.,https://www.nationalgallery.org.uk/exhibitions/past/parmigianino-the-vision-of-saint-jerome,"Found on the venue's ""past"" listing page."
ng,Discover Constable & The Hay Wain,2024-10-17,2025-02-02,Behind the making of The Hay Wain.,https://www.nationalgallery.org.uk/exhibitions/past/discover-constable-and-the-hay-wain,"Found on the venue's ""past"" listing page."
ng,Van Gogh: Poets and Lovers,2024-09-14,2025-01-19,Once-in-a-century Van Gogh exhibition.,https://www.nationalgallery.org.uk/exhibitions/past/van-gogh-poets-and-lovers,"Found on the venue's ""past"" listing page."
ng,NG Stories: Making a National Gallery,2024-10-04,2025-01-12,Two hundred years of Gallery history.,https://www.nationalgallery.org.uk/exhibitions/past/ng-stories,"Found on the venue's ""past"" listing page."
ng,Hockney and Piero: A Longer Look,2024-08-08,2024-10-27,Hockney against Piero della Francesca.,https://www.nationalgallery.org.uk/exhibitions/past/hockney-and-piero-a-longer-look,"Found on the venue's ""past"" listing page."
ng,Discover Degas & Miss La La,2024-06-06,2024-09-01,The circus performer's life.,https://www.nationalgallery.org.uk/exhibitions/past/discover-degas-and-miss-la-la,"Found on the venue's ""past"" listing page."
ng,Take One Picture 2024,2024-08-01,2024-09-01,Children's artworks inspired by Rousseau.,https://www.nationalgallery.org.uk/exhibitions/past/take-one-picture-2024,"Found on the venue's ""past"" listing page."
ng,The Last Caravaggio,2024-04-18,2024-07-21,Caravaggio's last painting returns to London.,https://www.nationalgallery.org.uk/exhibitions/past/the-last-caravaggio,"Found on the venue's ""past"" listing page."
rijks,ED VAN DER ELSKEN. UP CLOSE,2026-06-19,2026-09-13,Unfiltered street energy across decades.,https://www.rijksmuseum.nl/en/whats-on/exhibitions/ed-van-der-elsken,"Found on the venue's ""current/upcoming"" listing page. opening date read from a sentence, not a date field: ""19 June till 13 September 2026""."
rijks,FIEP WESTENDORP,2026-06-19,2026-09-13,150 original drawings by the illustrator.,https://www.rijksmuseum.nl/en/whats-on/exhibitions/fiep-westendorp,"Found on the venue's ""current/upcoming"" listing page. opening date read from a sentence, not a date field: ""19 June till 13 September 2026""."
rijks,CAREL VISSER IN THE RIJKSMUSEUM GARDENS,2026-06-05,2026-10-25,Most influential Dutch sculptor of the twentieth century.,https://www.rijksmuseum.nl/en/whats-on/exhibitions/carel-visser,"Found on the venue's ""current/upcoming"" listing page. opening date read from a sentence, not a date field: ""5 June to 25 October (year taken from the listing page)""."
rijks,IN THE RIJKSMUSEUM PRINT CABINETS,,2026-11-29,"Rotating prints on Roman art, satire, fairy tales.",https://www.rijksmuseum.nl/en/whats-on/exhibitions/in-the-rijksmuseum-print-cabinets,"Found on the venue's ""current/upcoming"" listing page. No opening date published while this exhibition is running."
rijks,PARTIALLY CLOSED,,,Calligraphy by Tong Yang-Tze and fashion by Hong.,https://www.rijksmuseum.nl/en/whats-on/exhibitions/asian-pavilion,"Found on the venue's ""current/upcoming"" listing page. No closing date found anywhere on the venue's pages."
rijks,WORN,2026-03-27,2027-03-21,Dress and textiles: garments from 1640 to 1930.,https://www.rijksmuseum.nl/en/whats-on/exhibitions/worn,"Found on the venue's ""current/upcoming"" listing page. opening date read from a sentence, not a date field: ""27 March 2026 to 21 March 2027""."
rijks,20th-century Galleries,,2026-11-09,New spotlights in the 20th-century galleries.,https://www.rijksmuseum.nl/en/whats-on/exhibitions/new-displays-in-the-20th-century-galleries,"Found on the venue's ""current/upcoming"" listing page. No opening date published while this exhibition is running."
rijks,WILLEM DE KOONING AT WORK,2026-10-09,2027-01-17,120 works tracing De Kooning's process.,https://www.rijksmuseum.nl/en/whats-on/exhibitions/willem-de-kooning-at-work,"Found on the venue's ""current/upcoming"" listing page. closing date read from a sentence, not a date field: ""9 October 2026 until 17 January 2027""."
rijks,DOCUMENT NETHERLANDS: NEW ENERGY,2026-10-09,2027-01-17,Annual commission to a Dutch photographer.,https://www.rijksmuseum.nl/en/whats-on/exhibitions/document-netherlands-new-energy,"Found on the venue's ""current/upcoming"" listing page. closing date read from a sentence, not a date field: ""9 October 2026 till 17 January 2027""."
rijks,DRAWING!,2027-02-12,2027-05-23,"Transformation of drawing, 100 highlights.",https://www.rijksmuseum.nl/en/whats-on/exhibitions/draw,"Found on the venue's ""current/upcoming"" listing page. closing date read from a sentence, not a date field: ""12 February till 23 May 2027""."
rijks,METAMORPHOSES,2026-02-06,2026-05-25,"Ovid: Bernini, Titian to Rodin, Magritte, Bourgeois.",https://www.rijksmuseum.nl/en/whats-on/exhibitions/metamorphoses,"Found on the venue's ""past"" listing page."
rijks,FAKE!,2026-02-06,2026-05-25,Early photocollages and photomontages.,https://www.rijksmuseum.nl/en/whats-on/exhibitions/fake,"Found on the venue's ""past"" listing page."
rijks,SUIT YOURSELF,2025-03-22,2026-03-15,A century of men's dress.,https://www.rijksmuseum.nl/en/whats-on/exhibitions/suit-yourself-or100-years-of-menswear-1750-1850,"Found on the venue's ""past"" listing page."
rijks,OCCUPIED CITY,2025-09-12,2026-01-25,"Amsterdam under occupation, Steve McQueen.",https://www.rijksmuseum.nl/en/whats-on/exhibitions/steve-mcqueen-occupied-city,"Found on the venue's ""past"" listing page."
rijks,AT HOME IN THE 17TH CENTURY,2025-10-17,2026-01-11,"Domestic life with Rembrandt, Hals, Vermeer.",https://www.rijksmuseum.nl/en/whats-on/exhibitions/past/thuis-in-de-17de-eeuw,"Found on the venue's ""past"" listing page."
rijks,DOCUMENT NEDERLAND,2025-11-01,2026-01-11,Annual Dutch photography commission.,https://www.rijksmuseum.nl/en/whats-on/exhibitions/past/document-nederland-tina-farifteh,"Found on the venue's ""past"" listing page. opening and closing date read from a sentence, not a date field: ""1 November 2025 to 11 January 2026""."
rijks,ISAMU NOGUCHI,2025-05-28,2025-10-26,Garden sculpture devoted to Noguchi.,https://www.rijksmuseum.nl/en/whats-on/exhibitions/past/isamu-noguchi-in-de-rijksmuseumtuinen,"Found on the venue's ""past"" listing page."
rijks,CROSSINGS,2025-07-04,2025-10-12,Photography from the Indian subcontinent.,https://www.rijksmuseum.nl/en/whats-on/exhibitions/crossings,"Found on the venue's ""past"" listing page."
rijks,FIONA TAN: MONOMANIA,2025-07-04,2025-09-14,The artist's view on the collection.,https://www.rijksmuseum.nl/en/whats-on/exhibitions/fiona-tan-monomania,"Found on the venue's ""past"" listing page."
rijks,ASIAN BRONZE,2024-09-27,2025-01-12,Four thousand years of Asian bronze.,https://www.rijksmuseum.nl/en/whats-on/exhibitions/past/asian-bronze,"Found on the venue's ""past"" listing page."
rijks,FESTIVAL FRENZY,2024-09-27,2025-01-12,Dutch festivals photographed.,https://www.rijksmuseum.nl/en/whats-on/exhibitions/past/document-nederland,"Found on the venue's ""past"" listing page."
rijks,LEE UFAN,2024-05-28,2024-10-27,Garden sculpture devoted to Lee Ufan.,https://www.rijksmuseum.nl/en/whats-on/exhibitions/past/lee-ufan,"Found on the venue's ""past"" listing page."
rijks,POINT OF VIEW,2024-07-05,2024-09-01,How gender has been visualised through the ages.,https://www.rijksmuseum.nl/en/whats-on/exhibitions/past/point-of-view,"Found on the venue's ""past"" listing page."
rijks,STOP MOTION,2024-07-05,2024-09-01,Photography corrected artists' inaccurate horse gallop depictions.,https://www.rijksmuseum.nl/nl/zien-en-doen/tentoonstellingen/afgelopen/stop-motion,"Found on the venue's ""past"" listing page."
rijks,EXPRESS YOURSELF,,,Wessel and Bogaerts photograph Dutch youth culture.,https://www.rijksmuseum.nl/en/whats-on/exhibitions/past/express-yourself,"Found on the venue's ""past"" listing page. The venue's page shows only ""16 Feb - 9 June"" for this exhibition's dates — no year is published anywhere."
rijks,RICHARD LONG,,,Long's interventions in the Rijksmuseum gardens.,https://www.rijksmuseum.nl/en/whats-on/exhibitions/past/richard-long,"Found on the venue's ""past"" listing page. No closing date found anywhere on the venue's pages."
rijks,MISSION MASTERPIECE,,,,https://www.rijksmuseum.nl/en/whats-on/exhibitions/past/mission-masterpiece,"Found on the venue's ""past"" listing page. The venue's own link to this exhibition is broken (HTTP 404). No closing date found anywhere on the venue's pages."
rijks,XXL PAPER,,,"The collection's largest, rarely displayed works on paper.",https://www.rijksmuseum.nl/en/whats-on/exhibitions/past/xxl-paper,"Found on the venue's ""past"" listing page. No closing date found anywhere on the venue's pages."
rijks,MODERN JAPANESE LACQUER,,,Detail and beauty of Japanese lacquer.,https://www.rijksmuseum.nl/en/whats-on/exhibitions/past/modern-japanese-lacquer,"Found on the venue's ""past"" listing page. No closing date found anywhere on the venue's pages."
rijks,REVOLUSI!,,,More than 20 personal stories from Indonesia's independence struggle.,https://www.rijksmuseum.nl/en/whats-on/exhibitions/past/revolusi,"Found on the venue's ""past"" listing page. No closing date found anywhere on the venue's pages."
rijks,VINCENT MENTZEL,,,Mentzel's photos trace photojournalism's evolution.,https://www.rijksmuseum.nl/en/whats-on/exhibitions/past/vincent-mentzel,"Found on the venue's ""past"" listing page. No closing date found anywhere on the venue's pages."
rijks,HENK WILDSCHUT,,,,https://www.rijksmuseum.nl/en/whats-on/exhibitions/past/henk-wildschut,"Found on the venue's ""past"" listing page. The venue's own link to this exhibition is broken (HTTP 404). No closing date found anywhere on the venue's pages."
rijks,ELLSWORTH KELLY,,,Nine Kelly sculptures debut in the Netherlands.,https://www.rijksmuseum.nl/en/whats-on/exhibitions/past/ellsworth-kelly,"Found on the venue's ""past"" listing page. The venue's page shows only ""Until 24 October"" for this exhibition's dates — no year is published anywhere."
rijks,SLAVERY,,,Personal stories of slavery across continents.,https://www.rijksmuseum.nl/en/whats-on/exhibitions/past/slavery,"Found on the venue's ""past"" listing page. No closing date found anywhere on the venue's pages."
rijks,ED VAN DER ELSKEN,,,Unfiltered street energy across decades.,https://www.rijksmuseum.nl/en/whats-on/exhibitions/past/ed-van-der-elsken,"Found on the venue's ""past"" listing page. The venue's own link to this exhibition is broken (HTTP 404). No closing date found anywhere on the venue's pages. Description carried over from the previous sweep; the exhibition’s own page gave no text this time."
rijks,THE STRENGTH OF DUTCH MUSEUM COLLECTIONS,,,Two portraits by Piero di Cosimo.,https://www.rijksmuseum.nl/en/whats-on/exhibitions/past/strength-of-dutch-museum-collections,"Found on the venue's ""past"" listing page. The venue's page shows only ""Until 15 December"" for this exhibition's dates — no year is published anywhere."
rijks,THE BEST ITALIAN DRAWINGS,,,Italian master drawings from the print room.,https://www.rijksmuseum.nl/en/whats-on/exhibitions/past/highlights-of-italian-drawing,"Found on the venue's ""past"" listing page. The venue's page shows only ""Until 18 November"" for this exhibition's dates — no year is published anywhere."
tate-britain,JAMES McNEILL WHISTLER,2026-05-21,2026-09-27,First major European Whistler retrospective in 30 years.,https://www.tate.org.uk/whats-on/tate-britain/whistler,"Found on the venue's ""current/upcoming"" listing page. Also listed on the venue's ""recently opened"" page. Also listed on the venue's ""recently opened"" page. opening date read from a sentence, not a date field: ""21 May - 27 September 2026""."
tate-britain,The 90s: Art and Fashion,2026-10-08,2027-02-14,Enninful curates 90s British art and fashion.,https://www.tate.org.uk/whats-on/tate-britain/the-90s,"Found on the venue's ""current/upcoming"" listing page. Also listed on the venue's ""recently opened"" page."
tate-britain,Vanessa Bell & Duncan Grant: Inside Bloomsbury,2026-11-12,2027-04-11,Bell and Grant's Bloomsbury creative partnership.,https://www.tate.org.uk/whats-on/tate-britain/vanessa-bell-and-duncan-grant,"Found on the venue's ""current/upcoming"" listing page. Also listed on the venue's ""recently opened"" page."
tate-britain,"Commission 2026: Zineb Sedira: When Words Fall Silent, Cinema Speaks",2026-05-13,2027-01-17,Sedira's new Duveen Galleries commission.,https://www.tate.org.uk/whats-on/tate-britain/zineb-sedira,"Found on the venue's ""current/upcoming"" listing page. opening date read from a sentence, not a date field: ""13 May 2026 - 17 January 2027""."
tate-britain,Art Now: Mohammed Z Rahman,2026-06-05,2026-11-08,Rahman's new paintings on home and love.,https://www.tate.org.uk/whats-on/tate-britain/art-now-mohammed-z-rahman,"Found on the venue's ""current/upcoming"" listing page. opening date read from a sentence, not a date field: ""5 June - 8 November 2026""."
tate-britain,Sonia Boyce,2027-03-24,2027-08-22,Tate's first survey of Boyce's forty-year career.,https://www.tate.org.uk/whats-on/tate-britain/sonia-boyce,"Found on the venue's ""current/upcoming"" listing page."
tate-britain,Thomas Gainsborough,2027-05-20,2027-10-10,First major Gainsborough survey in over 20 years.,https://www.tate.org.uk/whats-on/tate-britain/thomas-gainsborough,"Found on the venue's ""current/upcoming"" listing page."
tate-britain,David Hockney,2027-10-07,2028-02-20,Seven decades of Hockney's love and friendship.,https://www.tate.org.uk/whats-on/tate-britain/david-hockney,"Found on the venue's ""current/upcoming"" listing page."
tate-britain,The Tudors,2027-11-18,2028-04-23,Tate's first Tudor art exhibition in 30 years.,https://www.tate.org.uk/whats-on/tate-britain/the-tudors,"Found on the venue's ""current/upcoming"" listing page."
tate-modern,FRIDA: THE MAKING OF AN ICON,2026-06-25,2027-01-03,The life and legacy of Frida Kahlo.,https://www.tate.org.uk/whats-on/tate-modern/frida-kahlo-the-making-of-an-icon,"Found on the venue's ""current/upcoming"" listing page. Also listed on the venue's ""recently opened"" page. Also listed on the venue's ""recently opened"" page. Also listed on the venue's ""recently opened"" page. opening date read from a sentence, not a date field: ""25 June 2026 - 3 January 2027""."
tate-modern,Julio Le Parc: Light. Colour. Action.,2026-06-08,2027-05-03,Le Parc's kinetic art across seven decades.,https://www.tate.org.uk/whats-on/tate-modern/julio-le-parc,"Found on the venue's ""current/upcoming"" listing page. Also listed on the venue's ""recently opened"" page. Also listed on the venue's ""recently opened"" page. opening date read from a sentence, not a date field: ""8 June 2026 - 3 May 2027""."
tate-modern,Ana Mendieta,2026-07-14,2027-01-17,Mendieta's Silueta Series exploring body and nature.,https://www.tate.org.uk/whats-on/tate-modern/ana-mendieta,"Found on the venue's ""current/upcoming"" listing page. Also listed on the venue's ""recently opened"" page. opening date read from a sentence, not a date field: ""14 July 2026 - 17 January 2027""."
tate-modern,Light and Magic: The Birth of Art Photography,2026-10-14,2027-02-21,Pictorialism as a global photographic movement.,https://www.tate.org.uk/whats-on/tate-modern/light-and-magic,"Found on the venue's ""current/upcoming"" listing page. Also listed on the venue's ""recently opened"" page."
tate-modern,Monet: Painting Time,2027-02-25,2027-06-27,Monet's paintings and his relationship with time.,https://www.tate.org.uk/whats-on/tate-modern/monet,"Found on the venue's ""current/upcoming"" listing page. Also listed on the venue's ""recently opened"" page."
tate-modern,Ink,2027-04-22,2027-08-30,Ink painting traditions across East Asia.,https://www.tate.org.uk/whats-on/tate-modern/ink,"Found on the venue's ""current/upcoming"" listing page. Also listed on the venue's ""recently opened"" page."
tate-modern,Baya,2027-06-10,2027-10-17,First UK solo exhibition of Baya.,https://www.tate.org.uk/whats-on/tate-modern/baya,"Found on the venue's ""current/upcoming"" listing page. Also listed on the venue's ""recently opened"" page."
tate-modern,Nalini Malani,2027-07-01,2028-01-09,"Malani's six-decade career, beauty and discomfort.",https://www.tate.org.uk/whats-on/tate-modern/nalini-malani,"Found on the venue's ""current/upcoming"" listing page. Also listed on the venue's ""recently opened"" page."
tate-modern,Lynda Benglis,2027-09-30,2028-03-05,Benglis's boundary-pushing sculpture and material experiments.,https://www.tate.org.uk/whats-on/tate-modern/lynda-benglis,"Found on the venue's ""current/upcoming"" listing page. Also listed on the venue's ""recently opened"" page."
tate-modern,Edvard Munch,2027-11-11,2028-04-23,Munch's soul paintings through the lens of cinema.,https://www.tate.org.uk/whats-on/tate-modern/edvard-munch,"Found on the venue's ""current/upcoming"" listing page. Also listed on the venue's ""recently opened"" page."
tate-modern,Gathering Ground,2025-01-29,2027-03-07,Art connecting environmental and social justice.,https://www.tate.org.uk/whats-on/tate-modern/gathering-ground,"Found on the venue's ""current/upcoming"" listing page. Also listed on the venue's ""recently opened"" page. opening date read from a sentence, not a date field: ""29 January 2025 - 7 March 2027""."
tate-modern,Hyundai Commission: Tarek Atoui,2026-10-13,2027-04-11,Atoui's new Turbine Hall sound installation.,https://www.tate.org.uk/whats-on/tate-modern/tarek-atoui,"Found on the venue's ""current/upcoming"" listing page."
tate-modern,Hyundai Commission 2027,,,"Turbine Hall's next commission, artist to be announced.",https://www.tate.org.uk/whats-on/tate-modern/hyundai-commission-2027,"Found on the venue's ""current/upcoming"" listing page. No closing date found anywhere on the venue's pages."
uffizi,At Palazzo Pitti the 20th century showcased in 40 dreamlike dresses: the new arrangement at the museum of Costume and Fashion,,,Forty dresses tracing 20th-century fashion history.,https://www.uffizi.it/en/events/nuovo-allestimento-museo-moda-2025,"Found on the venue's ""current"" listing page. Also listed on the venue's ""past 2025"" page. No closing date found anywhere on the venue's pages."
uffizi,"At the Pitti Palace, the “very best” of the king’s furniture",,,Sixteen furniture masterpieces from three royal dynasties.,https://www.uffizi.it/en/events/the-king-s-furniture,"Found on the venue's ""current"" listing page. Also listed on the venue's ""past 2025"" page. No closing date found anywhere on the venue's pages."
uffizi,Sarmi’s Genius. A new exhibition at the Museum of Costume and Fashion,2026-06-18,2026-12-31,Sarmi's gowns from mid-century New York fashion.,https://www.uffizi.it/en/events/il-genio-di-sarmi-nuova-mostra-al-museo-del-costume,"Found on the venue's ""current"" listing page."
uffizi,Wax upon a time. The Medici and the arts of ceroplastics,2025-12-18,2026-04-12,Florentine wax sculpture from the Medici collections.,https://www.uffizi.it/en/events/wax-upon-a-time,"Found on the venue's ""past 2025"" listing page."
uffizi,Florence and Europe. Arts of the Eighteenth Century at the Uffizi,,,Eighteenth-century art and the Grand Tour.,https://www.uffizi.it/en/events/florence-and-europe,"Found on the venue's ""past 2025"" listing page. The venue's page shows only ""24 June"" for this exhibition's dates — no year is published anywhere."
uffizi,1925-1955 Fashion in the Spotlight. The origins of Made in Italy,2025-06-18,2025-11-02,Thirty formative years of Italian fashion history.,https://www.uffizi.it/en/events/1925-1955-fashion-the-origins-of-made-in-italy,"Found on the venue's ""past 2025"" listing page. The venue extended this exhibition; it first announced 2025-09-28 as the closing date."
uffizi,The Witch by Salvator Rosa displayed in Pitti Palace,2025-01-11,2025-02-09,Salvator Rosa's Witch displayed at Pitti Palace.,https://www.uffizi.it/en/events/the-witch-by-salvator-rosa-displayed-in-pitti-palace,"Found on the venue's ""past 2025"" listing page. opening and closing date read from a sentence, not a date field: ""11 January to 9 February 2025""."
uffizi,"Stanislao Pointeau. A Tuscan ""macchiaiolo""of French descent. An exhibition dedicated to Prof. Carlo Del Bravo",2024-10-26,2025-02-16,First monographic exhibition devoted to Pointeau.,https://www.uffizi.it/en/events/stanislao-pointeau,"Found on the venue's ""past 2024"" listing page."
uffizi,"Tuscan Tournaments. The Saracen Joust, the Crossbow Palio and the Game of the Bridge",2024-09-12,2025-01-12,"Tuscan tournaments in prints, arms and armour.",https://www.uffizi.it/en/events/tornei-di-toscana-la-giostra-del-saracino-il-palio-della-balestra-e-il-gioco-del,"Found on the venue's ""past 2024"" listing page. opening and closing date read from a sentence, not a date field: ""12 September 2024 - 12 January 2025""."
uffizi,Carlo Maria Mariani. Arte oltre il tempo,,,Sixteen works spanning Mariani's fifty-year career.,https://www.uffizi.it/en/events/carlo-maria-mariani,"Found on the venue's ""past 2024"" listing page. No closing date found anywhere on the venue's pages."
uffizi,Self-portraits on paper by 19th-century Masters,2024-08-06,2024-10-27,"Nineteenth-century self-portraits on paper, Uffizi rotation.",https://www.uffizi.it/en/events/self-portraits-on-paper-by-18th-century-masters,"Found on the venue's ""past 2024"" listing page."
uffizi,Self-portraits on paper by 18th- and early 19th-century masters,2024-05-07,2024-08-04,"Self-portraits on paper, eighteenth and nineteenth century.",https://www.uffizi.it/en/events/self-portraits-on-paper-18th-and-early-19th-centuries,"Found on the venue's ""past 2024"" listing page. opening and closing date read from a sentence, not a date field: ""7 May to 4 August 2024""."
uffizi,Uffizi: on display two masterpieces damaged by the 1993 Georgofili mafia attack,2024-05-26,2024-07-28,Manfredi paintings damaged in the Georgofili bombing.,https://www.uffizi.it/en/events/georgofili-commemoration-2024,"Found on the venue's ""past 2024"" listing page."
va,Schiaparelli: Fashion Becomes Art,2026-03-28,2026-11-15,UK's first exhibition on Schiaparelli's fashion house.,https://www.vam.ac.uk/exhibitions/schiaparelli,"Found on the venue's ""current/upcoming"" listing page. opening and closing date taken from the site's structured data, not its visible page."
va,"Rising Voices: Contemporary Art from Asia, Australia and the Pacific",2026-05-16,2027-01-10,Contemporary art from the Asia Pacific region.,https://www.vam.ac.uk/exhibitions/rising-voices-contemporary-art-from-asia-australia-and-the-pacific,"Found on the venue's ""current/upcoming"" listing page. opening and closing date taken from the site's structured data, not its visible page."
va,"Constantinople to Istanbul: One City, Two Empires",2026-11-07,2027-05-09,"1,600 years of art in one city.",https://www.vam.ac.uk/exhibitions/constantinople-to-istanbul-one-city-two-empires,"Found on the venue's ""current/upcoming"" listing page. closing date taken from the site's structured data, not its visible page."
va,Punk to Pop,2027-03-13,2028-01-02,Punk-era artists responding to austerity and turbulence.,https://www.vam.ac.uk/exhibitions/punk-to-pop,"Found on the venue's ""current/upcoming"" listing page. closing date taken from the site's structured data, not its visible page."
va,Sculpture in Clay,2027-05-29,2028-02-06,Clay as a radical sculptural medium.,https://www.vam.ac.uk/exhibitions/sculpture-in-clay,"Found on the venue's ""current/upcoming"" listing page. closing date taken from the site's structured data, not its visible page."
va,Chintz,2027-09-18,2028-06-04,"Four centuries of chintz, a coveted fabric.",https://www.vam.ac.uk/exhibitions/chintz,"Found on the venue's ""current/upcoming"" listing page. closing date taken from the site's structured data, not its visible page."
wallace,Grayson Perry: Delusions of Grandeur,2025-03-28,2025-10-26,"Perry's largest contemporary exhibition, over forty works.",https://www.wallacecollection.org/explore/past-exhibitions/grayson-perry-delusions-of-grandeur/,"Found on the venue's ""current/upcoming"" listing page. Also listed on the venue's ""past"" page. Also listed on the venue's ""past"" page."
wallace,Swords of Lucknow,2025-11-26,2026-03-22,Five ornate swords from Lucknow's Nawabi court.,https://www.wallacecollection.org/explore/past-exhibitions/swords-of-lucknow/,"Found on the venue's ""current/upcoming"" listing page. Also listed on the venue's ""past"" page. Also listed on the venue's ""past"" page."
wallace,Caravaggio's Cupid,2025-11-26,2026-04-12,Caravaggio's Cupid reunited with its original collection.,https://www.wallacecollection.org/explore/past-exhibitions/caravaggios-cupid/,"Found on the venue's ""current/upcoming"" listing page. Also listed on the venue's ""past"" page. Also listed on the venue's ""past"" page."
wallace,Winston Churchill: The Painter,2026-05-23,2026-11-29,First retrospective of Churchill's paintings since death.,https://www.wallacecollection.org/whats-on/exhibitions-displays/winston-churchill-the-painter/,"Found on the venue's ""current/upcoming"" listing page. opening and closing date read from a sentence, not a date field: ""Skip to main content Winston Churchill: The Painter Tickets Shop Search Visit What's On Explore Learn Join and Support Winston Churchill: The Painter 23 May - 29 November 2026 Exhibition Galleries Admission charge, members go free Book tickets Join today to enjoy free admission to all our exhibitions. Sir Winston Churchill (1874 - 1965) was one of the great statesmen of the twentieth century - the UK’s Prime Minister during the Second World War, and a Member of Parliament for 62 years. He was also a passionate and prolific painter. In painting, he found respite from public pressures, and a lifelong source of joy. The first major retrospective of Sir Winston Churchill’s paintings since his death, this exhibition brings together more than 50 of his works. More than half are from private collections, rarely accessible to the public. Happy are the painters, for they shall not be lonely. Light and colour, peace and hope, will keep them company to the end. Winston S. Churchill, 'Painting as a Pastime' Encounter sombre wartime scenes and radiant Mediterranean views, carefully composed still-lifes and portraits, luminous Moroccan cityscapes, and deeply personal paintings of Chartwell, Churchill’s beloved home and garden. During Churchill’s lifetime, some were exhibited at the Royal Academy, or given as tokens of friendship or diplomatic gifts. But most were painted purely for the pleasure and challenge of the creative process. WINSTON CHURCHILL: THE PAINTER Discover a different side to one of the 20th century's greatest statesman. Play trailer The audio guide is packed with curator commentary and features excerpts narrated by Sir Gary Oldman. Click here to listen to the guide in your device’s web browser or scan the QR code at the exhibition entrance. Don’t forget your headphones to make the most of your visit. Speaking of guides, pick up our free family activity trail and get creative in the exhibition! Explore and learn together through drawing, writing and discussion. Want to explore more deeply? Join us for talks, tours and creative workshops, during the day and after hours, as we delve into Winston Churchill’s artistic practice and influences, art as an expression of soft power, and more. See What's On The relationship between Churchill and the Wallace Collection dates back to the Second World War. In 1942, the museum hosted the Artists Aid Russia exhibition, a fundraiser supported by his wife Clementine Churchill. Discover this extraordinary moment in the Wallace Collection’s history in our free display The Wallace Collection at War. Please note filming is not allowed inside the exhibition space during opening hours and large bags cannot be accommodated. Contact us to find out about filming before the museum opens to the public. This exhibition was made possible by: David and Molly Lowell Borthwick with the International Churchill Society Generously supported by the Blavatnik Family Foundation and Jake and Hélène Marie Shafran. We are thankful to Michael and Angela Cronk, Kathryn Uhde and other donors for their additional support of the exhibition. The Wallace Collection is grateful to the Friends of Churchill: The Painter and, in particular, to Marilyn and Lawrence Friedland, the Zarnegin family (Beverly Hills, CA) and an anonymous donor. Lead Sponsor: Corient Exhibition Sponsor: Hallmark Associate Sponsor: Sotheby's Supported by the Richard Green Gallery, London. The catalogue was generously supported by The Elizabeth Cayzer Charitable Trust. Background Image: Sir Winston Churchill, Cap d’Ail, Alpes-Maritimes C489, 1952. Royal Academy of Arts, London. © Churchill Heritage Ltd. Photo: ©Royal Academy of Arts, London; photographer: John Hammond. Return to Exhibitions and Displays Connect with us A world of art direct to your inbox Sign up to our newsletter The Wallace Collection Hertford House, Manchester Square, London W1U 3BN Made by Numiko About Us Contact Us Venue Hire Join the Team Press Governance Privacy and Cookies Cookie Settings Copyright and Images Accessibility Statement""."
wallace,The Wallace Collection at War,2026-04-15,2026-10-25,Wallace Collection's wartime exhibitions on Anglo-Soviet friendship.,https://www.wallacecollection.org/whats-on/exhibitions-displays/the-wallace-collection-at-war/,"Found on the venue's ""current/upcoming"" listing page. opening and closing date read from a sentence, not a date field: ""15 April-25 October 2026""."
wallace,Metamorphoses: Porcelain Sculpture by Rachel Kneebone,2026-09-23,2027-04-25,Kneebone's porcelain sculptures placed throughout the galleries.,https://www.wallacecollection.org/whats-on/exhibitions-displays/metamorphoses-porcelain-sculpture-by-rachel-kneebone/,"Found on the venue's ""current/upcoming"" listing page. opening and closing date read from a sentence, not a date field: ""23 September 2026-25 April 2027""."
wallace,Cosimo I de’ Medici: Art and Dynasty,2026-11-18,2027-03-21,Cosimo I de' Medici's art of power.,https://www.wallacecollection.org/whats-on/exhibitions-displays/cosimo-i-de-medici-art-and-dynasty/,"Found on the venue's ""current/upcoming"" listing page. opening and closing date read from a sentence, not a date field: ""18 November 2026-21 March 2027""."
wallace,Marie-Antoinette: An Eye for Beauty,2026-02-02,2026-03-31,Marie-Antoinette's commissions and refined taste.,https://www.wallacecollection.org/explore/past-exhibitions/marie-antoinette-an-eye-for-beauty/,"Found on the venue's ""past"" listing page."
wallace,Keeping Time: Clocks by Boulle,2024-11-27,2025-03-02,Five clocks by Boulle for Louis XIV.,https://www.wallacecollection.org/explore/past-exhibitions/keeping-time-clocks-by-boulle/,"Found on the venue's ""past"" listing page."
wallace,Flora Yukhnovich and François Boucher: The Language of the Rococo,2024-06-05,2024-11-03,Yukhnovich responds to Boucher's Rococo paintings.,https://www.wallacecollection.org/explore/past-exhibitions/flora-yukhnovich-and-francois-boucher-the-language-of-the-rococo/,"Found on the venue's ""past"" listing page."
wallace,"Ranjit Singh: Sikh, Warrior, King",2024-04-10,2024-10-20,Ranjit Singh's life in nearly 100 artworks.,https://www.wallacecollection.org/explore/past-exhibitions/ranjit-singh-sikh-warrior-king/,"Found on the venue's ""past"" listing page."
artic,Mary Cassatt: After Impressionism,2026-09-06,2027-01-03,Cassatt's paintings after the Impressionist years.,https://www.artic.edu/exhibitions/10487/mary-cassatt-after-impressionism,"Found on the venue's ""current"" listing page. Also listed on the venue's ""upcoming"" page. Also listed on the venue's ""past 2026"" page. Also listed on the venue's ""past 2025"" page. Also listed on the venue's ""past 2024"" page. Also listed on the venue's ""past 2023"" page. Also listed on the venue's ""past p2 2026"" page. Also listed on the venue's ""past p2 2025"" page. Also listed on the venue's ""past p2 2024"" page. Also listed on the venue's ""past p2 2023"" page."
artic,Willem de Kooning Drawing,2026-06-14,2026-09-20,"De Kooning's expansive drawing practice, first exhibition.",https://www.artic.edu/exhibitions/9993/willem-de-kooning-drawing,"Found on the venue's ""current"" listing page."
artic,Lee Miller: Fearless,2026-08-29,2026-12-07,First comprehensive survey of Miller's photographs.,https://www.artic.edu/exhibitions/10521/lee-miller-fearless,"Found on the venue's ""current"" listing page."
artic,Beyond Form: Abstraction at Midcentury,2026-06-27,2026-10-19,"Global abstraction, 65 artists, 1940 to 1970.",https://www.artic.edu/exhibitions/10694/beyond-form-abstraction-at-midcentury,"Found on the venue's ""current"" listing page."
artic,"Self, Made: Fourteen Modern Artists from the Richard and Ellen Sandor Family Collection",2026-06-25,2026-11-09,Modern artists from the Sandor family collection.,https://www.artic.edu/exhibitions/10587/self-made-fourteen-modern-artists-from-the-richard-and-ellen-sandor-family-collection,"Found on the venue's ""current"" listing page."
artic,Abigail Lucien: Blood of the Earth,2026-06-18,2027-01-25,Lucien's iron sculptures and their histories.,https://www.artic.edu/exhibitions/10693/abigail-lucien-blood-of-the-earth,"Found on the venue's ""current"" listing page."
artic,Embroidered Traditions from Morocco to Afghanistan,2026-05-02,2027-01-25,Embroidery traditions across Morocco to Afghanistan.,https://www.artic.edu/exhibitions/10585/embroidered-traditions-from-morocco-to-afghanistan,"Found on the venue's ""current"" listing page."
artic,Raqib Shaw: Paradise Lost,2025-06-07,2026-11-15,Shaw's fantastical paintings on identity and transformation.,https://www.artic.edu/exhibitions/10569/raqib-shaw-paradise-lost,"Found on the venue's ""current"" listing page."
artic,Edgar Calel: Corn Mountain of Life (Ixim Juyu K’aslem),2026-05-02,2026-09-13,Calel's hut and corn sculpture installation.,https://www.artic.edu/exhibitions/10586/edgar-calel-corn-mountain-of-life-ixim-juyu-kaslem,"Found on the venue's ""current"" listing page."
artic,Jitish Kallat: Public Notice 3,2024-09-09,2026-09-14,Kallat's staircase installation on Vivekananda's speech.,https://www.artic.edu/exhibitions/10453/jitish-kallat-public-notice-3-2,"Found on the venue's ""current"" listing page."
artic,Jill Mulleady: The Passenger,2026-09-19,2027-01-18,"Mulleady's first solo museum show, twenty paintings.",https://www.artic.edu/exhibitions/10588/jill-mulleady-the-passenger,"Found on the venue's ""upcoming"" listing page."
artic,Tony Cokes: On Boredom,2026-10-03,2027-03-14,Cokes's video and billboard text installation.,https://www.artic.edu/exhibitions/10777/tony-cokes-on-boredom,"Found on the venue's ""upcoming"" listing page."
artic,Beatriz González: In Series and Full Color,2026-11-15,2027-03-01,First retrospective of González's drawings and prints.,https://www.artic.edu/exhibitions/10589/beatriz-gonzalez-in-series-and-full-color,"Found on the venue's ""upcoming"" listing page."
artic,Zurbarán: Divine Light,2027-02-28,2027-06-20,First US Zurbarán exhibition in forty years.,https://www.artic.edu/exhibitions/10208/zurbaran-divine-light,"Found on the venue's ""upcoming"" listing page."
artic,Vilhelm Hammershøi: Pictures from Home,2027-06-19,2027-10-03,Hammershøi's paintings of his Copenhagen apartment.,https://www.artic.edu/exhibitions/10458/vilhelm-hammershoi-pictures-from-home,"Found on the venue's ""upcoming"" listing page."
artic,"Carroll Dunham: Drawings, 1974–2024",2026-01-31,2026-06-01,Fifty years of Dunham's drawings.,https://www.artic.edu/exhibitions/10558/carroll-dunham-drawings-1974-2024,"Found on the venue's ""past 2026"" listing page."
artic,"Lucas Samaras: Sitting, Standing, Walking, Looking",2026-01-31,2026-07-20,Samaras's Polaroid self-photographs over seven decades.,https://www.artic.edu/exhibitions/10584/lucas-samaras-sitting-standing-walking-looking,"Found on the venue's ""past 2026"" listing page."
artic,"Korean National Treasures: 2,000 Years of Art",2026-03-07,2026-07-05,Korean art treasures from the Lee Kun-Hee gift.,https://www.artic.edu/exhibitions/10209/korean-national-treasures-2000-years-of-art,"Found on the venue's ""past 2026"" listing page."
artic,Matisse’s Jazz: Rhythms in Color,2026-03-07,2026-06-01,Matisse's cut-paper Jazz series.,https://www.artic.edu/exhibitions/10557/matisses-jazz-rhythms-in-color,"Found on the venue's ""past 2026"" listing page."
artic,Modern Japanese Portraits in Print,2025-01-23,2025-04-14,"Postwar Japanese woodblock portraits, four printmakers.",https://www.artic.edu/exhibitions/10606/modern-japanese-portraits-in-print,"Found on the venue's ""past 2025"" listing page."
artic,Myth and Marble: Ancient Roman Sculpture from the Torlonia Collection,2025-03-15,2025-06-29,"Fifty-eight ancient Roman sculptures, Torlonia Collection.",https://www.artic.edu/exhibitions/10257/myth-marble-ancient-roman-sculpture-from-the-torlonia-collection,"Found on the venue's ""past 2025"" listing page."
artic,Lines of Connection: Drawing and Printmaking,2025-03-15,2025-06-01,"Drawing and printmaking's connections, ninety works.",https://www.artic.edu/exhibitions/10194/lines-of-connection-drawing-printmaking,"Found on the venue's ""past 2025"" listing page."
artic,"En el principio / In the beginning: Juliana Góngora Rojas, Matías Quintero Sepúlveda, Juven Piranga Valencia, and Yinela Piranga Valencia",2025-03-29,2025-07-28,Góngora and collaborators' Amazon community installation.,https://www.artic.edu/exhibitions/10416/en-el-principio-in-the-beginning-juliana-gongora-rojas-matias-quintero-sepulveda-juven-piranga-valencia-and-yinela-piranga-valencia,"Found on the venue's ""past 2025"" listing page."
artic,Frida Kahlo’s Month in Paris: A Friendship with Mary Reynolds,2025-03-29,2025-07-13,Kahlo's Paris friendship with Mary Reynolds.,https://www.artic.edu/exhibitions/10397/frida-kahlos-month-in-paris-a-friendship-with-mary-reynolds,"Found on the venue's ""past 2025"" listing page."
artic,Japan’s Great Female Poets,2025-04-15,2025-07-14,Heian-era poets in prints and legend.,https://www.artic.edu/exhibitions/10611/japans-great-female-poets-3,"Found on the venue's ""past 2025"" listing page."
artic,"Iman Issa: A Game, or So You May Think",2025-05-03,2025-09-21,"Issa's Heritage Studies, altered historical artifacts.",https://www.artic.edu/exhibitions/10507/iman-issa-a-game-or-so-you-may-think,"Found on the venue's ""past 2025"" listing page."
artic,H. C. Westermann: Anchor Clanker,2025-05-17,2026-05-11,Westermann's woodworking and wartime-shaped worldview.,https://www.artic.edu/exhibitions/10566/hc-westermann-anchor-clanker,"Found on the venue's ""past 2025"" listing page."
artic,Contemporary Drawings from the Stenn Family Collection,2025-06-28,2025-09-15,Stenn family's gift of 100 drawings.,https://www.artic.edu/exhibitions/10502/contemporary-drawings-from-the-stenn-family-collection,"Found on the venue's ""past 2025"" listing page."
artic,Gustave Caillebotte: Painting His World,2025-06-29,2025-10-05,Caillebotte's paintings of family and friends.,https://www.artic.edu/exhibitions/10068/gustave-caillebotte-painting-his-world,"Found on the venue's ""past 2025"" listing page."
artic,"The Dawn of Modernity: Japanese Prints, 1850–1900",2025-07-15,2025-10-13,Japanese prints documenting Japan's modernization era.,https://www.artic.edu/exhibitions/10644/the-dawn-of-modernity-japanese-prints-1850-1900,"Found on the venue's ""past 2025"" listing page."
artic,Pixy Liao: Relationship Material,2025-07-26,2025-12-08,Liao's staged self-portraits with her partner.,https://www.artic.edu/exhibitions/10548/pixy-liao-relationship-material,"Found on the venue's ""past 2025"" listing page."
artic,Charles Gaines: Night/Crimes,2025-08-16,2026-02-01,Gaines pairs crime scenes with constellations.,https://www.artic.edu/exhibitions/10568/charles-gaines-nightcrimes,"Found on the venue's ""past 2025"" listing page."
artic,"Leslie Thornton: Jennifer, Where Are You?",2025-08-23,2026-01-11,Thornton's film on speech and perception.,https://www.artic.edu/exhibitions/10706/leslie-thornton-jennifer-where-are-you,"Found on the venue's ""past 2025"" listing page."
artic,Elizabeth Catlett: “A Black Revolutionary Artist and All That It Implies”,2025-08-30,2026-01-04,"Catlett's sculpture, printmaking and activism.",https://www.artic.edu/exhibitions/10220/elizabeth-catlett-a-black-revolutionary-artist-and-all-that-it-implies,"Found on the venue's ""past 2025"" listing page."
artic,Tuan Andrew Nguyen: We Were Lost in Our Country,2025-09-05,2026-03-08,Nguyen's film on Ngurrara Canvas II.,https://www.artic.edu/exhibitions/10618/tuan-andrew-nguyen-we-were-lost-in-our-country,"Found on the venue's ""past 2025"" listing page."
artic,On Loss and Absence: Textiles of Mourning and Survival,2025-09-06,2026-03-15,"Textiles of mourning, over 100 objects.",https://www.artic.edu/exhibitions/9772/on-loss-and-absence-textiles-of-mourning-and-survival,"Found on the venue's ""past 2025"" listing page."
artic,Diane Simpson: “Good for Future”,2025-10-04,2026-04-19,Simpson's outdoor sculptures from 1980s drawings.,https://www.artic.edu/exhibitions/10630/diane-simpson-good-for-future,"Found on the venue's ""past 2025"" listing page."
artic,Strange Realities: The Symbolist Imagination,2025-10-04,2026-01-05,"Symbolism's dark, mysterious imaginative vocabulary.",https://www.artic.edu/exhibitions/10094/strange-realities-the-symbolist-imagination,"Found on the venue's ""past 2025"" listing page."
artic,János Megyik Photograms,2024-02-03,2024-07-08,Megyik's photograms of larch wood constructions.,https://www.artic.edu/exhibitions/10200/janos-megyik-photograms,"Found on the venue's ""past 2024"" listing page."
artic,Threaded Visions: Contemporary Weavings from the Collection,2024-02-24,2024-08-26,Contemporary weavings by thirteen artists.,https://www.artic.edu/exhibitions/10262/threaded-visions-contemporary-weavings-from-the-collection,"Found on the venue's ""past 2024"" listing page."
artic,A Sign of Things to Come: Prints by Japanese Women Artists after 1950,2024-04-18,2024-07-15,Postwar prints by Japanese women artists.,https://www.artic.edu/exhibitions/10320/a-sign-of-things-to-comea-sign-of-things-to-come-prints-by-japanese-women-artists-after-1950,"Found on the venue's ""past 2024"" listing page."
artic,Christina Ramberg: A Retrospective,2024-04-20,2024-08-11,"Ramberg's retrospective, first in thirty years.",https://www.artic.edu/exhibitions/9723/christina-ramberg-a-retrospective,"Found on the venue's ""past 2024"" listing page."
artic,"Foreign Exchange: Photography between Chicago, Japan, and Germany, 1920–1960",2024-05-04,2024-09-09,"Photographic exchange between Germany, Japan, the US.",https://www.artic.edu/exhibitions/10311/foreign-exchange-photography-between-chicago-japan-and-germany-1920-1960,"Found on the venue's ""past 2024"" listing page."
artic,John Knight: A work in situ,2024-05-04,2024-09-22,Knight's site-specific and context-dependent works.,https://www.artic.edu/exhibitions/10341/john-knight-working-title,"Found on the venue's ""past 2024"" listing page."
artic,"Four Chicago Artists: Theodore Halkin, Evelyn Statsinger, Barbara Rossi, and Christina Ramberg",2024-05-11,2024-08-26,"Four Chicago artists' inventive, personal compositions.",https://www.artic.edu/exhibitions/10097/four-chicago-artists-theodore-halkin-evelyn-statsinger-barbara-rossi-and-christina-ramberg,"Found on the venue's ""past 2024"" listing page."
artic,Georgia O’Keeffe: “My New Yorks”,2024-06-02,2024-09-22,O'Keeffe's paintings of 1920s New York.,https://www.artic.edu/exhibitions/9539/georgia-okeeffe-my-new-yorks,"Found on the venue's ""past 2024"" listing page."
artic,Ellsworth Kelly: Spectrum Colors Arranged by Chance,2024-06-22,2024-09-09,Kelly's chance-arranged Spectrum Colors collages.,https://www.artic.edu/exhibitions/10279/ellsworth-kelly-spectrum-colors-arranged-by-chance,"Found on the venue's ""past 2024"" listing page."
artic,Bruce Nauman: Clown Torture,2024-06-22,2024-12-02,"Nauman's clowns in absurd, aural cacophony.",https://www.artic.edu/exhibitions/10461/bruce-nauman-clown-torture,"Found on the venue's ""past 2024"" listing page."
artic,Kabuki-Actor Portraits by Tōshūsai Sharaku,2024-07-18,2024-10-14,Sharaku's Kabuki actor portrait prints.,https://www.artic.edu/exhibitions/10426/kabuki-actor-portraits-by-toshusai-sharaku,"Found on the venue's ""past 2024"" listing page."
artic,Screens: A Panafrica Film Series,2024-08-10,2025-01-06,Five moving-image works on Pan-Africanism.,https://www.artic.edu/exhibitions/10390/screens-a-panafrica-film-series,"Found on the venue's ""past 2024"" listing page."
artic,Germane Barnes: Columnar Disorder,2024-09-21,2025-01-27,Barnes reimagines classical columns through Black history.,https://www.artic.edu/exhibitions/10310/germane-barnes-columnar-disorder,"Found on the venue's ""past 2024"" listing page."
artic,Mascon: A Massive Concentration of Black Interscalar Energy,2024-09-26,2025-03-17,Otolith Group mural on Senegalese cinema.,https://www.artic.edu/exhibitions/10445/cine-sahel-cinegeometries-of-cinemafricana,"Found on the venue's ""past 2024"" listing page."
artic,Nancy Holt: Seeing in the Round,2024-10-05,2025-04-20,Holt's viewing-device sculptures shown outdoors.,https://www.artic.edu/exhibitions/10488/nancy-holt-seeing-in-the-round,"Found on the venue's ""past 2024"" listing page."
artic,Paula Modersohn-Becker: I Am Me,2024-10-12,2025-01-12,First US museum survey of Modersohn-Becker.,https://www.artic.edu/exhibitions/9592/paula-modersohn-becker,"Found on the venue's ""past 2024"" listing page."
artic,Transitory Beauty: Japanese Fan Prints,2024-10-17,2025-01-20,"Japanese fan prints, featuring Hiroshige.",https://www.artic.edu/exhibitions/10447/transitory-beauty-japanese-fan-prints-2,"Found on the venue's ""past 2024"" listing page."
artic,French Neoclassical Paintings from The Horvitz Collection,2024-10-19,2025-01-06,Neoclassical paintings from the Horvitz Collection.,https://www.artic.edu/exhibitions/10418/french-neoclassical-paintings-from-the-horvitz-collection,"Found on the venue's ""past 2024"" listing page."
artic,One Hundred Famous Views of Edo,2025-10-15,2026-01-05,Hiroshige's celebrated views of Edo.,https://www.artic.edu/exhibitions/10753/hiroshiges-one-hundred-famous-views-of-edo,"Found on the venue's ""past p2 2025"" listing page."
artic,Jane Alexander: Infantry with beast,2025-11-15,2026-01-12,Alexander's marching dog-headed figures installation.,https://www.artic.edu/exhibitions/10583/jane-alexander-infantry-with-beast,"Found on the venue's ""past p2 2025"" listing page."
artic,Bruce Goff: Material Worlds,2025-12-20,2026-03-29,Retrospective of Goff's idiosyncratic houses.,https://www.artic.edu/exhibitions/10171/bruce-goff-material-worlds,"Found on the venue's ""past p2 2025"" listing page."
artic,Jeremy Frey: Woven,2024-10-26,2025-02-10,Frey's Passamaquoddy basket-weaving retrospective.,https://www.artic.edu/exhibitions/10212/jeremy-frey-woven,"Found on the venue's ""past p2 2024"" listing page."
artic,Revolution to Restoration: French Drawings from The Horvitz Collection,2024-10-26,2025-01-06,French drawings from the Horvitz Collection.,https://www.artic.edu/exhibitions/10127/revolution-to-restoration-french-drawings-from-the-horvitz-collection,"Found on the venue's ""past p2 2024"" listing page."
artic,After the End of the World: Pictures from Panafrica,2024-11-02,2025-04-21,Seventeen artists on Pan-Africanist views of land.,https://www.artic.edu/exhibitions/10409/after-the-end-of-the-world-pictures-from-panafrica,"Found on the venue's ""past p2 2024"" listing page."
artic,Neapolitan Crèche,2024-11-21,2025-01-06,Eighteenth-century Neapolitan Nativity terracotta figures.,https://www.artic.edu/exhibitions/10518/neapolitan-creche-807,"Found on the venue's ""past p2 2024"" listing page."
artic,"Beatriz Santiago Muñoz: The Crow, the Trench, and the Mare",2024-12-14,2025-03-08,Muñoz film on time and translation.,https://www.artic.edu/exhibitions/10516/munoz-wt,"Found on the venue's ""past p2 2024"" listing page."
artic,Project a Black Planet: The Art and Culture of Panafrica,2024-12-15,2025-03-30,Major survey of Pan-Africanist art and culture.,https://www.artic.edu/exhibitions/10157/project-a-black-planet-the-art-and-culture-of-panafrica,"Found on the venue's ""past p2 2024"" listing page."
capo,[all (current/upcoming/past) page],,,,https://capodimonte.cultura.gov.it/mostre/,"The venue's ""all (current/upcoming/past)"" listing page could not be read: the page did not finish loading in time. Marker row, not an exhibition."
met,Musical Bodies,2026-06-07,2026-09-27,Instruments as sculptural and bodily objects from the Met's collection.,https://www.metmuseum.org/exhibitions/musical-bodies,"Found on the venue's ""current/upcoming"" listing page. opening and closing date taken from the site's structured data, not its visible page."
met,Costume Art,2026-05-10,2027-01-10,Costume Institute spring show. Inaugurates new fashion galleries.,https://www.metmuseum.org/exhibitions/costume-art,"Found on the venue's ""current/upcoming"" listing page. opening date taken from the site's structured data, not its visible page."
met,Orientalism: Between Fact and Fantasy,2026-06-12,2027-02-28,Nineteenth-century European depictions of the Middle East and North Africa.,https://www.metmuseum.org/exhibitions/orientalism-between-fact-and-fantasy,"Found on the venue's ""current/upcoming"" listing page. opening date taken from the site's structured data, not its visible page."
met,A King’s Carpet: Louis XIV and the Savonnerie,2026-09-08,2028-03-05,Savonnerie carpets and French court display.,https://www.metmuseum.org/exhibitions/a-kings-carpet-louis-xiv-and-the-savonnerie,"Found on the venue's ""current/upcoming"" listing page. opening date taken from the site's structured data, not its visible page."
met,"Futurism, Constructivism, and Dada in Georgia, 1917–1928",2026-08-13,2026-10-27,The avant-garde in Tbilisi during Georgia's brief independence.,https://www.metmuseum.org/exhibitions/futurism-constructivism-and-dada-in-georgia-1917-1928,"Found on the venue's ""current/upcoming"" listing page. opening and closing date taken from the site's structured data, not its visible page."
met,Independence and Identity: Selections from the Department of Drawings and Prints,2026-05-14,2026-09-29,Works on paper addressing independence movements.,https://www.metmuseum.org/exhibitions/independence-and-identity-selections-from-the-department-of-drawings-and-prints,"Found on the venue's ""current/upcoming"" listing page. opening and closing date taken from the site's structured data, not its visible page."
met,Rediscovering Della Robbia at The Met,2026-08-10,2028-01-17,Glazed terracotta from the Della Robbia workshop.,https://www.metmuseum.org/exhibitions/rediscovering-della-robbia-at-the-met,"Found on the venue's ""current/upcoming"" listing page. opening date taken from the site's structured data, not its visible page."
met,Cottage Industry: The Val-Kill Furniture Shop,2026-07-18,2027-05-09,Eleanor Roosevelt's Val-Kill workshop.,https://www.metmuseum.org/exhibitions/cottage-industry-the-val-kill-furniture-shop,"Found on the venue's ""current/upcoming"" listing page. opening date taken from the site's structured data, not its visible page."
met,City of Memory: Nanjing in the Seventeenth Century,2026-06-27,2027-01-03,Chinese painting from the Ming–Qing transition.,https://www.metmuseum.org/exhibitions/city-of-memory-nanjing-in-the-17th-century,"Found on the venue's ""current/upcoming"" listing page. opening date taken from the site's structured data, not its visible page."
met,P. S. Art 2026: Celebrating the Creative Spirit of New York City Kids,2026-06-09,2026-10-26,New York City public-school students' artworks.,https://www.metmuseum.org/exhibitions/p-s-art-2026-celebrating-the-creative-spirit-of-new-york-city-kids,"Found on the venue's ""current/upcoming"" listing page. opening and closing date taken from the site's structured data, not its visible page."
met,Flip Sides: Seeing Korean Art Anew,2026-03-16,2027-05-31,Korean objects revealing their reverse or hard-to-see aspects.,https://www.metmuseum.org/exhibitions/flip-sides-seeing-korean-art-anew,"Found on the venue's ""current/upcoming"" listing page. opening date taken from the site's structured data, not its visible page."
met,Celebrating the Year of the Horse,2026-02-07,2027-01-26,Asian works for the lunar new year.,https://www.metmuseum.org/exhibitions/celebrating-the-year-of-the-horse,"Found on the venue's ""current/upcoming"" listing page. opening date taken from the site's structured data, not its visible page."
met,"Household Gods: Hindu Devotional Prints, 1860–1930",2026-01-24,2027-06-27,Hindu devotional chromolithographs and domestic devotion.,https://www.metmuseum.org/exhibitions/household-gods-hindu-devotional-prints-1860-1930,"Found on the venue's ""current/upcoming"" listing page. opening date taken from the site's structured data, not its visible page."
met,The Infinite Artistry of Japanese Ceramics,2026-01-19,2027-08-08,"Japanese ceramic traditions across technique, glaze and form.",https://www.metmuseum.org/exhibitions/the-infinite-artistry-of-japanese-ceramics,"Found on the venue's ""current/upcoming"" listing page. opening date taken from the site's structured data, not its visible page."
met,Ecologies of Painting,2026-01-01,2027-01-17,"Painting through landscape, environment and material relations.",https://www.metmuseum.org/exhibitions/ecologies-of-painting,"Found on the venue's ""current/upcoming"" listing page. opening date taken from the site's structured data, not its visible page."
met,Afterlives: Contemporary Art in the Byzantine Crypt,2024-01-29,2027-01-10,Contemporary work in the Byzantine galleries.,https://www.metmuseum.org/exhibitions/afterlives-contemporary-art-in-the-byzantine-crypt,"Found on the venue's ""current/upcoming"" listing page. opening date taken from the site's structured data, not its visible page."
met,Chasing Clouds,2026-09-14,2027-02-28,"Cloud studies across painting, drawing and photography.",https://www.metmuseum.org/exhibitions/chasing-clouds,"Found on the venue's ""current/upcoming"" listing page."
met,"The Genesis Facade Commission: Liu Wei, Speculation",2026-09-17,2027-06-08,Liu Wei's sculptures for the facade niches.,https://www.metmuseum.org/exhibitions/the-genesis-facade-commission-liu-wei,"Found on the venue's ""current/upcoming"" listing page."
met,David Hartt: Peripheries,2026-09-25,2027-02-07,"Architecture, migration and the edges of cities.",https://www.metmuseum.org/exhibitions/david-hartt-peripheries,"Found on the venue's ""current/upcoming"" listing page."
met,There Are No Words: Si Lewen's Parade,2026-10-01,2027-01-05,Wordless picture sequence on war.,https://www.metmuseum.org/exhibitions/there-are-no-words-si-lewens-parade,"Found on the venue's ""current/upcoming"" listing page."
met,Krasner and Pollock: Past Continuous,2026-10-04,2027-01-31,"Lee Krasner and Jackson Pollock, exchange and divergence.",https://www.metmuseum.org/exhibitions/krasner-and-pollock-past-continuous,"Found on the venue's ""current/upcoming"" listing page."
met,Designing the Gilded Age: Drawings from the Studios of Louis C. Tiffany,2026-10-22,2027-02-07,Drawings from Tiffany's decorating studios.,https://www.metmuseum.org/exhibitions/designing-the-gilded-age-drawings-from-the-studios-of-louis-c-tiffany,"Found on the venue's ""current/upcoming"" listing page."
met,Across Wine-Dark Seas: Art and Identity beyond Ancient Greece,2026-12-20,2027-04-11,Greek visual culture around the Mediterranean.,https://www.metmuseum.org/exhibitions/across-wine-dark-seas-art-and-identity-beyond-ancient-greece,"Found on the venue's ""current/upcoming"" listing page."
met,Baseball Cards from the Collection of Jefferson R. Burdick,2027-03-20,,Burdick's historic baseball card collection.,https://www.metmuseum.org/exhibitions/baseball-cards-from-the-collection-of-jefferson-r-burdick-2025,"Found on the venue's ""current/upcoming"" listing page. opening date taken from the site's structured data, not its visible page. No closing date found anywhere on the venue's pages."
met,Giacometti in the Temple of Dendur,2026-06-12,2026-09-08,Giacometti's elongated figures alongside the Egyptian temple.,https://www.metmuseum.org/exhibitions/giacometti-in-the-temple-of-dendur,"Found on the venue's ""past"" listing page."
met,Revolution!,2026-01-19,2026-09-07,Prints and visual material around revolutionary upheaval.,https://www.metmuseum.org/exhibitions/revolution,"Found on the venue's ""past"" listing page."
met,Lillian Bassman: Bazaar and Beyond,2026-03-02,2026-07-26,Fashion photographer for Harper's Bazaar.,https://www.metmuseum.org/exhibitions/lillian-bassman-bazaar-and-beyond,"Found on the venue's ""past"" listing page."
met,Gothic by Design: The Dawn of Architectural Draftsmanship,2026-04-16,2026-07-19,Architectural drawing in the Gothic period.,https://www.metmuseum.org/exhibitions/gothic-by-design-the-dawn-of-architectural-draftsmanship,"Found on the venue's ""past"" listing page."
met,A Passion for Jade: The Bishop Collection,2022-07-02,2026-06-28,Heber Bishop's jade collection.,https://www.metmuseum.org/exhibitions/passion-for-jade,"Found on the venue's ""past"" listing page. Also listed on the venue's ""past 2025"" page. Also listed on the venue's ""past 2025"" page. Also listed on the venue's ""past 2024"" page. Also listed on the venue's ""past 2024"" page."
met,"Embracing Color: Enamel in Chinese Decorative Arts, 1300–1900",2022-07-02,2026-06-28,Cloisonné and painted enamel across six centuries.,https://www.metmuseum.org/exhibitions/embracing-color,"Found on the venue's ""past"" listing page. Also listed on the venue's ""past 2025"" page. Also listed on the venue's ""past 2025"" page. Also listed on the venue's ""past 2024"" page. Also listed on the venue's ""past 2024"" page."
met,Raphael: Sublime Poetry,2026-03-29,2026-06-28,First comprehensive US presentation of Raphael.,https://www.metmuseum.org/exhibitions/raphael-sublime-poetry,"Found on the venue's ""past"" listing page."
met,Making It Modern: European Ceramics from the Martin Eidelberg Collection,2025-06-16,2026-06-14,Studio ceramics from the Eidelberg collection.,https://www.metmuseum.org/exhibitions/making-it-modern-european-ceramics-from-the-martin-eidelberg-collection,"Found on the venue's ""past"" listing page. Also listed on the venue's ""past 2025"" page. Also listed on the venue's ""past 2025"" page."
met,"The Genesis Facade Commission: Jeffrey Gibson, The Animal That Therefore I Am",2025-09-12,2026-06-09,Gibson's beaded sculptures for the facade.,https://www.metmuseum.org/exhibitions/the-facade-commission-jeffrey-gibson,"Found on the venue's ""past"" listing page. Also listed on the venue's ""past 2025"" page. Also listed on the venue's ""past 2025"" page."
met,Iba Ndiaye: Between Latitude and Longitude,2025-05-31,2026-05-31,Senegalese modernist painter.,https://www.metmuseum.org/exhibitions/iba-n-diaye-between-latitude-and-longitude,"Found on the venue's ""past"" listing page. Also listed on the venue's ""past 2025"" page. Also listed on the venue's ""past 2025"" page."
met,The Magical City: George Morrison’s New York,2025-07-17,2026-05-31,Ojibwe painter's abstract New York work.,https://www.metmuseum.org/exhibitions/the-magical-city-george-morrison-s-new-york,"Found on the venue's ""past"" listing page. Also listed on the venue's ""past 2025"" page. Also listed on the venue's ""past 2025"" page."
met,Filling in the Gaps: A Selection of Works by the 2026 Scholastic Art & Writing Awards New York City Gold Key Recipients,2026-03-28,2026-05-18,New York City teens' Gold Key artworks.,https://www.metmuseum.org/exhibitions/the-celebration-2026-scholastic-art-and-writing-awards,"Found on the venue's ""past"" listing page."
met,Fanmania,2025-12-11,2026-05-12,Folding fans as fashion and display.,https://www.metmuseum.org/exhibitions/fanmania,"Found on the venue's ""past"" listing page. Also listed on the venue's ""past 2025"" page. Also listed on the venue's ""past 2025"" page."
met,Chinese Painting and Calligraphy: Selections from the Collection,2025-11-22,2026-05-10,Rotation from the Met's holdings.,https://www.metmuseum.org/exhibitions/chinese-painting-and-calligraphy-selections-from-the-collection,"Found on the venue's ""past"" listing page. Also listed on the venue's ""past 2025"" page. Also listed on the venue's ""past 2025"" page."
met,View Finding: Selections from The Walther Collection,2025-10-28,2026-05-03,"Photography, African and diasporic practice.",https://www.metmuseum.org/exhibitions/view-finding-selections-from-the-walther-collection,"Found on the venue's ""past"" listing page. Also listed on the venue's ""past 2025"" page. Also listed on the venue's ""past 2025"" page."
met,Seeing Silence: The Paintings of Helene Schjerfbeck,2025-12-05,2026-04-05,Finnish painter's pared-back portraits.,https://www.metmuseum.org/exhibitions/seeing-silence-the-paintings-of-helene-schjerfbeck,"Found on the venue's ""past"" listing page. Also listed on the venue's ""past 2025"" page. Also listed on the venue's ""past 2025"" page."
met,The Jousting Armor of Philip I of Castile,2023-05-11,2026-04-01,Rare surviving jousting harness.,https://www.metmuseum.org/exhibitions/the-jousting-armor-of-philip-i-of-castile,"Found on the venue's ""past"" listing page. Also listed on the venue's ""past 2025"" page. Also listed on the venue's ""past 2025"" page. Also listed on the venue's ""past 2024"" page. Also listed on the venue's ""past 2024"" page."
met,"Spectrum of Desire: Love, Sex, and Gender in the Middle Ages",2025-10-17,2026-03-29,"Medieval desire, sexuality and gender.",https://www.metmuseum.org/exhibitions/spectrum-of-desire-love-sex-and-gender-in-the-middle-ages,"Found on the venue's ""past"" listing page. Also listed on the venue's ""past 2025"" page. Also listed on the venue's ""past 2025"" page."
met,Emily Sargent: Portrait of a Family,2025-07-01,2026-03-08,Watercolours by Sargent's sister.,https://www.metmuseum.org/exhibitions/emily-sargent-portrait-of-a-family,"Found on the venue's ""past"" listing page. Also listed on the venue's ""past 2025"" page. Also listed on the venue's ""past 2025"" page. opening and closing date taken from the site's structured data, not its visible page."
met,Impressions of the Imagination: New Medieval Beasts in Print,2026-02-05,2026-03-03,Printed bestiary imagery.,https://www.metmuseum.org/exhibitions/impressions-of-the-imagination-new-medieval-beasts-in-print,"Found on the venue's ""past"" listing page."
met,The Brooklyn Bridge Up Close,2025-12-08,2026-02-22,Bridge construction in drawings and prints.,https://www.metmuseum.org/exhibitions/the-brooklyn-bridge-up-close,"Found on the venue's ""past"" listing page. Also listed on the venue's ""past 2025"" page. Also listed on the venue's ""past 2025"" page."
met,Colorful Korea: The Lea R. Sneider Collection,2024-12-02,2026-02-16,Korean textiles and ceramics.,https://www.metmuseum.org/exhibitions/colorful-korea,"Found on the venue's ""past"" listing page. Also listed on the venue's ""past 2025"" page. Also listed on the venue's ""past 2025"" page. Also listed on the venue's ""past 2024"" page. Also listed on the venue's ""past 2024"" page."
met,Witnessing Humanity: The Art of John Wilson,2025-09-20,2026-02-08,African American figurative work on race and dignity.,https://www.metmuseum.org/exhibitions/witnessing-humanity-the-art-of-john-wilson,"Found on the venue's ""past"" listing page. Also listed on the venue's ""past 2025"" page. Also listed on the venue's ""past 2025"" page."
met,Man Ray: When Objects Dream,2025-09-14,2026-02-01,"Photographs, rayographs across Dada and Surrealism.",https://www.metmuseum.org/exhibitions/man-ray-when-objects-dream,"Found on the venue's ""past"" listing page. Also listed on the venue's ""past 2025"" page. Also listed on the venue's ""past 2025"" page."
met,Celebrating the Year of the Snake,2025-01-11,2026-02-01,Asian works featuring the snake.,https://www.metmuseum.org/exhibitions/celebrating-the-year-of-the-snake,"Found on the venue's ""past"" listing page. Also listed on the venue's ""past 2025"" page. Also listed on the venue's ""past 2025"" page."
met,Casa Susanna,2025-07-21,2026-01-25,1950s–60s Catskills retreat photographs.,https://www.metmuseum.org/exhibitions/casa-susanna,"Found on the venue's ""past"" listing page. Also listed on the venue's ""past 2025"" page. Also listed on the venue's ""past 2025"" page."
met,Divine Egypt,2025-10-12,2026-01-19,Major Egyptian exhibition on twenty deities.,https://www.metmuseum.org/exhibitions/divine-egypt,"Found on the venue's ""past"" listing page. Also listed on the venue's ""past 2025"" page. Also listed on the venue's ""past 2025"" page."
met,Christmas Tree and Neapolitan Baroque Crèche,2025-11-25,2026-01-06,Annual Neapolitan crèche figures.,https://www.metmuseum.org/exhibitions/christmas-tree-and-neapolitan-baroque-creche-2025,"Found on the venue's ""past"" listing page. Also listed on the venue's ""past 2025"" page. Also listed on the venue's ""past 2025"" page."
met,Ganesha: Lord of New Beginnings,2022-11-19,2026-01-04,Depictions of Ganesha across Asian art.,https://www.metmuseum.org/exhibitions/ganesha,"Found on the venue's ""past"" listing page. Also listed on the venue's ""past 2025"" page. Also listed on the venue's ""past 2025"" page. Also listed on the venue's ""past 2024"" page. Also listed on the venue's ""past 2024"" page."
met,Allegory and Abstraction: Selections from the Department of Drawings and Prints,2025-09-04,2025-12-09,Drawings and prints on allegory and abstraction.,https://www.metmuseum.org/exhibitions/allegory-and-abstraction-selections-from-the-department-of-drawings-and-prints,"Found on the venue's ""past 2025"" listing page."
met,Lorna Simpson: Source Notes,2025-05-19,2025-11-30,First survey of Simpson's painting practice.,https://www.metmuseum.org/exhibitions/lorna-simpson-source-notes,"Found on the venue's ""past 2025"" listing page."
met,Superfine: Tailoring Black Style,2025-05-10,2025-10-26,Costume Institute spring show on Black dandyism.,https://www.metmuseum.org/exhibitions/superfine-tailoring-black-style,"Found on the venue's ""past 2025"" listing page."
met,P. S. Art 2025: Celebrating the Creative Spirit of New York City Kids,2025-06-10,2025-10-19,New York City public-school students' artworks.,https://www.metmuseum.org/exhibitions/p-s-art-2025-celebrating-the-creative-spirit-of-new-york-city-kids,"Found on the venue's ""past 2025"" listing page."
met,"The Roof Garden Commission: Jennie C. Jones, Ensemble",2025-04-15,2025-10-19,Jones's sound sculptures for the Roof Garden.,https://www.metmuseum.org/exhibitions/the-roof-garden-commission-jennie-c-jones,"Found on the venue's ""past 2025"" listing page."
met,The Magic of Marbling: The Art of Karli Frigge,2025-05-01,2025-09-30,Frigge's marbled paper sample books.,https://www.metmuseum.org/exhibitions/the-magic-of-marbling-the-art-of-karli-frigge,"Found on the venue's ""past 2025"" listing page."
met,"Recasting the Past: The Art of Chinese Bronzes, 1100–1900",2025-02-28,2025-09-28,"Later Chinese bronzes reconsidered, 1100 to 1900.",https://www.metmuseum.org/exhibitions/recasting-the-past-the-art-of-chinese-bronzes-1100-1900,"Found on the venue's ""past 2025"" listing page."
met,City and Country: Selections from the Department of Drawings and Prints,2025-05-22,2025-09-02,Drawings and prints on city and country.,https://www.metmuseum.org/exhibitions/city-and-country-selections-from-the-department-of-drawings-and-prints,"Found on the venue's ""past 2025"" listing page."
met,Monstrous Beauty: A Feminist Revision of Chinoiserie,2025-03-25,2025-08-17,Feminist revision of European chinoiserie porcelain.,https://www.metmuseum.org/exhibitions/monstrous-beauty-a-feminist-revision-of-chinoiserie,"Found on the venue's ""past 2025"" listing page."
met,Sargent and Paris,2025-04-27,2025-08-03,Sargent's early career in Paris.,https://www.metmuseum.org/exhibitions/sargent-and-paris,"Found on the venue's ""past 2025"" listing page."
met,"The Three Perfections: Japanese Poetry, Calligraphy, and Painting from the Mary and Cheney Cowles Collection",2024-08-10,2025-08-03,"Japanese poetry, calligraphy and painting, Cowles Collection.",https://www.metmuseum.org/exhibitions/the-three-perfections-japanese-poetry-calligraphy-and-painting-from-the-mary-and-cheney-cowles-collection,"Found on the venue's ""past 2025"" listing page. Also listed on the venue's ""past 2024"" page. Also listed on the venue's ""past 2024"" page."
met,Baseball Cards from the Collection of Jefferson R. Burdick,2025-02-13,2025-07-22,"Burdick's baseball cards, 1895 to 1956.",https://www.metmuseum.org/exhibitions/baseball-cards-from-the-collection-of-jefferson-r-burdick,"Found on the venue's ""past 2025"" listing page."
met,"The New Art: American Photography, 1839–1910",2025-04-11,2025-07-20,"Early American photography, 1839 to 1910.",https://www.metmuseum.org/exhibitions/the-new-art-american-photography-1839-1910,"Found on the venue's ""past 2025"" listing page."
met,Jesse Krimes: Corrections,2024-10-28,2025-07-13,Krimes's prison art alongside Bertillon's mugshots.,https://www.metmuseum.org/exhibitions/jesse-krimes-corrections,"Found on the venue's ""past 2025"" listing page. Also listed on the venue's ""past 2024"" page. Also listed on the venue's ""past 2024"" page."
met,"The Genesis Facade Commission: Lee Bul, Long Tail Halo",2024-09-12,2025-06-10,Lee Bul's sculptures for the Met facade.,https://www.metmuseum.org/exhibitions/the-facade-commission-lee-bul,"Found on the venue's ""past 2025"" listing page. Also listed on the venue's ""past 2024"" page. Also listed on the venue's ""past 2024"" page."
met,Democratizing Prints: The JoAnn Edinburg Pinkowitz Gift,2025-02-06,2025-05-20,Pinkowitz's gift of Mexican and Chinese prints.,https://www.metmuseum.org/exhibitions/democratizing-prints-the-joann-edinburg-pinkowitz-gift,"Found on the venue's ""past 2025"" listing page."
met,The Celebration: A Selection of Works by the 2025 Scholastic Art & Writing Awards New York City Gold Key Recipients,2025-03-28,2025-05-18,New York City teens' Gold Key artworks.,https://www.metmuseum.org/exhibitions/the-celebration-a-selection-of-works-by-the-2025-scholastic-art-and-writing-awards-new-york-city-gold-key-recipients,"Found on the venue's ""past 2025"" listing page."
met,Caspar David Friedrich: The Soul of Nature,2025-02-08,2025-05-11,First comprehensive US exhibition of Friedrich.,https://www.metmuseum.org/exhibitions/caspar-david-friedrich-the-soul-of-nature,"Found on the venue's ""past 2025"" listing page."
met,Floridas: Anastasia Samoylova and Walker Evans,2024-10-14,2025-05-11,Samoylova and Evans photograph Florida.,https://www.metmuseum.org/exhibitions/floridas-anastasia-samoylova-and-walker-evans,"Found on the venue's ""past 2025"" listing page. Also listed on the venue's ""past 2024"" page. Also listed on the venue's ""past 2024"" page."
met,Ink and Ivory: Indian Drawings and Photographs Selected with James Ivory,2024-07-29,2025-05-04,Indian court drawings selected with James Ivory.,https://www.metmuseum.org/exhibitions/ink-and-ivory-indian-drawings-and-photographs-selected-with-james-ivory,"Found on the venue's ""past 2025"" listing page. Also listed on the venue's ""past 2024"" page. Also listed on the venue's ""past 2024"" page."
met,Art of Commerce: Trade Catalogs in Watson Library,2024-11-14,2025-04-29,Watson Library's historic trade catalogs.,https://www.metmuseum.org/exhibitions/art-of-commerce-trade-catalogs-in-watson-library,"Found on the venue's ""past 2025"" listing page. Also listed on the venue's ""past 2024"" page. Also listed on the venue's ""past 2024"" page."
met,"Jazz-Age Silks: The Stehli Silks Americana Collection, 1925–1928",2024-03-25,2025-04-15,1920s American dress silks by Stehli.,https://www.metmuseum.org/exhibitions/jazz-age-silks-the-stehli-silks-americana-collection-1925-1928,"Found on the venue's ""past 2025"" listing page. Also listed on the venue's ""past 2024"" page. Also listed on the venue's ""past 2024"" page."
met,"The Great Hall Commission: Tong Yang-Tze, Dialogue",2024-11-21,2025-04-08,Tong Yang-Tze's monumental calligraphy commission.,https://www.metmuseum.org/exhibitions/the-great-hall-commission-tong-yang-tze,"Found on the venue's ""past 2025"" listing page. Also listed on the venue's ""past 2024"" page. Also listed on the venue's ""past 2024"" page."
met,Samurai Splendor: Sword Fittings from Edo Japan,2022-03-21,2025-03-23,Edo-period samurai sword fittings and fashion.,https://www.metmuseum.org/exhibitions/samurai-splendor,"Found on the venue's ""past 2025"" listing page. Also listed on the venue's ""past 2024"" page. Also listed on the venue's ""past 2024"" page."
met,Materialized Space: The Architecture of Paul Rudolph,2024-09-30,2025-03-16,First museum survey of Rudolph's architecture.,https://www.metmuseum.org/exhibitions/the-materialized-space-the-architecture-of-paul-rudolph,"Found on the venue's ""past 2025"" listing page. Also listed on the venue's ""past 2024"" page. Also listed on the venue's ""past 2024"" page."
met,Hybrid Creatures and Creative Habitats: Exploring Medieval Beasts and Where They Live at The Met Cloisters,2025-02-06,2025-03-04,Children's creatures inspired by Cloisters' medieval beasts.,https://www.metmuseum.org/exhibitions/hybrid-creatures-and-creative-habitats,"Found on the venue's ""past 2025"" listing page."
met,"A Decade on Paper: Recent Acquisitions, 2014–2024",2024-08-26,2025-02-23,Decade of American Wing paper acquisitions.,https://www.metmuseum.org/exhibitions/a-decade-on-paper-recent-acquisitions-2014-2024,"Found on the venue's ""past 2025"" listing page. Also listed on the venue's ""past 2024"" page. Also listed on the venue's ""past 2024"" page."
met,Taking Up Space: Selections from the 2024 Scholastic Art & Writing Awards’ Scholarships and Gold Medal Awards,2024-11-22,2025-02-23,National teen Scholastic Art & Writing winners.,https://www.metmuseum.org/exhibitions/taking-up-space-selections-from-the-2024-scholastic-art-and-writing-awards-scholarships-and-gold-medal-awards,"Found on the venue's ""past 2025"" listing page. Also listed on the venue's ""past 2024"" page. Also listed on the venue's ""past 2024"" page."
met,"Flight into Egypt: Black Artists and Ancient Egypt, 1876–Now",2024-11-17,2025-02-17,Black artists' engagement with ancient Egypt.,https://www.metmuseum.org/exhibitions/flight-into-egypt-black-artists-and-ancient-egypt-1876-now,"Found on the venue's ""past 2025"" listing page. Also listed on the venue's ""past 2024"" page. Also listed on the venue's ""past 2024"" page."
met,Baseball Cards from the Collection of Jefferson R. Burdick,2024-07-25,2025-02-11,"Burdick's baseball cards, including Honus Wagner.",https://www.metmuseum.org/exhibitions/burdick,"Found on the venue's ""past 2025"" listing page. Also listed on the venue's ""past 2024"" page. Also listed on the venue's ""past 2024"" page."
met,Paris through the Eyes of Saint-Aubin,2024-09-26,2025-02-04,Saint-Aubin's drawings of eighteenth-century Paris.,https://www.metmuseum.org/exhibitions/paris-through-the-eyes-of-saint-aubin,"Found on the venue's ""past 2025"" listing page. Also listed on the venue's ""past 2024"" page. Also listed on the venue's ""past 2024"" page."
met,"Siena: The Rise of Painting, 1300–1350",2024-10-13,2025-01-26,"Sienese painting's rise, 1300 to 1350.",https://www.metmuseum.org/exhibitions/siena-the-rise-of-painting-1300-1350,"Found on the venue's ""past 2025"" listing page. Also listed on the venue's ""past 2024"" page. Also listed on the venue's ""past 2024"" page."
met,Mary Sully: Native Modern,2024-07-18,2025-01-12,First solo exhibition of Sully's drawings.,https://www.metmuseum.org/exhibitions/mary-sully-native-modern,"Found on the venue's ""past 2025"" listing page. Also listed on the venue's ""past 2024"" page. Also listed on the venue's ""past 2024"" page."
met,Mandalas: Mapping the Buddhist Art of Tibet,2024-09-19,2025-01-12,Tibetan Buddhist mandalas and Rigdol's installation.,https://www.metmuseum.org/exhibitions/mandalas-mapping-the-buddhist-art-of-tibet,"Found on the venue's ""past 2025"" listing page. Also listed on the venue's ""past 2024"" page. Also listed on the venue's ""past 2024"" page."
met,Christmas Tree and Neapolitan Baroque Crèche,2024-11-26,2025-01-06,Annual Neapolitan crèche figures.,https://www.metmuseum.org/exhibitions/christmas-tree-and-neapolitan-baroque-creche-2024,"Found on the venue's ""past 2025"" listing page. Also listed on the venue's ""past 2024"" page. Also listed on the venue's ""past 2024"" page."
met,Chinese Painting and Calligraphy: Selections from the Collection,2024-07-13,2025-01-05,Chronological survey of Met's Chinese painting.,https://www.metmuseum.org/exhibitions/chinese-painting-and-calligraphy-selections-from-the-collection-medium,"Found on the venue's ""past 2025"" listing page. Also listed on the venue's ""past 2024"" page. Also listed on the venue's ""past 2024"" page."
met,Mexican Prints at the Vanguard,2024-09-12,2025-01-05,Mexican printmaking from Posada to Orozco.,https://www.metmuseum.org/exhibitions/mexican-prints-at-the-vanguard,"Found on the venue's ""past 2025"" listing page. Also listed on the venue's ""past 2024"" page. Also listed on the venue's ""past 2024"" page."
met,Art Work: Artists Working at The Met,2024-11-18,2024-12-01,Artwork by The Met's own staff.,https://www.metmuseum.org/exhibitions/art-work-artists-working-at-the-met-2024,"Found on the venue's ""past 2024"" listing page."
met,Inspiring Design: The Book Collection of Tiffany & Co.'s Edward C. Moore,2024-07-18,2024-11-12,Moore's design library at Tiffany.,https://www.metmuseum.org/exhibitions/inspiring-design-the-book-collection-of-tiffany-and-co-s-edward-c-moore,"Found on the venue's ""past 2024"" listing page."
met,"The Roof Garden Commission: Petrit Halilaj, Abetare",2024-04-30,2024-10-27,Halilaj's sculptural installation for the Roof Garden.,https://www.metmuseum.org/exhibitions/the-roof-garden-commission-petrit-halilaj,"Found on the venue's ""past 2024"" listing page."
met,Collecting Inspiration: Edward C. Moore at Tiffany & Co.,2024-06-09,2024-10-20,Moore's collection behind Tiffany's silver design.,https://www.metmuseum.org/exhibitions/collecting-inspiration-edward-c-moore-at-tiffany-and-co,"Found on the venue's ""past 2024"" listing page."
met,P. S. Art 2024: Celebrating the Creative Spirit of New York City Kids,2024-06-18,2024-10-20,New York City public-school students' artworks.,https://www.metmuseum.org/exhibitions/p-s-art-2024-celebrating-the-creative-spirit-of-new-york-city-kids,"Found on the venue's ""past 2024"" listing page."
met,Lineages: Korean Art at The Met,2023-11-07,2024-10-20,"Korean art across centuries, historic to contemporary.",https://www.metmuseum.org/exhibitions/lineages-korean-art,"Found on the venue's ""past 2024"" listing page."
met,The African Origin of Civilization,2021-12-14,2024-10-06,Homage to Diop pairing Africa and Egypt.,https://www.metmuseum.org/exhibitions/african-origin-of-civilization,"Found on the venue's ""past 2024"" listing page."
met,Human/Nature: Selections from the Department of Drawings and Prints,2024-06-13,2024-09-23,Drawings and prints on humans and nature.,https://www.metmuseum.org/exhibitions/human-nature-selections-from-the-department-of-drawings-and-prints,"Found on the venue's ""past 2024"" listing page."
met,Don't Forget to Call Your Mother,2023-12-18,2024-09-15,"Family photographs and nostalgia, various artists.",https://www.metmuseum.org/exhibitions/don-t-forget-to-call-your-mother,"Found on the venue's ""past 2024"" listing page."
met,Sleeping Beauties: Reawakening Fashion,2024-05-10,2024-09-02,Costume Institute reanimates fashion through senses.,https://www.metmuseum.org/exhibitions/sleeping-beauties-reawakening-fashion,"Found on the venue's ""past 2024"" listing page."
met,The Real Thing: Unpackaging Product Photography,2024-03-11,2024-08-04,Product photography as commercial art.,https://www.metmuseum.org/exhibitions/the-real-thing-unpackaging-product-photography,"Found on the venue's ""past 2024"" listing page."
met,The Harlem Renaissance and Transatlantic Modernism,2024-02-25,2024-07-28,Harlem Renaissance art and transatlantic modernism.,https://www.metmuseum.org/exhibitions/the-harlem-renaissance-and-transatlantic-modernism,"Found on the venue's ""past 2024"" listing page."
met,"New York Art Worlds, 1870–1890",2022-12-12,2024-07-21,"New York artists' world, 1870 to 1890.",https://www.metmuseum.org/exhibitions/new-york-art-worlds,"Found on the venue's ""past 2024"" listing page."
met,Emulating Books: Book Objects from the Lynn and Bruce Heckman Gift,2024-04-18,2024-07-16,Heckman gift of book-form objects.,https://www.metmuseum.org/exhibitions/emulating-books-book-objects-from-the-lynn-and-bruce-heckman-gift,"Found on the venue's ""past 2024"" listing page."
met,Anxiety and Hope in Japanese Art,2023-04-08,2024-07-14,Anxiety and hope across Japanese art.,https://www.metmuseum.org/exhibitions/anxiety-hope-in-japanese-art,"Found on the venue's ""past 2024"" listing page."
met,Hidden Faces: Covered Portraits of the Renaissance,2024-04-02,2024-07-07,Renaissance portraits with hidden covered faces.,https://www.metmuseum.org/exhibitions/hidden-faces-covered-portraits-of-the-renaissance,"Found on the venue's ""past 2024"" listing page."
