venue_code,title,start_date,end_date,summary,url,notes
artic,Mary Cassatt: After Impressionism,2026-09-06,2027-01-03,"“I began to think it would be great fun to do something I had never done before … I would not give up the idea for any thing.” —Cassatt on her decision to paint a monumental mural for the World’s Fair in Chicago, 1892 Mary Cassatt. The Child’s Bath (detail), 1893. The Art Institute of Chicago, Robert A. Waller Fund. After training in Philadelphia in the early 1860s, Cassatt traveled to Europe largely on her own to study with noted teachers and experience the continent’s traditional and modern art firsthand. In 1877 she made the daring decision to join the French Impressionists—the only American to exhibit with them. It was in the years following the eighth and final Impressionist group show in 1886 that Cassatt produced some of her most innovative—and now celebrated—compositions. Marking the centennial of her death, Mary Cassatt: After Impressionism examines her paintings, pastels, and prints of this pivotal period when she took her art making in new directions. Learn everything you need to know about visiting Mary Cassatt: After Impressionism—from who needs a ticket to how to join the virtual line.",https://www.artic.edu/exhibitions/10487/mary-cassatt-after-impressionism,"Found on the venue's ""current"" listing page. Also listed on the venue's ""upcoming"" page. Also listed on the venue's ""past 2026"" page. Also listed on the venue's ""past 2025"" page. Also listed on the venue's ""past 2024"" page. Also listed on the venue's ""past p2 2026"" page. Also listed on the venue's ""past p2 2025"" page. Also listed on the venue's ""past p2 2024"" page."
artic,Willem de Kooning Drawing,2026-06-14,2026-09-20,"Willem de Kooning (1904–1997) was one of the most celebrated and prolific draftsmen of the 20th century. Private collection. © 2026 The Willem de Kooning Foundation / Artists Rights Society (ARS), New York. Photo courtesy of TAJAN Willem de Kooning Drawing is the first exhibition to examine the expansive drawing practice of this renowned American artist who immigrated to New York from the Netherlands at the age of 22. While many Art Institute visitors may be familiar with de Kooning’s monumental painting Excavation (1950), a cornerstone of our collection, this exhibition marks the first solo presentation of the artist’s work at our museum since 1969. Learn everything you need to know about visiting Willem de Kooning Drawing—from who needs a ticket to how to listen to the audio tour.",https://www.artic.edu/exhibitions/9993/willem-de-kooning-drawing,"Found on the venue's ""current"" listing page."
artic,NOW OPEN Lee Miller: Fearless,2026-08-29,2026-12-07,"Lee Miller. Self-Portrait with Headband (detail), about 1932. Lee Miller Archives. © 2026 Lee Miller Archives, England. All rights reserved. www.leemiller.co.uk. “It was a matter of getting out on a damn limb and sawing it off behind you.” This memorable phrase is how Lee Miller—by turns a fashion model, magazine photographer, studio operator, Surrealist innovator, international adventurer, and battlefield correspondent—summed up her approach to life and creativity. Lee Miller: Fearless is the first comprehensive survey of her photographs in more than 25 years and gathers together the major episodes of her singular career. Lee Miller Archives. © 2026 Lee Miller Archives, England. All rights reserved. www.leemiller.co.uk",https://www.artic.edu/exhibitions/10521/lee-miller-fearless,"Found on the venue's ""current"" listing page."
artic,Beyond Form: Abstraction at Midcentury,2026-06-27,2026-10-19,"Yayoi Kusama. Sun Spot (detail), 1953. The Art Institute of Chicago, gift of the Irving Stenn Jr. Drawings Collection in memory of Marcia Stenn. Featuring 65 artists from more than 23 countries, this exhibition explores how abstraction emerged as a powerful visual language between 1940 and 1970, a period of global upheaval and transformation. While abstraction allowed artists across the world to move beyond realism to convey complex emotions, ideas, and experiences, it was not a singular movement. There was no one reason artists turned to abstraction, no one abstract technique or style. The impulses, methods, and resulting artworks were wildly divergent. Jackson Pollock © Pollock-Krasner Foundation / Artists Rights Society (ARS), New York",https://www.artic.edu/exhibitions/10694/beyond-form-abstraction-at-midcentury,"Found on the venue's ""current"" listing page."
artic,"Self, Made: Fourteen Modern Artists from the Richard and Ellen Sandor Family Collection",2026-06-25,2026-11-09,"Luke Pelletier. An Opportunity to Be in a Room with the Greats, Executed In Earnest (detail), 2022. Courtesy of Richard and Ellen Sandor. This exhibition tells stories of self-invention in photography, drawing, and sculpture, most of them from artists working beyond the gallery and museum system that typically validates creative work. The artworks gathered reflect the egalitarian, broad-minded vision of Richard and Ellen Sandor, who in 1978 moved into a spacious, historic apartment in Chicago with—to quote from the book that accompanies this exhibition—“two kids in tow, a photograph by Walker Evans, and a sculpture by Rodin. And not a stick of furniture.” Prodigious art collectors alongside their day jobs as economist (Richard) and artist (Ellen), the Sandors progressively filled their walls with a remarkable constellation of works: historical and contemporary, celebrated and overlooked, exalted and humble. They prized innovation and, above all, individuality—makers with a strong sense of self. “Outsider” artists —a loose and controversial category—quickly came to the Sandors’ attention through Chicago gallerists and James Zanzi, a professor at the School of the Art Institute with whom Ellen had studied. Examples by William Edmondson, Lee Godie, Martín Ramírez, and others included in the show helped to spur lively discussions about innovation and artistic recognition that the Sandors held in a room they dubbed the “Outsiders’ Café.”",https://www.artic.edu/exhibitions/10587/self-made-fourteen-modern-artists-from-the-richard-and-ellen-sandor-family-collection,"Found on the venue's ""current"" listing page."
artic,Abigail Lucien: Blood of the Earth,2026-06-18,2027-01-25,"Abigail Lucien. To Unravel a Wrought (detail), 2026. Courtesy of the artist. In Blood of the Earth, Haitian American artist Abigail Lucien explores the ways that iron connects us to histories, the material world, and each other. Lucien’s artistic practice has long focused on iron—a mineral born from the explosion of stars that forms the molten core of the Earth and is essential to human life. Not only does iron course through our blood, but it also permeates the world around us—in everyday objects, technologies, and the built environment. Iron shape-shifts across terrestrial and celestial scales, and with this exhibition, Lucien probes its narrative and social potential. In the Caribbean, ornate iron gates and grilles adorn ordinary buildings, and in Africa, the iron forge is considered a sacred space of creation. In their sculptural works, Lucien sustains these lineages of artistry and expression, engaging processes, typologies, and iconography that acknowledge craft traditions and diasporic experience.",https://www.artic.edu/exhibitions/10693/abigail-lucien-blood-of-the-earth,"Found on the venue's ""current"" listing page."
artic,Embroidered Traditions from Morocco to Afghanistan,2026-05-02,2027-01-25,"Jatho Ceremonial Dress (detail), mid-20th century. Indus Kohistani people. Kohistan (present-day Afghanistan, Pakistan, Tajikistan, and Iran). The Art Institute of Chicago, Louise A. Lutz Endowment Fund. In the textiles of Southwest Asia and North Africa, embroidery is more than surface decoration. In this region, known as SWANA, artists have used, and continue to use, centuries-old embellishment techniques to transmit cultural expressions of identity, status, and long-held belief systems. Cultural groups throughout the region wear layers of dress and adornment to protect their bodies physically and spiritually. Garments and household items are ornamented with valuable materials that function as wearable wealth, including symbolic motifs and designs constructed with coins, thread, beads, amulets, ornaments, and jewelry. The vast area that spans from Morocco and Algeria in the west to Afghanistan and Uzbekistan in the east is connected by millennia-old trade networks. The works presented reveal pathways of deep cultural exchange shaped by diverse landscapes—from mountains and deserts to seas—along with the movement of nomadic peoples and the spread and interweaving of multiple religious traditions and urban fashions.",https://www.artic.edu/exhibitions/10585/embroidered-traditions-from-morocco-to-afghanistan,"Found on the venue's ""current"" listing page."
artic,Raqib Shaw: Paradise Lost,2025-06-07,2026-11-15,"Raqib Shaw. Paradise Lost (detail), 2009–25. Collection of the artist. Epic and intricate, monumental and meticulous—the paintings of Kashmir-raised, London-based artist Raqib Shaw offer fantastical meditations on identity, transformation, and the redemptive power of beauty. Born in Calcutta and raised in the verdant Himalayan mountains of Kashmir, Shaw draws deeply on the landscapes and memories of his early life, many of which were fractured by political upheaval. Forced to leave Kashmir as a teenager, he relocated first to New Delhi and later to London, where he studied at Central Saint Martins College of Art and Design. His work is influenced by a broad range of sources—Mughal and Persian miniatures, Renaissance altarpieces, Old Masters paintings, Japanese arts of the Momoyama period, Kashmiri and Urdu poetry, and Hindu and Western mythology—and yet his visual vocabulary and technique are all his own.",https://www.artic.edu/exhibitions/10569/raqib-shaw-paradise-lost,"Found on the venue's ""current"" listing page."
artic,Saint-Porchaire Ceramics: Rediscovered Treasures of the French Renaissance,2026-03-25,2026-11-15,"Nef-Shaped Cup, mid-1500s. Saint-Porchaire or Paris, France. Private collection. Paul-David Young/Spektra Imaging LLC. Exquisitely crafted and shrouded in mystery, Saint-Porchaire ceramics are among the rarest treasures of the French Renaissance. Only around 70 examples are known to exist worldwide, and each one dazzles and intrigues with its refined and delicate modeling and astonishingly intricate decoration. Created between about 1520 and 1570 and closely associated with the royal courts of François I and Henri II, these extraordinary works bear the emblems of power, prestige, and desire—including the interlaced cipher of Henri II and his famed mistress, Diane de Poitiers. Saint-Porchaire or Paris, France Private collection. Paul-David Young/Spektra Imaging LLC",https://www.artic.edu/exhibitions/10601/saint-porchaire,"Found on the venue's ""current"" listing page."
artic,CLOSING SOON Edgar Calel: Corn Mountain of Life (Ixim Juyu K’aslem),2026-05-02,2026-09-13,"Installation view of Edgar Calel: Corn Mountain of Life (Ixim Juyu K’aslem), 2026. Guatemala-born artist Edgar Calel works closely with materials, rituals, and techniques from his Maya-Kaqchikel family and community. For Calel, rather than an expression of individuality, art is a way to pass down knowledge and understanding through generations, amplifying long historical traditions and communal bonds. At its heart, his work honors the idea that knowledge is shared, not owned. Edgar Calel Courtesy of the artist and Proyectos Ultravioleta, Guatemala City",https://www.artic.edu/exhibitions/10586/edgar-calel-corn-mountain-of-life-ixim-juyu-kaslem,"Found on the venue's ""current"" listing page."
artic,CLOSING SOON Jitish Kallat: Public Notice 3,2024-09-09,2026-09-14,"Visitors descend the Woman’s Board Grand Staircase when Jitish Kallat’s Public Notice 3 was installed at the museum in 2010. Jitish Kallat’s site-specific installation, Public Notice 3, returns to the Art Institute of Chicago’s Grand Staircase this fall after a 14-year hiatus. Initially unveiled on September 11, 2010, the work connects two significant historical events separated by 108 years: the First World’s Parliament of Religions which began on September 11, 1893, and the terrorist attacks on the World Trade Center and the Pentagon on September 11, 2001. At the earlier event, the World Parliament of Religions, held in an auditorium that encompassed the area that today includes both the museum’s Fullerton Hall and Woman’s Board Grand Staircase, a young Hindu monk, Swami Vivekananda electrified audiences with a powerful speech calling for an end to religious fundamentalism, intolerance, and bigotry. Visitors experience Public Notice 3 in its inaugural installation on the Woman’s Board Grand Staircase",https://www.artic.edu/exhibitions/10453/jitish-kallat-public-notice-3-2,"Found on the venue's ""current"" listing page."
artic,Jill Mulleady: The Passenger,2026-09-19,2027-01-18,"Jill Mulleady. Love Streams (detail), 2026. © Jill Mulleady. Courtesy of the artist and Gladstone. Photography by Nicolas Brasseur. Jill Mulleady paints by breathing new life into unseen histories. Drawing from art-historical, cinematic, and literary sources, her memorable images can haunt the viewer long after encountering them. This exhibition—Mulleady’s first solo show at a major museum—brings together approximately 20 paintings by the artist. Jill Mulleady Private collection. © Jill Mulleady. Courtesy of the artist and Gladstone. Photography by Nicolas Brasseur",https://www.artic.edu/exhibitions/10588/jill-mulleady-the-passenger,"Found on the venue's ""upcoming"" listing page."
artic,COLLECTION ROTATION Utamaro: Elements of Beauty,2026-09-23,2026-12-21,"Kitagawa Utamaro 喜多川 歌麿. Kitchen Scene (detail), about 1794/95. Clarence Buckingham Collection. Idealized but also nuanced, Kitagawa Utamaro’s portrayals of women were groundbreaking. While his subject—beautiful women—had been a mainstay in ukiyo-e (pictures of the floating world) from its beginning, Utamaro invested his subjects with a fresh vibrancy, experimenting with dramatic close-ups that hint at the women’s complex inner lives. Utamaro began his meteoric rise in 1780, when as a young artist, he began working with the publisher Tsutaya Jūzaburō. The pair collaborated for more than a decade, during which time Utamaro developed his characteristic rendering of feminine beauty.",https://www.artic.edu/exhibitions/10876/utamaro-elements-of-beauty,"Found on the venue's ""upcoming"" listing page."
artic,Tony Cokes: On Boredom,2026-10-03,2027-03-14,"Tony Cokes works with appropriated text from various sources, including popular music, mass media, and historical and theoretical writing, and remixes it into video, signs, lightboxes, and billboards. Composed of vibrant colors and often set to music, Cokes’s work subverts the language that shapes contemporary life and culture to draw out new meanings and sensations. For his first public outdoor presentation in Chicago, Cokes presents a two-part installation on the Art Institute’s Bluhm Family Terrace. The terrace windows facing Millennium Park become a billboard—viewable from across the street and the park below—with the phrase “Let yourself be free,” drawn from Aretha Franklin’s 1968 recording of “Think.” Franklin frequently visited and sang in Chicago with her father, a prominent pastor and civil rights leader, and it was here that she earned her lifelong title, the Queen of Soul, originally coined by Chicago DJ Pervis Spann at the Regal Theater in Bronzeville in May 1964. The presentation also includes one of Cokes’s freestanding signs, reading “We don’t have the freedom to be bored anymore,” and “There’s a set of forces that want us to be permanently anxious.” Both sentences are from the English cultural theorist Mark Fisher. Together, they question the meaning of freedom in a present defined by rapid technological change and the erosion of private life.",https://www.artic.edu/exhibitions/10777/tony-cokes-on-boredom,"Found on the venue's ""upcoming"" listing page."
artic,COLLECTION ROTATION Body and Being in African Art,2026-11-02,2028-03-01,"Lidded Box, early 20th century. Mangbetu or Zande; Democratic Republic of the Congo. Bessie Bennett and Edward Johnson endowments. The human body is the center of artistic creation in African art. Whether literally represented, referred to abstractly, or adorned with jewelry, clothing, or headwear, the body and its outer appearance is seen as a reflection of an individual’s inner being—their character, health, and social belonging. Female Figure with Rooster (Olumeye), late 19th or early 20th century",https://www.artic.edu/exhibitions/10833/body-and-being-in-african-art,"Found on the venue's ""upcoming"" listing page."
artic,Beatriz González: In Series and Full Color,2026-11-15,2027-03-01,"Beatriz González. Illustrated News (La actualidad ilustrada) (detail), 1973. Margaret Fisher Endowment Fund. Colombian artist Beatriz González (1932–2026) is widely known as la maestra in her home country. Beyond the literal translation of “teacher,” the term is used as a mark of respect for someone who has achieved a remarkable impact in a particular field. In González’s case, it acknowledges her roles as an artist, historian, curator, and mentor, whose importance transcends national boundaries and continues to resonate on a global scale. Beatriz González: In Series and Full Color is the first retrospective dedicated to the drawings and prints of González, whose practice spanned more than six decades until her passing earlier this year. The exhibition explores her use of appropriation and repetition as both formal and conceptual strategies to reflect critically on the circulation of images, notions of taste, and her country’s recent history.",https://www.artic.edu/exhibitions/10589/beatriz-gonzalez-in-series-and-full-color,"Found on the venue's ""upcoming"" listing page."
artic,Zurbarán: Divine Light,2027-02-28,2027-06-20,"Francisco de Zurbarán. The Crucifixion, 1627. The Art Institute of Chicago, Robert A. Waller Memorial Fund. Francisco de Zurbarán was one of 17th-century Spain’s greatest painters, renowned for his ability to create works of startling naturalism, directness, and emotional power. A virtuoso interpreter of sacred subjects, Zurbarán produced religious painting series of staggering scale and narrative ingenuity. He was also an acute observer of reality, and his portraits, still lifes, and works for private devotion continue to resonate through their striking vividness four centuries after their making. This exhibition is the first dedicated to the artist in the United States in 40 years. Bringing together approximately 50 works from 30 major lenders across the world, many never seen in the US before, the presentation showcases this consummate artist of the Spanish Golden Age and his greatest achievements in painting.",https://www.artic.edu/exhibitions/10208/zurbaran-divine-light,"Found on the venue's ""upcoming"" listing page."
artic,Vilhelm Hammershøi: Pictures from Home,2027-06-19,2027-10-03,"Vilhelm Hammershøi. Interior. The Music Room, Strandgade 30, 1907. The Art Institute of Chicago, Joseph Winterbotham Collection. Vilhelm Hammershøi is celebrated as Denmark’s most important painter of the late 19th and early 20th century, known particularly for his series of enigmatic, evocative, and painstakingly observed views of the Copenhagen apartment he shared with his wife, Ida, between 1898 and 1909. This presentation—the first in North America devoted to Hammershøi in over 25 years—focuses exclusively on these famous paintings of his home’s interior and brings together an unprecedented number—more than half—of the 65 domestic scenes the artist produced, including the Art Institute’s recently acquired Interior. The Music Room, Strandgade 30 and several works from distinguished private collections that have rarely been shown publicly. The apartment at Strandgade 30 was simultaneously Hammershøi’s home, studio, and obsessive artistic subject, and this exhibition showcases how he transformed this seemingly hermetic world into a site of endless artistic possibilities, painting many rooms and compositions multiple times with slight shifts in lighting or in the arrangement of furniture or objects.",https://www.artic.edu/exhibitions/10458/vilhelm-hammershoi-pictures-from-home,"Found on the venue's ""upcoming"" listing page."
artic,New Affiliates on Goff’s Domestic Matter Architects Ivi Diamantopoulou and Jaffer Kolb of the firm New Affiliates took on the forms and materialities of three of Bruce Goff’s house and created large-scale drawings in a visual style that borrows from sources from Stanley Tigerman’s 1970s Architoons to recent graphic novels.,2026-01-07,2026-05-18,"New Affiliates. Bavinger House, Revisited (detail), 2024. The Art Institute of Chicago, the Butler-VanderLinden Family Fund for Architecture. Adopting the visual language of graphic novels, New York architecture firm New Affiliates found inspiration in architect Bruce Goff’s offbeat and unexpected materials. In 2024 architects Ivi Diamantopoulou and Jaffer Kolb of the firm New Affiliates were invited to participate in the Beta Architecture Biennial in Timișoara, Romania. Already steeped in Bruce Goff’s architectural drawings and collections for their exhibition design of the upcoming retrospective Bruce Goff: Material Worlds, they decided to take a deep dive into his unique forms and materialities. This new creative project soon focused on three of Goff’s best-known works: Shin’enKan, a house for Etsuko and Joe Price in Bartlesville, Oklahoma; the Ruth and Sam Ford House in Aurora, Illinois; and the Eugene and Nancy Bavinger House in Norman, Oklahoma. New Affiliates The Butler-VanderLinden Family Fund for Architecture",https://www.artic.edu/exhibitions/10804/new-affiliates-on-goffs-domestic-matter,"Found on the venue's ""past 2026"" listing page."
artic,"Janna Ireland: A Goff House in Los Angeles Ireland’s 2024 photographs of the Goff-designed Al Struckus House (commissioned in 1979, completed in 1988) describe the house’s open volume and its dizzying interior space, as well as the diverse materials that define the experience of living in the house.",2026-01-07,2026-05-18,"Janna Ireland. Struckus House, Number 12 (detail), 2024. Courtesy of the artist. In summer 2024, artist Janna Ireland trained her camera on the last residential project designed by architect Bruce Goff. Commissioned in 1979 and completed in 1988, the Al Struckus House is a four-story cylindrical structure standing on a lush, hilly site in Woodland Hills, a neighborhood in northwestern Los Angeles. Clad in dark brown redwood and tan stucco, the house also features a column of distinctive domed windows and decorative glass tile making it appear both part of and distinct from the terrain, or in Ireland’s words “looking both like a structure from another world and like one that could exist only right here in Los Angeles, on that exact lot near the edge of the San Fernando Valley.” Ireland’s photographs of buildings often focus the viewer’s attention on an unexpected detail, texture, or vantage in order to reveal the lived experience of a space or place. For this project, she concentrated on Goff’s inventive use of materials and his unique architectural features. Her photographs describe the house’s open volume and its dizzying interior space, as well as the diverse material elements that define the experience of living in the house like mesh netting, radial floor joists, rose carpet, and rotating circular closets with rope curtain doors.",https://www.artic.edu/exhibitions/10788/janna-ireland-a-goff-house-in-los-angeles,"Found on the venue's ""past 2026"" listing page."
artic,"Japanese Prints from the Collection of Bruce Goff Bringing together 35 of the more than 800 Japanese prints that were given to the museum from Goff’s estate in 1990, this exhibition complements Bruce Goff: Material Worlds, Illuminating one of Goff’s many influences and inspirations.",2026-01-07,2026-04-06,"Oda Kazuma 織田一麿. Catching Whitebait at Nakaumi, Izumo (Izumo Nakaumi Shirauo tori) (detail), 1924. Bruce Goff Archive, gift of Shin’enkan, Inc. American modernist architect Bruce Goff had great admiration for Japanese art and architecture. When he was just 14, he made a drawing entitled “A Japanese Residence” (1918), and several early watercolors from the 1920s depict Asian scenes. Goff deeply engaged with Japanese art and culture throughout his life, collecting prints alongside his patron Joe Price, and finally visiting the country in 1969. Tsuchiya Koitsu 土屋光逸 Bruce Goff Archive, gift of Shin’enkan, Inc.",https://www.artic.edu/exhibitions/10754/bruce-goff-and-japanese-prints,"Found on the venue's ""past 2026"" listing page."
artic,"Carroll Dunham: Drawings, 1974–2024 Developed in conversation with the artist, this comprehensive survey is the first museum presentation focused exclusively on Dunham’s drawings, celebrating the medium as central to Dunham’s expansive practice.",2026-01-31,2026-06-01,"Carroll Dunham. Untitled (3/24/88) (detail), 1988. Courtesy of the artist. © Carroll Dunham. “There is no work by Carroll Dunham that does not use drawing as a foundation.” —Carroll Dunham Over the course of five decades, Dunham has engaged in wide-ranging formal and thematic experimentation across various media, yet his drawings represent a distinct, interconnected body of work. Dunham’s mature artistic career began in 1970s New York amid a scene dominated by Minimalist aesthetics. Using simple elements such as line, shape, and color, he made a tremendous impact with work that nevertheless signaled a return to subject matter. In the intervening decades, Dunham has continued to produce drawings that test, and ultimately collapse, the porous boundaries between abstraction and figuration: bodies shapeshift into buildings, trees pose like models, the cellular resembles the cosmic, and internal organs or private parts are made very public.",https://www.artic.edu/exhibitions/10558/carroll-dunham-drawings-1974-2024,"Found on the venue's ""past 2026"" listing page."
artic,"Lucas Samaras: Sitting, Standing, Walking, Looking Focusing on Samaras’s innovative photographs, while also including includes sculptures and paintings, this presentation invites us into Samaras’s creative, engaged, and focused life and ceaseless artistic exploration.",2026-01-31,2026-07-20,"Lucas Samaras. Split (detail), 1973. Gift of Robert and Gayle Greenhill. Over seven decades, Lucas Samaras developed an utterly unique approach to art making. While he experimented with a wide range of materials, his own body and belongings were the primary subject of his photographs, sculptures, and drawings. Samaras was born in Greece and as a boy he witnessed the Greek Civil War firsthand. Art making became an escape from the war’s horrors and the way it complicated his family dynamic. While his father moved to New Jersey, he and his mother stayed in Greece for nine years. The family didn’t reunite until Samaras was 12 and moved with his mother to the US. Following his youth in Greece, Samaras’s work was also deeply influenced by his participation in ”happenings,” live artworks that combined installation and performance that emerged in New York in the late 1950s and 1960s.",https://www.artic.edu/exhibitions/10584/lucas-samaras-sitting-standing-walking-looking,"Found on the venue's ""past 2026"" listing page."
artic,"Barbara Hammer: Sanctus Emerging from the artist’s initial engagement with medical themes during the AIDS epidemic, this film presents images captured by medical technology that uses large amounts of radiation, underscoring the idea that “science advances through the demise of animal, including human, subjects in experiments.”",2026-02-20,2026-05-17,"Barbara Hammer. Still image from Sanctus, 1990. Purchased with funds provided by Mark and Judy Bednar. Barbara Hammer’s experimental film Sanctus depicts human bodies at risk. It features archival moving X-rays taken by doctor and filmmaker James Sibley Watson Jr. (1894–1982) of people making simple gestures and engaging in everyday activities: applying lipstick, drinking liquids, shaking hands, and shaving. Hammer rephotographed the original film and spliced the images together in a visceral montage set to overwhelming requiems by Neil B. Rolnick. She further transformed the X-rays with flashes of light, hand-painted colors, and other visual effects and by speeding up, looping, and reversing the movements. In presenting images captured by medical technology that uses large amounts of radiation, Hammer underscored her idea that “science advances through the demise of animal, including human, subjects in experiments” and that imaging, and even treatment, can cause harm. Barbara Hammer Purchased with funds provided by Mark and Judy Bednar",https://www.artic.edu/exhibitions/10881/barbara-hammer-sanctus,"Found on the venue's ""past 2026"" listing page."
artic,"Korean National Treasures: 2,000 Years of Art The largest Art Institute exhibition devoted to Korean art in four decades, this exhibition present 140 artworks from the Three Kingdoms period (57 BCE–676 CE) through the 1900s.",2026-03-07,2026-07-05,"Attributed to court painters 화원 추정. Ten Symbols of Longevity 십장생도, Joseon dynasty, 19th century. National Museum of Korea, LKH4053. © National Museum of Korea. From 6th-century gilt bronze Buddhist sculpture through Joseon dynasty painting and white porcelain and contemporary paintings of the late 20th century, the works of art in this exhibition demonstrate the artistic legacy produced on the Korean peninsula over millennia. Once privately held, these artworks now belong to the Korean people thanks to a single groundbreaking gift from the family of Lee Kun-Hee, late chairman of Samsung Group. In 2021 the family donated over 23,000 works to the Korean government for public audiences to study and appreciate in perpetuity. Lee Kun-Hee and his father, Lee Byung-Chull, collected exceptional and storied objects from throughout Korean history as a means of preserving and celebrating the nation’s cultural heritage. This exhibition marks the first time the works are on public display. Among the 140 artworks on view—including modern and historical painting, ceramics, and objects made for Buddhist worship and scholarly study—22 are officially recognized as National Treasures or Treasures by the Korean government.",https://www.artic.edu/exhibitions/10209/korean-national-treasures-2000-years-of-art,"Found on the venue's ""past 2026"" listing page."
artic,"Matisse’s Jazz: Rhythms in Color Marking the Art Institute debut of Matisse’s celebrated artist’s book Jazz, this exhibition places these revolutionary works in context with paintings, prints, and sculptures from across the artist’s career, highlighting his never-ending exploration of color and line.",2026-03-07,2026-06-01,"Visitors take in Matisse’s Jazz: Rhythms in Color featuring works by Henri Matisse. Printed by Edmond Vairel, published by Tériade for Éditions Verve. The Art Institute of Chicago, Simeon B. Williams Fund. © 2026 Succession H. Matisse / Artists Rights Society (ARS), New York. In the early 1940s, decades into his artistic career, Henri Matisse (1869–1954) turned his focus to a new medium: cut paper. He had become bedridden and unable to paint following an excruciating abdominal surgery, and cut paper allowed him to continue to create in his relatively sedentary state. Encouraged by his friend, the book publisher Tériade (the pseudonym of Stratis Eleftheriades), Matisse furthered his exploration of this new technique. He mined his memories of Parisian music halls, the circus, trips to Tahiti, folktales, and mythology, and produced a series of 20 cut-paper maquettes. All images by Henri Matisse, Printed by Edmond Vairel, published by Tériade for Éditions Verve. The Art Institute of Chicago, Simeon B. Williams Fund. © 2026 Succession H. Matisse / Artists Rights Society (ARS), New York",https://www.artic.edu/exhibitions/10557/matisses-jazz-rhythms-in-color,"Found on the venue's ""past 2026"" listing page."
artic,"Emerging from Darkness: Prints by Hamanishi Katsunori Featuring a number of gifts from the artist as well as longtime collectors over the last 30 years, this presentation includes several of the artist’s celebrated mezzotints—earlier, smaller-format works done without color, as well as more recent larger work that boast many hues.",2026-04-08,2026-06-22,"Hamanishi Katsunori. Fall—Manjushage (Flowers of Heaven) (detail), 2022. Gift of the artist. Over a long and distinguished career, Japanese artist Hamanishi Katsunori (born 1949) has focused on making mezzotint prints, perhaps the most demanding of all print techniques. Mezzotints are known for their dark and atmospheric appearance. This is because the starting point for any mezzotint is the creation of a roughened surface, which produces a solid black background when printed. To draw the image that emerges from this dark background, the artist uses a series of burnishers and scrapers; the deepest gouges print as white areas on the finished print. This presentation includes earlier, smaller-format works done without color, as well as more recent larger work that boast many hues. Among the earlier monochromatic prints is Hamanishi’s 1997 Viva Chicago series, which focuses on the city’s beloved public monuments like the Picasso and Miró sculptures. As the artist recalled, “When I first came here, I was unprepared for the impact this city would leave on my mind, such a vivid impression etched deep in my memory… . This is my ode to Chicago.”",https://www.artic.edu/exhibitions/10815/emerging-from-darkness-prints-by-hamanishi-katsunori,"Found on the venue's ""past 2026"" listing page."
artic,"Nora Turato: I hear you, I hear you. A rapid barrage of phrases common to self-improvement and personal and professional advancement, this profoundly disquieting video showcases the overwhelming glut of linguistic platitudes through which we must sift each day.",2026-05-22,2026-08-26,"Nora Turato’s I hear you, I hear you. bombards us with a flurry of linguistic platitudes we sift through each day. Yellow words advance one at a time at a rapid, near-illegible pace against a red background. This string of text is occasionally punctuated by the legible words I hear you in a calm, black-on-white design. The audio captures Turato’s breathing exercises, which begin as a warm up and build to a painful wail. Like most of Turato’s work, the piece uses vivid phrases compiled during her research into specific linguistic trends and subcultures; here, she drew from popular language related to self-improvement and personal and professional advancement. The artist’s sources included YouTube and TikTok videos, advertisements, the fine print on prescription medications, and news stories focused on specific lifestyle techniques marketed to decrease anxiety and optimize the self. Across performances, videos, publications, and installations, Turato’s work critically engages the ways that language circulates in order to emphasize how words can become incoherent and ridiculous in daily life.",https://www.artic.edu/exhibitions/10917/nora-turato-i-hear-you-i-hear-you,"Found on the venue's ""past 2026"" listing page."
artic,"The Floating World Emerges: Japanese Prints from the Clarence Buckingham Collection This presentation brings together about 40 “pictures of the floating world” prints, many given to the museum by a major collector and an early supporter of the Art Institute, Clarence Buckingham.",2026-06-24,2026-09-06,"The ideology that would become known as the floating world (ukiyo) developed following the great fire of 1657 in which vast portions of the city of Edo (now Tokyo) were destroyed. Just a few years after that fire, in 1665, author Asai Ryōi described what this attitude was: “living only for the moment, turning our full attention to the pleasures of the moon, the snow, the cherry blossoms and the maples, singing songs, drinking wine, and diverting ourselves just in floating, floating, caring not a whit for the poverty staring us in the face, refusing to be disheartened, like a gourd floating along with the river current: This is what we call ukiyo.” Pictures of the floating world (ukiyo-e) subsequently became essential portrayals of city life in the 17th century. Prints and paintings of women wearing elaborate kimonos appealed to urbanites’ sense of fashion and style, while depictions of Kabuki actors and their hedonistic existence provided excitement. Courtesans, who played a significant role in a society that glorified their appearance and glossed over their reality, were also a frequent ukiyo-e subject. Prints were a profitable way to give the public the images they craved as mementos of their experiences or their fantasies. The appeal of ukiyo-e continued for almost 200 years, and the printing technology that developed as a result, especially color printing, reached heights unknown in the rest of the world.",https://www.artic.edu/exhibitions/10873/the-floating-world-emerges-japanese-prints-from-the-clarence-buckingham-collection,"Found on the venue's ""past 2026"" listing page."
artic,"Modern Japanese Portraits in Print Modern Japanese Portraits presents 24 groundbreaking portraits, including many rare editions, from the Art Institute’s collection.",2025-01-23,2025-04-14,"Sekino Jun’ichiro. Eizo and Matsuomaru (detail), 1953. Japanese Print Purchase Fund. The 1940s and 1950s were a pivotal time for Japan’s creative print movement, known as sōsaku hanga. Just after World War II, artists who had primarily trained in oil painting turned to woodblock prints to portray the people around them, using the medium’s power and immediacy to capture a disappearing traditional world. This exhibition features the work of four sōsaku hanga artists: Onchi Kōshirō (1891–1955) and his followers Sekino Jun’ichirō (1914–1988), Saitō Kiyoshi (1907–1997), and Kitaoka Fumio (1918–2007). Onchi was the movement’s main advocate, and his name is synonymous with the group. From 1939, sōsaku hanga artists met at his home on the first Thursday of every month, where they received the encouragement they needed to flourish.",https://www.artic.edu/exhibitions/10606/modern-japanese-portraits-in-print,"Found on the venue's ""past 2025"" listing page."
artic,Lines of Connection: Drawing and Printmaking The first exhibition to focus on the connections between drawing and printmaking brings together around 90 works on paper by some of the greatest artists in the Western tradition to explore their creative process and the links between the two mediums.,2025-03-15,2025-06-01,"Hendrick Goltzius. Study of a Right Hand (detail), 1588. Teylers Museum, N 058. The first exhibition ever to focus on the multiple connections between drawing and printmaking, this presentation brings together around 90 works on paper by some of the greatest artists in the Western tradition to uncover the inner workings of their creative process and offer new ways to think about the links between the two mediums. Featuring fascinating drawings and exceptional prints from the late 15th century though the mid-19th century by artists such as Albrecht Dürer, Parmigianino, Rembrandt, Peter Paul Rubens, Maria Sibylla Merian, Francisco Goya, and William Blake, the exhibition explores the creative exchange between the two practices by showcasing preparatory drawings for prints, printed imitations of drawings, and drawn copies of prints. A selection of hybrid works also questions traditional definitions, strict boundaries, and outdated hierarchical distinctions between media. Among the many remarkable loans enriching the exhibition are two astonishing drawings of a right hand by Hendrick Goltzius, which will be shown alongside each other for the first time in over a generation. Additionally an impressive drawing by Rembrandt of Leonardo da Vinci’s Last Supper makes its Chicago debut.",https://www.artic.edu/exhibitions/10194/lines-of-connection-drawing-printmaking,"Found on the venue's ""past 2025"" listing page."
artic,"Myth and Marble: Ancient Roman Sculpture from the Torlonia Collection This exhibition brings to North America, for the first time, a selection of 58 rarely seen ancient Roman sculptures from Italy’s storied Torlonia Collection.",2025-03-15,2025-06-29,"Portrait of Hadrian, about 130. Roman, Imperial Period. Torlonia Collection, Rome. © Torlonia Foundation. Photo by Lorenzo De Masi. From large-scale figures of gods and goddesses to portraits of emperors and magnificent funerary monuments, this exhibition brings to North America, for the first time, a selection of 58 rarely seen ancient Roman sculptures from Italy’s storied Torlonia Collection. Nearly half of these sculptures, which range in date from the 5th century BCE to the early 4th century CE, have not been publicly displayed in more than 70 years and have been newly cleaned, conserved, and studied specifically for this exhibition, making for a spectacular opportunity to experience their first public presentation in decades. The Torlonia Collection is not only the largest private collection of Roman marble sculptures in Italy, but it is also arguably the most important of such private collections in the world. Comprising 622 works and a wide range of sculptural types and subjects, its holdings rival those of major institutions in Europe, including the Capitoline and Vatican Museums.",https://www.artic.edu/exhibitions/10257/myth-marble-ancient-roman-sculpture-from-the-torlonia-collection,"Found on the venue's ""past 2025"" listing page."
artic,"Coco Fusco: Your Eyes Will Be an Empty Word This video by New York–based interdisciplinary artist and writer Coco Fusco commemorates victims of coronavirus buried in the public cemetery on Hart Island, New York.",2025-03-21,2025-08-18,"This video by New York–based interdisciplinary artist and writer Coco Fusco commemorates victims of coronavirus buried in the public cemetery on Hart Island, New York, which the city’s Department of Parks and Recreation took over from the city’s Department of Corrections in 2021. Since 1869 the site has served as a mass grave for more than one million people, many of whom died in poverty or whose bodies were not claimed after death. Filmed on and around the island, the footage includes picturesque views of the land and surrounding sea as Coco Fusco rows a boat, gently tossing flowers into the water. The scenes are accompanied by a somber text written by the artist and performed by poet Pamela Sneed. For more than 30 years, Fusco has produced critical writing, performances, site-specific installations, and videos that examine multicultural and postcolonial discourses, feminist theory, and social justice, as well as the power dynamics of war and incarceration. The commemorative gesture in Your Eyes Will Be an Empty Word is filled with beauty and insurmountable loss.",https://www.artic.edu/exhibitions/10639/coco-fusco-your-eyes-will-be-an-empty-word,"Found on the venue's ""past 2025"" listing page."
artic,"En el principio / In the beginning: Juliana Góngora Rojas, Matías Quintero Sepúlveda, Juven Piranga Valencia, and Yinela Piranga Valencia For her first exhibition at a major US institution, Góngora has collaborated with artist Matías Quintero Sepúlveda and Juven and Yinela Piranga Valencia, leaders of the Ko’revaju Indigenous community of the northern Colombian Amazon, to create a “cosmic weaving” that reflects the collaborators’ experiences of the innate ties between humanity and our shared environment.",2025-03-29,2025-07-28,"Juliana Góngora Rojas. Lengüitas sagradas (Sacred Little Tongues) (detail), 2022. Courtesy of the artist. Please note this exhibition is temporarily closed for conservation work. It will reopen June 12. Juliana Góngora Rojas is a Colombian sculptor who engages with organic materials, such as soil, salt, stones, or spider threads. Interested in establishing networks of community and spiritual exchange, Góngora collaborates with artisans, farmers, and Indigenous communities in works that emphasize the importance of ordinary materials and daily actions, as well as the ties that intimately bind human beings with nature.",https://www.artic.edu/exhibitions/10416/en-el-principio-in-the-beginning-juliana-gongora-rojas-matias-quintero-sepulveda-juven-piranga-valencia-and-yinela-piranga-valencia,"Found on the venue's ""past 2025"" listing page."
artic,"Frida Kahlo’s Month in Paris: A Friendship with Mary Reynolds This exhibition focuses on the celebrated Mexican artist’s first and only trip to Europe and her brief yet pivotal encounter with Mary Reynolds, an American avant-garde bookbinder who stood at the center of a rich Parisian artistic community.",2025-03-29,2025-07-13,"Frida Kahlo. The Frame (El marco) (detail), 1938. Centre Pompidou, State purchase, 1939, JP 929 P (1). © 2025 Banco de México Diego Rivera Frida Kahlo Museums Trust, Mexico, D.F. / ADAGP, Paris. Digital Image © CNAC/MNAM, Dist. RMN-Grand Palais / Art Resource, NY. Unveiling Frida Kahlo’s work for the first time in the Art Institute galleries, this exhibition focuses on the celebrated Mexican artist’s first and only trip to Europe and her brief yet pivotal encounter with Mary Reynolds, an American avant-garde bookbinder who stood at the center of a rich Parisian artistic community. Drawing upon the extensive Mary Reynolds Collection at the Art Institute of Chicago and extraordinary Kahlo loans from public and private collections in the US, Mexico, and Europe, the presentation sheds light on this little-known chapter of 20th-century art history, recounting the legacies of Kahlo and Reynolds—both artists themselves and partners of artists—as they navigated Surrealism, identity, and cross-cultural exchange on the eve of World War II. Kahlo traveled to France in January 1939 at the invitation of André Breton, the architect of European Surrealism. Breton had visited Kahlo in Mexico the year previously and invited her to consider an exhibition in Paris. The French city, however, did not agree with Kahlo. She quickly found it eroding her sense of artistic freedom and her health—until she met Reynolds. When Kahlo was rushed to the hospital with a kidney infection, Reynolds invited her to convalesce at her home at 14 rue Hallé, a hub of the city’s visual and literary avant-gardes who regularly communed and dined there.",https://www.artic.edu/exhibitions/10397/frida-kahlos-month-in-paris-a-friendship-with-mary-reynolds,"Found on the venue's ""past 2025"" listing page."
artic,"Japan’s Great Female Poets The prints in this exhibition show the various ways that artists, including the world-famous Katsushika Hokusai, have interpreted the stories of two of Japan’s most renowned poets, Murasaki Shikibu (about 973–1016) and Ono no Komachi (active about 833–57).",2025-04-15,2025-07-14,"Kobayashi Kiyochika. Sei Shonagon (detail), from the series Ancient Patterns (Kodai moyo), 1896. Mr. and Mrs. Hubert Fischer and Margaret Gentles funds. Japan has long celebrated the talents of its great female poets. The Heian period (794–1185), the golden age of the Japanese imperial court, saw many women writers garner acclaim for novels and a specific type of poetry called waka. Murasaki Shikibu (about 973–1016) and Ono no Komachi (active about 833–57) are two of the country’s most renowned poets from this period. Courting Komachi (Kayoi Komachi), from the series Seven Fashionable Figures of Ono no Komachi (Furyu nana Komachi yatushi sugata-e), about 1792",https://www.artic.edu/exhibitions/10611/japans-great-female-poets-3,"Found on the venue's ""past 2025"" listing page."
artic,"Iman Issa: A Game, or So You May Think This first substantial presentation of Iman Issa’s Heritage Studies in the US in a decade showcases these sculptures based on historical artifacts—“art that is not exactly part of the world but is certainly tied to it, revealing of it.”",2025-05-03,2025-09-21,"Installation view of Iman Issa: A Game or So You May Think, 2025, on the Art Institute of Chicago’s Bluhm Family Terrace. “I believe objects have a life of their own, independent of a user or a maker’s intentions, which is what makes them so interesting.” Iman Issa’s Heritage Studies are displays based on historical artifacts, which attempt to communicate their significance to the present moment. In her process, the objects are altered: Issa changes their materials, scale, and color to a degree that the resemblance between the historic artifact and Issa’s work can be difficult to discern. Despite these dissimilarities, the artist insists on the equivalence of these objects, almost like the equivalence between a photograph and its subject. Issa also pays special attention to institutional modes of display and interpretation. She includes with her sculptures texts that reference the museological origins of the object being depicted. The objects come to exist somewhere between their material form and the texts surrounding them, positioning them within a network of signification.",https://www.artic.edu/exhibitions/10507/iman-issa-a-game-or-so-you-may-think,"Found on the venue's ""past 2025"" listing page."
artic,"H. C. Westermann: Anchor Clanker The largest gathering of sculptures by H. C. Westermann in Chicago in over 20 years, this exhibition celebrates the generous gift of 17 sculptures by the artist from the Estate of Alan and Dorothy Press.",2025-05-17,2026-05-11,"H. C. Westermann. The Big Change (detail), 1963. Gift of the Estate of Alan and Dorothy Press in acknowledgement of their family. H. C. Westermann’s work combines a graceful mastery of materials, rough and tumble physicality, commonsense philosophizing, acrobatic wit and wordplay, and a sensitive worldview shaped in equal measure by the horrors of wartime and the devotions of love. He used a wide-range of materials but was most dedicated to woodworking, once stating that wood was his “whole life.” Gift of the Estate of Alan and Dorothy Press in acknowledgement of their family Westermann attended the School of the Art Institute of Chicago twice, once after his service in World War II and again after his service in the Korean War. His depth of experience, humble work ethic, and dedication to craft influenced a generation of artists across Chicago, Los Angeles, and beyond.",https://www.artic.edu/exhibitions/10566/hc-westermann-anchor-clanker,"Found on the venue's ""past 2025"" listing page."
artic,Contemporary Drawings from the Stenn Family Collection This exhibition celebrates the Stenn family’s 2023 gift of 100 drawings and prints and offers Art Institute visitors the chance to delve into the experimental ethos of much of 20th-century art and to experience the work of trailblazing artists who had the audacity to try something new.,2025-06-28,2025-09-15,"Wayne Thiebaud. Cake Slices (detail), 1963. Gift of the Irving Stenn, Jr. Family. Voraciously curious and contagiously enthusiastic about art, Chicagoan Irving Stenn Jr. has across five decades assembled a spectacular collection of 20th-century art from various movements and across the world. Stenn began collecting art with his wife, Marcia, in 1971, largely as a way of enhancing their newly renovated Lincoln Park home. Although neither had formal art training, she had a discerning eye, and he enjoyed the hunt for the right object. Together they approached the project as a shared learning activity, and in time, they acquired paintings and sculpture by significant artists of the post-World War II period. Gift of the Irving Stenn, Jr. Family. © 2025 Judy Chicago & Donald Woodman / Artists Rights Society (ARS), New York",https://www.artic.edu/exhibitions/10502/contemporary-drawings-from-the-stenn-family-collection,"Found on the venue's ""past 2025"" listing page."
artic,"Gustave Caillebotte: Painting His World More than 120 paintings, works on paper, photographs, and other ephemera come together in this major exhibition exploring the very personal interests and relationships that shaped Impressionist artist Gustave Caillebotte’s world.",2025-06-29,2025-10-05,"Gustave Caillebotte. Boating Party (detail), about 1877–78. Musée d’Orsay, Paris, Purchased thanks to the exclusive patronage of LVMH, 2022, RF MO P 2022 5. Photo courtesy of GrandPalaisRmn (Musée d’Orsay) / Sophie Crépy. Impressionist artist Gustave Caillebotte (1848–1894)—known and beloved by many Art Institute visitors for his monumental painting Paris Street; Rainy Day—takes center stage in this major exhibition exploring the very personal interests and relationships that shaped his world. The Art Institute of Chicago, Charles H. and Mary F. S. Worcester Collection Caillebotte was unique among his Impressionist peers. At a time when modernity was synonymous with fashionable young women and new forms of entertainment, he focused instead on a more intimate and individualized sphere: his family and friends, his fellow sportsmen, the bourgeois pedestrians strolling in his neighborhood, and the workers who came to his house or whom he observed in the street.",https://www.artic.edu/exhibitions/10068/gustave-caillebotte-painting-his-world,"Found on the venue's ""past 2025"" listing page."
artic,"The Dawn of Modernity: Japanese Prints, 1850–1900 Prints from this period following Japan’s almost 250 years of near-total isolation reflect the country’s attempts to define itself between Eastern and Western influences and to become Asia’s modern empire.",2025-07-15,2025-10-13,"Ochiai Yoshiiku. Picture of Men and Women from Many Countries (Bankoku danjo jinbutsu zue) (detail), 1861. Gift of Emily Crane Chadbourne. After almost 250 years of near-total isolation, Japan opened to international trade in 1859. American commodore Matthew Perry had arrived in 1853 with a fleet of imposing, steam-powered warships, triggering an influx of foreign ideas, goods, and technologies to Japan. Yokohama, a small trading settlement, became the center of this new commercialism. Japanese printmakers documented these watershed events and promoted the image of a modern nation in ascent. In the Mood for a Walk (Yuho ga shitaso), from the series Thirty-two Aspects of Women (Fuzoku sanjuniso), 1888",https://www.artic.edu/exhibitions/10644/the-dawn-of-modernity-japanese-prints-1850-1900,"Found on the venue's ""past 2025"" listing page."
artic,"Pixy Liao: Relationship Material Presenting 45 works from Liao’s ongoing series Experimental Relationship, this exhibition wryly examines the power dynamics between artist and muse and documents the evolution of Liao and Moro’s relationship.",2025-07-26,2025-12-08,"Pixy Liao. Door Stopper (detail), 2017. Courtesy of the artist. © Pixy Liao. Since 2007, Pixy Liao (廖逸君) has collaborated with her partner, Takahiro Morooka (諸岡高裕, nicknamed Moro), on a series of staged, often humorous self-portraits. These works wryly examine the power dynamics between artist and muse, prod at conservative gender roles, and document the evolution of their relationship. Pixy (born 1979 in Shanghai, China), an artist working in photography, installation, and performance, met Japanese-born artist and musician Moro in 2006 when both were international students in Memphis, Tennessee. Their creative partnership has grown and evolved over the years to include many projects including their music group, PIMO, which has released six albums to date.",https://www.artic.edu/exhibitions/10548/pixy-liao-relationship-material,"Found on the venue's ""past 2025"" listing page."
artic,"Charles Gaines: Night/Crimes This exhibition is the first museum presentation of Night/Crimes, a series Gaines created from 1994 to 1997, in which he paired archival photographs of violent crime scenes, victims, and indicted murderers with images of constellations that could have been seen in the night sky when the crimes occurred.",2025-08-16,2026-02-01,"Charles Gaines. Night/Crimes: Perseus (detail), 1994. Courtesy of Hauser & Wirth. Since the 1970s, artist Charles Gaines has worked with numeric systems and repeating visual structures to investigate representation. His subjects have ranged from race theory and language theory to objects in the natural world. This exhibition focuses on Night/Crimes, a series Gaines created from 1994 to 1997, in which he paired archival photographs of violent crime scenes, victims, and indicted murderers with images of constellations that could have been seen in the night sky when the crimes occurred. Written onto the Plexiglas covering each pair of photographs are the location and date of the crime, the astronomical position of the pictured constellation, and lastly, a date 50 years after the first one. While the paired photographs of Night/Crimes suggest narrative cycles of violence, justice, astrology, and fate, there is no causal connection between the artworks’ various elements. “The murderers pictured in the mug shot-type photographs are not the ones who have committed the crimes you see in the crime scene,” says Gaines. “Nevertheless, it seems compelling to people to override the fact that this relationship is completely made up.”",https://www.artic.edu/exhibitions/10568/charles-gaines-nightcrimes,"Found on the venue's ""past 2025"" listing page."
artic,"Leslie Thornton: Jennifer, Where Are You? Leslie Thornton’s film Jennifer, Where Are You? revolves around a young girl haphazardly applying red lipstick while a man off-screen calls out, “Jennifer, where are you?” As the imagery, music, and child’s facial expressions change, our perception of the question—one that never gets answered—also shifts, displaying media’s powerful ability to alter meaning with colliding sounds and images.",2025-08-23,2026-01-11,"Leslie Thornton’s film Jennifer, Where Are You? revolves around a young girl haphazardly applying red lipstick while a man off-screen calls out, “Jennifer, where are you?” The film cuts between the girl, upside-down scenes of suburban life, and footage of swimming fish, all accompanied by a musical score that grows increasingly ominous. As the imagery, music, and child’s facial expressions change, our perception of the question—one that never gets answered—also shifts, displaying media’s powerful ability to alter meaning with colliding sounds and images. Thornton emerged from a generation of artists and filmmakers concerned with the ways that film, as a medium, structures identities and perceptions of women. Influenced by the theory that the unconscious mind operates through signs and symbols, like language, Thornton has made the relationship between speech and cinema central to her work. “The way language works has been a lifelong preoccupation,” Thornton says. “Speech was like an object, an enemy, a barrier.”",https://www.artic.edu/exhibitions/10706/leslie-thornton-jennifer-where-are-you,"Found on the venue's ""past 2025"" listing page."
artic,"Elizabeth Catlett: “A Black Revolutionary Artist and All That It Implies” Bringing together over 100 works from across Catlett’s awe-inspiring career, this long-overdue retrospective showcases the significant role this revolutionary artist and radical activist played in her time and still today.",2025-08-30,2026-01-04,"Elizabeth Catlett. Sharecropper (detail), 1952, printed 1970. The Art Institute of Chicago, purchased with funds provided by Mr. and Mrs. Robert S. Hartman. © 2025 Mora-Catlett Family / Licensed by VAGA at Artists Rights Society (ARS), NY. “I have been, and am currently, and always hope to be a Black revolutionary artist, and all that it implies.” —Elizabeth Catlett, May 1970, in a speech delivered from Mexico to attendees at the Conference on the Functional Aspects of Black Art in Chicago, after Catlett was denied a US visa A deft sculptor and printmaker, ardent feminist, and lifelong social activist, Elizabeth Catlett (1915–2012) was a defining artist of the 20th century. Across nearly 100 years—from Jim Crow segregation through the Cold War and into Barack Obama’s first term as president—Catlett remained steadfast in her commitment to both her art and her political beliefs.",https://www.artic.edu/exhibitions/10220/elizabeth-catlett-a-black-revolutionary-artist-and-all-that-it-implies,"Found on the venue's ""past 2025"" listing page."
artic,Tuan Andrew Nguyen: We Were Lost in Our Country Tuan Andrew Nguyen’s video explores how the Ngurrara people of Western Australia secured legal rights to their ancestral land by creating a monumental painted map in 1997 and shows how collective memory heals and engenders solidarity.,2025-09-05,2026-03-08,"Tuan Andrew Nguyen. Still from We Were Lost in Our Country, 2019. The Art Institute of Chicago, Benefactors of Architecture, Samuel A. Marx, and Major Acquisitions Centennial funds. For the Ngurrara people of Western Australia, Country is not just a place. The word also signifies kinship with the lands, waters, and skies of the Great Sandy Desert, which the Aboriginal communities of the Walmajarri, Wangkajunga, Mangala, and Juwaliny language groups have stewarded for millennia. Tuan Andrew Nguyen’s film We Were Lost in Our Country explores how these communities established legal rights to their ancestral land by creating the monumental painting Ngurrara Canvas II in 1997. The Art Institute of Chicago, Benefactors of Architecture, Samuel A. Marx, and Major Acquisitions Centennial funds",https://www.artic.edu/exhibitions/10618/tuan-andrew-nguyen-we-were-lost-in-our-country,"Found on the venue's ""past 2025"" listing page."
artic,"On Loss and Absence: Textiles of Mourning and Survival More than 100 objects from diverse cultures and periods reveal the ways people use textiles to sustain spiritual beliefs, understand death, cope with grief, remember those who have passed, and heal from trauma, both personally and collectively.",2025-09-06,2026-03-15,"Carina Yepez. Made in collaboration with Maricela Herrera (auntie) and Lula Yepez (mom) and in gratitude to Amalia Martínez from La Haciendita, Guanajuato, Mexico. Mujeres (Women) (detail), 2023. Collection of the artist. Drawn primarily from the Art Institute of Chicago’s collection, On Loss and Absence brings together over 100 objects from diverse cultures dating from antiquity to today to reveal the ways people use textiles to sustain spiritual beliefs, understand death, cope with grief, remember those who have passed, and heal from trauma, both personally and collectively. Carina Yepez. Made in collaboration with Maricela Herrera (auntie) and Lula Yepez (mom) and in gratitude to Amalia Martínez from La Haciendita, Guanajuato, Mexico Four themes structure the presentation: “Death and Mourning” highlights how textiles help people negotiate experiences of loss and grief and includes funeral hangings, burial cloths, and mourning samplers, along with works by such contemporary artists as Nick Cave and Carina Yepez. “Transition of Realms” expresses spiritual beliefs about life, death, and other cosmologies that are woven into textiles through works such as Indonesian palepai (or ship cloths) and a Taoist priest’s robe.",https://www.artic.edu/exhibitions/9772/on-loss-and-absence-textiles-of-mourning-and-survival,"Found on the venue's ""past 2025"" listing page."
artic,"Diane Simpson: “Good for Future” Three newly commissioned sculptures derived from a set of drawings she made in the mid-1980s for sculptures that were never realized, Diane Simpson: “Good for Future” places Simpson’s architectonic forms in dialogue with the Chicago skyline.",2025-10-04,2026-04-19,"An installation view of Diane Simpson: “Good for Future” on the Art Institute’s Bluhm Family Terrace Over the past 50 years, Chicago-based artist Diane Simpson has created work inspired by a diverse range of sources including clothing, household objects, and architecture. Working from highly detailed preparatory drawings, Simpson develops complex geometries which she then transforms into three-dimensional objects that call into question perspective and scale. Produced entirely by hand with painstaking care, Simpson’s sculptures are intimately domestic, spatially challenging, and terrifically strange. For her installation on the Bluhm Family Terrace, Simpson is producing three newly commissioned works derived from a set of drawings she made in the mid-1980s for sculptures that were never realized. On the outside of her rolled-up drawings, she wrote a note to herself: “Good for Future.”",https://www.artic.edu/exhibitions/10630/diane-simpson-good-for-future,"Found on the venue's ""past 2025"" listing page."
artic,"Strange Realities: The Symbolist Imagination This display featuring over 85 Symbolist works on paper by artists including Edvard Munch, Odilon Redon, and Paul Gauguin captures the beauty and strangeness of a mysterious generation of artists.",2025-10-04,2026-01-05,"Jean Delville. Medusa (detail), 1893. Regenstein Endowment Fund. Symbolism is among the most complex art movements to define. Although it followed on the heels of Impressionism, whose imagery was accessible and bright, Symbolism’s dark and mysterious vocabulary is far less known. While Symbolist artists were aligned in their embrace of the creative imagination, they used diverse styles and drew inspiration from the past, the future, and the interior self. Complicating the movement further was its lack of a single central hub; instead Symbolism was a loosely connected trend across Europe. Symbolism, in fact, began as a literary movement in France in the 1880s and later expanded to visual art in Belgium, Germany, Norway, and elsewhere. Reacting against rationalism, materialism, and Impressionism’s focus on the external world, Symbolist artists sought instead to represent the unseeable—ideas and emotions. These artists shared a general cynicism about the late 19th century’s moral decline, technological advancements brought about by rapid industrialization, and the rural flight to urban centers.",https://www.artic.edu/exhibitions/10094/strange-realities-the-symbolist-imagination,"Found on the venue's ""past 2025"" listing page."
artic,"János Megyik Photograms The first US museum exhibition of the Megyik’s work focuses on photograms the artist made from his earlier constructions in larch wood, part of his ongoing poetic investigation of perspectival systems and fractal geometry.",2024-02-03,2024-07-08,"“If through an interpretative hypothesis I get inside the structure of an existing work, and some of its layers open before me, I arrive at a field I can upset and reconstruct, and create a new dimension that could not be seen or imagined beforehand.” —János Megyik For six decades, János Megyik (Hungarian, born 1938) has been making poetic investigations of fractal geometry and perspectival systems, motivated by questions of point, line, plane, volume, and all that lies between and beyond their innumerable intersections. In 1983, following a decade or so spent building constructions from larch wood, the artist started experimenting with the cameraless technique known as the photogram. To create a photogram, objects are placed directly upon photographic paper that is then exposed to light, darkening the exposed areas and revealing a shadow-like image of the object in white (or, if the object is transparent, shades of gray). Using his Vienna studio as a makeshift darkroom, Megyik spread six-foot-long sections of photosensitized paper directly on the floor and made photograms of his larch wood constructions—essentially creating reversals of his earlier work. Over the next five years Megyik made about 50 of these photograms. Working photographically offered the artist a ready means to give negative and positive space equal weight and to emphasize that “drawing” space always involves an interpretation. For Megyik, however, rigorous spatial analysis goes hand in hand with a sense of wonder at the infinite and absolute.",https://www.artic.edu/exhibitions/10200/janos-megyik-photograms,"Found on the venue's ""past 2024"" listing page."
artic,"Threaded Visions: Contemporary Weavings from the Collection This exhibition, drawn entirely from the Art Institute’s permanent collection, explores the beautiful diversity of this ancient and global practice through the works of 13 contemporary artists from five countries.",2024-02-24,2024-08-26,"James Bassler. A Weaving (detail), 2012. The Art Institute of Chicago, Christa C. Mayer Thurman Textile Endowment. © James Bassler. Weaving—it’s a familiar term, a millennia-old art form, and a technique used across the world. But what exactly is weaving? What does the process entail? Weaving is the act of making fabric by interlacing threads using a loom. It may sound simple, but because a whole cloth or segment comes off the loom fully realized, all the various artistic decisions—colors, textures, design, materials, techniques—must be decided before any weaving begins. A woven work is a concept made manifest. Nicole Williams Contemporary Latin American Textile Fund. © 2016 María Dávila and Eduardo Portillo. Photo by Tom Grotta, courtesy of browngrotta arts",https://www.artic.edu/exhibitions/10262/threaded-visions-contemporary-weavings-from-the-collection,"Found on the venue's ""past 2024"" listing page."
artic,"Christina Ramberg: A Retrospective This comprehensive exhibition includes Ramberg’s well-known figural works as well as her lesser-known quilts, mid-career paintings, late abstractions, and ephemera from her informal archive.",2024-04-20,2024-08-11,"Christina Ramberg. Parallel Manipulation, 1977. Gift of the Robert A. Lewis Fund in memory of William and Polly Levey. © The estate of Christina Ramberg Christina Ramberg (1946–1995) was an influential and beloved member of Chicago’s contemporary art scene. While best known for her stylized paintings of fragmented female bodies, throughout her brief yet focused career, she vacillated between the depiction of various figural elements—hair, hands, torsos, and garments—while also creating equally rich, abstracted forms that emphasize structure and surface. Christina Ramberg. Collection of Anstiss and Ronald Krueck, Chicago. © The estate of Christina Ramberg. Photography by Jamie Stukenberg",https://www.artic.edu/exhibitions/9723/christina-ramberg-a-retrospective,"Found on the venue's ""past 2024"" listing page."
artic,A Sign of Things to Come: Prints by Japanese Women Artists after 1950 This exhibition features works by women artists who were drawn to the new sōsaku hanga (creative print) movement that approached printmaking as a form of artistic expression. Included are members of Joryū Hanga Kyōkai and the printmakers of the Yoshida family.,2024-04-18,2024-07-15,"Yoshida Chizuko. Valley of Butterflies (Tanima no cho) (detail), 1979. Gift of Chizuko, Takasuke, and Ayomi Yoshida. Before 1950, women rarely played a part in the production of Japanese prints, which were largely commercial products. After World War II, however, women artists were drawn to the new sōsaku hanga (creative print) movement, whose adherents approached printmaking as a form of artistic expression. In 1956 a small group of these female printmakers created Joryū Hanga Kyōkai, an association that exhibited together for about 10 years. Its members included Iwami Reika and Yoshida Chizuko, both of whom are well-known today and appear in this exhibition. Despite individual successes, like Iwami’s and Yoshida’s, the number of women printmakers in Japan is still a small fraction of the total artists who are active there. Remarkably, the Yoshida family alone boasts three impactful female printmakers, and this display represents all of them. Yoshida Fujio began to explore sensual abstracted floral themes in prints in 1950 at the age of 62. Her daughter-in-law, Yoshida Chizuko, trained as an abstract painter, but she expanded her practice in 1953 after she married a printmaker. Yoshida Ayomi is the youngest and most conceptual artist of the three, and she views her prints primarily as records of her main focus: the carving process. This exhibition features many works that the family gave to the Art Institute between 2011 and 2019.",https://www.artic.edu/exhibitions/10320/a-sign-of-things-to-comea-sign-of-things-to-come-prints-by-japanese-women-artists-after-1950,"Found on the venue's ""past 2024"" listing page."
artic,"Foreign Exchange: Photography between Chicago, Japan, and Germany, 1920–1960 This exhibition—of nearly 100 works across four decades—explores the modernist aesthetic often associated with the Bauhaus, as it developed through exchanges among a broader set of artists from Germany, Japan, and the United States.",2024-05-04,2024-09-09,"Lucia Moholy. Stage Set Design for “Madame Butterfly” (detail), 1931. Purchased with funds provided by Lucia Woods Lindley and Daniel A. Lindley, Jr. After World War I, a striking visual language came to prominence in photography, characterized by the use of multiple exposures, unusual vantages, and sharp focus. While this style is often associated with the Bauhaus, an influential German art school of the 1920s and early ‘30s, this exhibition—of nearly 100 works across four decades—explores this modernist aesthetic as it developed through exchanges among a broader set of artists from Germany, Japan, and the United States. In 1920s Germany, the Bauhaus professors Walter Gropius and Johannes Itten claimed Japanese traditional architecture and ink painting as precursors to their work, especially the Edo period’s clean lines and stark contrasts between black and white. In the 1930s, certain Japanese artists, such as Ei-Q and Osamu Shiihara, in turn pursued and helped popularize experimental photography from the Bauhaus, including cameraless abstractions and photocollages. This dialogue soon expanded to the United States, where photographers like Nathan Lerner and Yasuhiro Ishimoto, alumni of Chicago’s New Bauhaus (later the Institute of Design), highlighted bold lines and decisive forms in the city’s architecture. Back in Japan, this visual language resurfaced after World War II, as seen in the abstract sculptural constructions and experimental stage sets photographed jointly by Shozo Kitadai and Kiyoji Otsuji.",https://www.artic.edu/exhibitions/10311/foreign-exchange-photography-between-chicago-japan-and-germany-1920-1960,"Found on the venue's ""past 2024"" listing page."
artic,"John Knight: A work in situ John Knight creates projects, both in situ and ex situ, that are context dependent and crystalize the social, political, and economic forces that structure our built environment.",2024-05-04,2024-09-22,"John Knight creates projects in situ, which are the result of careful observation of specific sites, and ex situ, which bring references to other places into the exhibition space. Whether in situ or ex situ, Knight’s works are context dependent, crystalizing the social, political, and economic forces that structure our built environment. John Knight: A work in situ is curated by Giampaolo Bianconi, associate curator, Modern and Contemporary Art. This exhibition is organized by the Art Institute of Chicago with major funding from the Bluhm Family Endowment Fund, which supports exhibitions of modern and contemporary sculpture.",https://www.artic.edu/exhibitions/10341/john-knight-working-title,"Found on the venue's ""past 2024"" listing page."
artic,"Four Chicago Artists: Theodore Halkin, Evelyn Statsinger, Barbara Rossi, and Christina Ramberg The exhibition brings together 95 works by four Chicago artists to showcase how their lives intersected across generations to shape the visual culture of our inimitable city.",2024-05-11,2024-08-26,"Theodore Halkin. Untitled, 1968. Gift of Daniel Halkin and Sylvia Halkin in memory of Theodore Halkin. “[A] work of art exists as a whole. No explanation can convey to the heart the full meaning and wonder of art. That meaning is a live thing and withers at the [word’s] touch! —Evelyn Statsinger Unlike many 20th-century cities where artists were expected to work within the parameters of a predefined canon, Chicago’s artistic influences circulated freely. In a do-it-yourself and communal spirit, local artists made their own way, creating a shared set of decidedly Chicago artistic values consistent across generations and statuses. Thus, despite the 20-year separation between Theodore “Ted” Halkin and Evelyn Statsinger and the generation of Barbara Rossi and Christina Ramberg, each of these four artists shared a commitment to personal authenticity and a talent for inventing original, imaginative compositions inspired by the world around them. On a material level, these values translated into pieces that reworked found and imagined sources into new forms.",https://www.artic.edu/exhibitions/10097/four-chicago-artists-theodore-halkin-evelyn-statsinger-barbara-rossi-and-christina-ramberg,"Found on the venue's ""past 2024"" listing page."
artic,"Georgia O’Keeffe: “My New Yorks” The first exhibition to seriously examine O’Keeffe’s paintings, drawings, and pastels of urban landscapes, taking seriously O’Keeffe’s declaration that her “New Yorks would turn the world over.”.",2024-06-02,2024-09-22,"Georgia O’Keeffe. The Shelton with Sunspots, N.Y. (detail), 1926. The Art Institute of Chicago, gift of Leigh B. Block. © Georgia O’Keeffe Museum / Artists Rights Society (ARS), New York. Famed for her images of flowers and Southwestern landscapes, Georgia O’Keeffe spent several years exploring the built environment of New York City with brush in hand. The artist first moved to the city’s newly built Shelton Hotel in 1924, then the tallest residential skyscraper in the world, and its soaring heights inspired a five-year period of energetic experimentation, across media and at a variety of scales, with subject matter, form, and perspective. Get tips on getting your tickets in advance, joining the exhibition’s virtual line, and visiting during less busy times. Learn more. She created street-level compositions capturing the city’s monumental skyscrapers from below and suspended views looking down from her 30th-floor apartment.",https://www.artic.edu/exhibitions/9539/georgia-okeeffe-my-new-yorks,"Found on the venue's ""past 2024"" listing page."
artic,"Bruce Nauman: Clown Torture Clown Torture chronicles the absurd misadventures of four clowns that locks both clown and viewer in an endless loop of failure and degradation, the humor turning to horror.",2024-06-22,2024-12-02,"Clown Torture chronicles the absurd misadventures of four clowns, each played by actor Walter Stevens. Artist Bruce Nauman described the protagonists as ranging from an “old French Baroque clown” to a “traditional … red-haired, oversized shoe clown.” The result is utter cacophony, an aural and visual assault. With both clown and viewer locked in an endless loop of failure and degradation, the humor soon turns to horror. Bruce Nauman. Watson F. Blair Prize, Wilson L. Mead, and Twentieth-Century Purchase funds; through prior gift of Joseph Winterbotham; gift of Lannan Foundation. © 2024 Bruce Nauman / Artists Rights Society (ARS), New York Of his work in general, Nauman has said, “From the beginning I was trying to see if I could make art that … was just there all at once. Like getting hit in the face with a baseball bat. Or better, like getting hit in the back of the head. You never see it coming; it just knocks you down. I like that … the kind of intensity that doesn’t give you any trace of whether you’re going to like it or not.” Experimenting with film and video, printmaking, and sculpture, the artist has explored anxiety, boredom, confusion, entrapment, and failure since the beginning of his career. Nauman created Clown Torture after returning to video in the 1980s following a 10-year break.",https://www.artic.edu/exhibitions/10461/bruce-nauman-clown-torture,"Found on the venue's ""past 2024"" listing page."
artic,"Ellsworth Kelly: Spectrum Colors Arranged by Chance This exhibition brings together, for the first time, the full series of Kelly’s Spectrum Colors Arranged by Chance collages along with the 1953 painting.",2024-06-22,2024-09-09,"Ellsworth Kelly. Spectrum Colors Arranged by Chance IV (detail), 1951. Margaret Fisher Endowment. ©️ Ellsworth Kelly Foundation. In October and November of 1951, Ellsworth Kelly produced a series of eight large-scale collages. Each of the works consisted of papier gommette, sticky colored paper used by French schoolchildren, cut into squares and arranged by chance in a 40-inch-wide grid formation. These collages are key early works in Kelly’s career, showing his experiments with chance, his constructive use of color, and the evolution of his impersonal aesthetic. Ellsworth Kelly. Kravis Collection. ©️ Ellsworth Kelly Foundation",https://www.artic.edu/exhibitions/10279/ellsworth-kelly-spectrum-colors-arranged-by-chance,"Found on the venue's ""past 2024"" listing page."
artic,Kabuki-Actor Portraits by Tōshūsai Sharaku This exhibition contains prints from all stages of Sharaku’s short but generative career.,2024-07-18,2024-10-14,"Tōshūsai Sharaku. The Actor Ichikawa Omezō as the Manservant Ippei in The Loved Wife’s Parti-Colored Reins (detail), 1794. Clarence Buckingham Collection. Between the summer of 1794 and early spring of 1795, an artist using the name Tōshūsai Sharaku produced around 150 prints representing Kabuki actors: a prolific display of innovation in a mere ten months. Such prints were popular mementos for fans of the stage—serving as a very marketable type of image at the time—and most of Sharaku’s works featured unusual characters with exaggerated, almost comic expressions and awkward poses. His extensive output stopped suddenly, perhaps because his style’s popularity could not be sustained. Today, his identity remains debated in Japanese print scholarship. The Actor Ōtani Oniji III as Edobei in “The Loved Wife’s Parti-Colored Reins,” 1794",https://www.artic.edu/exhibitions/10426/kabuki-actor-portraits-by-toshusai-sharaku,"Found on the venue's ""past 2024"" listing page."
artic,Screens: A Panafrica Film Series Six films by modern and contemporary artists working between Africa and the diaspora underscore the great attention paid by African and African diasporic contemporary artists to legacies of the 1950s and ’60s.,2024-08-10,2025-01-06,"Mónica de Miranda. Still from Path to the Stars, 2022. Courtesy of Studio of Mónica de Miranda. For modern and contemporary artists working between Africa and the diaspora, film and photography have been tremendously important forms of creative expression. The five moving-image makers featured in Screens share the planetary hopes of Pan-Africanism, a set of bold visions first developed before 1900 that have galvanized global struggles for freedom and solidarity ever since. The films underscore the great attention paid by African and African diasporic contemporary artists to legacies of the 1950s and ’60s. In those decades, people of African descent worldwide achieved unprecedented gains in national sovereignty, cultural expression, and political recognition. That heyday of decolonization and civil rights sharpened Pan-African imaginations: fostering visions of contemporary self-affirmation, on the one hand, and on the other, a global connectedness for Black people.",https://www.artic.edu/exhibitions/10390/screens-a-panafrica-film-series,"Found on the venue's ""past 2024"" listing page."
artic,"Germane Barnes: Columnar Disorder For his first solo museum exhibition, Barnes recasts the canonical foundations of Western architecture, creating new architectural orders rooted in the Black experience, history, and values.",2024-09-21,2025-01-27,"Germane Barnes. Pantheon II (detail), 2023. Courtesy the artist and Nina Johnson. Photography by Greg Carideo. © Germane Barnes. Chicago-born architect Germane Barnes explores the connections between identity and the built environment—using research, design, and activism to mine the social and political agency of architecture and uncover the spatial histories and futures of Black self-determination. For his first solo museum exhibition, Barnes recasts the canonical foundations of Western architecture through the lens of the African diaspora. Critically reflecting on the enduring legacy of the Classical orders—the Doric, Ionic, and Corinthian—whose distinctive columns continue to proliferate in our built environment today, Barnes upends these long-standing and ubiquitous conventions by reimagining architectural orders that are instead rooted in the Black experience, history, and values. Courtesy the artist and Nina Johnson. Photography by Greg Carideo. © Germane Barnes",https://www.artic.edu/exhibitions/10310/germane-barnes-columnar-disorder,"Found on the venue's ""past 2024"" listing page."
artic,"Mascon: A Massive Concentration of Black Interscalar Energy In a new work commissioned for the major exhibitions on Pan-Africanism at the Art Institute, the British duo Kodwo Eshun and Anjalika Sagar of the Otolith Group have conceived a mural that studies the films directed by Senegalese filmmakers Ousmane Sembène and Djibril Diop Mambéty between 1963 and 2003.",2024-09-26,2025-03-17,"Otolith Group (Kodwo Eshun and Anjalika Sagar), founded 2002. A Massive Concentration of Black Interscalar Energy (detail), 2024. Composited and edited by Jasmina Metwaly. Courtesy of the artists and greengrassi, London. If Pan-Africanism opens the political horizon of Africa’s modernity, then its borderless imagination is best envisioned in cinema’s Africanas. In a new work commissioned for the major exhibitions on Pan-Africanism at the Art Institute, the British duo Kodwo Eshun and Anjalika Sagar of the Otolith Group have conceived a mural that studies the films directed by Senegalese filmmakers Ousmane Sembène and Djibril Diop Mambéty between 1963 and 2003. Picture a mural that montages the spaces, bodies, faces, forms, gestures, expressions, geometries, and geographies of the cinematic Sahel imagined and invented by Mambéty and Sembène. Mascon: A Massive Concentration of Black Interscalar Energy is curated by Antawan I. Byrd, associate curator of Photography and Media, Art Institute of Chicago, and assistant professor of Art History, Northwestern University; Adom Getachew, Professor of Political Science and Race, Diaspora and Indigeneity, University of Chicago; and Matthew S. Witkovsky, vice president for strategic art initiatives and Sandor Chair of Photography and Media, Art Institute of Chicago.",https://www.artic.edu/exhibitions/10445/cine-sahel-cinegeometries-of-cinemafricana,"Found on the venue's ""past 2024"" listing page."
artic,"Nancy Holt: Seeing in the Round Two of Holt’s works—Dual Locators (1972) and Locator (PS1) (1980)—are presented for the first time out-of-doors on a sculpture terrace, drawing our awareness to our individual experience of vision while challenging that how we see is in any way self-evident.",2024-10-05,2025-04-20,"Nancy Holt. Dual Locators (detail), 1972. Installation view of Nancy Holt / Inside Outside at Bildmuseet, Umeå, Sweden, 2022. Photograph by Mikael Lundgren. Image courtesy of Holt/Smithson Foundation and Bildmuseet. © Holt/Smithson Foundation / Licensed by Artists Rights Society, New York. More than a sculpture to look at, it is a sculpture to look through. In the early 1970s, Nancy Holt (American, 1938–2014) created her first sculpture, a viewing device that she called a Locator. Made from two pieces of welded steel pipe, with a viewing aperture set at the height of her own eyes, the Locator became a powerful means for Holt to ground her viewer in the conscious process of perception. The first Locators were installed in Holt’s New York studio in 1971. From here she could train a viewer’s eye on overlooked aspects of the urban landscape, focusing attention on found elements, such as ventilators on nearby rooftops or windows on neighboring buildings. She then created site-responsive installations, using the Locator as an apparatus to frame surprising passages in the built environment, which she selected and marked with paint. In this installation, conceived in collaboration with the Holt/Smithson Foundation, two historical works—Dual Locators (1972) and Locator (PS1) (1980)—are presented for the first time out-of-doors on a sculpture terrace, where the interior and exterior architecture of the museum are in constant dialogue with each other and the surrounding city. Drawing awareness to the act of looking, these devices ask us to attend to our individual experience of vision, while challenging the presumption that how we see is in any way self-evident.",https://www.artic.edu/exhibitions/10488/nancy-holt-seeing-in-the-round,"Found on the venue's ""past 2024"" listing page."
artic,"Paula Modersohn-Becker: I Am Me During her short life, Paula Modersohn-Becker (1876–1907) radically charted her own path, exploring the singular aspects of the feminine experience in a bold style that foreshadowed Expressionism.",2024-10-12,2025-01-12,"Paula Modersohn-Becker. Self-Portrait on Sixth Wedding (Anniversary) Day (detail), 1906. Paula Modersohn-Becker Museum, Bremen. © Paula-Modersohn-Becker-Stiftung, Bremen. During her short life, Paula Modersohn-Becker (1876–1907) radically charted her own path, exploring the singular aspects of the feminine experience in a bold style that foreshadowed Expressionism. Her most striking works—among the more than 700 paintings, roughly 1,400 drawings, and eleven prints made across only 10 years—are frank portrayals of childhood and images of the lived bodily experience of motherhood, pregnancy, and old age. Two Girls in White and Blue Dresses, with Their Arms around Each Other, 1906",https://www.artic.edu/exhibitions/9592/paula-modersohn-becker,"Found on the venue's ""past 2024"" listing page."
artic,"Transitory Beauty: Japanese Fan Prints This presentation features the most ephemeral of all Japanese prints, Edo-period fans depicting popular Kabuki actors, beauties, and landscapes—including many by Utagawa Hiroshige, a prolific producer of fan prints.",2024-10-17,2025-01-20,"Utagawa Kunisada I. Iwai Kumesaburo II as the Courtesan Takao in Banzei Okuni Kabuki (detail), about1827. Purchased with funds provided by Roberta and H. George Mann. The most ephemeral of all Japanese prints, fans depicting popular Kabuki actors, beauties, and landscapes were common during the Edo period (1615–1868). They came in two shapes: the folding fan (ōgi) and the round fan (uchiwa). Specialized shops produced bases made of paper mounted on bamboo ribs, and then printed images—often in colorful designs—were pasted on them. Utagawa Hiroshige, whose work appears on many of the fans shown here, designed more images for this purpose than any other artist. His prolific creativity is reflected in the variety of scenes attributed to him. These fans were often heavily handled or even worn out by their owners as part of their function. Many of the fan prints in the Art Institute’s collection survive because they were not mounted on bamboo sticks and thus were never used. Japanese print designs also commonly featured depictions of people with fans as well as fan shapes incorporated into images, so examples of both appear in this display alongside fan prints meant for conventional use.",https://www.artic.edu/exhibitions/10447/transitory-beauty-japanese-fan-prints-2,"Found on the venue's ""past 2024"" listing page."
artic,French Neoclassical Paintings from The Horvitz Collection This exhibition showcases 25 paintings from the preeminent private collection of French 18th-century art in the United States: The Horvitz Collection.,2024-10-19,2025-01-06,"Georges Rouget. The Death of Demosthenes (detail), 1805. The Horvitz Collection, Wilmington This exhibition showcases 25 paintings from the preeminent private collection of French 18th-century art in the United States: The Horvitz Collection. The selection of works focuses on Neoclassicism, an artistic style that emerged in the later 1700s and flourished through the 1820s, a period of tremendous political and social upheaval in France. This time was also the heyday of “history painting,” a genre of painting characterized by large-scale compositions portraying scenes from history, mythology, and religion. Neoclassical painters looked to the art, architecture, and literature of ancient Greece and Rome for inspiration, often as a lens through which to depict and comment upon contemporary events, and several works included in the exhibition were displayed to a broad public at the annual Paris Salons. While these works were created more than 200 years ago and often depict ancient or mythological events, they also reference social and political challenges that remain relevant today, from the overthrow of an absolutist government during the French Revolution—which saw the groundwork laid for modern democracies—through to Napoleon’s Empire and the eventual restoration of Bourbon monarchy. This period also coincided with the rise of Enlightenment ideals, the democratization of knowledge, the spread of printed materials, and the origins of industrialization and increased urbanization.",https://www.artic.edu/exhibitions/10418/french-neoclassical-paintings-from-the-horvitz-collection,"Found on the venue's ""past 2024"" listing page."
artic,"Critical Fabulation Chicago-born, internationally renowned contemporary artist Simone Leigh brings together diverse works from the Art Institute’s collections of African, American, and European art to explore the relationships between these objects.",2025-10-10,2026-01-04,"An installation view of Critical Fabulation in Gallery 289 of the Art Institute. Chicago-born, internationally renowned contemporary artist Simone Leigh brings together diverse works from the Art Institute’s collections of African, American, and European art to explore the relationships between these objects. As is often the case in art museums, the Art Institute’s wide-ranging collections are displayed in galleries according to chronology, geography, and media. While this organization helps visitors navigate the movements and moments of global art history, it makes less apparent some of the overlapping and interconnected stories of objects in different areas of the museum. Zulu artist Mncane Nzuza’s Container for Serving Beer (Ukhamba) (1990s-early 2000s), Emanoel Araujo’s Oxalá (2007), and Richard Hunt’s Cottonwood Hybrid (1956)",https://www.artic.edu/exhibitions/10773/critical-fabulation,"Found on the venue's ""past p2 2025"" listing page."
artic,One Hundred Famous Views of Edo Thirty-five prints from Hiroshige’s most famous series showcases the artist’s captivating style and why artists within and outside Japan from the 19th century through today have been inspired by his work.,2025-10-15,2026-01-05,"Utagawa Hiroshige 歌川 広重. Asakusa Rice Fields and Torinomachi Festival (Asakusa tanbo Torinomachi mode) (detail), from the series One Hundred Famous Views of Edo (Meisho Edo hyakkei), 1857. Clarence Buckingham Collection. Utagawa Hiroshige (1797–1858) stands as one of the most celebrated designers of ukiyo-e prints. Ukiyo-e, meaning “pictures of the floating world,” was a genre of woodblock print popular from the 17th through 19th century that depicted scenes of everyday life across Japan. Hiroshige’s designs are among the most widely circulated of any premodern print artist, and because of his prints’ popularity, editions ran into the thousands. Asakusa Rice Fields and Torinomachi Festival (Asakusa tanbo Torinomachi mode), from the series One Hundred Famous Views of Edo (Meisho Edo hyakkei), 1857",https://www.artic.edu/exhibitions/10753/hiroshiges-one-hundred-famous-views-of-edo,"Found on the venue's ""past p2 2025"" listing page."
artic,"Jane Alexander: Infantry with beast This composite installation brings together the 27 dog-headed human-like figures of Jane Alexander’s Infantry as they advance toward the smaller, crouching figure of beast (2003).",2025-11-15,2026-01-12,"Jane Alexander. Infantry with beast (detail), 2012. Artworkers Retirement Society. ©Jane Alexander and DALRO. Photo by Mario Todeschini. Seen around the world, from New York and Paris to Cape Town, Jane Alexander’s Infantry with beast makes an eight-week appearance at the Art Institute of Chicago this fall and winter. Infantry with beast is a composite installation, initially shown as two separate works. Infantry (2008-10) consists of 27 dog-headed human-like figures, diminutively sized yet fearsome, that form a mottled grey phalanx marching with placid menace along a parade carpet of military red. (Infantry was first shown, without the carpet, inside a disused military site in South Africa.) The formation advances toward beast (2003), an even more diminutive creature, as its lower-case initial letter suggests. While beast crouches expectantly, all heads in Infantry gaze blankly upward and to the right, as if the marchers are awaiting orders from an unseen commander who—given the direction of their gazes—might be imagined standing in the very place occupied by viewers of this work. Artworkers Retirement Society. ©Jane Alexander and DALRO. Photo by Mario Todeschini",https://www.artic.edu/exhibitions/10583/jane-alexander-infantry-with-beast,"Found on the venue's ""past p2 2025"" listing page."
artic,Neapolitan Crèche The Art Institute’s spectacular 18th-century Neapolitan crèche tells the story of Jesus Christ’s birth using more than 200 painted terracotta figures staged in an elaborate environment inspired by 18th-century Naples.,2025-11-22,2026-01-05,"Crèche, mid-18th century. Naples. Restricted gifts of Mr. and Mrs. James N. Bay and Linda and Vincent Buonanno and Family; Eloise W. Martin Legacy Fund; restricted gifts of Ruth Ann Gillis and Michael McGuinnis and Mrs. Robert O. Levitt; Charles H. and Mary F. Worcester Collection Fund. The Art Institute’s spectacular 18th-century Neapolitan crèche returns once again this holiday season. This crèche, or Nativity scene, tells the story of Jesus Christ’s birth using more than 200 painted terracotta figures staged in an elaborate environment inspired by 18th-century Naples. The upper register of the crèche contains the main characters of the Nativity—the Holy Family (Mary, Joseph, and Jesus) and the Three Wise Men, along with angels and shepherds. Surrounding them are scenes of Neapolitan daily life, including a raucous tavern, a bucolic pasture, and a street crowded with vendors. Naples. Restricted gifts of Mr. and Mrs. James N. Bay and Linda and Vincent Buonanno and Family; Eloise W. Martin Legacy Fund; restricted gifts of Ruth Ann Gillis and Michael McGuinnis and Mrs. Robert O. Levitt; Charles H. and Mary F. Worcester Collection Fund",https://www.artic.edu/exhibitions/10676/neapolitan-creche-1122,"Found on the venue's ""past p2 2025"" listing page."
artic,"Bruce Goff: Material Worlds Celebrating the unbounded creative practice of American architect Bruce Goff, this retrospective features over 200 works including architectural drawings and models and a selection of Goff’s ambitious, little-known abstract paintings.",2025-12-20,2026-03-29,"Bruce Goff. Glen and Luetta Harder House, Mountain Lake, Minnesota, 1980. Photograph by Julius Shulman © J. Paul Getty Trust. Getty Research Institute, Los Angeles, 2004.R.10. “I’ve been controversial ever since I started. I can’t help it. I’m neither ashamed nor proud of it. That’s just what happened.” This major retrospective celebrates the unbounded creative practice of American architect Bruce Goff (1904–1982). Eugene and Nancy Bavinger House, Norman, Oklahoma, Elevation, 1950",https://www.artic.edu/exhibitions/10171/bruce-goff-material-worlds,"Found on the venue's ""past p2 2025"" listing page."
artic,"Jeremy Frey: Woven Jeremy Frey: Woven—a mid-career retrospective of the artist’s work—includes more than 50 baskets Frey has crafted over the last two decades, charting his expansion and elaboration of the possibilities of Passamaquoddy basket weaving.",2024-10-26,2025-02-10,"Jeremy Frey. Blue Point Urchin, 2016. Collection of Dr. and Mrs. Ari and Lea Plosker. © Jeremy Frey. Image courtesy Eric Stoner. Delicate, intricate, and sinuous—the vessels that Jeremy Frey weaves from the heavy lumber of ash trees are astonishing to behold. Born in 1978 and raised in the Passamaquoddy Indian Township Reservation in Maine, Frey descends from a long line of esteemed basket weavers and draws on his heritage for the vocabulary of his works. At the same time, he radically innovates within these long-standing forms and techniques to masterfully sculpt objects with unprecedented complexity and elegance. The Art Institute of Chicago. Mrs. Leonard S. Florsheim Jr. Fund; purchased with funds provided by the bequest of Fred E. Spreitzer",https://www.artic.edu/exhibitions/10212/jeremy-frey-woven,"Found on the venue's ""past p2 2024"" listing page."
artic,"Revolution to Restoration: French Drawings from The Horvitz Collection Featuring approximately 90 drawings made during one of the most turbulent periods in French history, this exhibition demonstrates the expressive versatility and powerful immediacy of drawing as a medium of persuasion, propaganda, and, above all, aesthetic stimulation.",2024-10-26,2025-01-06,"Jean-François Janinet. Standing Woman in Antique Dress (detail), 1791. The Horvitz Collection, Wilmington. Revolution to Restoration: French Drawings from The Horvitz Collection features approximately 90 drawings made from the 1770s through the 1850s, one of the most turbulent periods in French history. During this time, France abolished the monarchy, established a republic, terrorized perceived political enemies, waged war across the continent, imposed an empire, and eventually reinstated the monarchy—and these are only a handful of the tumultuous episodes that occurred across this 80-year period. Despite this profound instability, the country’s cultural environment flourished, spurring a significant stylistic shift in artistic production. Influenced by the rationalist ideas and moral seriousness of such Enlightenment thinkers as Voltaire and Jean-Jacques Rousseau, and inspired by important archaeological discoveries that radically altered contemporary ideas about the ancient Greco-Roman past, artists turned away from the playful, decadent Rococo style of the mid-18th century. In its place they adopted a more restrained and disciplined style, now known as Neoclassicism, a term invented only in the 19th century. Featuring works by the most accomplished and influential artists of the time, including Jacques-Louis David, Jean Auguste Dominique Ingres, Pierre-Paul Prud’hon, and Théodore Géricault, the exhibition explores the impact of ancient Greek and Roman art, history, and mythology on artistic production, as well as the role of the Academy, changing social norms, and convulsive contemporary events.",https://www.artic.edu/exhibitions/10127/revolution-to-restoration-french-drawings-from-the-horvitz-collection,"Found on the venue's ""past p2 2024"" listing page."
artic,"After the End of the World: Pictures from Panafrica Works by 17 artists in film, photography, and book arts draw attention to three vital and intertwined interactions with the land: as a path to freedom, as a means of spiritual and bodily sustenance, and as a source of enlightenment.",2024-11-02,2025-04-21,"Ayrson Heráclito. Cabeça de Nanã, from the series “Bori” (Feed the Head) (detail), 2009, printed 2023. Purchased with funds provided by Suzette Bross Bulley. What meanings has Earth held for people of African descent, and what can an environmental consciousness grounded in Pan-Africanist perspectives teach all of humanity today? Conceived to accompany the major survey exhibition Project a Black Planet: The Art and Culture of Panafrica (on view at the Art Institute December 15, 2024–March 30, 2025), this exhibition, drawn from the museum’s collection, addresses the planet itself. Works by 17 artists in film, photography, and book arts draw attention to three vital and intertwined interactions with the land: as a path to freedom, as a means of spiritual and bodily sustenance, and as a source of enlightenment. Works by artists such as Carrie Mae Weems and Dawoud Bey retrace nocturnal paths to freedom. For example, Weems’s North Star stems from the experience of her grandfather, labor organizer Frank Weems, who made a path from rural Arkansas to Chicago in 1936 by traveling at night and following Polaris, the North Star. Like many others who found their way to freedom, Weems saved his life but lost his family and never could return to his birthplace.",https://www.artic.edu/exhibitions/10409/after-the-end-of-the-world-pictures-from-panafrica,"Found on the venue's ""past p2 2024"" listing page."
artic,Neapolitan Crèche The Art Institute’s spectacular 18th-century Neapolitan crèche tells the story of Jesus Christ’s birth using more than 200 painted terracotta figures staged in an elaborate environment inspired by 18th-century Naples.,2024-11-21,2025-01-06,"Crèche, mid-18th century. Naples. Restricted gifts of Mr. and Mrs. James N. Bay and Linda and Vincent Buonanno and Family; Eloise W. Martin Legacy Fund; restricted gifts of Ruth Ann Gillis and Michael McGuinnis and Mrs. Robert O. Levitt; Charles H. and Mary F. Worcester Collection Fund. The Art Institute’s spectacular 18th-century Neapolitan crèche returns once again this holiday season. This crèche, or Nativity scene, tells the story of Jesus Christ’s birth using more than 200 painted terracotta figures staged in an elaborate environment inspired by 18th-century Naples. The upper register of the crèche contains the main characters of the Nativity—the Holy Family (Mary, Joseph, and Jesus) and the Three Wise Men, along with angels and shepherds. Surrounding them are scenes of Neapolitan daily life, including a raucous tavern, a bucolic pasture, and a street crowded with vendors. Naples. Restricted gifts of Mr. and Mrs. James N. Bay and Linda and Vincent Buonanno and Family; Eloise W. Martin Legacy Fund; restricted gifts of Ruth Ann Gillis and Michael McGuinnis and Mrs. Robert O. Levitt; Charles H. and Mary F. Worcester Collection Fund",https://www.artic.edu/exhibitions/10518/neapolitan-creche-807,"Found on the venue's ""past p2 2024"" listing page."
artic,"Beatriz Santiago Muñoz: The Crow, the Trench, and the Mare Created in Haiti and Puerto Rico, Muñoz’s 2021 film is a meditative reflection on a fundamental metaphysical subject: human awareness of time and space.",2024-12-14,2025-03-08,"Beatriz Santiago Muñoz. Still from The Crow, the Trench, and the Mare (El cuervo, la fosa y la yegua), 2021. Committee on Photography and Media Purchase Fund. As part of the Art Institute’s presentation of art and artists who engage with the ideas and of Pan-Africanism, the museum is screening Beatriz Santiago Muñoz’s 2021 film The Crow, the Trench and the Mare. Muñoz created this film in Haiti and Puerto Rico as a meditative reflection on a fundamental metaphysical subject: human awareness of time and space. Muñoz took inspiration from a technique in Sanskrit poetry called ślesa, in which two distinct stories are narrated at once. The film tracks Haitian playwright Guy Regis Junior (born 1974) as he discusses translating the classic 20th-century novel by Marcel Proust, Remembrance of Things Past, from French into Haitian Kreyol. This account is intertwined with a monologue by Italian physicist Carlo Rovelli (born 1956) about the meaning of time and the possibility of many “nows” unfolding at once. The film hints throughout at connections between disparate places and events, as well as the ways that a linear understanding of time limits our understanding of the world’s dynamic complexities. Beatriz Santiago Muñoz: The Crow, the Trench, and the Mare is curated by Antawan I. Byrd, associate curator of Photography and Media, Art Institute of Chicago, and assistant professor of Art History, Northwestern University; Adom Getachew, Professor of Political Science and Race, Diaspora and Indigeneity, University of Chicago; and Matthew S. Witkovsky, vice president for strategic art initiatives and Sandor Chair of Photography and Media, Art Institute of Chicago.",https://www.artic.edu/exhibitions/10516/munoz-wt,"Found on the venue's ""past p2 2024"" listing page."
artic,"Project a Black Planet: The Art and Culture of Panafrica The first major exhibition to survey Pan-Africanism’s cultural manifestations gathers together some 350 objects, spanning the 1920s to the present, made by artists on four continents: Africa, North and South America, and Europe.",2024-12-15,2025-03-30,"Kerry James Marshall. Africa Restored (Cheryl as Cleopatra) (detail), 2003. The Art Institute of Chicago, gift of Susan and Lewis Manilow. Pan-Africanism, first named and theorized around 1900, is commonly regarded as an umbrella term for political movements that have advanced the call for both individual self-determination and global solidarity among peoples of African descent. It has yet to be fully examined as a worldview that takes its force from art and culture. As the first major exhibition to survey Pan-Africanism’s cultural manifestations, Project a Black Planet: The Art and Culture of Panafrica gathers together some 350 objects, spanning the 1920s to the present, made by artists on four continents: Africa, North and South America, and Europe. Panafrica, the promised land named in the exhibition title, is presented as a conceptual place where arguments about decolonization, solidarity, and freedom are advanced and negotiated with the aim of an emancipatory future. The Art Institute of Chicago, purchased with funds provided by Marilyn and Larry Fields; Claire and Gordon Prussian Fund for Contemporary Art",https://www.artic.edu/exhibitions/10157/project-a-black-planet-the-art-and-culture-of-panafrica,"Found on the venue's ""past p2 2024"" listing page."
