venue_code,title,start_date,end_date,summary,url,notes
ng,Renoir and Love,2026-10-03,2027-01-31,"Fall in love with Renoir and his Impressionist paintings at the National Gallery. Discover Renoir’s gift for showing love, friendship, and everyday emotion in this Impressionist exhibition. See couples waltzing in the summer air and lovers stealing a glance, families sharing a quiet moment and friends raising a glass, all through the eyes of an artist unmatched in capturing the complexities of how people connect. Experience Renoir at his peak in the 1860s to 1880s, experimenting with style and theme to become an innovator of Impressionism. Walk with him through Montmartre in his iconic painting 'Bal au Moulin de la Galette' (1876) from the Musée d’Orsay, Paris, on display in the UK for the first time. Explore the sun-dappled gardens and swirling dance halls of Paris through 40 paintings, brought together from collections across the world.",https://www.nationalgallery.org.uk/exhibitions/renoir-and-love,"Found on the venue's ""current/upcoming"" listing page."
ng,Waldmüller: Landscapes,,2026-09-20,"Discover the breathtaking landscapes of one of Austria’s greatest painters, Ferdinand Georg Waldmüller (1793–1865). Stroll through forests, scale rugged peaks and marvel at majestic skies across Austria and Sicily. Take in the great trees of Vienna’s Prater Park, the magnificent lakes and mountains of the Salzkammergut region and the tranquil hills and ruins of Sicily. Pause, reflect and wonder at pictures alive with intense colour and light. See why Waldmüller’s work can be compared to the Pre-Raphaelites. Admire the precise brushstrokes which shape each leaf, twig and flower. Explore how he found beauty in nature’s imperfections, through his images of aged trunks and bare branches. Find serenity in the heart of London at this first-ever exhibition dedicated to Waldmüller's landscapes. Exhibition organised by the National Gallery, London in partnership with the Belvedere, Vienna",https://www.nationalgallery.org.uk/exhibitions/waldm%C3%BCller-landscapes,"Found on the venue's ""current/upcoming"" listing page. No opening date published while this exhibition is running."
ng,Monet and Renoir: Painting Side by Side,2026-07-27,2026-09-22,"In the summer of 1869, Monet and Renoir – then young, ambitious artists and close friends – set up their easels side by side at La Grenouillère, a fashionable riverside resort just outside Paris. Working 'en plein air’ (out-of-doors), the artists painted the same lively scene of fashionable Parisians at leisure – though their artworks reveal remarkably different approaches. For the first time in nearly twenty years, the National Gallery is reuniting two of these celebrated paintings created at La Grenouillère, side by side once more. Look closely at each brushstroke and compare the artists' individual Impressionist style and witness a close friendship that helped shape one of the most influential movements in Western art.",https://www.nationalgallery.org.uk/exhibitions/monet-and-renoir-painting-side-by-side,"Found on the venue's ""current/upcoming"" listing page. opening date taken from the site's structured data, not its visible page."
ng,Yinka Shonibare and Thomas Gainsborough: A Conversation,2026-10-15,2027-02-07,"Past meets present as one of Britain’s most celebrated works is playfully reimagined A richly dressed husband and wife sit in the English countryside. Their wealth shines through. This painting from 1750 is one of Britain’s most well-known works, showing off two people – and their privilege. But what happens when this fashionable couple and their land are ripped from the scene? British-Nigerian artist Yinka Shonibare does just that, reimagining Gainsborough’s famous piece in his own way. Through striking sculpture, Shonibare removes the heads of the people in the painting and clothes them in West African textiles.",https://www.nationalgallery.org.uk/exhibitions/yinka-shonibare-and-thomas-gainsborough-a-conversation,"Found on the venue's ""current/upcoming"" listing page."
ng,Van Eyck: The Portraits,2026-11-21,2027-04-11,"Portraiture as we know it begins with van Eyck. His vision and skill launched painting into a new era of unrivalled realism. Watchful eyes, a hint of stubble, wrinkles, flushed cheeks. Van Eyck captured his subjects in all their intimate details. Though these people sat for their portraits 600 years ago, they feel alive today. ‘Van Eyck: The Portraits’ brings together from across Europe all nine of the artist’s known painted portraits, making up half of his surviving works worldwide. Breathing life into van Eyck’s world, the exhibition introduces the men and women he spent his life around. They are not kings, queens and aristocrats; they are successful craftsmen, merchants and the artist’s relatives. This is a story of people. This is the moment when access to art widened.",https://www.nationalgallery.org.uk/exhibitions/van-eyck-the-portraits,"Found on the venue's ""current/upcoming"" listing page."
ng,Catharina van Hemessen: Signature Works,2027-03-04,2027-05-30,"The year is 1551. A talented young artist sits at the easel in her hometown of Antwerp, painting a small portrait with quiet power. After completing the work, she adds the words: ‘Catharina de Hemessen was painting [this] 1551’. In a time when few women worked as artists, Catharina van Hemessen proudly painted her name onto her artworks. This remarkable detail allows us to identify her work as a painter over 450 years later. Today, van Hemessen is the only 16th-century Flemish woman painter who is known to have signed her paintings. In March 2027, the National Gallery will host the first UK exhibition devoted to this pioneering painter. Through a collection of masterful small-scale paintings, the exhibition will show the defining moment a woman artist stepped into the spotlight. Visit 'Catharina van Hemessen: Signature Works’ for free and uncover this pivotal chapter in the history of art.",https://www.nationalgallery.org.uk/exhibitions/catharina-van-hemessen,"Found on the venue's ""current/upcoming"" listing page."
ng,German Expressionism,2027-03-20,2027-08-01,"Across Germany’s major cities, a new generation of artists emerged between 1900 and 1918 to change the rules of painting. They were the German Expressionists. Made up of two pioneering groups – Die Brücke (The Bridge) and Der Blaue Reiter (The Blue Rider) – these young artists painted raw emotions on canvas with a new intensity. Die Brücke was formed by a group of self-taught artists. Rebelling against conservative society, they lived and worked together in the bohemian corners of Dresden and other cities, before moving to Berlin, Germany’s rapidly modernising capital. For them, colour became a way to defy tradition and express themselves in new ways. Der Blaue Reiter came together in Munich around the painters Wassily Kandinsky and Gabriele Münter. The group divided their time between the bustling Munich streets and the lush landscapes around rural Murnau, 40 miles south of the city. There, the lakes and mountains fed their creative vision, full of bright colours and striking shapes.",https://www.nationalgallery.org.uk/exhibitions/german-expressionism-modern-painting-1900-1918,"Found on the venue's ""current/upcoming"" listing page."
ng,Take One Picture 2026,2026-06-04,2026-08-31,"As part of our annual Take One Picture programme, children from across the UK have made artworks inspired by ‘A Regatta on the Grand Canal’ by Canaletto. The painting shows a colourful boat race taking place in Venice. Crowds of people cheer on the gondolas as they race towards the finish line. Children have made a wide range of imaginative projects, all coming from their own questions and ideas about the painting. Who is going to win the race? What’s under the water? Why do the boats look like dragons? This year’s exhibition features artworks from 35 primary schools and is on display in the Roden Centre for Creative Learning.",https://www.nationalgallery.org.uk/exhibitions/take-one-picture-2026,"Found on the venue's ""past"" listing page."
ng,Zurbarán,2026-05-02,2026-08-23,"Enter the spellbinding world of visionary Spanish painter Francisco de Zurbarán. Spend time with his paintings, celebrated for their vivid naturalism and deep emotional power. Move between soaring altarpieces and exquisite still lifes in the first major UK exhibition of this great artist from Baroque Seville. A peer of Murillo and Velázquez, Zurbarán stands out for his drama, mystery and vision. From the rind of a lemon to the timeless gaze of a saint, he finds an intensity in the ordinary. Strong light and deep shadow bring real faces, soft fabrics, fresh fruit and flowers to life. His paintings unite stillness, focus and faith.",https://www.nationalgallery.org.uk/exhibitions/past/zurbaran,"Found on the venue's ""past"" listing page."
ng,Stubbs: Portrait of a Horse,2026-03-12,2026-05-31,"Step into the world of George Stubbs, the visionary British painter. Marvel at his monumental portrait of a rearing racehorse, ‘Scrub’. In the 1750s, Stubbs spent 18 months in a remote barn in Horkstow, Lincolnshire. Hidden away, he devoted his time to studying and drawing the anatomy of horses. What resulted was the most thorough study on the subject for over a hundred years. Incredibly, Stubbs’s pictures of horses are still some of the most accurate ever painted, all while capturing their unique characters. In this exhibition, you’ll meet one of these horses, Scrub. Painted by Stubbs around 1762, we see Scrub rearing in a landscape backdrop — notably without a rider.",https://www.nationalgallery.org.uk/exhibitions/past/stubbs-portrait-of-a-horse,"Found on the venue's ""past"" listing page."
ng,Wright of Derby: From the Shadows,2025-11-07,2026-05-10,"In an interplay of light and darkness, Joseph Wright of Derby conjures sublime pictures of discovery and learning. 'Wright of Derby: From the Shadows' is the first major exhibition dedicated to the British artist’s ‘candlelight’ paintings. We celebrate and look again at his most admired works. Illuminated faces gather around a variety of objects – from classical sculptures and scientific instruments to bones, bladders and animals. Through his unflinching scenes of people watching, Wright of Derby proposes moral questions about acts of looking. The strong light and deep shadows create drama, reminding us of great painters from earlier centuries like Caravaggio. Challenging the traditionally held view of Wright of Derby as a figurehead of the Enlightenment, this exhibition contributes to the ongoing re-evaluation of the artist, portraying him not merely as a ‘painter of light’. More than virtuoso scenes of dramatic light and shade, Wright of Derby used the night-time to explore deeper and more sombre themes, including death, melancholy, morality, scepticism and the sublime.",https://www.nationalgallery.org.uk/exhibitions/past/wright-of-derby-from-the-shadows,"Found on the venue's ""past"" listing page."
ng,ming wong: Dance of the sun on the water | Saltatio solis in aqua,2026-01-15,2026-04-06,"Saint Sebastian is a figure who has inspired artists across generations. A Roman soldier who secretly converted to Christianity, he was persecuted for his faith by being shot with arrows. There are 14 depictions of Saint Sebastian in the National Gallery’s collection, by artists from the Pollaiuolo brothers to Gerrit van Honthorst. Our 2025 Artist in Residence, Ming Wong, continues this tradition with a new short film and installation based on the story of his martyrdom. Wong’s film, called ‘Dance of the sun on the water | Saltatio solis in aqua’, draws on paintings of Saint Sebastian and the landmark film ‘Sebastiane’ (1976) by British filmmaker Derek Jarman, setting the story inside the National Gallery itself. Like Jarman, Wong brings together objects and ideas from different periods of history. The film features a variety of references from the Renaissance to the present to reimagine the life of this iconic saint.",https://www.nationalgallery.org.uk/exhibitions/past/the-national-gallery-artist-in-residence-ming-wong,"Found on the venue's ""past"" listing page."
ng,Edwin Austin Abbey: By the Dawn’s Early Light,2025-11-20,2026-02-15,"From Philadelphia to Gloucestershire, hear the story of a great American artist and his finest painting. See Edwin Austin Abbey’s huge study for ‘The Hours’, the celestial scene that decorates the ceiling of the House of Representatives Chamber, Pennsylvania State Capitol, Harrisburg. His most important work, created late in his career, it was to be his last. A friend of John Singer Sargent, Royal Academician, successful artist and illustrator – Abbey, born 1852 in Philadelphia, left the US in 1878 for the UK, where he would live for the rest of his life. He produced ‘The Hours’ in his Gloucestershire studio, then the largest art studio in Europe, from where both the study and mural were shipped to the US. Abbey’s career spanned an age of renewal in America, one of national expression, optimism and ambition that drove new, grand public architectural commissions like the State Capitol building and inspired literature and the arts.",https://www.nationalgallery.org.uk/exhibitions/past/edwin-austin-abbey-by-the-dawn-s-early-light,"Found on the venue's ""past"" listing page."
ng,Radical Harmony,2025-09-13,2026-02-08,"See paintings by artists including Seurat, Van Gogh, Signac and Pissarro Connect the dots as you experience the world's most significant collection of Neo-Impressionist art. When critics first saw Georges Seurat’s new style of painting, they thought it might bring about the death of painting itself. But what was it about artists like Paul Signac, Anna Boch, Jan Toorop and Henri-Edmond Cross, that ruffled so many feathers? Neo-Impressionists painted in small dots of pure colour. Viewed from a distance, the colours blend to create nuanced tones and an illusion of light. Now known as pointillism, this technique simplified form and played with colour in an entirely new way, verging on the edge of abstraction.",https://www.nationalgallery.org.uk/exhibitions/past/radical-harmony-neo-impressionists,"Found on the venue's ""past"" listing page."
ng,Millet: Life on the Land,2025-08-07,2025-10-19,"The sower, the woodcutter, a shepherd girl. These are the subjects that made French artist Jean-Francois Millet famous. Marking the 150th anniversary of his death, this is an opportunity to see some of Millet’s best-loved paintings and drawings. Born into a farming family in Normandy, Millet moved to the village of Barbizon in 1849 where he put the people who spent their life working on the land, often the poorest of the poor in 19th-century France, at the heart of his work. He knew these people and his realistic, unsentimental approach to painting them was completely new. See his iconic 'L’Angelus' (1859) from the Musée d’Orsay, Paris, a painting typical of the dignified way he captured the working people of his age. A husband and wife stand with their heads bowed. Lit by an almost ethereal, filtered light, they’ve stopped working in the fields to say the Angelus prayer.",https://www.nationalgallery.org.uk/exhibitions/past/millet-life-on-the-land,"Found on the venue's ""past"" listing page."
ng,Take One Picture 2025,2025-06-11,2025-08-31,"See the painting 'The Courtyard of a House in Delft' by Pieter de Hooch through the eyes of a child. Take One Picture is the National Gallery's programme for primary schools. Each year, children make and exhibit artworks in response to one painting in our collection. This year’s painting, by 17th-century Dutch artist de Hooch, has inspired a wide range of projects, from wicker sculptures and cardboard houses to clay tiles and baked apple pies! Presented across three sites in and around the National Gallery, this year's exhibition can be enjoyed as artwork displays and as a digital augmented reality trail.",https://www.nationalgallery.org.uk/exhibitions/past/take-one-picture-2025,"Found on the venue's ""past"" listing page."
ng,José María Velasco,2025-03-29,2025-08-17,"See the first UK exhibition of Mexico’s much-loved artist, José María Velasco. Velasco, working in Mexico in the 19th century, was a man of many interests. He was fascinated by advances in geology, the archaeology of his home country, the study of local flora, and the increasing presence of industrialisation. He painted the sweeping landscapes of the Valley of Mexico, the home of modern-day Mexico City, with exquisite detail. His impressive panoramic views of the valley reveal allusions to Mexico's historic past and its rapidly modernising present. Velasco was keenly aware of his country’s industrialisation, capturing expanding train lines and factories alongside botanically accurate studies of plants. His scientific eye inspired his art, and his love of geology is clear to see in his detailed depictions of rocks and volcanoes.",https://www.nationalgallery.org.uk/exhibitions/past/velasco,"Found on the venue's ""past"" listing page."
ng,The Carracci Cartoons: Myths in the Making,2025-04-10,2025-07-06,"Two artist brothers from Bologna in northern Italy, Annibale and Agostino Carracci, visit Rome in 1594. They are about to take on a huge commission – to decorate rooms in the great Farnese Palace. A private family residence, its owner, Odoardo Farnese newly elected cardinal aged just 20, had inherited great wealth. Having finished the cardinal’s study, in 1597 they start work on the palace’s vast gallery. How to prepare? Two huge charcoal drawings on paper tell us this story. They are preparatory drawings for the hall’s monumental fresco. The word cartoon comes from the Italian ‘cartone’ meaning a large sheet of paper. As well as being a vital part of the creative process, they are works of art in their own right. Alive with mythical sea creatures, gods and goddesses, putti and crashing waves, the drawings reflect the inspiration the Carracci brothers found in Rome’s antique sculptures and recent works by their predecessors, Michelangelo and Raphael. Remarkable survivors of art in the making, the cartoons offer a window into the brothers’ ideas, creative process and technique.",https://www.nationalgallery.org.uk/exhibitions/past/the-carracci-cartoons-myths-in-the-making,"Found on the venue's ""past"" listing page."
ng,"Siena: The Rise of Painting, 1300 ‒1350",2025-03-08,2025-06-22,"Step into Siena. It’s the beginning of the 14th century in central Italy. A golden moment for art, a catalyst of change. Artists Duccio, Simone Martini and the brothers Pietro and Ambrogio Lorenzetti are forging a new way of painting. They paint with a drama that no one has seen before. Faces show emotion. Bodies move in space. Stories flow across panels in colourful scenes. We bring to life a vibrant city of artists collaborating, learning and looking. After centuries of separation, we reunite scenes that once formed part of Duccio’s monumental 'Maestà' altarpiece. Panels from Simone Martini’s glittering Orsini polyptych come together for the first time in living memory. This local artistic phenomenon made waves internationally. Gilded glass, illuminated manuscripts, ivory Madonnas, rugs and silks show Siena’s creative energy spilling over between painters, metalworkers, weavers and carvers across Europe.",https://www.nationalgallery.org.uk/exhibitions/past/siena-the-rise-of-painting,"Found on the venue's ""past"" listing page."
ng,Parmigianino: The Vision of Saint Jerome,2024-12-05,2025-03-09,"Witness one of the most visionary artists of the Renaissance at work and rediscover his masterpiece that pushed art in a new direction. This exhibition explores the creation of Parmigianino’s 'The Madonna and Child with Saints', also known as ‘The Vision of Saint Jerome’. It returns to public display for the first time in 10 years following conservation. Born in the Northern Italian city of Parma, after which he was nicknamed, Girolamo Francesco Maria Mazzola (1503‒1540) was a child prodigy. He drew constantly. At age 21 he moved to Rome, where he impressed the Pope and was praised as a ‘Raphael reborn’. This altarpiece was his first major work there. In 1527, the Sack of Rome erupted around him while he finished the painting. According to legend, looting Imperial soldiers invading his studio were so amazed by it that they let him continue.",https://www.nationalgallery.org.uk/exhibitions/past/parmigianino-the-vision-of-saint-jerome,"Found on the venue's ""past"" listing page."
ng,Discover Constable & The Hay Wain,2024-10-17,2025-02-02,"Find out what lies behind the making of 'The Hay Wain' and its iconic status in British art. Through paintings including George Morland’s building storm and the atmospheric light of William Mulready’s farrier shop, we look at how Constable’s contemporaries created rural scenes. William Blake’s mystic works take us into the realm of the spiritual landscape while we experience the poetic and political landscape through contemporary poetry and prints. We bring together sketches of the scene the artist made over twenty years before producing the finished work in his London studio. When early 19th-century visitors saw Constable’s 'Hay Wain' some found his truthful vision of the Suffolk landscape to be quite radical. Today, over 200 years later, the painting is considered a traditional image of the English countryside. This status has led artists and activists to reinterpret, edit, and react to the painting, particularly in light of our changing climate.",https://www.nationalgallery.org.uk/exhibitions/past/discover-constable-and-the-hay-wain,"Found on the venue's ""past"" listing page."
ng,Van Gogh: Poets and Lovers,2024-09-14,2025-01-19,"Be blown away by Van Gogh’s most spectacular paintings in our once-in-a-century exhibition. Walk with a pair of lovers beneath a starry night. Look up at swirling clouds and cypress trees swaying in the wind. Stay a little while in Van Gogh’s favourite park, the ‘Poet’s Garden’, or under a shady tree in Saint-Rémy. We’re bringing together your most loved of Van Gogh’s paintings from across the globe, some of which are rarely seen in public. They will be paired together with his extraordinary drawings. Over just two years in the south of France, Van Gogh revolutionised his style in a symphony of poetic colour and texture. He was inspired by poets, writers and artists. We look at this time in Arles and Saint-Rémy as a decisive period in his career. His desire to tell stories produced a landscape of poetic imagination and romantic love on an ambitious scale.",https://www.nationalgallery.org.uk/exhibitions/past/van-gogh-poets-and-lovers,"Found on the venue's ""past"" listing page."
ng,NG Stories: Making a National Gallery,2024-10-04,2025-01-12,"Immerse yourself in 200 years of extraordinary National Gallery stories. From a resident family of 14 and an intrepid travelling agent to ground-breaking scientists and a wartime pianist, NG Stories tells the history of the National Gallery through the people who made us what we are today. There’s a slate mine in Wales where paintings were safely stored during the Second World War. A guard dog who became a member of staff. And a Keeper’s family, with 14 children, who lived in the building and kept diaries. You’ll discover some of the untold personal stories of the Gallery and the special memories we have been privileged to help create for our visitors. From childhood adventures to life-changing first art encounters, our visitors have always been at the heart of what we do.",https://www.nationalgallery.org.uk/exhibitions/past/ng-stories,"Found on the venue's ""past"" listing page."
ng,Hockney and Piero: A Longer Look,2024-08-08,2024-10-27,"David Hockney, in his own words, has always been a looker. Throughout his career, Hockney has found inspiration in the work of other artists. He never tires of looking at paintings. For him, there’s magic in it every time, whether that’s enjoying a picture in a gallery or a much-loved poster at home. This very personal show brings together two Hockney paintings, one showing his mother and father and the other depicting his friend, curator Henry Geldzahler. They are displayed with the thread that ties them together, Piero della Francesca’s ‘The Baptism of Christ’. ‘My Parents’ and ‘Looking at Pictures on a Screen’ both include images of paintings from the National Gallery, a place Hockney knows and has loved throughout his long career. The artists whose portraits and landscapes line the walls are to him, his contemporaries. Their paintings inspire him today as much as any other influence on his work. The exhibition, part of our Bicentenary celebrations, is a chance to slow down, to take in what’s in front of us and enjoy life-enhancing art in the Gallery. Just like Hockney’s parents and friend Geldzahler, let’s take a longer look.",https://www.nationalgallery.org.uk/exhibitions/past/hockney-and-piero-a-longer-look,"Found on the venue's ""past"" listing page."
ng,Discover Degas & Miss La La,2024-06-06,2024-09-01,"Degas’s 'Miss La La at the Cirque Fernando' takes centre stage in this exhibition that sheds light on this work with newly discovered information about the painting and its sitter. This radical Impressionist masterwork records an extraordinary moment and features a remarkable figure – the circus artist Miss La La, or Anna Albertine Olga Brown (1858‒1945). In 1879 Degas made the talented aerialist the subject of one of his most original and arresting paintings, capturing her in one of her most striking and perilous acts. Suspended from a rope held between her teeth by a leather mouthpiece, Miss La La is hoisted up towards the ceiling of the Cirque Fernando Featuring new material, from rare, previously untraced drawings of her by Degas, to entirely unpublished photographic portraits of Miss La La, the exhibition turns the spotlight on her, and on the painting, telling their story for the first time at the Gallery.",https://www.nationalgallery.org.uk/exhibitions/past/discover-degas-and-miss-la-la,"Found on the venue's ""past"" listing page."
ng,Take One Picture 2024,2024-08-01,2024-09-01,"As part of our annual Take One Picture programme, primary school children from across the UK have made works inspired by Henri Rousseau’s 'Surprised!' The painting shows a tiger in a jungle storm, crouching low in long grass as rain lashes the foliage and lightning flashes overhead – but who or what is surprised? Children have made a wide range of works in response to the painting. Some were fascinated by the tiger, leading to projects about camouflage and animal eyes. Others focused on the plants, inspiring them to research and recreate rainforest foliage. Many children were concerned about habitat loss affecting tigers, which inspired them to use recycled materials and raise money for conservation charities. This year’s exhibition is part of the Gallery’s Free Festival of Art outside on Trafalgar Square, where you can also take part in creative activities inspired by Rousseau’s Surprised! and the children’s projects.",https://www.nationalgallery.org.uk/exhibitions/past/take-one-picture-2024,"Found on the venue's ""past"" listing page."
ng,The Last Caravaggio,2024-04-18,2024-07-21,"May 1610. Caravaggio is in Naples working on the last picture he'd ever paint. Two months later, he died in mysterious circumstances. But it was during his final tumultuous years that Caravaggio made some of his most striking works. His characteristic style includes tightly cropped scenes and dramatic lighting. He used real models with dirty feet and grimy fingernails. Few paintings are better placed to tell the story of Caravaggio’s final years than his last-known work, 'The Martyrdom of Saint Ursula' (1610, Gallerie d’Italia, Naples). The painting is coming to London for the first time in 20 years.",https://www.nationalgallery.org.uk/exhibitions/past/the-last-caravaggio,"Found on the venue's ""past"" listing page."
menil,Wall Drawing Series: Jitish Kallat,2026-09-10,2027-08-08,"The Menil Collection has commissioned artist Jitish Kallat to create a site-specific wall drawing for the entry space of the Menil Drawing Institute. Born in Mumbai, where he continues to live and work, Kallat is a leading figure in contemporary Indian art. His work often probes the intersections of the intimate and the immense, weaving together references to history, science, philosophy, and the cosmic scale of time. Wall Drawing Series: Jitish Kallat is curated by Edouard Kopp, John R. Eckel, Jr. Foundation Chief Curator, Menil Drawing Institute. The series began in 2018 as part of the Institute’s commitment to seeking new approaches to the form and language of drawing. Past participants include Marc Bauer, Mel Bochner, Roni Horn, Marcia Kure, Gladys Nilsson, Ronny Quevedo, and Jorinde Voigt. Over the past three decades, Jitish Kallat has developed a multifaceted practice spanning drawing, painting, sculpture, photography, and time-based media. A recurring approach in his work involves shifting focal lengths across space and time, from the intimate to the cosmic and the present to the historic. Kallat has presented solo exhibitions at the Art Institute of Chicago, the Art Gallery of New South Wales (Sydney), the Frist Art Museum (Nashville), the Philadelphia Museum of Art, and the National Gallery of Modern Art (New Delhi). His work has also been presented at Tate Modern (London), Martin-Gropius-Bau (Berlin), and Mori Art Museum (Tokyo) and at the biennales of Venice, Gwangju, Havana, Bangkok, Curitiba, and Kyiv. Having served as curator and artistic director of the 2014 edition, Kallat is currently president of the Kochi-Muziris Biennale.",https://www.menil.org/exhibition/wall-drawing-series-jitish-kallat,"Found on the venue's ""current"" listing page."
menil,Fragility,2026-09-10,2027-01-24,"This display highlights paper itself—and its incongruous and variable characteristics—as an artistic material. Included are works that present a range of processes, as well as paper sculptures and found papers that imbue a finished work with an additional sense of history and place. Among the artists featured in the exhibition, Lee Krasner relentlessly critiqued her own art, often destroying drawings only to reconstitute them as abstract collages. Ann Hamilton also brought papers together in surprising ways. In her collaborative work poche, 2014, she stitched soft wool between sheets of handmade paper to reflect on the pocket as both storage and protection for the body. Zarina grieved the loss of her husband and her native India by painstakingly puncturing paper with a needle to form intricate compositions. Fragility is curated by Kelly Montana, Associate Curator, Menil Drawing Institute. The exhibition features works that highlight the delicate yet resilient characteristics of the medium of paper",https://www.menil.org/exhibition/fragility,"Found on the venue's ""current"" listing page."
menil,John Akomfrah: The Hour Of The Dog,2026-04-24,2026-10-11,"John Akomfrah: The Hour Of The Dog is an immersive, six-channel video installation by the British artist Sir John Akomfrah. The work, co-commissioned by the Menil Collection and the Baltimore Museum of Art (BMA), explores the history of youth-led Civil Rights–era activism in the American South from 1954 to 1963, and how the participants fought for racial equity through nonviolent marches, protests, boycotts, and voter registration efforts. Runtime: 51 minutes. The Hour Of The Dog begins every hour on the hour. The final screening each day starts at 6 p.m. Activism is not confined to what happens in the streets; it’s bound up with who and how we remember, who and how we mourn, and how we dream forward. John Akomfrah: The Hour Of The Dog is co-curated by Michelle White, Senior Curator, The Menil Collection, and Cecilia Wichmann, BMA Curator and Department Head of Contemporary Art, with Oscar Flores-Montero, BMA Curatorial Assistant of Contemporary Art.",https://www.menil.org/exhibition/john-akomfrah-the-hour-of-the-dog,"Found on the venue's ""current"" listing page."
menil,"Foyer Installation: Mel Bochner, Chryssa, and Dorothy Hood",2026-04-01,2026-10-25,"Explore a selection of works from the museum's permanent collection by artists Mel Bochner, Chryssa, and Dorothy Hood in the foyer.",https://www.menil.org/exhibition/foyer-installation-mel-bochner-chryssa-and-dorothy-hood,"Found on the venue's ""current"" listing page."
menil,Southern Outsider Artists,2026-05-06,2026-12-13,"In the main building hallway galleries, explore an installation of work by self-taught artists from the American South. The display includes paintings by Thornton Dial and Johnnie Swearingen, and assemblage sculptures by Hawkins Bolden, David Butler, and Bessie Harvey.",https://www.menil.org/exhibition/southern-outsider-artists,"Found on the venue's ""current"" listing page."
menil,Terry Winters: Vitalized Geometry,2026-09-25,2027-04-04,"Terry Winters: Vitalized Geometry presents 44 prints and works on paper by the American artist Terry Winters, who draws inspiration from mathematical systems and structures of the natural world. Celebrating two groups of gifts to the Menil and organized in close consultation with the artist, the career-spanning presentation explores the importance of printmaking to Winters’s practice and its dialogue with other forms of making. Each medium is an instrument. Almost in a musical sense, meant to be played; and each affects the developing imagery. How they look, how they feel, and what they mean is conditioned by the materials and procedures. Media is used to embody an image actual size, as vitalized geometry—hopefully with a sense of life. Terry Winters: Vitalized Geometry is curated by Sophie Asakura, Curatorial Associate, The Menil Collection. Two gifts to the museum will be displayed in an exhibition tracing nearly four decades of the artist's works",https://www.menil.org/exhibition/terry-winters-vitalized-geometry,"Found on the venue's ""upcoming"" listing page."
menil,How to Make an Exhibition: The Story of Jermayne MacAgy,2026-12-11,2027-07-18,"This exhibition honors the impact and legacy of the late San Francisco- and Houston-based curator, art historian, and museum director Jermayne MacAgy (1914–1964), who was renowned for her dynamic and groundbreaking installations and innovative approach to curating. MacAgy was among a vanguard of professionals in the 20th century who transformed the art museum into a site of conversation and learning. Working closely with Menil Collection founders John and Dominique de Menil from the mid-1950s until her death a decade later, she deeply impacted the future museum. She encouraged the couple to build a teaching collection and publicly exhibit their art using display techniques that encouraged curiosity and engagement. Dominique de Menil once recalled that MacAgy’s installations created an “atmospheric miracle, which set the work of art in such a light that it would shine and talk to anyone who would care to listen.” How to Make an Exhibition: The Story of Jermayne MacAgy is curated by Michelle White, Senior Curator. Johnson; Susan and Francois de Menil; Betty Moody; Fan and Peter Morris; Carol and David Neuberger; Leslie and Shannon Sasser; MaryRoss Taylor; Wawro-Gray Family Foundation; Morris A. Weiner and Leslie Field; and the City of Houston through Houston Arts Alliance.",https://www.menil.org/exhibition/how-to-make-an-exhibition-the-story-of-jermayne-macagy,"Found on the venue's ""upcoming"" listing page."
menil,"D’MBA: Beauty, Desire, and Collecting an African Mask",2027-05-14,2027-11-07,"D’MBA: Beauty, Desire, and Collecting an African Mask is a focused research and exhibition project examining the large wood headdresses commonly referred to as d’mba, nimba, or yamban among the Baga, Nalu, and neighboring peoples living in Guinea, West Africa. Worn and performed by men for ceremonies and public celebrations that mark significant moments in the cycle of life, the d’mba headdress is the sculptural embodiment of female personhood, sustenance (agricultural and maternal), physical beauty, and generational continuity. During the mid-20th century, at the height of the international market for African art in the United States, the d’mba became one of the objects most coveted by collectors. D’MBA unites for the first time a significant group of headdresses on loan from several art museums in the United States, including Art Institute of Chicago, Baltimore Museum of Art, Davis Museum at Wellesley College, National Museum of African Art, and Yale University Art Gallery. The exhibition of these headdresses, which were acquired during the late 1950s by prominent collectors in the United States, occasions a rare opportunity to pursue a thorough study of these icons of African art at the intersections of mask-making, colonial art education, independence-era cultural politics and religious iconoclasm in Guinea, and the international art market. Concurrently, in the museum’s galleries of African art, the Menil will present Baga Nimba, 2020. The seven-foot tall, gold leaf sculpture by Houston-based Nigerian artist Adeniyi (“Niyi”) Olagunju epitomizes the Pan-African and Diasporic significance of the d’mba headdress from Guinea and its reinvention as a global art form. D’MBA: Beauty, Desire, and Collecting an African Mask is curated by Paul R. Davis, Curator of Collections, The Menil Collection.",https://www.menil.org/exhibition/d-mba-beauty-desire-and-collecting-an-african-mask,"Found on the venue's ""upcoming"" listing page."
menil,Sedona Surreal: Max Ernst and Dorothea Tanning in the American Southwest,2027-09-17,2028-03-12,"In 1946, Max Ernst and Dorothea Tanning left New York City, then the center of the Euro-American art world, for Sedona, Arizona. Over the next ten years, they created some of the most significant works of their careers in this small desert town. Sedona Surreal will reunite the paintings, sculptures, and other artworks that they made there, exploring the construction of artistic modernism far from a large urban center. It will be the first museum exhibition devoted to Ernst and Tanning’s pivotal time in the Southwest. Sedona Surreal: Max Ernst and Dorothea Tanning in the American Southwest is curated by Natalie Dupêcher, Associate Curator of Modern Art, The Menil Collection.",https://www.menil.org/exhibition/sedona-surreal-max-ernst-and-dorothea-tanning-in-the-american-southwest,"Found on the venue's ""upcoming"" listing page."
menil,Photography from The Menil Collection: Curated by Wendy Watriss,2025-12-12,2026-08-16,"Photography from The Menil Collection: Curated by Wendy Watriss is a presentation of documentary-style photographs that underscore how images can ignite conversation about diverse social realities. The exhibition features work by Larry Burrows, Henri Cartier-Bresson, Bruce Davidson, Danny Lyon, and Charles Moore, among other significant practitioners in the 20th century who explored varied approaches to capturing everyday moments, from the mundane to the monumental. The photographs on display were selected by Houston-based photographer and award-winning photojournalist Wendy Watriss. With her late husband, photographer Fred Baldwin, Watriss cofounded FotoFest, a contemporary arts organization whose biennial, city-wide celebration of international photography, established in 1986, transformed Houston’s cultural landscape, globally elevating the medium’s significance. Photography from The Menil Collection: Curated by Wendy Watriss is presented in celebration of the 40th anniversary of the Fotofest biennial in 2026. Wendy Watriss is an esteemed Houston-based photographer, curator, and photojournalist. She was the first woman to win the World Press Feature Award and the Leica Oskar Barnack Award, for her 1982 photo essay on Agent Orange published in Life. In the late 1960s, Watriss began her career as a freelance photographer and writer for publications like Newsweek and the New York Times. With her late husband, photographer Fred Baldwin, she co-founded FotoFest. In 1986 the organization hosted its first biyearly city-wide celebration of international photography and transformed Houston’s cultural landscape, elevating the medium’s significance globally. Watriss served as the Artistic Director of FotoFest for 26 years, curating and organizing more than sixty international and US exhibitions. She has received numerous awards, and her photographs are found in collections internationally, including the Museum of Fine Arts Houston; Amon Carter Museum of American Art, Fort W",https://www.menil.org/exhibition/photography-from-the-menil-collection-curated-by-wendy-watriss,"Found on the venue's ""past"" listing page."
menil,The Gift of Drawing: Cy Twombly,2026-03-27,2026-08-09,"This presentation featured 27 works from a gift to the museum by the Cy Twombly Foundation. The works highlighted in the exhibition covered 30 years of the artist’s activity, from the 1950s to the 1980s and featured a broad range of materials, from graphite to oil paint; techniques such as drawing and collage; and themes that are fundamental to his entire practice, such as classical antiquity, eroticism, and nature. The works in this show, a number of which were on view for the first time, included a series of abstract landscapes from the 1980s, two untitled works from 1970 that resemble the artist’s “blackboard paintings” on view at the Cy Twombly Gallery, and Narcissus, 1975, a collage of paper, with oil, charcoal, and wax crayon on paper with the title of the work written in large capital letters across the bottom. The Gift of Drawing: Cy Twombly was curated by Edouard Kopp, John R. Eckel, Jr. Foundation Chief Curator, Menil Drawing Institute. A selection of works gifted to the museum by the Cy Twombly Foundation will open at the Menil Drawing Institute on March 27, 2026",https://www.menil.org/exhibition/the-gift-of-drawing-cy-twombly,"Found on the venue's ""past"" listing page."
menil,Wall Drawing Series: Gladys Nilsson,2025-09-05,2026-08-09,"Gladys Nilsson’s site-specific work titled Drawing presented fantastical, hybrid beings all surrounding one monumental figure engaged in the act of drawing. A complex, garland-like arrangement of black-and-white characters soared overhead, entangled with one another, while the bystanders below, set apart by gentle color-toning, observed the scene. The bustling composition was marked by deft and fluid lines using a candy-colored palette of crayon, graphite, and acrylic paint and marker pens. Nilsson’s whimsical creation embodied her distinctive sense of humor and levity while taking viewers on a journey through the peculiar beauty of the human experience. Everything I’m interested in looking at usually involves the figure in one way or another. I’m always collecting interactions between folks that occur in daily life, and these filter into my work. The title of the piece is simply ‘Drawing.’ The idea is that the main figure is contained in this space, creating these figures, which take a life of their own. Born in Chicago in 1940, Gladys Nilsson studied painting at the School of the Art Institute of Chicago. Since 1966, Nilsson’s work has been the subject of over 50 solo exhibitions, including sixteen at Phyllis Kind Gallery (1970–1979, 1981–1983, 1987, 1991, and 1994, Chicago and New York), and two at The Candy Store (1971 and 1987, Folsom, California). Her work also has been featured in many important museum exhibitions, such as: Human Concern/Personal Torment (1969, Whitney Museum of American Art); Who Chicago? (1981, Camden Art Center, London); Parallel Visions: Modern Artists and Outsider Art (1992, Los Angeles County Museum of Art); Chicago Imagists (2011, Madison Museum of Contemporary Art, Wisconsin); and What Nerve! Alternative Figures in American Art, 1960 to the Present (2014, Museum of Art, Rhode Island School of Design, Providence). Nilsson is represented in the collections of major museums around the world, including: the Art Institute of Chicago; the L",https://www.menil.org/exhibition/wall-drawing-series-gladys-nilsson,"Found on the venue's ""past"" listing page."
menil,From the Sea,2025-08-20,2026-05-03,"In the main building's hallway galleries, explore an installation of artworks related to the sea.",https://www.menil.org/exhibition/from-the-sea,"Found on the venue's ""past"" listing page."
menil,Foyer Installation: Pop Art,2025-08-20,2026-03-29,"Explore a selection of Pop art from the museum's permanent collection in the foyer. Works by Robert Indiana, Ed Ruscha, and Andy Warhol are on display.",https://www.menil.org/exhibition/foyer-installation-pop-art,"Found on the venue's ""past"" listing page."
menil,Robert Rauschenberg: Fabric Works of the 1970s,2025-09-19,2026-03-01,"On the occasion of the one hundredth birthday of American artist Robert Rauschenberg (1925–2008), the Menil Collection presented an exhibition that looked at the artist’s expressive and conceptual use of fabric as a sculptural medium. Robert Rauschenberg: Fabric Works of the 1970s focused on three groups of works from the 1970s that presented his use of cloth: Venetians, 1972–73, Jammers, 1975–76, and Hoarfrosts, 1974–76. It also explored how Rauschenberg’s attention to textiles relates to his career-long interest in the intersection of art with choreography, theater, and the body. This exhibition is curated by Michelle White, Senior Curator, The Menil Collection. This exhibition was organized with support from the Robert Rauschenberg Foundation. The Menil Collection joined an international roster of institutions commemorating the artist’s 100th birthday. Offodile II; Leslie and Shannon Sasser; Bill Stewart and Johanna Brassert; Mark Wawro and Melanie Gray; and the City of Houston through Houston Arts Alliance. The exhibition is organized for the one hundredth birthday of the Texas-born artist in collaboration with the Robert Rauschenberg Foundation.",https://www.menil.org/exhibition/robert-rauschenberg-fabric-works-of-the-1970s,"Found on the venue's ""past"" listing page."
menil,Lines of Resolution: Drawing at the Advent of Television and Video,2025-10-04,2026-02-08,"Lines of Resolution: Drawing at the Advent of Television and Video explored the relationship between drawing, television, and video from the late 1950s into the 1980s. Personal electronics became widely available during this era and soon made their way into artists’ studios. These electric screens became a source of artistic imagery, a surface for inscription, and a device that could be manipulated to generate entirely new kinds of drawing. This exhibition featured works by twenty-five artists, including drawings, video, mixed media sculpture, and an immersive installation. Exhibited artists included Anne Bean, Teresa Burga, Jaime Davidovich, Walter De Maria, Catherine Elwes, Dov Eylath, Anna Bella Geiger, Sanja Iveković, K.O. Götz, Philip Guston, Joan Jonas, Suzy Lake, Mario Merz, Dennis Oppenheim, Nam June Paik, Letícia Parente, Howardena Pindell, Adrian Piper, Sigmar Polke, Robert Rauschenberg, Ulrike Rosenbach, Gerry Schum, Richard Serra, Mimi Smith, Nina Sobell, and Ursula Wevers. This exhibition was co-curated by Dr. Anna Lovatt, Associate Professor of Art History at Southern Methodist University, and Kelly Montana, Associate Curator, Menil Drawing Institute. The exhibition at the Menil Drawing Institute explores the relationship between drawing, television, and video from the late 1950s into the 1980s.",https://www.menil.org/exhibition/lines-of-resolution-drawing-at-the-advent-of-television-and-video,"Found on the venue's ""past"" listing page."
menil,The Space Between Looking and Loving: Francesca Fuchs and the de Menil House,2025-05-23,2025-11-02,"In 1970, John de Menil wrote to German classical archeologist Dr. Werner Fuchs (1927–2016) seeking to identify the subject of a Roman male torso in his collection. Forty-nine years later, Francesca Fuchs’s discovery of black-and-white photographs depicting the marble torso in her father’s personal effects in Oxford, England, led the Houston-based painter to find the original letter in the museum archives. This exhibition was the artist’s response to the unanswered letter and unexpected familial connection. Featuring new work by Fuchs and selections from the museum’s collection and archives, the exhibition explored the affective power and relational histories of objects in domestic settings, especially those of the de Menil house in Houston, Texas. Born in London and raised in Münster, Germany, Francesca Fuchs moved to Houston in 1996 as a fellow for the Core Program at the Museum of Fine Arts, Houston. During her thirty-year career in Houston and internationally, Fuchs’s work has been a process of honing extended reflections on the nature of everyday objects and illuminating their fundamental truths. Her portraits of objects are re-paintings of paintings, prints, photographs that resist and reconsider their accepted signals of cultural importance, particularly as they relate to the intimacies of life. Fuchs’s work has been included in exhibitions organized by the Institute of Contemporary Art, London; The Whitechapel Art Gallery, London; The Modern Art Museum of Fort Worth; Contemporary Arts Museum Houston; Art Museum of Southeast Texas, Beaumont; The Museum of Fine Arts, Houston; The Suburban, Oak Park, Illinois. In 2018, Art League Houston recognized Fuchs as Texas Artist of the Year. The Space Between Looking and Loving: Francesca Fuchs and the de Menil House was curated by Paul R. Davis, Curator of Collections, The Menil Collection.",https://www.menil.org/exhibition/the-space-between-looking-and-loving-francesca-fuchs-and-the-de-menil-house,"Found on the venue's ""past"" listing page."
menil,Foyer Installation: René Magritte,2025-04-02,2025-08-17,"An installation in the main building foyer celebrates the Menil Collection’s extraordinary holdings of work by the Belgian Surrealist, René Magritte (1898–1967). It focuses on a core group of paintings from the 1950s and ’60s, in which the artist rendered impossible situations with virtuosic precision and uncanny clarity. Now regarded as icons of the Surrealist movement, these paintings were purchased within a couple years of their making by the museum’s founders, John and Dominique de Menil. The de Menils were Magritte’s most important champions in the United States. Beginning in the late 1940s, they bought dozens of his artworks, lent to and organized major exhibitions of his work, and led the publication of a significant, six-volume catalogue raisonné. Through these and other activities, the de Menils fundamentally shaped the artist’s reception and reputation in the postwar American art world. In 2024, the Menil Collection continued this legacy by being a major lender to the first-ever retrospective of Magritte’s work in Australia, including the loan of the paintings in this display.",https://www.menil.org/exhibition/foyer-installation-rene-magritte,"Found on the venue's ""past"" listing page."
menil,"Animals, Monsters, and Creatures from the Collection",2025-01-29,2025-08-17,"This display in the west hallway takes its inspiration from Constant Companions, an exhibition curated by Dominique de Menil and Jermayne MacAgy for the University of St. Thomas in 1964. The show explored monsters in art— “ambivalent, protective, or threatening,” as Dominique wrote in her introduction to the catalogue. She brought a particular interest to animal-human hybrids, their iconography and “complex and ambivalent” meaning. Crossing time periods and geographies, Constant Companions encompassed 300 objects, from paintings, bronze sculptures, and carvings to book illustrations, icons, and vases. The exhibition was met with wide acclaim, covered by NBC News, The New York Times, Vogue, Art in America, and Newsweek, which deemed it “one of the year’s best off-beat shows.” Several outlets noted that it opened to the public one day before Halloween—mounting, in the words of a Houston Chronicle reviewer, “an artistic contribution to these days of black cats and cauldron bubbles.” For the dramatic installation, the gallery space was painted black and partitioned like a maze, with artworks brightly spot lit in cave-like vestibules. Writing to a friend in advance of the opening, John de Menil described it as “an exhibition of monsters, evil or endearing, from 1,000 B.C. to yesterday morning, from Egypt to Peru, from Italy to Siberia.” According to the Houston Post, it became known among locals as simply “The Monster Show.” Paying homage to the 1960s show, this display brings together a selection of paintings and objects that highlight artists’ perennial fascination with fantastic and monstrous creatures.",https://www.menil.org/exhibition/animals-monsters-and-creatures-from-the-collection,"Found on the venue's ""past"" listing page."
menil,What drawing can be: four responses,2025-03-21,2025-08-10,"Four artists stretch the boundaries of drawing and offer new characterizations of what drawing can be. This exhibition featured site-specific installations by Jillian Conrad, Teresita Fernández, Tony Lewis, and Constantin Luser. Each artist had an individual gallery space to explore the experimental potential of the medium, its boundaries, and its connections with other arts, such as sculpture and architecture. Drawings that expand beyond a sheet of paper have a rich history within the 20th century. Examples include Alexander Calder and his wire sculptures from the 1930s and artists of the 1960s, like Dorothea Rockburne and Sol LeWitt, who pushed the parameters of the medium to include text, folded papers, and wall drawings. Eluding labels and limitations, whether they be in terms of material, scale, or ephemerality, the artists in this exhibition will reveal the continuing relevance, agility, and vitality of drawing and how it remains a rich and generative area of investigation. Jillian Conrad (b. 1970) explores questions of materiality and intangibility. Her sculptures and works on paper often engage aspects of the landscape and everyday materials with the goal of locating thresholds between the visible and invisible. Conrad lives and works in Houston. Teresita Fernández (b. 1968) is known for her public installations and large-scale sculptures. Her art offers an expansive view of the landscape, forefronting questions of geography, cartography, cosmology, and political states. Fernandez lives and works in Brooklyn.",https://www.menil.org/exhibition/what-drawing-can-be-four-responses,"Found on the venue's ""past"" listing page."
menil,Wall Drawing Series: Ronny Quevedo,2024-09-13,2025-08-10,"Wall Drawing Series: Ronny Quevedo featured a site-specific work by New York-based artist Ronny Quevedo (b. 1981). The 36-foot triptych, C A R A A C A R A, 2024, explored the relationship between origin, transfer, and translation, with each panel of the composition indicating a different step in the artist’s process. Quevedo uses drawing, particularly schematic renderings, in his practice to explore the visual languages of abstraction, cartography, cosmology, and sport from across the Americas. The artist builds upon these interests with interconnected diagrams and markings spread across his works to express the complex relationships between body, home, field, globe, and celestial spaces. The title, C A R A A C A R A, or “face-to-face"" in English, derives from the pattern paper Quevedo uses in his work—the “face,” or visible side of the fabric in sewing patterns. More abstractly, the artist sees it as a sense of encountering or confrontation that results when cultures or worlds collide. By using dressmaker wax paper as his foremost material, Quevedo can reproduce images in a way that shows the transformation from the initial drawing to its conclusion, while simultaneously connecting with his mother’s history as a seamstress. The first panel of the work was created by smoothing dressmaker wax paper against the surface and imprinting marks by pressing into the wall. For the second panel, that same paper was pressed against the wall using heat, suffusing the surface with blue pigmented wax. In the third panel, the creased and eroded paper is applied directly onto the surface of the wall. Using mica and layers of chalk to intensify the piece, Quevedo echoes the movements and markings created in the initial two panels to form a visual allegory of what we inherit from the past, how it shapes our present, and what we will pass down to the future. Ronny Quevedo received his BFA from Cooper Union in 2003 and his MFA from the Yale School of Art in 2013. From 2012 to 2014, he",https://www.menil.org/exhibition/wall-drawing-series-ronny-quevedo,"Found on the venue's ""past p2"" listing page."
menil,Joe Overstreet: Taking Flight,2025-01-24,2025-07-13,"Joe Overstreet: Taking Flight was the first major museum exhibition in thirty years devoted to the work of this pioneering abstract painter. Renowned for his innovative approach to non-representational painting, American artist Joe Overstreet (1933–2019) consistently sought to intertwine abstraction and social politics. This presentation included his landmark Flight Pattern series of radially suspended paintings from the early 1970s, as well as related bodies of work from the 1960s and 1990s. Overstreet made a significant contribution to postwar art, positioning abstraction as an expansive tool for exploring the idea of freedom and the Black experience in the United States. Joe Overstreet: Taking Flight was organized by Natalie Dupêcher, Associate Curator of Modern Art, The Menil Collection, in collaboration with the artist’s estate. Houston museum highlights three defining series in the artist’s career.",https://www.menil.org/exhibition/joe-overstreet-taking-flight,"Found on the venue's ""past p2"" listing page."
menil,Tacita Dean: Blind Folly,2024-10-11,2025-04-19,"Tacita Dean: Blind Folly was the first major museum survey in the United States of work by British European visual artist Tacita Dean (b. 1965). The exhibition, organized in close collaboration with Dean, spotlighted her career-defining approach to creating art through unmediated and chance-based drawing processes across a variety of mediums, from film to printmaking. Blind Folly, the show’s title, reflects Dean’s desire to let the behavior of her mediums dictate the results of her work. For the artist, the playful and old-fashioned phrase connoting foolishness, “blind folly,” represents the role chance and fate play in the creative act. The exhibition included new works inspired by the artist’s time in Houston, some following her residency at the Menil’s Cy Twombly Gallery, alongside Dean’s monumental blackboard drawings and groups of rarely shown drawings from her studio on paper, found postcards, and albumen photographs. A separate gallery presented a rotating group of her 16mm films. Claes Oldenburg Draws Blueberry Pie This intimate portrait of the American Pop artist Claes Oldenburg (1929–2022) celebrates the act and pleasure of drawing. One of several films by Dean that examines the creative practice of other artists, it captures the virtuosic draughtsman at work in his Manhattan studio.",https://www.menil.org/exhibition/tacita-dean-blind-folly,"Found on the venue's ""past p2"" listing page."
menil,Out of Thin Air: Emerging Forms,2024-09-20,2025-01-26,"Out of Thin Air: Emerging Forms examined drawing as a meditative process that invites the gradual appearance of indeterminate images. Selected from the Menil’s permanent collection, this display of artworks dating from the late 1930s to the present share a visual language of emerging forms. Not fully resolved or strictly defined, the works in this exhibition are open, suggestive images that seem as though they are still in the process of becoming. Artists have embraced this type of practice for myriad reasons that range from an unlocking of the subconscious to an exploration of nature’s most complex systems, including vast cosmic realms and immaterial energies. Artists represented include Lee Bontecou, John Cage, Gustavo Díaz, Hiroyuki Doi, Sonia Gechtoff, Alan Saret, and Hedda Sterne, among others. On view for the first time at the Menil were a group of drawings by the American artist Gregory Masurovsky (1929-2009), whose delicate marks coalesce into transient swarms, vibrations, or cloud formations on the verge of materializing. Consider the artworks in this exhibition as portals, each its own point of entry to personal reflection. Notice how mindful looking can be an introspective, even revelatory encounter, one that parallels the act of drawing.",https://www.menil.org/exhibition/out-of-thin-air-emerging-forms,"Found on the venue's ""past p2"" listing page."
menil,Fragments of Memory,2024-09-20,2025-01-26,"Fragments of Memory, a selection of works from the Menil’s permanent collection, explored the ways in which the past imbues present experiences. In their drawings, the featured artists take up commonplace embodiments of personal and collective memory, such as scrapbooks, snapshots, notes, relics, and odes, to reimagine how we might access fraught memories and contested histories. Memories are incomplete renditions of the past—composites built from slivers of recollections that reveal the emotions behind moments. The drawings presented in this exhibition were created from the mid-20th century to the recent years and represent different ways that artists reanimate the past and propose new understandings of our present. Works displayed from Luc Tuymans (b. 1958) and Jasper Johns (b. 1930) explore how memory fragments as time passes, while pieces by artists like Sari Dienes and Gael Stack layer objects and imagery from their family and friends, presenting a picture of consciousness.",https://www.menil.org/exhibition/fragments-of-memory,"Found on the venue's ""past p2"" listing page."
menil,Portraits of Women from the Collection,2024-03-16,2024-11-10,"The display highlighted a new acquisition by renowned American painter Alice Neel (1900–1984); the 1977 portrait of the New York-based artist and activist Faith Ringgold (1930–2024). Alongside a plaster sculpture of a contemplative and seated figure by Pop artist George Segal was a series of silkscreened paintings by Andy Warhol of Jermayne MacAgy, commissioned in the 1960s by museum founders, John and Dominique de Menil. A close and influential friend of the couple, the late Houston-based curator and art historian was one of the very first subjects of the artist’s now legendary group of square-format portraits.",https://www.menil.org/exhibition/portraits-of-women-from-the-collection,"Found on the venue's ""past p2"" listing page."
menil,"Longing, Grief, and Spirituality: Art Since 1980",2023-06-15,2024-10-10,"Featuring works created over the past forty years, many of which are owned by the Menil, this display presented artists’ response to the precariousness of life through the expression of grief, spirituality, and longing. Artworks included Kara Walker’s powerful 40-foot-long silhouette work, Freedom Fighters for the Society of Forgotten Knowledge, Northern Domestic Scene, 2005; Andy Warhol’s expansive late painting, The Last Supper, 1985; Mel Chin’s monumental sculpture Our Strange Flower of Democracy, 2005, on special loan from the artist; and a major recent acquisition by Nari Ward, Say Can You See, 2021. The installation highlighted a myriad of artistic approaches to political issues of the past decades. Longing, Grief, and Spirituality: Art Since 1980 was curated by Michelle White, Senior Curator.",https://www.menil.org/exhibition/longing-grief-and-spirituality-art-since-1980,"Found on the venue's ""past p2"" listing page."
menil,Foyer Installation: On Kawara,2024-05-08,2024-09-15,"Moon Landing, 1969, a trio of “Date Paintings” by Japanese-born Conceptual artist On Kawara (1932–2014), was on view at the Menil Collection as a special loan from Glenstone Museum, Potomac, Maryland. Each canvas is inscribed with an important date related to the United States’ Apollo 11 lunar landing that put the first humans on the Moon: mission launch (July 16, 1969), landing of the module (July 20, 1969), and departure from the Moon (July 21, 1969). Kawara’s Today series, begun in 1966 and continued until the year before the artist’s death in 2014, comprises nearly 3,000 works that each feature a date meticulously painted in a white sans-serif font on a monochromatic support. Kawara allowed himself one day to create each work; if a painting remained unfinished by midnight, he destroyed it. As a whole, the series calls attention to the passage of time. The Moon Landing canvases are larger than most in the series, a reflection of the cultural magnitude of the events that took place that month. On Kawara was born in Kariya, Japan. A leading figure in Conceptual art, the artist is best known for his ritualistic meditation on time. After immigrating to the United States in 1964, he was integral to New York’s Conceptual art movement, alongside Hanne Darboven, Sol LeWitt, Joseph Kosuth, and John Baldessari. Kawara’s work has been the subject of solo exhibitions at institutions including Kunsthalle Berlin; Moderna Museet, Stockholm; Museum of Fine Arts, Boston; and the Solomon R. Guggenheim Museum, New York.",https://www.menil.org/exhibition/foyer-installation-on-kawara,"Found on the venue's ""past p2"" listing page."
menil,Abstraction after Modernism: Recent Acquisitions,2024-04-26,2024-08-25,"Abstract Expressionism, a modernist approach to artmaking that rose to prominence in the United States during the 1940s and 1950s, intrigued John and Dominique de Menil. Their patronage of several of these artists, such as Barnett Newman and Mark Rothko, has famously become a pillar of the museum’s collection today. Abstraction after Modernism: Recent Acquisitions highlighted work made by succeeding generations of artists who forged new paths in their approaches to non-representational art. The exhibition brought together acquisitions made by the Menil over the past fifteen years, including work by Agnes Denes, Suzan Frecon, Sam Gilliam, Ellsworth Kelly, Rick Lowe, and Richard Serra. The de Menils believed that abstract art offered alternative and spiritual ways of approaching reality. In a world cluttered with images, only abstract art, can bring us to the threshold of the divine.",https://www.menil.org/exhibition/abstraction-after-modernism-recent-acquisitions,"Found on the venue's ""past p2"" listing page."
menil,Wall Drawing Series: Marc Bauer,2023-09-22,2024-08-18,"Swiss artist Marc Bauer (b. 1975) was commissioned to create the fifth installment of the ephemeral wall drawing series at the Menil Drawing Institute. This 36-foot-wide charcoal and pastel mural, titled RESILIENCE, Drawing the Line, 2023, combines powerful imagery from art history with contemporary references to create a thought-provoking narrative. Fascinated by how images circulate through society, Bauer uses sources ranging from personal family albums to cable and social news streams which he reconfigures into a prismatic view of history, culture, and politics. He likens this process to a kind of witnessing, a deliberate and deeply personal way of seeing and understanding the world. For this piece, Bauer layered images of manmade disaster and patriarchal violence alongside depictions of resistance, aid, and affection. His images evoke political battles over climate justice, humane migration policy, and the rights of marginalized communities. The work evolved over its yearlong display with the artist returning to alter the drawing.",https://www.menil.org/exhibition/wall-drawing-series-marc-bauer,"Found on the venue's ""past p2"" listing page."
menil,Janet Sobel: All-Over,2024-02-23,2024-08-11,"Janet Sobel: All-Over focused on the abstract paintings made by Janet Sobel (1893–1968) during the 1940s. Short-lived but meteoric, her career began in 1943, when leading New York dealers, collectors, and other artists took up her work, culminating in her first solo show at New York’s Puma Gallery in 1944, and another solo show at Peggy Guggenheim’s Art of This Century Gallery in 1946. Acclaimed for her skillful use of color and densely layered compositions that spilled to the edges of the support, Sobel pioneered what became known as “all-over” abstraction. American critic Clement Greenberg later called her paintings “the first really all-over effect that I had seen.” Organized with the support of the Sobel family, this exhibition marked the first time her major paintings have been reunited in over sixty years. A selection of works on paper further expanded the exhibition by demonstrating her approach to drawing, with a series of parallel linear strokes that knit foreground and background together into dense, interlocking patterns. Janet Sobel: All-Over was curated by Natalie Dupêcher, Associate Curator of Modern Art, The Menil Collection. The exhibition was organized with the support of the Sobel family.",https://www.menil.org/exhibition/janet-sobel-all-over,"Found on the venue's ""past p2"" listing page."
menil,Ruth Asawa Through Line,2024-03-22,2024-07-21,"Ruth Asawa Through Line was the first exhibition to focus on the artist’s lifelong drawing practice. Widely recognized as a sculptor, Ruth Asawa (1926–2013) drew daily, referring to the act as her “greatest pleasure and the most difficult.” For her, drawing played a foundational role as she experimented with diverse materials and processes to develop a distinct visual language. Through drawing, Asawa explored the world around her and the boundaries of the medium itself, turning everyday encounters into moments of profound beauty, endowing ordinary objects with new aesthetic possibilities. Drawing emerged as a cornerstone of Asawa’s artistic quest in San Francisco, and later became a key component of her role as an arts educator and community leader in the Bay Area. The exhibition presented drawings, collages, watercolors, and sketchbooks alongside stamped prints, paperfolds, and copper-foil works, showing the breadth of Asawa’s innovative practice. Many of the more than one hundred works from public and private collections have not been previously exhibited. Organized thematically, the presentation begun with foundational lessons that the artist absorbed and built upon at Black Mountain College in the late 1940s. Subsequent sections examine the function of repetition and the development of specific motifs and approaches—from the Greek meander to paper folded in structural patterns—and how they recur and change throughout her career. Surveying the artist’s impressive range and expansive approach, Ruth Asawa Through Line offered an unparalleled window into Asawa’s resourceful approach to drawing, with her particular attention to materials, line, surface, and space. Ruth Asawa Through Line was co-curated by Edouard Kopp, John R. Eckel, Jr. Foundation Chief Curator, Menil Drawing Institute and Kim Conaty, Steven and Ann Ames Curator of Drawings and Prints, Whitney Museum of American Art, with Kirsten Marples, Curatorial Associate, Menil Drawing Institute, and Scout Hutc",https://www.menil.org/exhibition/ruth-asawa-through-line,"Found on the venue's ""past p2"" listing page."
louvre,Primeval Waters,2026-05-20,2027-03-15,"Crossed by the only two biblical ‘rivers of paradise’ known today, whose importance and danger may have inspired the Flood myth, ancient Mesopotamia was also the place where irrigation was first invented and developed. These early experiments in mastering water through artificial transformations of the natural environment led to the invention and development of the earliest known hydraulic structures (canals, bridges, aqueducts, pipe systems, artificial lakes and more) in Mesopotamia. These resulted in wide-ranging changes to the land and its inhabitants, whose long-term consequences, both positive and negative, will be explored in the exhibition. This exhibition draws from the extensive collection of the Department of Near Eastern Antiquities, which lends itself well to this subject, and winds through the department’s galleries to raise the issue of water within the Near Eastern antiquities collection and to explore what environmental lessons can be drawn there in both the past and the present. Ariane Thomas, Director of the Department of Near Eastern Antiquities, Musée du Louvre Barbara Couturaud and Grégoire Nicolet, Department of Near Eastern Antiquities, Musée du Louvre",https://www.louvre.fr/en/exhibitions-and-events/exhibitions/primeval-waters,"Found on the venue's ""current/upcoming"" listing page. Also listed on the venue's ""past"" page. Also listed on the venue's ""past 2025"" page."
louvre,ZURBARÁN,2026-10-07,2027-01-25,"Francisco de Zurbarán, along with Diego Velázquez and Bartolomé Esteban Murillo, is considered one of the greatest Spanish painters of the 17th century. At first considered a Caravaggista with a focus on monastic ascetism, he was gradually recognised in the 20th century as a prodigious colourist and celebrated for his distinctive personal style, which married a simple treatment of volumes with striking naturalism. Though Zurbarán has been the subject of numerous exhibitions over the last ten years, the last large-scale international presentation to focus on his work had been the joint exhibition Zurbarán, mounted by the Metropolitan Museum of Art and the Grand Palais in 1987–1988. Now, the National Gallery, London, the Musée du Louvre and the Art Institute of Chicago have joined forces to offer their visitors a retrospective that allows them to revisit Zurbarán’s paintings (or discover them for the first time), to better understand his work and to stand in awe of the modernity and visual power of his compositions. This is not an exhaustive monographic exhibition, but rather an ambitious selection of the finest paintings, complemented by historical and cultural markers, where visitors can marvel at Zurbarán’s technique and its audacity of form and iconography. The visit, organised into seven parts, will analyse the various facets of Zurbarán’s painted oeuvre both chronologically and thematically, aiming to do justice to the whole of his long career, and occasionally stepping outside of this timeline to compare a group of similar works. The Louvre’s exhibition will place great importance on the monumental paintings, commissioned by Andalusian monasteries, on which Zurbarán’s fame was built, as well as portraits and still lifes, with a special place reserved for the brief career of his son, Juan de Zurbarán (1620–1649). A number of these works, dating from the late 19th and early 20th centuries, will highlight the significant influence Zurbarán exerted on later avant-g",https://www.louvre.fr/en/exhibitions-and-events/exhibitions/zurbaran,"Found on the venue's ""current/upcoming"" listing page."
louvre,SCULPTING COLOUR,2026-10-07,2027-01-25,"‘Sculpting Colour’, presented at the same time and in the same space as the exhibition on the painter Francisco de Zurbarán (1598–1664), and with collaboratively designed scenography, invites visitors to take a close, comparative look at 17th-century Spanish sculpture. The majority of the works to be displayed are religious sculptures of stunning naturalism in polychrome wood, allowing visitors to better understand the cultural and religious context in which the great Spanish painters of the same period (such as Zurbarán, Velázquez and Murillo) produced their works – a period in which painting and sculpture were closely linked. The highlight of the exhibition will be an entire loaned paso – a traditional processional float of five life-size sculpted and painted figures from the early 17th century. This monumental ensemble by Gregorio Fernández, a major sculptor then active in Valladolid, will be presented at eye level so visitors can have a close look. The visit will unfold along a number of thematic axes: the veneration of relics and the role of intercessory saints; the dressing of statues; depictions of the sufferings of Christ and of the Virgin Mary; private devotion; and the Immaculate Conception. In so doing, the exhibition will allow visitors to explore the sculptures’ various uses and meanings and to gain a deeper understanding of their materiality, their regional and stylistic variations, and the personalities of the major sculptors of the time. Active from Castile to Andalusia, they include Gregorio Fernández, Alonso Cano, Juan de Mesa, José de Mora, Pedro de Mena, Jerónimo Francisco García and Miguel Jerónimo García, José de Arce, as well as Pedro Roldán and Luisa Roldán – one of the rare female artists with a career so successful it carried her all the way to the royal court of Spain. In addition to the paso entitled Road to Calvary – one of the most significant loans of the exhibition, never before seen in France – works displayed will include Gregorio F",https://www.louvre.fr/en/exhibitions-and-events/exhibitions/sculpting-colour,"Found on the venue's ""current/upcoming"" listing page."
louvre,LOUVRE PHOTO,2026-11-04,2027-05-03,"The Louvre opened just a few decades before the invention of photography. Combining reality and the world of imagination, journeying through both time and space, the museum would go on to become a wellspring of inspiration for those who practised this new art form. This exhibition ‘Louvre Photo’ takes the Louvre as a model, a subject, a source of inspiration and a starting point for reinvention. Through more than 300 photos of the Louvre – its artworks, its exhibition galleries and its open spaces, as well as visitors both famous and anonymous, museum workers, hidden nooks and behind-the-scenes corridors – ‘Louvre Photo’ invites visitors to explore and uncover, taking a step back and offering a new look at the museum, the institution and its collections – sometimes with a touch of humour and subversiveness. ‘Louvre Photo’ covers the long period spanning from the invention of photography until today, from the first photographers to those invited to photograph the museum in modern times – most recently Robert Polidori. This was a period characterised by momentous events, like the Paris Commune, the First and Second World Wars, and the expansion of tourism and diplomatic relations during the Trente Glorieuses, the thirty-year span of economic prosperity that France enjoyed from 1945 to 1975. In that same time, the Louvre’s history was marked by several milestones, such as its transformation from a palace into a museum under the Second Empire, the displacement and then return of its artworks during the First and Second World Wars, and the Grand Louvre works of the 1980s. ‘Louvre Photo’ limits its subject to a single setting, delimited by the walls of the palace and the gates of the Tuileries Garden. The exhibition will bring out the Louvre’s wealth of photographic archives from its curatorial departments and active documentary records, as well as collections from various French institutions, including the National Archives, the Médiathèque du Patrimoine et de la Photogr",https://www.louvre.fr/en/exhibitions-and-events/exhibitions/louvre-photo,"Found on the venue's ""current/upcoming"" listing page."
louvre,AFFINITIES,2026-06-24,2026-12-31,,https://www.louvre.fr/en/exhibitions-and-events/exhibitions/affinities,"Found on the venue's ""current/upcoming"" listing page. This exhibition's own page could not be read: the venue’s site refused us (HTTP 429)."
louvre,MICHEL LACOSTE’S DONATION TO THE MUSÉE DU LOUVRE,2026-06-26,2027-01-11,"Thanks to the generosity of Michel Lacoste, a hundred precious metalwork pieces entered the collection of the Musée du Louvre in November 2025 through a planned donation of present assets. These varied artworks demonstrate the technical skill and refinement that characterised precious metalworks in France from the 16th to the 18th century. Over the course of six months, an exceptional exhibition in room 605 of the Department of Decorative Arts will present them alongside the Louvre’s collection of silver- and ceramic ware. These hundred works represent about a quarter of the collection amassed since the 2000s by Michel Lacoste, whose passion for precious metalwork was initiated by his maternal grandmother’s gift of the Puiforcat collection sales catalogue. Planned in 1955, this major auction never occurred, as the Greek shipping magnate Stavros Niarchos purchased a vast majority of the lots on offer to deed them subject to usufruct to the Musée du Louvre. Now wishing to share his passion for this type of artwork with the general public, to gift these pieces to future generations and to do his part in enriching the national collections, Michel Lacoste is giving part of his collection to the Musée du Louvre. This choice appeared as evident as the museum is home to the majority of the Puiforcat collection. Of the hundred pieces, one is from the 16th century, 22 from the 17th, 76 from the 18th and one from the 20th. This gift comes to significantly increase the 17th century collection, supplementing it with pieces both from Paris and other French regions, and brings into the museum several master metalworkers such as Jean-Baptiste Chéret, Pierre-François Bonnestrenne and Joseph-Théodore Vancombert for the first time, while completing the existing opus of some of the great master such as Nicolas Delaunay, Claude II Ballin, François-Thomas Germain and Jacques-Nicolas Roëttiers, to cite but a few. Anne Foray-Carlier, Senior Heritage Curator, Department of Decorative Arts.",https://www.louvre.fr/en/exhibitions-and-events/exhibitions/michel-lacoste-s-donation-to-the-musee-du-louvre,"Found on the venue's ""current/upcoming"" listing page."
louvre,HOSTS AT THE LOUVRE,2026-09-24,2026-12-14,"Kader Attia and Elizabeth Peyton are the 2024–2026 Hosts at the Louvre. Kader Attia (born 1970 in Dugny, France; lives and works in Paris and Berlin) is known for his work at the frontier of shape and thought, between logical inquiry and contemporary ideas. Elizabeth Peyton (born 1965 in Connecticut, United States; lives and works in Paris and New York) brings vibrant life to painting through the art of portraiture. For two years, they inhabited the spaces – both physical and imaginary – of the Louvre. Each had a studio on the premises, where they created, conversed with museum personnel, and engaged with the public. Previously studio neighbours, they now share the temporary exhibition space in the Salle de la Chapelle, where the results of their respective sojourns in the museum are on display for all to see. For Attia, this means a film and an installation inspired by his own intimate meanderings in the Louvre, contemplating the fluctuations of ages, memories, and gazes, turning his own vision into a subject. For Peyton, it means paintings and drawings: a mixture of reinterpretations of works from the Louvre, which she has been creating since her early years as an artist, and representations of historic and contemporary subjects, made in her studio in the museum. Their intersecting interpretations of the Louvre make manifest the wealth of resources to be found in the museum and in the works it houses, which serve as a source of inspiration to artists and visitors alike.",https://www.louvre.fr/en/exhibitions-and-events/exhibitions/hosts-at-the-louvre,"Found on the venue's ""current/upcoming"" listing page."
louvre,MICHELANGELO RODIN,2026-04-15,2026-07-20,"Michelangelo and Rodin, in making the body the central subject of their artworks, showed that they both perceived it as animated by an intense inner life. Michelangelo and Rodin, two unrivalled masters of Western sculpture, engage in a dialogue across the centuries. Their works, emblematic of the strength of the body and the depth of the soul, are here brought together for the first time, revealing a continuum between the two artists, marked by clear divisions. Organised into five sections – Two Legendary Artists; Nature and Antiquity: Reinventing the Model; Non Finito; Bodies and Souls; and Energy and Life –, the exhibition associates marble, bronze, plaster, terracotta and cast works with a rich pictorial production. The exhibition route highlights the issues of form and concept that drove the same ambition in both artists: to make manifest the body’s inner energy. The body is thus revealed as the membrane that envelops the soul, a living thing weathering time and movement. We also explore the historic uses of motion in sculpture: how did the reinvention of antiquity and the ways bodies were used foreshadow the divisions of the 20th century? Calling attention to the connections, borrowings and reinterpretations to be found in the works of Michelangelo and Rodin, the exhibition gives a close reading of the myths surrounding these two masters and proposes a new perspective on sculpture not as the making of forms, but as a laboratory for breaking new artistic ground.",https://www.louvre.fr/en/exhibitions-and-events/exhibitions/michelangelo-rodin,"Found on the venue's ""past"" listing page."
louvre,MARTIN SCHONGAUER,2026-04-08,2026-07-20,"Martin Schongauer was one of the most popular Germanic artists of the late Middle Ages – and one of the major figures of this period. Born in Colmar around 1445, Schongauer died in Alt-Breisach in 1491. He was the master of a painting workshop but was best known, even during his lifetime, for his engraving work. While his father and brothers were goldsmiths, he did not practise their craft; it is however likely that he learned to handle the burin in his father’s workshop, a delicate art that he brought to the height of perfection. The exhibition presents a wide selection of his drawings and engravings and, for the first time, a near-complete collection of his paintings (altarpieces and easel paintings), including the 1473 Madonna of the Rose Bower, his only painting on panel whose date of creation is known. His works reveal a well-read artist with a penchant for fine, inventive storytelling and a skilful eye for natural subjects. Martin Schongauer’s engravings were widely circulated and appealed to generations of artists. Artworks from every discipline are brought together in the second half of the exhibition, hailing from all over the European continent and dating up to the start of the 17th century, attesting to the wide-ranging reception his work enjoyed. Pantxika Béguerie De Paepe, Honorary Curator of the Musée Unterlinden. Hélène Grollemund, Musée du Louvre.",https://www.louvre.fr/en/exhibitions-and-events/exhibitions/martin-schongauer,"Found on the venue's ""past"" listing page."
louvre,THE CARRACCI DRAWINGS,2025-11-05,2026-02-02,"Completed at the very beginning of the 17th century, a decorative interior in the heart of the Palazzo Farnese — the current seat of the French Embassy in Italy — would come to be regarded as one of the greatest masterpieces of Western painting. The work in question is the gallery decorated by Annibale Carracci, his brother Agostino, and their students. The Farnese Gallery drew admiration far and wide and inspired the work of many artists due to the beauty of its frescoes as well as that of its preparatory drawings. The Musée du Louvre is moving the Farnese Gallery to Paris, where the most extraordinary collection of preparatory drawings ever assembled will recreate the gallery in the manner of a jigsaw puzzle. The immersive exhibition design reproducing the gallery’s vault will also include a second ceiling: that of the Camerino, a small room Annibale Carracci was given to test his designs. The exhibition aims to give visitors a closer look at the engaging character of the work’s key architect, Annibale Carracci. The Farnese Gallery drawings and other sheets Annibale completed before leaving for Rome will highlight the 34-year-old artist’s determination to bring about a stylistic and intellectual revival. Never before had so many drawings for a painted interior been preserved, from the rapid sketch outlining the artist's initial ideas to the large cartoon measuring several metres per side, which contains a full-scale drawing of the fresco. Victor Hundsbuckler, Curator, Department of Prints and Drawings, Musée du Louvre.",https://www.louvre.fr/en/exhibitions-and-events/exhibitions/the-carracci-drawings,"Found on the venue's ""past"" listing page."
louvre,JACQUES-LOUIS DAVID,2025-10-15,2026-01-26,"David is a towering figure. Considered the father of the French School, revered for breathing new life into painting, he produced imagery that to this day inhabits the collective imagination: from The Death of Marat to Napoleon Crossing the Alps and The Coronation of Napoleon, his paintings are the filter through which we picture the great moments of the French Revolution and the Napoleonic Empire, while his portraits bring to life the society of this period. To mark the bicentennial of his death in exile in Brussels in 1825, the Musée du Louvre is offering a new perspective on a figure and body of work of extraordinary richness and diversity. The exhibition shines a light on the inventive force and expressive power of the art of Jacques-Louis David (1748–1825), whose paintings are more intensely charged with feeling than is belied by their extreme rigour. The exhibition spans the long career of an artist who witnessed six different political regimes and actively participated in the French Revolution. It gathers 100 works on special loan, including the imposing, incomplete Tennis Court Oath (Château de Versailles, long-term loan from the Musée du Louvre), and the original version of his masterpiece, the celebrated Death of Marat (Royal Museums of Fine Arts of Belgium, Brussels). A project of such ambition could only be undertaken at the Louvre, which holds the largest existing collection of the artist's paintings and drawings – including, first and foremost, his very large canvasses. The last major monographic exhibition devoted to David was held at the Louvre and the Château de Versailles in 1989 for bicentennial commemorations of the French Revolution.",https://www.louvre.fr/en/exhibitions-and-events/exhibitions/jacques-louis-david,"Found on the venue's ""past"" listing page."
louvre,THE MET AT THE LOUVRE,2024-02-29,2025-12-14,"The Louvre’s Department of Near Eastern Antiquities is hosting ten major works from New York’s Metropolitan Museum of Art, whose Department of Ancient Near Eastern Art is currently closed for renovation. The Louvre and The Met have created a unique dialogue between these two collections, which is displayed in the Louvre’s permanent galleries. These ‘special guest’ artworks from The Met, dating from between the late 4th millennium BC and the 5th century AD, show some remarkable connections with the Louvre’s collection. In some cases, a pair of objects has been reunited for the first time, while in others, pieces complement each other by virtue of specific historical features of their respective collections. Representing Central Asia, Syria, Iran and Mesopotamia, this dialogue between collections is (re)introducing visitors to these extraordinary, age-old works of art and the stories they tell.",https://www.louvre.fr/en/exhibitions-and-events/exhibitions/the-met-at-the-louvre,"Found on the venue's ""past"" listing page. Also listed on the venue's ""past 2025"" page."
louvre,A PASSION FOR CHINA,2025-05-14,2025-08-25,"A relatively little-known fact: Chinese art can be found at the Louvre. The Department of Decorative Arts holds more than 600 Chinese works, most of which come from the collections of Adolphe Thiers and Adèle de Rothschild and from the royal collections. Among them, some veritable treasures are to be found. A number of these were highlighted by recent research among the collection of Adolphe Thiers, who was a journalist, historian, and a major political figure in the 19th century (as deputy, minister, president of the council and, ultimately, president of the French Republic). The exhibition aims to reveal these exceptional works to the general public, putting them in the historical, diplomatic and cultural context of their creation and their acquisition by Thiers for his collection. It explores Thiers’s little-known passion for China. The exhibition will present over 170 works dating mainly from the 18th and 19th centuries: scrolls, album pages, engravings, prints, porcelains, jades, lacquers, and precious objets d’art in ivory, bronze, or wood inlaid with gems and mother-of-pearl. The first part of the exhibition will present Adolphe Thiers, his particular vision of art, his collecting practices and his passion for the Renaissance. The second part, the heart of the exhibition, will present the full collection of Chinese art. Thiers, in view of publishing a work on Chinese art, concurrently collected books, documents and objets d’art related to the subject. The exhibition highlights the major themes of his collection: ancient and contemporary history, images of China (landscapes, architecture and dress), some staples of Chinese culture (language, literature and the literati), the ‘Three Teachings’ (Buddhism, Taoism and Confucianism), Chinese porcelain (of which he was an expert of renown), and, finally, imperial art. The collection holds a number of masterpieces in this last area, including an exceptional scroll, the Qingming shanghe tu created for the Qianlong emp",https://www.louvre.fr/en/exhibitions-and-events/exhibitions/a-passion-for-china,"Found on the venue's ""past"" listing page. Also listed on the venue's ""past 2025"" page."
louvre,LOUVRE COUTURE,2025-01-24,2025-08-24,"Although we have known since the days of Paul Cézanne that ‘the Louvre is the book from which we learn to read’, this inexhaustible wellspring of inspiration has also nourished one of contemporary art’s liveliest domains: the world of fashion. More and more, research and monographs dedicated to the greats of fashion have boldly begun to trace aesthetic family trees, establishing these figures in a historical and artistic context. The pattern is not merely one of disruptions, with various degrees of radical innovation, or of seasonal changes, but also one of echoes and evocations. The threads weaving their way between the work of great fashion figures and the world of art are almost endless, and the history of art as expressed by the Musée du Louvre, in the depth of its collections and in the ways it reflects the tastes of days gone by, is an equally vast terrain of influences and sources. In consideration of the Louvre’s encyclopaedic immensity, this exhibition follows a methodological approach geared towards exploring the history of decorative styles, art professions and ornamentation through the galleries of the Department of Decorative Arts, where textiles are omnipresent – though generally in tapestries and other décor items rather than in articles of clothing. Over a nearly 9,000-square-metre space, 65 designs are displayed, along with a number of accessories, newly illuminating the close historical dialogue that continues to take place between the world of fashion and the department’s greatest masterpieces, from Byzantium to the Second Empire. Each of these garments and accessories is on special loan from the most iconic fashion houses, both long-standing and recent, in Paris and throughout the world. The pieces will not be displayed aimlessly throughout the Department of Decorative Arts, but rather will serve as an occasion to highlight existing parallels: the department owes part of its collection to the generosity of great fashion figures, from Jacques Douc",https://www.louvre.fr/en/exhibitions-and-events/exhibitions/louvre-couture,"Found on the venue's ""past"" listing page. Also listed on the venue's ""past 2025"" page."
louvre,MAMLUKS,2025-04-30,2025-07-28,"The Musée du Louvre marks a European first with a major exhibition on the Mamluk sultanate (1250–1517), aiming to address this golden age of the Islamic Near East in all its scope and richness by examining it from a transregional perspective. The Mamluks, freed slave-soldiers of primarily Turkish (and later Caucasian) origin, built their legend on their warrior prowess. From 1250 to 1517, the Mamluk sultanate conquered the last bastions of the Crusaders, fought and repulsed the Mongol threat, survived Timur’s invasions and kept its threatening Turkmen and Ottoman neighbours at bay before succumbing to the latter’s expansionism. It encompassed a vast territory including Egypt, Bilad al-Sham (Syria, Libya, Israel/Palestine, Jordan), part of eastern Anatolia and the Hejaz region of Arabia, which includes Mecca and Medina. But the history of the Mamluk sultanate cannot be reduced to its conquests and feats of arms. Its culture, as complex and multifaceted as its society, was part of a little-known and singularly fluid medieval era. A world in which sultans mingled with emirs and rich civil elites, all actively engaged in artistic patronage. A pluralistic society in which women as well as Christian and Jewish minorities had a place. Another ‘Middle Kingdom’ where Europe, Africa and Asia converged and in which people and ideas circulated, as did merchandise and artistic repertoires. Structured in five sections (the Mamluks, their society, their cultures, their connections with the rest of the world and their art), the exhibition presents nearly 260 works, a third of which are from the Louvre and the Musée des Arts Décoratifs, featured beside prestigious national and international loans. Textiles, objets d’art, manuscripts, paintings, ivories, stone and wood interior décors reveal a teeming artistic, literary, religious and scientific world. The sultanate was then the cultural heart of the Arab world and the heir to a number of grand traditions. Mamluk visual culture would",https://www.louvre.fr/en/exhibitions-and-events/exhibitions/mamluks,"Found on the venue's ""past"" listing page. Also listed on the venue's ""past 2025"" page."
louvre,THE EXPERIENCE OF NATURE,2025-03-19,2025-06-30,"The Holy Roman Emperor Rudolf II (1552–1612), a great patron of the arts and sciences, was one of the European rulers most keenly interested in the study of nature. He summoned scientists and artists from throughout Europe to his court, where they worked in close proximity to each other within the castle walls, turning Prague into a veritable laboratory, a place of experimentation, in a propitious climate of intellectual and religious tolerance. The first part of the exhibition will present this convergence of scientific and artistic perspectives on nature, particularly acute at the Prague court. It was characterised, first of all, by a new approach, which was both direct and observational. Artists participated actively in the earliest stirrings of empiricism, not only in producing scientific instruments that were as aesthetically pleasing as they were innovative, but also in recording the world of plants and animals through their drawings, a major contribution to the inventory of living species then being undertaken in the natural sciences. Like their scientist peers, they were interested in the hidden forces at work in nature, which they expressed through the device of allegory. All shared the same humanist culture, generally acquired through books and inherited from antiquity. Yet the coherent system described in these earlier works did not stand up to the attentive observation of an impermanent, capricious natural world. The second part of the exhibition will show how this curiosity about the forms of nature, common to both scientists and artists, contributed to the renewal of artistic creation in Prague. New practices such as drawing en plein air came into vogue, and this direct experience of nature encouraged artists to experiment with new materials and subjects, including many that had previously been considered unworthy of being used or depicted. A taste developed for new artistic techniques imitating the singularity of natural forms and evoking the instabil",https://www.louvre.fr/en/exhibitions-and-events/exhibitions/the-experience-of-nature,"Found on the venue's ""past"" listing page. Also listed on the venue's ""past 2025"" page."
louvre,A NEW LOOK AT CIMABUE,2025-01-22,2025-05-12,"For the first time, the Musée du Louvre is dedicating an exhibition to Cimabue, one of the most important artists of the 13th century. The exhibition is the product of two ‘Cimabue-centric’ events of great importance for the museum: the restoration of the Maestà and the acquisition of a heretofore-unseen Cimabue panel, rediscovered in France in 2019 and listed as a French National Treasure: Christ Mocked. These two paintings, whose restoration was completed in 2024, provide the starting point for this exhibition, which, by bringing together some forty works, aims to illuminate the extraordinary richness and undeniable innovation of Cimabue’s art. Cimabue was one of the first to open Western painting to naturalism, seeking to represent the world, objects and bodies as they truly existed. With him, the conventions of representation inherited from Eastern art, so highly valued until this period, gave way to an inventive art of painting seeking to evoke a three-dimensional space, bodies in volume shaped by subtle shading, articulated limbs, natural postures and human emotions. After an introductory section dedicated to the context of painting in Tuscany – and specifically Pisa – in the mid-13th century, a good deal of the visit focuses on the Louvre’s Maestà; innovations appearing in this painting have led certain art historians to consider it ‘the founding act of Western painting’. Restoration has made visible not only the variety and subtlety of its colours, but many details that had been masked by previous overpaintings, showing the fascination that the East, both Byzantine and Islamic, evoked in Cimabue and his patrons. The crucial question of the relationship between Cimabue and Duccio is then addressed. The visit continues with a section constructed around Cimabue’s eight-panel diptych, of which the Louvre has brought together for the first time the only three panels known today. The narrative vitality and liberty deployed by Cimabue in this work of shimmering col",https://www.louvre.fr/en/exhibitions-and-events/exhibitions/a-new-look-at-cimabue,"Found on the venue's ""past"" listing page. Also listed on the venue's ""past 2025"" page."
louvre,"GUILLON-LETHIÈRE, ""BORN IN GUADELOUPE""",2024-11-13,2025-02-17,"This show, co-organised by the Clark Art Institute in Williamstown (Massachusetts) and the Musée du Louvre, will be the first major monographic exhibition on an artist who has largely faded from view but was counted among the ‘great authorities of his day’ (Charles Blanc). Guillaume Guillon-Lethière was born in Guadeloupe. His mother was a freed slave of African origin, his father a white French royal official. Guillaume studied first in Rouen and then in Paris during the ancien régime and went on to enjoy a brilliant career: director of the French Academy in Rome (1807–1816), elected member of the Institut de France in 1818 and professor at the École des Beaux-Arts from 1819 onwards. He was also a great collector and artistic advisor to Lucien Bonaparte. His artwork reflects his experience of the political upheaval of the period and the succession of political regimes in France from the Revolution to the July Monarchy. Most of his paintings and drawings focus on ancient history. He began his career in a period dominated by the neoclassical style of Jacques-Louis David; his continuation in the classical vein led to his fall from favour in the late 1820s, as the upcoming generation of Romantic artists began taking over. The Louvre’s collection includes two huge paintings by Guillon-Lethière, both measuring almost eight metres in width and inspired by classical heroism: Brutus Condemning his Sons to Death, finished in Rome in 1811, and The Death of Virginia (1828).",https://www.louvre.fr/en/exhibitions-and-events/exhibitions/guillon-lethiere-born-in-guadeloupe,"Found on the venue's ""past"" listing page. Also listed on the venue's ""past 2025"" page."
louvre,A NEW LOOK AT WATTEAU,2024-10-16,2025-02-03,"""The Louvre’s enigmatic painting par excellence."" These are the words that the painter and writer Bernard Dufour used to describe Pierrot, long known as Gilles, by Antoine Watteau (1684–1721). Though this strange character, dressed in white from top to toe, cuts a familiar, even iconic figure, this is a work of absolute originality. From its history to its composition, from its format to its iconography, everything about this piece captivates and intrigues. Its origins remain unknown; the first confirmed mention of its existence only dates back to 1826. Interpreting this painting, inspired by the world of theatre and particularly by Pierrot, the most famous comedy character of this period, is also a difficult task. Thanks to recent conservation work carried out at the Centre for Research and Restoration of Museums of France (C2RMF), which has restored the painting to its former glory, the Musée du Louvre is finally able to give it the monographic exhibition it so richly deserves. The exhibition will explore this mysterious masterpiece, placing it back into the context of theatre life at the start of the 18th century and of the artworks produced by Watteau and his contemporaries. It will also touch on the fascination that Gilles has inspired all the way to the present day, influencing creators of all backgrounds from Fragonard to Picasso to Nadar, from André Derain to Marcel Carné. Each of these painters, authors, actors, photographers and filmmakers made a talented attempt at solving its captivating riddle. The exhibition presents sixty-five works (paintings, drawings, engravings, books, photographs and film excerpts), including seven paintings by Watteau, thanks to the support of various French, European and American museums, including the Bibliothèque Nationale de France, the Gemäldegalerie in Berlin, the Wallace Collection and the National Gallery of Art in Washington, D.C. Standing as an eternally blank page in spite of countless interpretations, Pierrot is stil",https://www.louvre.fr/en/exhibitions-and-events/exhibitions/a-new-look-at-watteau,"Found on the venue's ""past"" listing page. Also listed on the venue's ""past 2025"" page."
louvre,FIGURES OF THE FOOL,2024-10-16,2025-02-03,"The exhibition examines the omnipresence of fools in Western art and culture at the end of the Middle Ages, and attempts to parse the meaning of these figures, who would seem to play a key role in the advent of modernity. The fool may make us laugh, with his abundance of frivolous antics, but he also harbours a wealth of hidden facets of an erotic, scatological, tragic or violent nature. Capable of the best and of the worst, the fool entertains, warns or denounces; he turns societal values on their head and may even overthrow the established order. Within the newly renovated Hall Napoléon, this exhibition, which brings together over 300 works from 90 French, European and American institutions, brings us on a one-of-a-kind journey through Northern European art (English, Flemish, Germanic, and above all French), illuminating the profane aspects of the Middle Ages and revealing a fascinating era of surprising complexity. The exhibition explores the disappearance of the figure of the fool with the Enlightenment and the triumph of reason, and its resurgence at the end of the 18th century and all throughout the 19th. The fool then became a figure with which artists identified, wondering: ‘What if I were the fool?’ Élisabeth Antoine-König, Senior Curator in the Department of Decorative Arts, and Pierre-Yves Le Pogam, Senior Curator in the Department of Sculptures, Musée du Louvre the Cercle des Mécènes du Louvre, the Fondation Etrillard, the New York Medieval Society.",https://www.louvre.fr/en/exhibitions-and-events/exhibitions/figures-of-the-fool,"Found on the venue's ""past"" listing page. Also listed on the venue's ""past 2025"" page."
louvre,MASTERPIECES FROM THE TORLONIA COLLECTION,2024-06-26,2025-01-06,"The largest ever private collection of ancient Roman sculptures, assembled throughout the 19thcentury by the Torlonia princes in Rome, is being shown to the public for the first time since the mid-20th century in a series of special exhibitions. The Louvre will have the privilege of hosting the Torlonia marbles for their first showing outside Italy, in the renovated summer apartments of Anne of Austria – home to the museum’s permanent collection of ancient sculpture since its creation in the late 18th century. Displaying the Torlonia marbles alongside the French national collection will shed new light on the origin of museums and the interest in antiquity – a founding element of Western culture. Showcasing masterpieces of ancient sculpture, the exhibition will present some truly exquisite treasures of Roman art and explore the origins of museums in Europe during the Enlightenment and the 19th century.",https://www.louvre.fr/en/exhibitions-and-events/exhibitions/masterpieces-from-the-torlonia-collection,"Found on the venue's ""past"" listing page. Also listed on the venue's ""past 2025"" page."
louvre,OLYMPISM,2024-04-24,2024-09-16,"Among the cultural events designed to accompany the 2024 Olympic and Paralympic Games in Paris is an exhibition at the Louvre on the creation of the first modern Olympic Games. Visitors will discover how the Games came into being in the late 19th century: the political context of the time, the iconographic sources on which they were based, and how the organisers set out to recreate the sporting competitions of ancient Greece. The exhibition sheds light on the origins of the world’s largest and most-watched sporting competition. This international event was the brainchild of Pierre de Coubertin and a number of French and Greek luminaries, who were later joined by Swiss draughtsman Émile Gilliéron (1850-1924). Gilliéron trained at the École des Beaux-Arts in Paris, and was a frequent visitor to the Louvre, where he copied a number of its masterpieces. Having settled in Greece, he was named the official artist of the 1896 Olympic Games and of the 1906 Mesolympics, both held in Athens, for which he designed the winners’ trophies, inspired by discoveries made at the major archaeological excavation sites of the period. Using the latest reproduction techniques of his time, the artist illustrated communication materials – in particular postage stamps and posters – for the newly formed Greek state. Thanks to a special loan from the Stavros Niarchos Foundation (SNF), the Louvre will exhibit the first Olympic Cup, known as ‘Bréal’s Cup’, designed by French academic Michel Bréal and created by a French silversmith for the winner of the first marathon – a race invented for the modern Olympic Games. As part of the programme of cultural events accompanying the 2024 Olympic and Paralympic Games, the exhibition will show how the scientific disciplines of philology, history, art history and archaeology came together to create this global sporting event.",https://www.louvre.fr/en/exhibitions-and-events/exhibitions/olympism,"Found on the venue's ""past"" listing page. Also listed on the venue's ""past 2024"" page."
uffizi,At Palazzo Pitti the 20th century showcased in 40 dreamlike dresses: the new arrangement at the museum of Costume and Fashion,,,"A century of fashion, from the liveliness of the Charleston to the daz-zling '80s of Enrico Coveri, passing through the breathtaking creations of Elsa Schiaparelli, Yves Saint Laurent, Pierre Cardin and Roberto Capucci. The new arrangement by the Museum of Costume and Fash-ion at Palazzo Pitti narrates this story through 40 dresses, emblematic of the world's finest tailoring (many of which have never been show-cased), engaging elegantly with works by 20th-century painting mas-ters such as Galileo Chini, Felice Casorati, and Alberto Burri. Exactly one year after the Gallery's complete renovation and subse-quent total reopening, the twentieth-century selection is displayed in rotation to present the public with a new enchanting chapter in cos-tume history. Boasting a collection of 15,000 historical garments and accessories from the eighteenth century to the present day, the Muse-um of Costume and Fashion has decided to refresh its exhibits each year. This will enable extraordinary, previously unseen, and carefully restored attire to be brought out from storage in rotation for the public to enjoy. The rooms dedicated to seventeenth and eighteenth-century fashion and Medici clothes remain unchanged. The first of the new spaces, dedicated to the ‘Charleston fashion’ be-tween avant-garde and exoticism, opens the new selection: Galileo Chini's remarkable Triptych turns the room into a dramatic scene remi-niscent of Puccini, with the dress worn by the painter's wife at the premiere of Turandot at Milan's Teatro La Scala on 25 April 1926. Additional exquisite dresses crafted from fine silks and adorned with decorative motifs inspired by China, Japan, and India illustrate how Orientalism was closely linked with the flappers' desire for emancipa-tion and experimentation—young women of the era who defied con-vention.",https://www.uffizi.it/en/events/nuovo-allestimento-museo-moda-2025,"Found on the venue's ""current"" listing page. Also listed on the venue's ""past 2025"" page. No closing date found anywhere on the venue's pages."
uffizi,"At the Pitti Palace, the “very best” of the king’s furniture",,,"The very best of three centuries (from the 17th to the 19th) of royal furnishings, recounted through the evolving interior decoration styles of three dynasties – the Medici, Lorraine, and Savoy –, has been concentrated in a selection exhibiting 16 genuine furniture masterpieces that also outline the Palace’s cultural history. On the first floor of the former sovereign residence of the Pitti Palace, the Palatine Gallery’s Niche Room now offers a complete anthology of royal furniture. Decorative armchairs, vases from the Manufacture de Sèvres and others imported from China, Giovanni Socci’s legendary mechanical writing desk, a kneeling stool made by Leonardo van der Vinne and adorned with precious stones, and a unique stipo providing a perfect scale reproduction of the Pitti Palace: all these items, through their shapes and decorations, speak to the visitor about how the sovereigns’ tastes and “domestic” aesthetics changed over time. The visitor is thoroughly initiated in the Palace’s heritage of furniture and the decorative arts – that is, in the discovery of an inheritance that, although among the most important of its kind in Europe, is still virtually unknown. Today, while very little remains of the Renaissance decor at Pitti, thousands of items bear witness to the Baroque period, to 17th century Neo-Classicism, and to Savoy eclecticism. Of the objects on display in the Niche Room, visitors can admire the virtuoso 17th-century works of intarsia and “commesso” – that is, the inlay of gemstones from Botteghe Granducali degli Uffizi, the grand ducal workshops. With the rise of the Lorraines, the court’s taste – also in furnishings – adapted to the new European styles, abandoning the decorative flamboyance of Baroque for the lightness of oriental lacquer and sinuously-shaped furniture. With Ferdinand III, certain environments in the Pitti Palace were transformed in accordance with the dictates of the Neo-Classical style; under French rule, Elisa Baciocchi, Napoleon’s",https://www.uffizi.it/en/events/the-king-s-furniture,"Found on the venue's ""current"" listing page. Also listed on the venue's ""past 2025"" page. No closing date found anywhere on the venue's pages."
uffizi,Sarmi’s Genius. A new exhibition at the Museum of Costume and Fashion,2026-06-18,2026-12-31,"Audrey Hepburn, Marilyn Monroe, Marlene Dietrich, Barbra Streisand, the Duchess of Windsor. During the golden years of Fifth Avenue, the 20th century’s most famous women placed their look in the hands of Ferdinando Sarmi, a fashion designer who succeeded in giving American high society a touch of Italian flair. From 18 June to 31 December 2026, the Museum of Costume and Fashion at Palazzo Pitti will celebrate the designer with the exhibition Ferdinando Sarmi New York – Un viaggio nella moda da Firenze alla Fifth Avenue (“Ferdinando Sarmi New York – A journey in fashion from Florence to Fifth Avenue”), staged in the ballroom and adjacent rooms. The exhibition, the first of its kind, displays a selection of the designer’s iconic gowns, placed alongside items from the Fondo Sarmi holding at the Museum of Costume and Fashion as well as period accessories that recreate the cultural and worldly climate of New York of the 1950s and 1960s. Exhibition dedicated to Ferdinando Sarmi at Museum of Costume and Fashion",https://www.uffizi.it/en/events/il-genio-di-sarmi-nuova-mostra-al-museo-del-costume,"Found on the venue's ""current"" listing page."
uffizi,Wax upon a time. The Medici and the arts of ceroplastics,2025-12-18,2026-04-12,"The story of the masterpieces of ancient wax sculpture is the guiding thread of the new Uffizi exhibition, ‘Cera una volta. I Medici e le arti della ceroplastica’. The exhibition is being hosted from 18 December 2025 to 12 April 2026 in the new spaces built in recent months and now specially set up on the Gallery’s ground floor. Curated by Valentina Conticelli, Andrea Daninos and Simone Verde, this is the very first exhibition dedicated to the Florentine collections of wax sculpture from the 16th and 17th centuries. As the title says, it aims to shed light on an incredible lost creative field: that of the production of wax images, always living since ancient times in the popular sensibility and destined to experience a particular renewal of interest among the ranks of fine arts in Medici Florence from the 15th to the late 17th centuries. Soft and neutral, if fashioned by the skilled hands of Renaissance sculptors, it could bring substance to faces and bodies in the form of everlasting images. With the Baroque culture, obsessed as it was with the passage of time, this organic material born from bees, which due to its malleable nature imitates the characteristics of the skin like no other, comes into its own in giving shape to the living body and its dissolution. Production of it was widespread but largely lost. Not only due to the substantial perishability of the material, but above all for the resistance of critics in welcoming its creations among the so-called ‘major arts’: a cultural phenomenon which greatly favoured their loss. The aim of ‘Cera una volta’ is therefore to make wax sculpture better known – still today confined to a sort of unconscious realm of art history – at the moment of its greatest splendour, when, having reached very high forms of virtuosity, it was avidly sought for noble collections; and to highlight how, even in this field, the Medici were avant-garde collectors, capable of fully understanding the value of these types of object and protect",https://www.uffizi.it/en/events/wax-upon-a-time,"Found on the venue's ""past 2025"" listing page."
uffizi,Florence and Europe. Arts of the Eighteenth Century at the Uffizi,,,"Masterpieces by Goya, Tiepolo, Canaletto, Le Brun, Liotard, Mengs and many other masters; spectacular views of iconic places of the Grand Tour in Italy; the monumental Mystic Marriage of St. Catherine by French painter Pierre Subleyras, restored live on display before the public's eyes; the sensual curiosities of the Cabinet of Erotic Antiquities reconstructed according to the fashion of the Age of Enlightenment. The Uffizi Galleries bring the 18th century back to life with an impressive exhibition titled ""Florence and Europe. Arts of the Eighteenth Century at the Uffizi”, curated by the director Simone Verde and the head of Eighteenth-Century Painting Alessandra Griffo, and set up in the airy frescoed rooms on the ground floor of the museum. A careful selection of around 150 works, including paintings, sculptures, furniture, porcelain, prints, and a large tapestry, many exhibited for the first time in the Gallery, and others that have not been accessible for more than ten years due to the museum's extension works. The aim of the exhibition is to recount, through art, an era of crucial changes for Western thought, aesthetics, and taste, and also for the Uffizi itself, which, in the 18th century, was completely transformed from a dynastic treasure chest of royal collections into a modern museum, the first in the world. It was precisely at this time, in fact, that the pact established by the last Medici descendant, Anna Maria Luisa, certifying the end of the dynasty in 1737, bound the boundless store of works to Florence ""for the ornament of the State""; and it was Pietro Leopoldo, Grand Duke of Tuscany, who in 1769 allowed citizens, on the feast day of Florence's patron saint, St. John (24 June), to visit the museum freely. Structural changes intertwined with the great wave of political, cultural, and aesthetic transformations throughout Europe, which the Grand Dukes in Florence managed to intercept with the Uffizi Galleries, transforming the city and the museum into",https://www.uffizi.it/en/events/florence-and-europe,"Found on the venue's ""past 2025"" listing page. The venue's page shows only ""24 June"" for this exhibition's dates — no year is published anywhere."
uffizi,1925-1955 Fashion in the Spotlight. The origins of Made in Italy,2025-06-18,2025-11-02,"From 18 June to 2 November 2025, the Museum of Fashion and Costume of Pitti Palace will host in four rooms “Fashion in the Spotlight 1925–1955. The origins of Made in Italy”, an exhibition promoted by the Ministry of Culture, organized and created by Archivio Luce Cinecittà in collaboration with the Uffizi Galleries and curated by Fabiana Giacomotti. The exhibition aims to reconstruct thirty fundamental years in the history of Italian fashion, before its definitive international affirmation. Over fifty items of clothing, accessories and audiovisual and photographic contributions articulate the exhibition path, designed to tell how Italian fashion was defined – between textile innovation, aesthetic research, excellent craftsmanship and commercial strategies – well before the famous fashion show in the Sala Bianca of Pitti Palace in 1952. A narrative that develops over a time span between 1925 and 1955, intertwining little-known episodes with legendary names, so as to provide a new look at the roots of Made in Italy. At the heart of the exhibition is the extraordinary heritage of the Luce Archives, with an important core of photographs and films, many of which are unpublished. The garments and accessories on display come partly from prestigious museums (such as the Boncompagni Ludovisi Museums, Palazzo Madama) and partly from corporate or private archives, such as the Massimo Cantini Parrini Collection, present with a considerable number of pieces. ""With this exhibition project, hosted in one of the cities that best tell the world about the exceptionality and greatness of Italian creativity and art, we intend to highlight one of its greatest expressions, fashion. The exhibition is intended as an original historical snapshot of the evolution and affirmation of a sector that has always been synonymous with vision and whose unique creations, the fruit of expert hands, have made and continue to make the flagship of Made in Italy. A national heritage whose importance is we",https://www.uffizi.it/en/events/1925-1955-fashion-the-origins-of-made-in-italy,"Found on the venue's ""past 2025"" listing page. The venue extended this exhibition; it first announced 2025-09-28 as the closing date."
uffizi,The Witch by Salvator Rosa displayed in Pitti Palace,2025-01-11,2025-02-09,"The Witch by the tormented and original 17th-century painter Salvator Rosa, becomes part of the Uffizi collection. Soon it will be welcomed in the Gallery, in the rooms of the 17th-century masters; however, immediately after the Christmas holidays, it will have its own special exhibition moment in the White Hall of the Pitti Palace.",https://www.uffizi.it/en/events/the-witch-by-salvator-rosa-displayed-in-pitti-palace,"Found on the venue's ""past 2025"" listing page. opening and closing date read from a sentence, not a date field: ""11 January to 9 February 2025""."
uffizi,"Stanislao Pointeau. A Tuscan ""macchiaiolo""of French descent. An exhibition dedicated to Prof. Carlo Del Bravo",2024-10-26,2025-02-16,"Terre degli Uffizi returns to San Casciano with a monographic exhibition devoted, for the very first time, to the Franco-Florentine painter Stanislao Pointeau and to the role he played in the birth and development of the Macchiaolo style in Florence and in Tuscany. The exhibition at the Museo Giuliano Ghelli, due to run from 26 October to 16 February, is entitled “Stanislao Pointeau – A Tuscan Macchiaiolo of French Descent”. The exhibition is curated by Michele Amedei and organised by the Comune di San Casciano in Val di Pesa as part of the Fondazione CR Firenze and Gallerie degli Uffizi exhibition programme, in the context of their respective Piccoli Grandi Musei and Uffizi Diffusi schemes. After the exhibition devoted to Jacopo Vignali, this is once again a tribute to Carlo del Bravo, the diligent art historian from San Casciano whose research in the late 1970s led to Stanislao Pointeau’s rediscovery. Stanislao was born in Florence to Jean Louis Pointeau, a wine salesman from Blois in the Loire Valley, and his Florentine wife Giovanna Piacenti. He enrolled at the local Academy of Fine Arts in the early 1850s, but while studying there, he also frequented the Caffè Michelangiolo where he, Telemaco Signorini and other artists founded the Macchiaioli group. In their company, he not only rubbed shoulders with the French community in the city but also explored Florence and its surroundings. He focused in particular on the banks of the Arno, which were to become the source of inspiration for his Renaioli d’Arno (Arno Sand-dredgers), a painting that attracted praise when it was shown at the Italian National Exhibition held in Florence in 1861. After his Macchiaiolo period, Pointeau moved to Pisa in 1867, where he was isolated from his Florentine friends but he managed to stay in touch with them, and with Diego Martelli in particular, all the same. The final phase in his artistic career was influenced by the Symbolist climate represented, in the Pisa area, by a community o",https://www.uffizi.it/en/events/stanislao-pointeau,"Found on the venue's ""past 2024"" listing page."
uffizi,"Tuscan Tournaments. The Saracen Joust, the Crossbow Palio and the Game of the Bridge",2024-09-12,2025-01-12,"The Casa Museo dell’Antiquariato Ivan Bruschi in Arezzo, part of the Intesa Sanpaolo portfolio, is hosting an exhibition until 12 January 2025 entitled “Tuscan Tournaments: The Saracen Joust, the Crossbow Palio and the Game of the Bridge” curated by Museo Stibbert Curator of Armouries Riccardo Franci. The exhibition is part of the Lands of the Uffizi project devised and produced by the Gallerie degli Uffizi and the Fondazione CR Firenze in the context of their respective Uffizi Diffusi and Piccoli Grandi Musei schemes. Starting with the Saracen Joust, a popular event celebrated in the city of Arezzo, the exhibition sets out to document war games using prints and paintings of various periods from the Gallerie degli Uffizi and, above all, numerous examples of helmets, weapons and armour from the Museo Stibbert’s famous collection. These knightly contests, which became fashionable in the Middle Ages and survived well into the Renaissance, included the Crossbow Palio, where precision was the skill required of contestants, and the ancient Game of the Bridge, a trial of strength on foot to conquer the Old Bridge in Pisa. Visitors are greeted by the most iconic exhibit in the show, a 16th century Buratto or Saracen quintain on loan from the Museo Nazionale del Bargello. Likely to have been made for celebrations held to mark the marriage of Francesco I and Bianca Cappello in 1579, alterations over the centuries have transformed it from a Saracen noble into the European warrior we see today. The exhibition logo is another prestigious work of art, Stefano Della Bella’s Knight in Armour made for a parade, on loan from the Gallerie degli Uffizi. The rich, sumptuous attire and caparison conjure up an image of the sheer splendour that attended these spectacular events designed to celebrate the great and good. In another painting, on loan from the Fondazione CR Firenze, Stefano Della Bella illustrated one such event, a nighttime parade in the Boboli Garden in 1637. Arms and armour",https://www.uffizi.it/en/events/tornei-di-toscana-la-giostra-del-saracino-il-palio-della-balestra-e-il-gioco-del,"Found on the venue's ""past 2024"" listing page. opening and closing date read from a sentence, not a date field: ""12 September 2024 - 12 January 2025""."
uffizi,Carlo Maria Mariani. Arte oltre il tempo,,,"""Carlo Maria Mariani. Arte beyond time"" is the title of the exhibition hosted in the Andito degli Angiolini in Palazzo Pitti untill the 1st of December 2024. The exhibition consists of sixteen works by the Italian painter and internationally recognized contemporary master, who passed away in 2021 at the age of 90 in New York, and is curated by Clayton Calvert, executive director of The Carlo Maria Mariani and Carol Lane Mariani Foundation of New York and the art critic Vittorio Sgarbi. The exhibition covers a time span of over 50 years of the artist's production from 1968 to 2019 and includes contributions from the Foundation that bears his name, from the MART of Trento and Rovereto, from the Achille Forti Modern Art Gallery Collection of Verona, from Museo del Novecento in Milan and from the Antonio Martino Collection in Rome. “It is integral and implacable, positioning itself between Canova and Winkelmann, the return in Carlo Maria Mariani, the nostos: it is no longer a return to order, it is the recomposition of a lost world, an anastylosis in painting – states Vittorio Sgarbi. Mariani goes beyond David and concedes nothing to the present. His neoclassicism is reconstructed in the light of Surrealism, in a continuous projection of the dream [...]. His neoclassicism is not ideological, it is sentimental, it is Italy seen by a traveler who comes from afar, in his case who goes away to see it again"".",https://www.uffizi.it/en/events/carlo-maria-mariani,"Found on the venue's ""past 2024"" listing page. No closing date found anywhere on the venue's pages."
uffizi,Self-portraits on paper by 19th-century Masters,2024-08-06,2024-10-27,"In the rooms frescoed by Luigi Ademollo on the first floor of the Uffizi, self-portraits on paper by great Masters from the Department of Prints and Drawings' collections undergo a new rotation. The new arrangements is dedicated to the nineteenth century, a century in which self-awareness and the urgency to spread one's effigy became stronger among artists, who therefore used all the means, especially drawing and engraving. The exhibition takes account of the different techniques and forms of self-representation, examining the artists who taught at the Academy of Florence or attended it - such as Baldassarre Calamai, who in 1844 portrayed himself in a pencil sketch, or more controversial characters - such as the counterfeiter Egisto Rossi, here represented with three drawings. Among the most significant self-portraits drawn at the end of the century, undoubtedly worth mentioning are the two carried out by the Florentine sculptor Adriano Cecioni (pen) and by the Ticino painter Antonio Ciseri (pencil), who moved to Florence at a very young age. In art prints, the 19th century is represented by three great names: Domenico Morelli, with a recently purchased rare engraving executed during his stay in Florence in 1852 on view next to another unpublished version of the same subject; Federico Faruffini, with his singular and tormented self-portrait; and Giovanni Fattori, who closes the century with his famous etching on zinc here on display with the print and the engraved matrix. Finally, a tribute to a character who played a significant role in the history and formation of the Uffizi collection of works on paper: Anthony De Witt, whose self-portrait dating back to 1897 is exhibited in a captivating etching corrected with black pencil.",https://www.uffizi.it/en/events/self-portraits-on-paper-by-18th-century-masters,"Found on the venue's ""past 2024"" listing page."
uffizi,Self-portraits on paper by 18th- and early 19th-century masters,2024-05-07,2024-08-04,"On display on the first floor of the Uffizi are a series of drawings and prints by artists from the late 18th and early 19th centuries like Benedetto Vincenzo De Greyss (Livorno 1724-Venezia 1759), Raffaello Morghen and Luigi Sabatelli. Curated by Luisa Berretti, Laura Donati and Donatella Fratini, the selection of works is part of the rotating exhibition programme of works on paper from the Department of Prints and Drawings, which due to their fragile nature, and in order not to alter their state of preservation, can only be exhibited for short periods of time and under constant and monitored conditions of light, temperature and humidity. The collection of the Uffizi's Department of Prints and Drawings is one of the most important collections of graphic art in the world in terms of artistic value and number of works preserved (about 180,000 sheets). curated by Luisa Berretti, Laura Donati and Donatella Fratini",https://www.uffizi.it/en/events/self-portraits-on-paper-18th-and-early-19th-centuries,"Found on the venue's ""past 2024"" listing page. opening and closing date read from a sentence, not a date field: ""7 May to 4 August 2024""."
uffizi,Uffizi: on display two masterpieces damaged by the 1993 Georgofili mafia attack,2024-05-26,2024-07-28,"The exhibition is open from 26 May to 28 July 2024, on the ground floor of the Gallery, in a large room located at the beginning of the museum itinerary. Alongside, the projection of a video with the testimonies of the firefighters who provided first aid, and of the museum staff that on the very night of the attack hastened to limit the damages caused by the explosion. On the occasion of the 31st anniversary of the mafia bombing in Via dei Georgofili, two canvases by the Caravaggesque painter Bartolomeo Manfredi, which were damaged by the blast, are put on display.",https://www.uffizi.it/en/events/georgofili-commemoration-2024,"Found on the venue's ""past 2024"" listing page."
