venue_code,title,start_date,end_date,summary,url,notes
met,[current/upcoming page],,,,https://www.metmuseum.org/exhibitions,"The venue's ""current/upcoming"" listing page could not be read: the venue’s site refused us (HTTP 429). Marker row, not an exhibition."
met,[past page],,,,https://www.metmuseum.org/exhibitions/past,"The venue's ""past"" listing page could not be read: the venue’s site refused us (HTTP 429). Marker row, not an exhibition."
met,[past 2025 page],,,,https://www.metmuseum.org/exhibitions/past?year=2025,"The venue's ""past 2025"" listing page could not be read: the venue’s site refused us (HTTP 429). Marker row, not an exhibition."
met,[past 2024 page],,,,https://www.metmuseum.org/exhibitions/past?year=2024,"The venue's ""past 2024"" listing page could not be read: the venue’s site refused us (HTTP 429). Marker row, not an exhibition."
met,Musical Bodies,2026-06-07,2026-09-27,"From clapping hands and tapping feet to beatboxing and whistling, the human body is a musical instrument. Musical instruments, in turn, often draw their form and decoration from our bodies. Around the world and across time, instruments emerge as powerful vehicles that represent our voices, actions, and identity not only in music but throughout the visual arts, literature, religion, pop culture, and mythology. Musical Bodies is the first major exhibition to explore the relationship between musical instruments and the body by bringing together some 130 instruments, paintings, sculptures, drawings, and more to illuminate how we express who we are, what we value, and what we believe. With works from The Met collection and institutions and collectors around the world, the exhibition explores 4,000 years of art and music history, from ancient Egyptian rattles and musical masterpieces by Titian and Degas to instrument-inspired apparel and one of Prince’s most notable guitars. Musical Bodies will resonate with visitors of all ages, whether you are a musician, a devoted listener, or simply curious about human expression. The exhibition is made possible by Barbara Tober, the Diane W. and James E. Burke Fund, the William Randolph Hearst Foundation, and the Gail and Parker Gilbert Fund. The catalogue is made possible by the Mary C. and James W. Fosburgh Publications Fund.",https://www.metmuseum.org/exhibitions/musical-bodies,"Found on the venue's ""current/upcoming"" listing page. opening and closing date taken from the site's structured data, not its visible page."
met,Costume Art,2026-05-10,2027-01-10,"The Costume Institute’s spring 2026 exhibition explores depictions of the dressed body across The Met’s vast collection, pairing garments with artworks to reveal the inherent relationship between clothing and the body. Focusing primarily on Western art from prehistory to the present, Costume Art presents connections between garments from The Costume Institute and objects from the Museum’s other collecting areas. Pairings between fashions and artworks will present a spectrum of connections and experiences: from the formal to the conceptual, the aesthetic to the political, the individual to the universal, the illustrative to the symbolic, and the playful to the profound. These pairings are organized into a series of thematic body types that reflect their pervasiveness and endurance through time and cultures. Costume Art is the inaugural exhibition in the new, nearly 12,000-square-foot galleries adjacent to the Great Hall. This space will display The Costume Institute’s annual spring show and, at times, shows from the Museum’s other curatorial departments, including those that explore the intersection of fashion and art. To access a large-print version of the exhibition text, click here",https://www.metmuseum.org/exhibitions/costume-art,"Found on the venue's ""current/upcoming"" listing page. opening date taken from the site's structured data, not its visible page."
met,Orientalism: Between Fact and Fantasy,2026-06-12,2027-02-28,"The word Orient is derived from the Latin Oriens, which means the direction of the rising sun—the east. Orientalism: Between Fact and Fantasy explores notions of “the East” in the 19th century, when globalism, shaped by colonialism and imperialism, fueled unprecedented encounters, connections, and exchanges in Europe and the Middle East. “Hard power” mingled with “soft power,” as accelerated travel, rapid technological change, and shifting geopolitics hastened artistic exchange between distant regions and different cultures. Beginning with Napoleon’s conquest of Egypt in 1798 and culminating in the paintings of Ottoman renaissance man Osman Hamdi Bey, this exhibition tells the story of how Islamic works of art made their way to European dealers, collectors, international expositions, and museums, introducing a new visual language to artists, architects, and designers. Deep admiration for the sophisticated techniques and visual language of Islamic art led Owen Jones and other influential figures to transform architecture and design in Europe and America. Artists such as Jean Auguste Dominique Ingres, Eugène Delacroix, and Jean-Léon Gérôme visited lands and people across the Mediterranean or imagined them from afar. They sometimes depicted what they saw and at other times conjured distant places through memory and imagination, often using Islamic objects to stage their paintings. Orientalism: Between Fact and Fantasy is the first exhibition at The Met to explore Orientalism as its central focus, presenting not only easel paintings but also drawings, photographs, illustrated books, architecture, arms and armor, textiles, garments, glassware, ceramics, and metalwork. Highlighting The Met collection, it features approximately 180 objects from 12 Met departments along with rarely seen loans from the U.S. and abroad. Displayed across four galleries that straddle the departments of European Paintings and Islamic Art, the presentation invites visitors to approach the exhibit",https://www.metmuseum.org/exhibitions/orientalism-between-fact-and-fantasy,"Found on the venue's ""current/upcoming"" listing page. opening date taken from the site's structured data, not its visible page."
met,A King’s Carpet: Louis XIV and the Savonnerie,2026-09-08,2028-03-05,"In 1668, King Louis XIV of France commissioned the Paris-based Savonnerie manufactory to create the largest carpet ever woven. Composed of 92 individual pieces, the carpet was intended to cover the full span of the Grande Galerie of the Louvre, measuring 440 meters, six times the length of the Hall of Mirrors at Versailles. Not only was it a bold and unprecedented undertaking, but a unique chapter in the history of art. The first ever exhibition about the Savonnerie in the United States, A King’s Carpet sheds new light on The Met’s three carpets made as part of this ambitious scheme. Held in the iconic Wrightsman Galleries, it will explore the tumultuous history of these Baroque masterpieces from their conception and the harsh realities of their production to their dispersal after the French Revolution. A project of unheard-of scale, the weaving of the 92 carpets necessitated the establishment of massive workshops and an expendable workforce of orphans and adolescents with sharp eyesight and nimble fingers. Woven over 20 years, the carpets were never rolled out in the space for which they were intended, Louis XIV having turned his attention away from the Louvre to Versailles. During the Revolution, many were stripped of their royal emblems or sold, some eventually finding new homes with prominent American collectors such as J. P. Morgan and Alva Vanderbilt. This exhibition will present four complete carpets along with a selection of fragments, attesting to the scheme’s segmentation and dispersal. In addition, visitors will be able to observe textile conservators at work in an in-gallery temporary conservation studio as they repair and strengthen one of these monumental textiles.",https://www.metmuseum.org/exhibitions/a-kings-carpet-louis-xiv-and-the-savonnerie,"Found on the venue's ""current/upcoming"" listing page. opening date taken from the site's structured data, not its visible page."
met,"Futurism, Constructivism, and Dada in Georgia, 1917–1928",2026-08-13,2026-10-27,"This exhibition highlights modernist and avant-garde artist publications and collaborations created in the country of Georgia between 1917 and 1928. Under Russian rule from the early 19th century until the collapse of the Russian Empire in 1917, Georgia enjoyed a brief period as an independent, democratic republic from 1918 to 1921. During this time, the Georgian city of Tiflis (renamed Tbilisi in 1936) was a convening point for artists and writers from a wide range of backgrounds, nationalities, ethnicities, and artistic tendencies. Art and literary cafes flourished, providing supportive environments for avant-garde poetry recitations, lectures, performances, and exhibitions. This exhibition offers an introduction to the distinctive styles and movements that developed in Tiflis during this period and their manifestations in print, revealing a history of modernist art beyond Western Europe. Featured publications show references to Cubism, Futurism, Expressionism, Constructivism, and Dada, fused with elements of regional culture, folklore, and medieval art. The objects on display will be available for consultation in our Reading Room by appointment at the conclusion of the exhibition. For information about using the library and current library hours, please visit here.",https://www.metmuseum.org/exhibitions/futurism-constructivism-and-dada-in-georgia-1917-1928,"Found on the venue's ""current/upcoming"" listing page. opening and closing date taken from the site's structured data, not its visible page."
met,Independence and Identity: Selections from the Department of Drawings and Prints,2026-05-14,2026-09-29,"The Department of Drawings and Prints boasts more than one million drawings, prints, and illustrated books made in Europe and the Americas from around 1400 to the present day. Because of their number and sensitivity to light, the works can only be exhibited for a limited period. To highlight the vast range of works on paper, the department organizes four rotations a year in the Robert Wood Johnson, Jr. Gallery. Each installation is the product of a collaboration among curators and consists of up to 100 objects grouped by artist, technique, style, period, or subject. Independence and Identity brings together works that explore ideas and ideals of autonomy—creative, social, and political. A special section of the installation, for example, explores the visual culture of the American Revolution. Planned in connection with an exhibition on view in The Met’s American Wing through August 2, the selection of prints presented here focuses on the role of New York within the broader struggle for nationhood. Questions of artistic freedom come into play in a section dedicated to the stylistic and technical innovations of Edgar Degas, Mary Cassatt, Camille Pissarro, and other late nineteenth-century printmakers. Bold prints by WPA artist Joseph Vogel, meanwhile, attend to various definitions of autonomy through meditations on physical and conceptual experiences of vision and blindness, ability and disability. Elsewhere in the gallery, images of architectural icons, including Roy Liechtenstein’s spectacular Cathedral series, point to our enduring fascination with and complex relationship to age-old monuments—repositories for collective and individual histories and aspirations. Finally, works by artists ranging from Vincent van Gogh to Elizabeth Catlett reveal the persistence of rural labor as a pictorial subject, whether celebrating communion with the land, calling for sympathy and reform, or affirming urban viewers’ own social identities.",https://www.metmuseum.org/exhibitions/independence-and-identity-selections-from-the-department-of-drawings-and-prints,"Found on the venue's ""current/upcoming"" listing page. opening and closing date taken from the site's structured data, not its visible page."
met,Rediscovering Della Robbia at The Met,2026-08-10,2028-01-17,"Renaissance sculpture in Florence was forever changed around 1440 when Luca della Robbia created a secret formula for making glazed terracotta reliefs and statuary. Luca and his heirs, Andrea and Giovanni, daringly perfected these techniques. Over the next century, the family workshop transformed local clay and colored glazes into peerless sculptures that gleamed with light. Praised during the Renaissance as “almost eternal,” today Della Robbia sculptures are often as vibrantly luminous as when they emerged from the kiln five hundred years ago. The Met has the largest, most significant collection of Della Robbia glazed terracottas in America. Most have remained in storage for decades. For the first time, Rediscovering Della Robbia at The Met features in a single gallery 12 of the Museum’s masterworks by three generations of the Della Robbia family. Rescued from storage, revived through conservation, and reattributed through fresh research, these sculptures are shown with two important loans from a private collector. Another two works are exciting sculptures by Giovanni della Robbia from the Dick Wolf Collection that complement existing works in the Museum’s collection—one is a promised gift and the other, the Mystic Mandorla lunette, recently was gifted to the Museum. Together, the exhibited sculptures span monumental reliefs composed of many interlocking pieces to small statuettes, signaling the scope of the Della Robbias’ art. Collaboration within the Della Robbia workshop fostered innovation. Rediscovering Della Robbia at The Met itself results from a collaborative exchange among curators, conservators, and digital specialists. Highlights include the exhibition’s centerpiece featuring 33 newly conserved interlocking pieces of a 10-foot-tall altarpiece that has been off view for 70 years. These are shown alongside a large, animated virtual reconstruction that uses 3D-scanning technology to suggest how the entire altar originally was assembled. Rediscovering Della",https://www.metmuseum.org/exhibitions/rediscovering-della-robbia-at-the-met,"Found on the venue's ""current/upcoming"" listing page. opening date taken from the site's structured data, not its visible page."
met,Cottage Industry: The Val-Kill Furniture Shop,2026-07-18,2027-05-09,"Established in 1926 by first lady Eleanor Roosevelt and fellow activists Nancy Cook and her life partner, Marion Dickerman, along with Caroline O’Day, the furniture manufacturing venture known as Val-Kill Industries revived historical furniture traditions and drew crucial inspiration from The Met’s early American holdings. In honor of the 100th anniversary of Val-Kill's founding, Cottage Industry: The Val-Kill Furniture Shop celebrates this groundbreaking enterprise, which was led by women and shaped by immigrant and rural craftspeople. Featuring loans from the Eleanor Roosevelt National Historic Site as well as the Franklin D. Roosevelt Presidential Library and Museum, the exhibition offers a fresh perspective on the American Wing's historic collections while highlighting the enduring connections between craft, design, and social reform. Bringing together over 30 works, Cottage Industry features rare examples of Val-Kill furniture alongside conceptual designs and templates that illuminate the workshop's creative process and collaborative spirit. Highlights include finely crafted desks, tables, and chairs from Eleanor Roosevelt’s home in Hyde Park. In addition, the exhibition considers complementary Arts and Crafts furniture by Gustav Stickley and the Byrdcliffe Colony as well as reflects on Val-Kill's legacy through Depression-era prints, painting, and sculpture. Presented alongside historical furniture from The Met's American Wing, these works reveal how the Museum's collections inspired Val-Kill's designs while offering visitors a closer look at the artistry, craftsmanship, and progressive ideals that defined this pioneering workshop. The exhibition is made possible by the Richard Hampton Jenrette Americana Fund.",https://www.metmuseum.org/exhibitions/cottage-industry-the-val-kill-furniture-shop,"Found on the venue's ""current/upcoming"" listing page. opening date taken from the site's structured data, not its visible page."
met,City of Memory: Nanjing in the Seventeenth Century,2026-06-27,2027-01-03,"Throughout Chinese history, the city of Nanjing served as the capital of multiple dynasties. Each time a dynasty was overthrown, it left behind another layer of cultural memory, creating an atmosphere in which artists found themselves surrounded by the past. Material traces of history—temples, city walls, ancient trees—blended with less tangible remains, such as views that had inspired famous artists and poetic verses they had written. In 1644, the Ming dynasty was violently overthrown, and the Qing took its place. A new layer of reminiscence was added, sparking feelings of loss and nostalgia, as the people of Nanjing saw their world shattered and another dynasty—their own—consigned to the realm of history. City of Memory: Nanjing in the Seventeenth Century explores how artists lived and worked in this charged environment in the decades before and after the fall of the Ming dynasty. Through a selection of about 100 objects, mostly from The Met collection, the exhibition illuminates both the city’s lore and complex history as well as the evolution of Nanjing painting from the 1640s to the 1680s, introducing key figures, genres, and styles. Artworks donated to The Met by Julia and John Curtis have inspired and enriched this exhibition.",https://www.metmuseum.org/exhibitions/city-of-memory-nanjing-in-the-17th-century,"Found on the venue's ""current/upcoming"" listing page. opening date taken from the site's structured data, not its visible page."
met,P. S. Art 2026: Celebrating the Creative Spirit of New York City Kids,2026-06-09,2026-10-26,"P. S. Art is an annual celebration of the creativity, talent, and artistic achievement of New York City Public Schools students and their dedicated art teachers. This year marks the 24th anniversary of P. S. Art, and the 19th year this juried exhibition has been presented at The Metropolitan Museum of Art. The exhibition features 125 exceptional works selected from nearly 1,000 submissions by students in prekindergarten through grade 12. The works on view—including collages, drawings, mixed-media pieces, paintings, photographs, prints, and sculptures—represent student artists from all five boroughs of New York City, as well as District 75, the citywide district serving students with disabilities. Each artwork reflects meaningful student engagement and decision making, imaginative use of materials, careful observation, and a growing understanding of artistic processes. Together, these works illuminate the ideas, questions, and discoveries that shape students’ artistic journeys from early childhood through young adulthood. Dedicated and supportive art educators play an essential role in fostering student creativity and contributing to students’ social and emotional growth. Through encouragement and thoughtful instruction, art teachers challenge students to observe the world around them and express their understanding through artistic practice. As students continue their arts education year after year, they deepen their knowledge of artistic concepts, strengthen technical skills, and develop the imagination and confidence needed to communicate their unique perspectives. Sustained, high-quality arts education is vital to ensuring that all students have opportunities to grow and thrive creatively. New York City Public Schools and the NYCPS Arts Office gratefully acknowledge Studio in a School and The Met for their valued partnership. Special thanks to Studio in a School for its sponsorship and coordination of P. S. Art 2026. NYCPS and the Arts Office also extend sincere",https://www.metmuseum.org/exhibitions/p-s-art-2026-celebrating-the-creative-spirit-of-new-york-city-kids,"Found on the venue's ""current/upcoming"" listing page. opening and closing date taken from the site's structured data, not its visible page."
met,Flip Sides: Seeing Korean Art Anew,2026-03-16,2027-05-31,"Most objects are displayed to show their “best” angle meant to impress, sometimes hiding intriguing details. Flip Sides: Seeing Korean Art Anew invites close looking and offers multiple views of the inside, reverse, or hard-to-see aspects of objects. Bringing together approximately 50 objects from The Met collection, with more than half displayed for the first time, this exhibition, with a rotation, shows treasured Korean traditions. By presenting them in ways that give us a fuller picture into each object’s unique form, Flip Sides provides insight into the construction and function of works in metal, wood, ceramic, textiles, and lacquer. A Buddhist sculpture that held offerings inside, a porcelain jar of striking openwork that conceals an inner chamber, a bronze mirror with a delicately incised image, and a king’s lacquer letter box with linings featuring impressive calligraphy are among the featured objects in Flip Sides. During the exhibition, a selection of artworks will come off view and be replaced by new works: Rotation 1: March 16–October 18, 2026 Rotation 2: October 31, 2026–May 31, 2027 The exhibition is made possible by The Kun-Hee Lee Fund for Korean Art.",https://www.metmuseum.org/exhibitions/flip-sides-seeing-korean-art-anew,"Found on the venue's ""current/upcoming"" listing page. opening date taken from the site's structured data, not its visible page."
met,Celebrating the Year of the Horse,2026-02-07,2027-01-26,"The traditional East Asian lunar calendar marks time through a twelve-year cycle, each year represented by the animals of the Chinese zodiac: rat, ox, tiger, rabbit, dragon, snake, horse, ram, monkey, rooster, dog, and pig. First associated with the Chinese calendar in the third century BCE and firmly established by the first century CE, these symbolic creatures are believed to embody certain traits that are manifested in the personalities of people born in that animal’s year. February 17, 2026, marks the beginning of the Year of the Horse, a creature symbolizing power, strength, and vitality. Celebrating the Year of the Horse brings together works from The Met collection to explore the horse’s enduring nature and vital place in Chinese civilization. Domesticated in prehistoric times, this animal has shaped nearly every facet of life—from agriculture and transportation to trade, warfare, sport, and entertainment. In ancient China, horse-drawn chariots transported military commanders and the social elite, while in the Tang dynasty (618–907), tall and robust horses came to embody the strength of the state and cosmopolitan spirit of the empire. In Chinese popular culture, horses are among the most celebrated animals, and in the spiritual realm they serve as noble mounts for divine guardians believed to bring joy, protection, and prosperity to the household. This presentation, featuring a range of expressive works in ceramics, glass, jade, and metal, and woodblock prints, illuminates these roles while celebrating the horse’s power, vitality, and spirit.",https://www.metmuseum.org/exhibitions/celebrating-the-year-of-the-horse,"Found on the venue's ""current/upcoming"" listing page. opening date taken from the site's structured data, not its visible page."
met,"Household Gods: Hindu Devotional Prints, 1860–1930",2026-01-24,2027-06-27,"In Hinduism, the act of darshan, or “seeing god,” is central to worship. This intimate exchange between deity and devotee traditionally takes place in the temple. But within each home is also a shrine, dedicated to that householder’s chosen deity. The need to display an image of the divine in the home was traditionally fulfilled by small icons made of clay or metal. In the mid-19th century, new technologies were introduced into India, first photography and then the chromolithographic press. The latter permitted the production of inexpensive prints of the Hindu gods for mass consumption. These proved immensely popular and for the first time in India, even the humblest home could afford a colorful icon of their chosen god to display in the household shrine. Household Gods: Hindu Devotional Prints, 1860–1930 presents the first encyclopedic exhibition of these chromolithographic prints from the pioneering studio presses of Calcutta (Kolkata), Poona (Pune), and Bombay (Mumbai). These mass-produced prints became a powerful means of expressing Indian religious identity at a time when the country was experiencing the first stirrings of the Independence movement. Featuring approximately 120 works, shown in four rotations, from The Met’s collection of chromolithographic prints, along with paintings and portable triptych shrines, Household Gods provides a unique window on the vibrant tradition of Indian devotional imagery on the cusp of modernity. During the exhibition, a selection of artworks will come off view and be replaced by new works: Rotation 1: January 24–May 25, 2026 Rotation 2: May 30–October 11, 2026 Rotation 3: October 17, 2026–February 21, 2027 Rotation 4: February 27–June 27, 2027",https://www.metmuseum.org/exhibitions/household-gods-hindu-devotional-prints-1860-1930,"Found on the venue's ""current/upcoming"" listing page. opening date taken from the site's structured data, not its visible page."
met,The Infinite Artistry of Japanese Ceramics,2026-01-19,2027-08-08,"From the earliest hand-built figurines rooted in spiritual beliefs to the vibrant works that define today’s contemporary ceramic art scene, Japanese pottery reflects exceptional creativity and a refined sense of beauty. Its distinctiveness arises from the ingenuity and mastery of the potters, as well as the wide range of wares that have long supported daily life. This exhibition explores Japan’s extensive and rich history of ceramic art through approximately 350 extraordinary works presented in themes that offer fresh perspectives on the diverse forms and functions, from everyday tableware to vessels created for tea masters and elite households to modern sculptural compositions. Japan’s earliest pottery dates back more than 12,000 years, when makers shaped and fired clay vessels for cooking and storage—objects that bear the traces of these early potters’ hands. Expertise transmitted from China and Korea in medieval times facilitated the development of new Japanese techniques and wares. Over time, the reverence for prized ceramics led to finding beauty even through damage. Japanese artisans developed kintsugi, the art of repairing broken ceramics with gold lacquer, restoring the damaged object’s function while making it even more precious and valuable. Japanese cuisine and dining aesthetics inspired vessels designed to harmonize with the color and texture of food. Many porcelains from the Edo period (1615–1868) are embellished with motifs drawn from the natural world or symbols of happiness, longevity, and good fortune. Featuring refined ceramics and other artworks from the Museum’s Harry G. C. Packard Collection, this exhibition celebrates the 50th anniversary of this landmark acquisition that established the foundation of The Met’s Japanese art holdings. By placing ceramics in dialogue with related art forms—including lacquers, textiles, paintings, and woodblock prints—the display inspires curiosity about the multiverse of Japanese ceramics and its broader cultural",https://www.metmuseum.org/exhibitions/the-infinite-artistry-of-japanese-ceramics,"Found on the venue's ""current/upcoming"" listing page. opening date taken from the site's structured data, not its visible page."
moma,[current/upcoming page],,,,https://www.moma.org/calendar/exhibitions,"The venue's ""current/upcoming"" listing page could not be read: the venue’s site refused us (HTTP 403). Marker row, not an exhibition."
moma,[past page],,,,https://www.moma.org/calendar/exhibitions/history,"The venue's ""past"" listing page could not be read: the venue’s site refused us (HTTP 403). Marker row, not an exhibition."
brit,[current/upcoming page],,,,https://www.britishmuseum.org/exhibitions-events,"The venue's ""current/upcoming"" listing page loaded but no exhibitions could be read from it. Marker row, not an exhibition."
brit,[past page],,,,https://www.britishmuseum.org/exhibitions-events/past-exhibitions,"The venue's ""past"" listing page could not be read: the venue’s site refused us (HTTP 403). Marker row, not an exhibition."
ng,Renoir and Love,2026-10-03,2027-01-31,"Fall in love with Renoir and his Impressionist paintings at the National Gallery. Discover Renoir’s gift for showing love, friendship, and everyday emotion in this Impressionist exhibition. See couples waltzing in the summer air and lovers stealing a glance, families sharing a quiet moment and friends raising a glass, all through the eyes of an artist unmatched in capturing the complexities of how people connect. Experience Renoir at his peak in the 1860s to 1880s, experimenting with style and theme to become an innovator of Impressionism. Walk with him through Montmartre in his iconic painting 'Bal au Moulin de la Galette' (1876) from the Musée d’Orsay, Paris, on display in the UK for the first time. Explore the sun-dappled gardens and swirling dance halls of Paris through 40 paintings, brought together from collections across the world.",https://www.nationalgallery.org.uk/exhibitions/renoir-and-love,"Found on the venue's ""current/upcoming"" listing page."
ng,Waldmüller: Landscapes,,2026-09-20,"Discover the breathtaking landscapes of one of Austria’s greatest painters, Ferdinand Georg Waldmüller (1793–1865). Stroll through forests, scale rugged peaks and marvel at majestic skies across Austria and Sicily. Take in the great trees of Vienna’s Prater Park, the magnificent lakes and mountains of the Salzkammergut region and the tranquil hills and ruins of Sicily. Pause, reflect and wonder at pictures alive with intense colour and light. See why Waldmüller’s work can be compared to the Pre-Raphaelites. Admire the precise brushstrokes which shape each leaf, twig and flower. Explore how he found beauty in nature’s imperfections, through his images of aged trunks and bare branches. Find serenity in the heart of London at this first-ever exhibition dedicated to Waldmüller's landscapes. Exhibition organised by the National Gallery, London in partnership with the Belvedere, Vienna",https://www.nationalgallery.org.uk/exhibitions/waldm%C3%BCller-landscapes,"Found on the venue's ""current/upcoming"" listing page. No opening date published while this exhibition is running."
ng,Monet and Renoir: Painting Side by Side,2026-07-27,2026-09-22,"In the summer of 1869, Monet and Renoir – then young, ambitious artists and close friends – set up their easels side by side at La Grenouillère, a fashionable riverside resort just outside Paris. Working 'en plein air’ (out-of-doors), the artists painted the same lively scene of fashionable Parisians at leisure – though their artworks reveal remarkably different approaches. For the first time in nearly twenty years, the National Gallery is reuniting two of these celebrated paintings created at La Grenouillère, side by side once more. Look closely at each brushstroke and compare the artists' individual Impressionist style and witness a close friendship that helped shape one of the most influential movements in Western art.",https://www.nationalgallery.org.uk/exhibitions/monet-and-renoir-painting-side-by-side,"Found on the venue's ""current/upcoming"" listing page. opening date taken from the site's structured data, not its visible page."
ng,Yinka Shonibare and Thomas Gainsborough: A Conversation,2026-10-15,2027-02-07,"Past meets present as one of Britain’s most celebrated works is playfully reimagined A richly dressed husband and wife sit in the English countryside. Their wealth shines through. This painting from 1750 is one of Britain’s most well-known works, showing off two people – and their privilege. But what happens when this fashionable couple and their land are ripped from the scene? British-Nigerian artist Yinka Shonibare does just that, reimagining Gainsborough’s famous piece in his own way. Through striking sculpture, Shonibare removes the heads of the people in the painting and clothes them in West African textiles.",https://www.nationalgallery.org.uk/exhibitions/yinka-shonibare-and-thomas-gainsborough-a-conversation,"Found on the venue's ""current/upcoming"" listing page."
ng,Van Eyck: The Portraits,2026-11-21,2027-04-11,"Portraiture as we know it begins with van Eyck. His vision and skill launched painting into a new era of unrivalled realism. Watchful eyes, a hint of stubble, wrinkles, flushed cheeks. Van Eyck captured his subjects in all their intimate details. Though these people sat for their portraits 600 years ago, they feel alive today. ‘Van Eyck: The Portraits’ brings together from across Europe all nine of the artist’s known painted portraits, making up half of his surviving works worldwide. Breathing life into van Eyck’s world, the exhibition introduces the men and women he spent his life around. They are not kings, queens and aristocrats; they are successful craftsmen, merchants and the artist’s relatives. This is a story of people. This is the moment when access to art widened.",https://www.nationalgallery.org.uk/exhibitions/van-eyck-the-portraits,"Found on the venue's ""current/upcoming"" listing page."
ng,Catharina van Hemessen: Signature Works,2027-03-04,2027-05-30,"The year is 1551. A talented young artist sits at the easel in her hometown of Antwerp, painting a small portrait with quiet power. After completing the work, she adds the words: ‘Catharina de Hemessen was painting [this] 1551’. In a time when few women worked as artists, Catharina van Hemessen proudly painted her name onto her artworks. This remarkable detail allows us to identify her work as a painter over 450 years later. Today, van Hemessen is the only 16th-century Flemish woman painter who is known to have signed her paintings. In March 2027, the National Gallery will host the first UK exhibition devoted to this pioneering painter. Through a collection of masterful small-scale paintings, the exhibition will show the defining moment a woman artist stepped into the spotlight. Visit 'Catharina van Hemessen: Signature Works’ for free and uncover this pivotal chapter in the history of art.",https://www.nationalgallery.org.uk/exhibitions/catharina-van-hemessen,"Found on the venue's ""current/upcoming"" listing page."
ng,German Expressionism,2027-03-20,2027-08-01,"Across Germany’s major cities, a new generation of artists emerged between 1900 and 1918 to change the rules of painting. They were the German Expressionists. Made up of two pioneering groups – Die Brücke (The Bridge) and Der Blaue Reiter (The Blue Rider) – these young artists painted raw emotions on canvas with a new intensity. Die Brücke was formed by a group of self-taught artists. Rebelling against conservative society, they lived and worked together in the bohemian corners of Dresden and other cities, before moving to Berlin, Germany’s rapidly modernising capital. For them, colour became a way to defy tradition and express themselves in new ways. Der Blaue Reiter came together in Munich around the painters Wassily Kandinsky and Gabriele Münter. The group divided their time between the bustling Munich streets and the lush landscapes around rural Murnau, 40 miles south of the city. There, the lakes and mountains fed their creative vision, full of bright colours and striking shapes.",https://www.nationalgallery.org.uk/exhibitions/german-expressionism-modern-painting-1900-1918,"Found on the venue's ""current/upcoming"" listing page."
ng,Take One Picture 2026,2026-06-04,2026-08-31,"As part of our annual Take One Picture programme, children from across the UK have made artworks inspired by ‘A Regatta on the Grand Canal’ by Canaletto. The painting shows a colourful boat race taking place in Venice. Crowds of people cheer on the gondolas as they race towards the finish line. Children have made a wide range of imaginative projects, all coming from their own questions and ideas about the painting. Who is going to win the race? What’s under the water? Why do the boats look like dragons? This year’s exhibition features artworks from 35 primary schools and is on display in the Roden Centre for Creative Learning.",https://www.nationalgallery.org.uk/exhibitions/take-one-picture-2026,"Found on the venue's ""past"" listing page."
ng,Zurbarán,2026-05-02,2026-08-23,"Enter the spellbinding world of visionary Spanish painter Francisco de Zurbarán. Spend time with his paintings, celebrated for their vivid naturalism and deep emotional power. Move between soaring altarpieces and exquisite still lifes in the first major UK exhibition of this great artist from Baroque Seville. A peer of Murillo and Velázquez, Zurbarán stands out for his drama, mystery and vision. From the rind of a lemon to the timeless gaze of a saint, he finds an intensity in the ordinary. Strong light and deep shadow bring real faces, soft fabrics, fresh fruit and flowers to life. His paintings unite stillness, focus and faith.",https://www.nationalgallery.org.uk/exhibitions/past/zurbaran,"Found on the venue's ""past"" listing page."
ng,Stubbs: Portrait of a Horse,2026-03-12,2026-05-31,"Step into the world of George Stubbs, the visionary British painter. Marvel at his monumental portrait of a rearing racehorse, ‘Scrub’. In the 1750s, Stubbs spent 18 months in a remote barn in Horkstow, Lincolnshire. Hidden away, he devoted his time to studying and drawing the anatomy of horses. What resulted was the most thorough study on the subject for over a hundred years. Incredibly, Stubbs’s pictures of horses are still some of the most accurate ever painted, all while capturing their unique characters. In this exhibition, you’ll meet one of these horses, Scrub. Painted by Stubbs around 1762, we see Scrub rearing in a landscape backdrop — notably without a rider.",https://www.nationalgallery.org.uk/exhibitions/past/stubbs-portrait-of-a-horse,"Found on the venue's ""past"" listing page."
menil,Wall Drawing Series: Jitish Kallat,2026-09-10,2027-08-08,"The Menil Collection has commissioned artist Jitish Kallat to create a site-specific wall drawing for the entry space of the Menil Drawing Institute. Born in Mumbai, where he continues to live and work, Kallat is a leading figure in contemporary Indian art. His work often probes the intersections of the intimate and the immense, weaving together references to history, science, philosophy, and the cosmic scale of time. Wall Drawing Series: Jitish Kallat is curated by Edouard Kopp, John R. Eckel, Jr. Foundation Chief Curator, Menil Drawing Institute. The series began in 2018 as part of the Institute’s commitment to seeking new approaches to the form and language of drawing. Past participants include Marc Bauer, Mel Bochner, Roni Horn, Marcia Kure, Gladys Nilsson, Ronny Quevedo, and Jorinde Voigt. Over the past three decades, Jitish Kallat has developed a multifaceted practice spanning drawing, painting, sculpture, photography, and time-based media. A recurring approach in his work involves shifting focal lengths across space and time, from the intimate to the cosmic and the present to the historic. Kallat has presented solo exhibitions at the Art Institute of Chicago, the Art Gallery of New South Wales (Sydney), the Frist Art Museum (Nashville), the Philadelphia Museum of Art, and the National Gallery of Modern Art (New Delhi). His work has also been presented at Tate Modern (London), Martin-Gropius-Bau (Berlin), and Mori Art Museum (Tokyo) and at the biennales of Venice, Gwangju, Havana, Bangkok, Curitiba, and Kyiv. Having served as curator and artistic director of the 2014 edition, Kallat is currently president of the Kochi-Muziris Biennale.",https://www.menil.org/exhibition/wall-drawing-series-jitish-kallat,"Found on the venue's ""current"" listing page."
menil,Fragility,2026-09-10,2027-01-24,"This display highlights paper itself—and its incongruous and variable characteristics—as an artistic material. Included are works that present a range of processes, as well as paper sculptures and found papers that imbue a finished work with an additional sense of history and place. Among the artists featured in the exhibition, Lee Krasner relentlessly critiqued her own art, often destroying drawings only to reconstitute them as abstract collages. Ann Hamilton also brought papers together in surprising ways. In her collaborative work poche, 2014, she stitched soft wool between sheets of handmade paper to reflect on the pocket as both storage and protection for the body. Zarina grieved the loss of her husband and her native India by painstakingly puncturing paper with a needle to form intricate compositions. Fragility is curated by Kelly Montana, Associate Curator, Menil Drawing Institute. The exhibition features works that highlight the delicate yet resilient characteristics of the medium of paper",https://www.menil.org/exhibition/fragility,"Found on the venue's ""current"" listing page."
menil,John Akomfrah: The Hour Of The Dog,2026-04-24,2026-10-11,"John Akomfrah: The Hour Of The Dog is an immersive, six-channel video installation by the British artist Sir John Akomfrah. The work, co-commissioned by the Menil Collection and the Baltimore Museum of Art (BMA), explores the history of youth-led Civil Rights–era activism in the American South from 1954 to 1963, and how the participants fought for racial equity through nonviolent marches, protests, boycotts, and voter registration efforts. Runtime: 51 minutes. The Hour Of The Dog begins every hour on the hour. The final screening each day starts at 6 p.m. Activism is not confined to what happens in the streets; it’s bound up with who and how we remember, who and how we mourn, and how we dream forward. John Akomfrah: The Hour Of The Dog is co-curated by Michelle White, Senior Curator, The Menil Collection, and Cecilia Wichmann, BMA Curator and Department Head of Contemporary Art, with Oscar Flores-Montero, BMA Curatorial Assistant of Contemporary Art.",https://www.menil.org/exhibition/john-akomfrah-the-hour-of-the-dog,"Found on the venue's ""current"" listing page."
menil,"Foyer Installation: Mel Bochner, Chryssa, and Dorothy Hood",2026-04-01,2026-10-25,"Explore a selection of works from the museum's permanent collection by artists Mel Bochner, Chryssa, and Dorothy Hood in the foyer.",https://www.menil.org/exhibition/foyer-installation-mel-bochner-chryssa-and-dorothy-hood,"Found on the venue's ""current"" listing page."
menil,Southern Outsider Artists,2026-05-06,2026-12-13,"In the main building hallway galleries, explore an installation of work by self-taught artists from the American South. The display includes paintings by Thornton Dial and Johnnie Swearingen, and assemblage sculptures by Hawkins Bolden, David Butler, and Bessie Harvey.",https://www.menil.org/exhibition/southern-outsider-artists,"Found on the venue's ""current"" listing page."
menil,Terry Winters: Vitalized Geometry,2026-09-25,2027-04-04,"Terry Winters: Vitalized Geometry presents 44 prints and works on paper by the American artist Terry Winters, who draws inspiration from mathematical systems and structures of the natural world. Celebrating two groups of gifts to the Menil and organized in close consultation with the artist, the career-spanning presentation explores the importance of printmaking to Winters’s practice and its dialogue with other forms of making. Each medium is an instrument. Almost in a musical sense, meant to be played; and each affects the developing imagery. How they look, how they feel, and what they mean is conditioned by the materials and procedures. Media is used to embody an image actual size, as vitalized geometry—hopefully with a sense of life. Terry Winters: Vitalized Geometry is curated by Sophie Asakura, Curatorial Associate, The Menil Collection. Two gifts to the museum will be displayed in an exhibition tracing nearly four decades of the artist's works",https://www.menil.org/exhibition/terry-winters-vitalized-geometry,"Found on the venue's ""upcoming"" listing page."
menil,How to Make an Exhibition: The Story of Jermayne MacAgy,2026-12-11,2027-07-18,"This exhibition honors the impact and legacy of the late San Francisco- and Houston-based curator, art historian, and museum director Jermayne MacAgy (1914–1964), who was renowned for her dynamic and groundbreaking installations and innovative approach to curating. MacAgy was among a vanguard of professionals in the 20th century who transformed the art museum into a site of conversation and learning. Working closely with Menil Collection founders John and Dominique de Menil from the mid-1950s until her death a decade later, she deeply impacted the future museum. She encouraged the couple to build a teaching collection and publicly exhibit their art using display techniques that encouraged curiosity and engagement. Dominique de Menil once recalled that MacAgy’s installations created an “atmospheric miracle, which set the work of art in such a light that it would shine and talk to anyone who would care to listen.” How to Make an Exhibition: The Story of Jermayne MacAgy is curated by Michelle White, Senior Curator. Johnson; Susan and Francois de Menil; Betty Moody; Fan and Peter Morris; Carol and David Neuberger; Leslie and Shannon Sasser; MaryRoss Taylor; Wawro-Gray Family Foundation; Morris A. Weiner and Leslie Field; and the City of Houston through Houston Arts Alliance.",https://www.menil.org/exhibition/how-to-make-an-exhibition-the-story-of-jermayne-macagy,"Found on the venue's ""upcoming"" listing page."
menil,"D’MBA: Beauty, Desire, and Collecting an African Mask",2027-05-14,2027-11-07,"D’MBA: Beauty, Desire, and Collecting an African Mask is a focused research and exhibition project examining the large wood headdresses commonly referred to as d’mba, nimba, or yamban among the Baga, Nalu, and neighboring peoples living in Guinea, West Africa. Worn and performed by men for ceremonies and public celebrations that mark significant moments in the cycle of life, the d’mba headdress is the sculptural embodiment of female personhood, sustenance (agricultural and maternal), physical beauty, and generational continuity. During the mid-20th century, at the height of the international market for African art in the United States, the d’mba became one of the objects most coveted by collectors. D’MBA unites for the first time a significant group of headdresses on loan from several art museums in the United States, including Art Institute of Chicago, Baltimore Museum of Art, Davis Museum at Wellesley College, National Museum of African Art, and Yale University Art Gallery. The exhibition of these headdresses, which were acquired during the late 1950s by prominent collectors in the United States, occasions a rare opportunity to pursue a thorough study of these icons of African art at the intersections of mask-making, colonial art education, independence-era cultural politics and religious iconoclasm in Guinea, and the international art market. Concurrently, in the museum’s galleries of African art, the Menil will present Baga Nimba, 2020. The seven-foot tall, gold leaf sculpture by Houston-based Nigerian artist Adeniyi (“Niyi”) Olagunju epitomizes the Pan-African and Diasporic significance of the d’mba headdress from Guinea and its reinvention as a global art form. D’MBA: Beauty, Desire, and Collecting an African Mask is curated by Paul R. Davis, Curator of Collections, The Menil Collection.",https://www.menil.org/exhibition/d-mba-beauty-desire-and-collecting-an-african-mask,"Found on the venue's ""upcoming"" listing page."
uffizi,At Palazzo Pitti the 20th century showcased in 40 dreamlike dresses: the new arrangement at the museum of Costume and Fashion,,,"A century of fashion, from the liveliness of the Charleston to the daz-zling '80s of Enrico Coveri, passing through the breathtaking creations of Elsa Schiaparelli, Yves Saint Laurent, Pierre Cardin and Roberto Capucci. The new arrangement by the Museum of Costume and Fash-ion at Palazzo Pitti narrates this story through 40 dresses, emblematic of the world's finest tailoring (many of which have never been show-cased), engaging elegantly with works by 20th-century painting mas-ters such as Galileo Chini, Felice Casorati, and Alberto Burri. Exactly one year after the Gallery's complete renovation and subse-quent total reopening, the twentieth-century selection is displayed in rotation to present the public with a new enchanting chapter in cos-tume history. Boasting a collection of 15,000 historical garments and accessories from the eighteenth century to the present day, the Muse-um of Costume and Fashion has decided to refresh its exhibits each year. This will enable extraordinary, previously unseen, and carefully restored attire to be brought out from storage in rotation for the public to enjoy. The rooms dedicated to seventeenth and eighteenth-century fashion and Medici clothes remain unchanged. The first of the new spaces, dedicated to the ‘Charleston fashion’ be-tween avant-garde and exoticism, opens the new selection: Galileo Chini's remarkable Triptych turns the room into a dramatic scene remi-niscent of Puccini, with the dress worn by the painter's wife at the premiere of Turandot at Milan's Teatro La Scala on 25 April 1926. Additional exquisite dresses crafted from fine silks and adorned with decorative motifs inspired by China, Japan, and India illustrate how Orientalism was closely linked with the flappers' desire for emancipa-tion and experimentation—young women of the era who defied con-vention.",https://www.uffizi.it/en/events/nuovo-allestimento-museo-moda-2025,"Found on the venue's ""current"" listing page. Also listed on the venue's ""past 2025"" page. No closing date found anywhere on the venue's pages."
uffizi,"At the Pitti Palace, the “very best” of the king’s furniture",,,"The very best of three centuries (from the 17th to the 19th) of royal furnishings, recounted through the evolving interior decoration styles of three dynasties – the Medici, Lorraine, and Savoy –, has been concentrated in a selection exhibiting 16 genuine furniture masterpieces that also outline the Palace’s cultural history. On the first floor of the former sovereign residence of the Pitti Palace, the Palatine Gallery’s Niche Room now offers a complete anthology of royal furniture. Decorative armchairs, vases from the Manufacture de Sèvres and others imported from China, Giovanni Socci’s legendary mechanical writing desk, a kneeling stool made by Leonardo van der Vinne and adorned with precious stones, and a unique stipo providing a perfect scale reproduction of the Pitti Palace: all these items, through their shapes and decorations, speak to the visitor about how the sovereigns’ tastes and “domestic” aesthetics changed over time. The visitor is thoroughly initiated in the Palace’s heritage of furniture and the decorative arts – that is, in the discovery of an inheritance that, although among the most important of its kind in Europe, is still virtually unknown. Today, while very little remains of the Renaissance decor at Pitti, thousands of items bear witness to the Baroque period, to 17th century Neo-Classicism, and to Savoy eclecticism. Of the objects on display in the Niche Room, visitors can admire the virtuoso 17th-century works of intarsia and “commesso” – that is, the inlay of gemstones from Botteghe Granducali degli Uffizi, the grand ducal workshops. With the rise of the Lorraines, the court’s taste – also in furnishings – adapted to the new European styles, abandoning the decorative flamboyance of Baroque for the lightness of oriental lacquer and sinuously-shaped furniture. With Ferdinand III, certain environments in the Pitti Palace were transformed in accordance with the dictates of the Neo-Classical style; under French rule, Elisa Baciocchi, Napoleon’s",https://www.uffizi.it/en/events/the-king-s-furniture,"Found on the venue's ""current"" listing page. Also listed on the venue's ""past 2025"" page. No closing date found anywhere on the venue's pages."
uffizi,Sarmi’s Genius. A new exhibition at the Museum of Costume and Fashion,2026-06-18,2026-12-31,"Audrey Hepburn, Marilyn Monroe, Marlene Dietrich, Barbra Streisand, the Duchess of Windsor. During the golden years of Fifth Avenue, the 20th century’s most famous women placed their look in the hands of Ferdinando Sarmi, a fashion designer who succeeded in giving American high society a touch of Italian flair. From 18 June to 31 December 2026, the Museum of Costume and Fashion at Palazzo Pitti will celebrate the designer with the exhibition Ferdinando Sarmi New York – Un viaggio nella moda da Firenze alla Fifth Avenue (“Ferdinando Sarmi New York – A journey in fashion from Florence to Fifth Avenue”), staged in the ballroom and adjacent rooms. The exhibition, the first of its kind, displays a selection of the designer’s iconic gowns, placed alongside items from the Fondo Sarmi holding at the Museum of Costume and Fashion as well as period accessories that recreate the cultural and worldly climate of New York of the 1950s and 1960s. Exhibition dedicated to Ferdinando Sarmi at Museum of Costume and Fashion",https://www.uffizi.it/en/events/il-genio-di-sarmi-nuova-mostra-al-museo-del-costume,"Found on the venue's ""current"" listing page."
uffizi,Wax upon a time. The Medici and the arts of ceroplastics,2025-12-18,2026-04-12,"The story of the masterpieces of ancient wax sculpture is the guiding thread of the new Uffizi exhibition, ‘Cera una volta. I Medici e le arti della ceroplastica’. The exhibition is being hosted from 18 December 2025 to 12 April 2026 in the new spaces built in recent months and now specially set up on the Gallery’s ground floor. Curated by Valentina Conticelli, Andrea Daninos and Simone Verde, this is the very first exhibition dedicated to the Florentine collections of wax sculpture from the 16th and 17th centuries. As the title says, it aims to shed light on an incredible lost creative field: that of the production of wax images, always living since ancient times in the popular sensibility and destined to experience a particular renewal of interest among the ranks of fine arts in Medici Florence from the 15th to the late 17th centuries. Soft and neutral, if fashioned by the skilled hands of Renaissance sculptors, it could bring substance to faces and bodies in the form of everlasting images. With the Baroque culture, obsessed as it was with the passage of time, this organic material born from bees, which due to its malleable nature imitates the characteristics of the skin like no other, comes into its own in giving shape to the living body and its dissolution. Production of it was widespread but largely lost. Not only due to the substantial perishability of the material, but above all for the resistance of critics in welcoming its creations among the so-called ‘major arts’: a cultural phenomenon which greatly favoured their loss. The aim of ‘Cera una volta’ is therefore to make wax sculpture better known – still today confined to a sort of unconscious realm of art history – at the moment of its greatest splendour, when, having reached very high forms of virtuosity, it was avidly sought for noble collections; and to highlight how, even in this field, the Medici were avant-garde collectors, capable of fully understanding the value of these types of object and protect",https://www.uffizi.it/en/events/wax-upon-a-time,"Found on the venue's ""past 2025"" listing page."
uffizi,Florence and Europe. Arts of the Eighteenth Century at the Uffizi,,,"Masterpieces by Goya, Tiepolo, Canaletto, Le Brun, Liotard, Mengs and many other masters; spectacular views of iconic places of the Grand Tour in Italy; the monumental Mystic Marriage of St. Catherine by French painter Pierre Subleyras, restored live on display before the public's eyes; the sensual curiosities of the Cabinet of Erotic Antiquities reconstructed according to the fashion of the Age of Enlightenment. The Uffizi Galleries bring the 18th century back to life with an impressive exhibition titled ""Florence and Europe. Arts of the Eighteenth Century at the Uffizi”, curated by the director Simone Verde and the head of Eighteenth-Century Painting Alessandra Griffo, and set up in the airy frescoed rooms on the ground floor of the museum. A careful selection of around 150 works, including paintings, sculptures, furniture, porcelain, prints, and a large tapestry, many exhibited for the first time in the Gallery, and others that have not been accessible for more than ten years due to the museum's extension works. The aim of the exhibition is to recount, through art, an era of crucial changes for Western thought, aesthetics, and taste, and also for the Uffizi itself, which, in the 18th century, was completely transformed from a dynastic treasure chest of royal collections into a modern museum, the first in the world. It was precisely at this time, in fact, that the pact established by the last Medici descendant, Anna Maria Luisa, certifying the end of the dynasty in 1737, bound the boundless store of works to Florence ""for the ornament of the State""; and it was Pietro Leopoldo, Grand Duke of Tuscany, who in 1769 allowed citizens, on the feast day of Florence's patron saint, St. John (24 June), to visit the museum freely. Structural changes intertwined with the great wave of political, cultural, and aesthetic transformations throughout Europe, which the Grand Dukes in Florence managed to intercept with the Uffizi Galleries, transforming the city and the museum into",https://www.uffizi.it/en/events/florence-and-europe,"Found on the venue's ""past 2025"" listing page. The venue's page shows only ""24 June"" for this exhibition's dates — no year is published anywhere."
uffizi,1925-1955 Fashion in the Spotlight. The origins of Made in Italy,2025-06-18,2025-11-02,"From 18 June to 2 November 2025, the Museum of Fashion and Costume of Pitti Palace will host in four rooms “Fashion in the Spotlight 1925–1955. The origins of Made in Italy”, an exhibition promoted by the Ministry of Culture, organized and created by Archivio Luce Cinecittà in collaboration with the Uffizi Galleries and curated by Fabiana Giacomotti. The exhibition aims to reconstruct thirty fundamental years in the history of Italian fashion, before its definitive international affirmation. Over fifty items of clothing, accessories and audiovisual and photographic contributions articulate the exhibition path, designed to tell how Italian fashion was defined – between textile innovation, aesthetic research, excellent craftsmanship and commercial strategies – well before the famous fashion show in the Sala Bianca of Pitti Palace in 1952. A narrative that develops over a time span between 1925 and 1955, intertwining little-known episodes with legendary names, so as to provide a new look at the roots of Made in Italy. At the heart of the exhibition is the extraordinary heritage of the Luce Archives, with an important core of photographs and films, many of which are unpublished. The garments and accessories on display come partly from prestigious museums (such as the Boncompagni Ludovisi Museums, Palazzo Madama) and partly from corporate or private archives, such as the Massimo Cantini Parrini Collection, present with a considerable number of pieces. ""With this exhibition project, hosted in one of the cities that best tell the world about the exceptionality and greatness of Italian creativity and art, we intend to highlight one of its greatest expressions, fashion. The exhibition is intended as an original historical snapshot of the evolution and affirmation of a sector that has always been synonymous with vision and whose unique creations, the fruit of expert hands, have made and continue to make the flagship of Made in Italy. A national heritage whose importance is we",https://www.uffizi.it/en/events/1925-1955-fashion-the-origins-of-made-in-italy,"Found on the venue's ""past 2025"" listing page. The venue extended this exhibition; it first announced 2025-09-28 as the closing date."
artic,Mary Cassatt: After Impressionism,2026-09-06,2027-01-03,"“I began to think it would be great fun to do something I had never done before … I would not give up the idea for any thing.” —Cassatt on her decision to paint a monumental mural for the World’s Fair in Chicago, 1892 After training in Philadelphia in the early 1860s, Cassatt traveled to Europe largely on her own to study with noted teachers and experience the continent’s traditional and modern art firsthand. In 1877 she made the daring decision to join the French Impressionists—the only American to exhibit with them. It was in the years following the eighth and final Impressionist group show in 1886 that Cassatt produced some of her most innovative—and now celebrated—compositions. Marking the centennial of her death, Mary Cassatt: After Impressionism examines her paintings, pastels, and prints of this pivotal period when she took her art making in new directions. Learn everything you need to know about visiting Mary Cassatt: After Impressionism—from who needs a ticket to how to join the virtual line. In the prime years of her career—the late 1880s through the early 1900s—Cassatt pursued ambitious and experimental work, exploring the theme of mothers and caretakers with children, creating complex color prints, and undertaking an unprecedented mural commission for the 1893 World’s Columbian Exposition in Chicago.",https://www.artic.edu/exhibitions/10487/mary-cassatt-after-impressionism,"Found on the venue's ""current"" listing page. Also listed on the venue's ""upcoming"" page. Also listed on the venue's ""past 2026"" page. Also listed on the venue's ""past 2025"" page. Also listed on the venue's ""past 2024"" page. Also listed on the venue's ""past 2023"" page. Also listed on the venue's ""past p2 2026"" page. Also listed on the venue's ""past p2 2025"" page. Also listed on the venue's ""past p2 2024"" page. Also listed on the venue's ""past p2 2023"" page."
artic,Willem de Kooning Drawing,2026-06-14,2026-09-20,"Willem de Kooning (1904–1997) was one of the most celebrated and prolific draftsmen of the 20th century. Willem de Kooning Drawing is the first exhibition to examine the expansive drawing practice of this renowned American artist who immigrated to New York from the Netherlands at the age of 22. While many Art Institute visitors may be familiar with de Kooning’s monumental painting Excavation (1950), a cornerstone of our collection, this exhibition marks the first solo presentation of the artist’s work at our museum since 1969. Learn everything you need to know about visiting Willem de Kooning Drawing—from who needs a ticket to how to listen to the audio tour. This major gathering of works from across the globe reveals how the act of drawing was foundational to de Kooning’s entire artistic process and production—his paintings, sculptures, and printmaking, as well as his drawings—and showcases the totality of his graphic production, from his earliest existing works to his late calligraphic paintings.",https://www.artic.edu/exhibitions/9993/willem-de-kooning-drawing,"Found on the venue's ""current"" listing page."
artic,Lee Miller: Fearless,2026-08-29,2026-12-07,"“It was a matter of getting out on a damn limb and sawing it off behind you.” This memorable phrase is how Lee Miller—by turns a fashion model, magazine photographer, studio operator, Surrealist innovator, international adventurer, and battlefield correspondent—summed up her approach to life and creativity. Lee Miller: Fearless is the first comprehensive survey of her photographs in more than 25 years and gathers together the major episodes of her singular career. Miller was born in Poughkeepsie, New York, in 1907. Intrepid from the first, she moved to Paris at barely 20 years old, simultaneously seeking work in front of and behind the camera. She pioneered Surrealist techniques and broached daring sexual subjects with a readiness that magnetized experimental artists and fashion editors alike. Miller excelled at portraiture as well and pictured a range of cultural figures in the 1930s, most of them personal friends, from Charlie Chaplin to Pablo Picasso. By age 30 Miller had run commercial studios on both sides of the Atlantic; taken a star turn in art cinema and become an haute couture icon; and moving on from Paris to Cairo, influenced Egyptian modern art while reinvigorating her own work through travels in Egypt’s deserts.",https://www.artic.edu/exhibitions/10521/lee-miller-fearless,"Found on the venue's ""current"" listing page."
artic,Beyond Form: Abstraction at Midcentury,2026-06-27,2026-10-19,"Featuring 65 artists from more than 23 countries, this exhibition explores how abstraction emerged as a powerful visual language between 1940 and 1970, a period of global upheaval and transformation. While abstraction allowed artists across the world to move beyond realism to convey complex emotions, ideas, and experiences, it was not a singular movement. There was no one reason artists turned to abstraction, no one abstract technique or style. The impulses, methods, and resulting artworks were wildly divergent. Many artists responded to shifting social and political climates by employing materials in unexpected and, at times, deliberately destructive ways. Processes such as burning, tearing, folding, and layering embraced chance and resisted categorization. Others drew inspiration from their natural and built environments as they sought to ground themselves after the instability wrought by World War II. Some artists explored language, breaking characters and letters into illegible symbols, responding to the inability to communicate the horrors of war and through a lens of cultural exchange. As artists moved across the globe—whether through forced exile or voluntary travel for education—they formed groups to develop innovative techniques and exchange ideas. Among these groups were Gutai in Japan, Atelier 17 in Paris and New York, Tamarind Lithography Workshop in California, ZERO in Germany, and Grupo Frente in Brazil. Confronting censorship, inequality, and displacement, artists turned to abstraction as a means of practicing freedom of expression in the face of oppression and making sense of wartime atrocities.",https://www.artic.edu/exhibitions/10694/beyond-form-abstraction-at-midcentury,"Found on the venue's ""current"" listing page."
artic,"Self, Made: Fourteen Modern Artists from the Richard and Ellen Sandor Family Collection",2026-06-25,2026-11-09,"This exhibition tells stories of self-invention in photography, drawing, and sculpture, most of them from artists working beyond the gallery and museum system that typically validates creative work. The artworks gathered reflect the egalitarian, broad-minded vision of Richard and Ellen Sandor, who in 1978 moved into a spacious, historic apartment in Chicago with—to quote from the book that accompanies this exhibition—“two kids in tow, a photograph by Walker Evans, and a sculpture by Rodin. And not a stick of furniture.” Prodigious art collectors alongside their day jobs as economist (Richard) and artist (Ellen), the Sandors progressively filled their walls with a remarkable constellation of works: historical and contemporary, celebrated and overlooked, exalted and humble. They prized innovation and, above all, individuality—makers with a strong sense of self. “Outsider” artists —a loose and controversial category—quickly came to the Sandors’ attention through Chicago gallerists and James Zanzi, a professor at the School of the Art Institute with whom Ellen had studied. Examples by William Edmondson, Lee Godie, Martín Ramírez, and others included in the show helped to spur lively discussions about innovation and artistic recognition that the Sandors held in a room they dubbed the “Outsiders’ Café.” The Sandors also closely followed the careers of Cindy Sherman and Kara Walker, convinced of their critical talent and committed to supporting art by women and people of color. Sherman and Walker, along with filmmaker John Waters and French installation artist Annette Messager, add perspectives from the center of the established art world, but like many of the “outsider” artists the Sandors collected, they saw value in what Messager called “worthless art,” using television, campy provocation, glossy magazines, or flea-market mirrors as references or source material.",https://www.artic.edu/exhibitions/10587/self-made-fourteen-modern-artists-from-the-richard-and-ellen-sandor-family-collection,"Found on the venue's ""current"" listing page."
artic,Abigail Lucien: Blood of the Earth,2026-06-18,2027-01-25,"In Blood of the Earth, Haitian American artist Abigail Lucien explores the ways that iron connects us to histories, the material world, and each other. Lucien’s artistic practice has long focused on iron—a mineral born from the explosion of stars that forms the molten core of the Earth and is essential to human life. Not only does iron course through our blood, but it also permeates the world around us—in everyday objects, technologies, and the built environment. Iron shape-shifts across terrestrial and celestial scales, and with this exhibition, Lucien probes its narrative and social potential. In the Caribbean, ornate iron gates and grilles adorn ordinary buildings, and in Africa, the iron forge is considered a sacred space of creation. In their sculptural works, Lucien sustains these lineages of artistry and expression, engaging processes, typologies, and iconography that acknowledge craft traditions and diasporic experience. For their solo exhibition Blood of the Earth, Lucien presents a series of new sculptural works in an immersive installation, conceived as a speculative space of creation and possibility. These objects include a furnace, bellows, anvil, and other tools that evoke an active metalsmithing workshop animated by the life force of iron. Iron becomes malleable and viscous when heated and can be forged, welded, and poured into molds. It can also be etched through chemical treatment and turned into steel by adding carbon. These transformative processes—which Lucien used to create the objects on view—embody the adaptability and transitory nature of belonging.",https://www.artic.edu/exhibitions/10693/abigail-lucien-blood-of-the-earth,"Found on the venue's ""current"" listing page."
artic,Embroidered Traditions from Morocco to Afghanistan,2026-05-02,2027-01-25,"In the textiles of Southwest Asia and North Africa, embroidery is more than surface decoration. In this region, known as SWANA, artists have used, and continue to use, centuries-old embellishment techniques to transmit cultural expressions of identity, status, and long-held belief systems. Cultural groups throughout the region wear layers of dress and adornment to protect their bodies physically and spiritually. Garments and household items are ornamented with valuable materials that function as wearable wealth, including symbolic motifs and designs constructed with coins, thread, beads, amulets, ornaments, and jewelry. The vast area that spans from Morocco and Algeria in the west to Afghanistan and Uzbekistan in the east is connected by millennia-old trade networks. The works presented reveal pathways of deep cultural exchange shaped by diverse landscapes—from mountains and deserts to seas—along with the movement of nomadic peoples and the spread and interweaving of multiple religious traditions and urban fashions. Embroidered Traditions from Morocco to Afghanistan is the first exhibition at the Art Institute of Chicago devoted exclusively to the artistic and cultural traditions of SWANA and spectacularly showcases the region’s distinctive beauty and iconic visual expressions. Drawn primarily from the Art Institute’s rich collection of textiles, jewelry, and adornment, this display presents over 70 works from the 18th through 20th century—most of which have never been exhibited publicly—including four rare face veils on loan from a private collector based in Riyadh, Saudi Arabia.",https://www.artic.edu/exhibitions/10585/embroidered-traditions-from-morocco-to-afghanistan,"Found on the venue's ""current"" listing page."
artic,Raqib Shaw: Paradise Lost,2025-06-07,2026-11-15,"Epic and intricate, monumental and meticulous—the paintings of Kashmir-raised, London-based artist Raqib Shaw offer fantastical meditations on identity, transformation, and the redemptive power of beauty. Born in Calcutta and raised in the verdant Himalayan mountains of Kashmir, Shaw draws deeply on the landscapes and memories of his early life, many of which were fractured by political upheaval. Forced to leave Kashmir as a teenager, he relocated first to New Delhi and later to London, where he studied at Central Saint Martins College of Art and Design. His work is influenced by a broad range of sources—Mughal and Persian miniatures, Renaissance altarpieces, Old Masters paintings, Japanese arts of the Momoyama period, Kashmiri and Urdu poetry, and Hindu and Western mythology—and yet his visual vocabulary and technique are all his own. His signature method involves applying an acrylic liner on gesso to create a golden line almost like the leading of a stained glass window. He then applies automobile enamel paints with needle-fine syringes and manipulates those with a porcupine quill, often adding glittering inset stones and baubles that further enhance the magical and dreamlike quality of the depicted scenes.",https://www.artic.edu/exhibitions/10569/raqib-shaw-paradise-lost,"Found on the venue's ""current"" listing page."
louvre,Primeval Waters,2026-05-20,,"Crossed by the only two biblical ‘rivers of paradise’ known today, whose importance and danger may have inspired the Flood myth, ancient Mesopotamia was also the place where irrigation was first invented and developed. These early experiments in mastering water through artificial transformations of the natural environment led to the invention and development of the earliest known hydraulic structures (canals, bridges, aqueducts, pipe systems, artificial lakes and more) in Mesopotamia. These resulted in wide-ranging changes to the land and its inhabitants, whose long-term consequences, both positive and negative, will be explored in the exhibition. This exhibition draws from the extensive collection of the Department of Near Eastern Antiquities, which lends itself well to this subject, and winds through the department’s galleries to raise the issue of water within the Near Eastern antiquities collection and to explore what environmental lessons can be drawn there in both the past and the present. Ariane Thomas, Director of the Department of Near Eastern Antiquities, Musée du Louvre Barbara Couturaud and Grégoire Nicolet, Department of Near Eastern Antiquities, Musée du Louvre",https://www.louvre.fr/en/exhibitions-and-events/exhibitions/primeval-waters,"Found on the venue's ""current/upcoming"" listing page. Also listed on the venue's ""past"" page. Also listed on the venue's ""past 2025"" page. Also listed on the venue's ""past 2024"" page."
louvre,Primeval Waters,2026-05-20,2027-03-15,"Crossed by the only two biblical ‘rivers of paradise’ known today, whose importance and danger may have inspired the Flood myth, ancient Mesopotamia was also the place where irrigation was first invented and developed. These early experiments in mastering water through artificial transformations of the natural environment led to the invention and development of the earliest known hydraulic structures (canals, bridges, aqueducts, pipe systems, artificial lakes and more) in Mesopotamia. These resulted in wide-ranging changes to the land and its inhabitants, whose long-term consequences, both positive and negative, will be explored in the exhibition. This exhibition draws from the extensive collection of the Department of Near Eastern Antiquities, which lends itself well to this subject, and winds through the department’s galleries to raise the issue of water within the Near Eastern antiquities collection and to explore what environmental lessons can be drawn there in both the past and the present. Ariane Thomas, Director of the Department of Near Eastern Antiquities, Musée du Louvre Barbara Couturaud and Grégoire Nicolet, Department of Near Eastern Antiquities, Musée du Louvre",https://www.louvre.fr/en/exhibitions-and-events/exhibitions/primeval-waters,"Found on the venue's ""current/upcoming"" listing page. Also listed on the venue's ""past"" page. Also listed on the venue's ""past 2025"" page. Also listed on the venue's ""past 2024"" page."
louvre,ZURBARÁN,2026-10-07,2027-01-25,,https://www.louvre.fr/en/exhibitions-and-events/exhibitions/zurbaran,"Found on the venue's ""current/upcoming"" listing page."
louvre,ZURBARÁN,2026-10-07,2027-01-25,"Francisco de Zurbarán, along with Diego Velázquez and Bartolomé Esteban Murillo, is considered one of the greatest Spanish painters of the 17th century. At first considered a Caravaggista with a focus on monastic ascetism, he was gradually recognised in the 20th century as a prodigious colourist and celebrated for his distinctive personal style, which married a simple treatment of volumes with striking naturalism. Though Zurbarán has been the subject of numerous exhibitions over the last ten years, the last large-scale international presentation to focus on his work had been the joint exhibition Zurbarán, mounted by the Metropolitan Museum of Art and the Grand Palais in 1987–1988. Now, the National Gallery, London, the Musée du Louvre and the Art Institute of Chicago have joined forces to offer their visitors a retrospective that allows them to revisit Zurbarán’s paintings (or discover them for the first time), to better understand his work and to stand in awe of the modernity and visual power of his compositions. This is not an exhaustive monographic exhibition, but rather an ambitious selection of the finest paintings, complemented by historical and cultural markers, where visitors can marvel at Zurbarán’s technique and its audacity of form and iconography. The visit, organised into seven parts, will analyse the various facets of Zurbarán’s painted oeuvre both chronologically and thematically, aiming to do justice to the whole of his long career, and occasionally stepping outside of this timeline to compare a group of similar works. The Louvre’s exhibition will place great importance on the monumental paintings, commissioned by Andalusian monasteries, on which Zurbarán’s fame was built, as well as portraits and still lifes, with a special place reserved for the brief career of his son, Juan de Zurbarán (1620–1649). A number of these works, dating from the late 19th and early 20th centuries, will highlight the significant influence Zurbarán exerted on later avant-g",https://www.louvre.fr/en/exhibitions-and-events/exhibitions/zurbaran,"Found on the venue's ""current/upcoming"" listing page."
louvre,SCULPTING COLOUR,,,"‘Sculpting Colour’, presented at the same time and in the same space as the exhibition on the painter Francisco de Zurbarán (1598–1664), and with collaboratively designed scenography, invites visitors to take a close, comparative look at 17th-century Spanish sculpture. The majority of the works to be displayed are religious sculptures of stunning naturalism in polychrome wood, allowing visitors to better understand the cultural and religious context in which the great Spanish painters of the same period (such as Zurbarán, Velázquez and Murillo) produced their works – a period in which painting and sculpture were closely linked. The highlight of the exhibition will be an entire loaned paso – a traditional processional float of five life-size sculpted and painted figures from the early 17th century. This monumental ensemble by Gregorio Fernández, a major sculptor then active in Valladolid, will be presented at eye level so visitors can have a close look. The visit will unfold along a number of thematic axes: the veneration of relics and the role of intercessory saints; the dressing of statues; depictions of the sufferings of Christ and of the Virgin Mary; private devotion; and the Immaculate Conception. In so doing, the exhibition will allow visitors to explore the sculptures’ various uses and meanings and to gain a deeper understanding of their materiality, their regional and stylistic variations, and the personalities of the major sculptors of the time. Active from Castile to Andalusia, they include Gregorio Fernández, Alonso Cano, Juan de Mesa, José de Mora, Pedro de Mena, Jerónimo Francisco García and Miguel Jerónimo García, José de Arce, as well as Pedro Roldán and Luisa Roldán – one of the rare female artists with a career so successful it carried her all the way to the royal court of Spain. In addition to the paso entitled Road to Calvary – one of the most significant loans of the exhibition, never before seen in France – works displayed will include Gregorio F",https://www.louvre.fr/en/exhibitions-and-events/exhibitions/sculpting-colour,"Found on the venue's ""current/upcoming"" listing page."
louvre,SCULPTING COLOUR,2026-10-07,2027-01-25,"‘Sculpting Colour’, presented at the same time and in the same space as the exhibition on the painter Francisco de Zurbarán (1598–1664), and with collaboratively designed scenography, invites visitors to take a close, comparative look at 17th-century Spanish sculpture. The majority of the works to be displayed are religious sculptures of stunning naturalism in polychrome wood, allowing visitors to better understand the cultural and religious context in which the great Spanish painters of the same period (such as Zurbarán, Velázquez and Murillo) produced their works – a period in which painting and sculpture were closely linked. The highlight of the exhibition will be an entire loaned paso – a traditional processional float of five life-size sculpted and painted figures from the early 17th century. This monumental ensemble by Gregorio Fernández, a major sculptor then active in Valladolid, will be presented at eye level so visitors can have a close look. The visit will unfold along a number of thematic axes: the veneration of relics and the role of intercessory saints; the dressing of statues; depictions of the sufferings of Christ and of the Virgin Mary; private devotion; and the Immaculate Conception. In so doing, the exhibition will allow visitors to explore the sculptures’ various uses and meanings and to gain a deeper understanding of their materiality, their regional and stylistic variations, and the personalities of the major sculptors of the time. Active from Castile to Andalusia, they include Gregorio Fernández, Alonso Cano, Juan de Mesa, José de Mora, Pedro de Mena, Jerónimo Francisco García and Miguel Jerónimo García, José de Arce, as well as Pedro Roldán and Luisa Roldán – one of the rare female artists with a career so successful it carried her all the way to the royal court of Spain. In addition to the paso entitled Road to Calvary – one of the most significant loans of the exhibition, never before seen in France – works displayed will include Gregorio F",https://www.louvre.fr/en/exhibitions-and-events/exhibitions/sculpting-colour,"Found on the venue's ""current/upcoming"" listing page."
louvre,LOUVRE PHOTO,2026-11-04,2027-05-03,A short blurb.,https://www.louvre.fr/en/exhibitions-and-events/exhibitions/louvre-photo,"Found on the venue's ""current/upcoming"" listing page."
louvre,LOUVRE PHOTO,2026-11-04,2027-05-03,"The Louvre opened just a few decades before the invention of photography. Combining reality and the world of imagination, journeying through both time and space, the museum would go on to become a wellspring of inspiration for those who practised this new art form. This exhibition ‘Louvre Photo’ takes the Louvre as a model, a subject, a source of inspiration and a starting point for reinvention. Through more than 300 photos of the Louvre – its artworks, its exhibition galleries and its open spaces, as well as visitors both famous and anonymous, museum workers, hidden nooks and behind-the-scenes corridors – ‘Louvre Photo’ invites visitors to explore and uncover, taking a step back and offering a new look at the museum, the institution and its collections – sometimes with a touch of humour and subversiveness. ‘Louvre Photo’ covers the long period spanning from the invention of photography until today, from the first photographers to those invited to photograph the museum in modern times – most recently Robert Polidori. This was a period characterised by momentous events, like the Paris Commune, the First and Second World Wars, and the expansion of tourism and diplomatic relations during the Trente Glorieuses, the thirty-year span of economic prosperity that France enjoyed from 1945 to 1975. In that same time, the Louvre’s history was marked by several milestones, such as its transformation from a palace into a museum under the Second Empire, the displacement and then return of its artworks during the First and Second World Wars, and the Grand Louvre works of the 1980s. ‘Louvre Photo’ limits its subject to a single setting, delimited by the walls of the palace and the gates of the Tuileries Garden. The exhibition will bring out the Louvre’s wealth of photographic archives from its curatorial departments and active documentary records, as well as collections from various French institutions, including the National Archives, the Médiathèque du Patrimoine et de la Photogr Extended wall text from the second sweep.",https://www.louvre.fr/en/exhibitions-and-events/exhibitions/louvre-photo,"Found on the venue's ""current/upcoming"" listing page."
louvre,AFFINITIES,2026-06-24,2025-11-30,"Affinities are bonds of both kinship and closeness – a fitting term to evoke the relationship between the Departments of Islamic Art and of the Decorative Arts. These works have not only circulated between East and West since the Middle Ages; their techniques and decoration have served as sources of inspiration for European decorative arts. For over a century, Islamic art was displayed in the Department of Decorative Arts – a dialogue we are proposing to rekindle today by exploring three subjects: light, colour and sculpture. Inviting visitors to wander through the decorative arts galleries, Affinities weaves a tale of great technical and aesthetic innovations in the Islamic world, as well as the fascination they engendered in Europe and in French art collections. Some 50 objects from the Department of Islamic Art, made of a wide range of materials, dating from the 9th to the 17th century and hailing from all regions of the Islamic world, allows visitors to explore the enchantment created by materials and the wonder elicited by objects in the region. They are in fact linked to wonders – ‘Aja’īb in Arabic, designating the wonders of nature and of the visual arts. This exhibition is taking place in the context of the Department of Islamic Art closing for refurbishment, enabling the public to access some of the most important pieces of the Islamic art collection. Annabelle Collinet, Researcher and Collection Manager, Department of Islamic Art",https://www.louvre.fr/en/exhibitions-and-events/exhibitions/affinities,"Found on the venue's ""current/upcoming"" listing page."
louvre,AFFINITIES,2026-06-24,2025-12-14,"Affinities are bonds of both kinship and closeness – a fitting term to evoke the relationship between the Departments of Islamic Art and of the Decorative Arts. These works have not only circulated between East and West since the Middle Ages; their techniques and decoration have served as sources of inspiration for European decorative arts. For over a century, Islamic art was displayed in the Department of Decorative Arts – a dialogue we are proposing to rekindle today by exploring three subjects: light, colour and sculpture. Inviting visitors to wander through the decorative arts galleries, Affinities weaves a tale of great technical and aesthetic innovations in the Islamic world, as well as the fascination they engendered in Europe and in French art collections. Some 50 objects from the Department of Islamic Art, made of a wide range of materials, dating from the 9th to the 17th century and hailing from all regions of the Islamic world, allows visitors to explore the enchantment created by materials and the wonder elicited by objects in the region. They are in fact linked to wonders – ‘Aja’īb in Arabic, designating the wonders of nature and of the visual arts. This exhibition is taking place in the context of the Department of Islamic Art closing for refurbishment, enabling the public to access some of the most important pieces of the Islamic art collection. Annabelle Collinet, Researcher and Collection Manager, Department of Islamic Art",https://www.louvre.fr/en/exhibitions-and-events/exhibitions/affinities,"Found on the venue's ""current/upcoming"" listing page."
louvre,Michel Lacoste’S Donation To The Musée Du Louvre,2026-06-26,2027-01-11,"Thanks to the generosity of Michel Lacoste, a hundred precious metalwork pieces entered the collection of the Musée du Louvre in November 2025 through a planned donation of present assets. These varied artworks demonstrate the technical skill and refinement that characterised precious metalworks in France from the 16th to the 18th century. Over the course of six months, an exceptional exhibition in room 605 of the Department of Decorative Arts will present them alongside the Louvre’s collection of silver- and ceramic ware. These hundred works represent about a quarter of the collection amassed since the 2000s by Michel Lacoste, whose passion for precious metalwork was initiated by his maternal grandmother’s gift of the Puiforcat collection sales catalogue. Planned in 1955, this major auction never occurred, as the Greek shipping magnate Stavros Niarchos purchased a vast majority of the lots on offer to deed them subject to usufruct to the Musée du Louvre. Now wishing to share his passion for this type of artwork with the general public, to gift these pieces to future generations and to do his part in enriching the national collections, Michel Lacoste is giving part of his collection to the Musée du Louvre. This choice appeared as evident as the museum is home to the majority of the Puiforcat collection. Of the hundred pieces, one is from the 16th century, 22 from the 17th, 76 from the 18th and one from the 20th. This gift comes to significantly increase the 17th century collection, supplementing it with pieces both from Paris and other French regions, and brings into the museum several master metalworkers such as Jean-Baptiste Chéret, Pierre-François Bonnestrenne and Joseph-Théodore Vancombert for the first time, while completing the existing opus of some of the great master such as Nicolas Delaunay, Claude II Ballin, François-Thomas Germain and Jacques-Nicolas Roëttiers, to cite but a few. Anne Foray-Carlier, Senior Heritage Curator, Department of Decorative Arts.",https://www.louvre.fr/en/exhibitions-and-events/exhibitions/michel-lacoste-s-donation-to-the-musee-du-louvre,"Found on the venue's ""current/upcoming"" listing page."
louvre,MICHEL LACOSTE’S DONATION TO THE MUSÉE DU LOUVRE (extended),2026-06-26,2027-01-11,"Thanks to the generosity of Michel Lacoste, a hundred precious metalwork pieces entered the collection of the Musée du Louvre in November 2025 through a planned donation of present assets. These varied artworks demonstrate the technical skill and refinement that characterised precious metalworks in France from the 16th to the 18th century. Over the course of six months, an exceptional exhibition in room 605 of the Department of Decorative Arts will present them alongside the Louvre’s collection of silver- and ceramic ware. These hundred works represent about a quarter of the collection amassed since the 2000s by Michel Lacoste, whose passion for precious metalwork was initiated by his maternal grandmother’s gift of the Puiforcat collection sales catalogue. Planned in 1955, this major auction never occurred, as the Greek shipping magnate Stavros Niarchos purchased a vast majority of the lots on offer to deed them subject to usufruct to the Musée du Louvre. Now wishing to share his passion for this type of artwork with the general public, to gift these pieces to future generations and to do his part in enriching the national collections, Michel Lacoste is giving part of his collection to the Musée du Louvre. This choice appeared as evident as the museum is home to the majority of the Puiforcat collection. Of the hundred pieces, one is from the 16th century, 22 from the 17th, 76 from the 18th and one from the 20th. This gift comes to significantly increase the 17th century collection, supplementing it with pieces both from Paris and other French regions, and brings into the museum several master metalworkers such as Jean-Baptiste Chéret, Pierre-François Bonnestrenne and Joseph-Théodore Vancombert for the first time, while completing the existing opus of some of the great master such as Nicolas Delaunay, Claude II Ballin, François-Thomas Germain and Jacques-Nicolas Roëttiers, to cite but a few. Anne Foray-Carlier, Senior Heritage Curator, Department of Decorative Arts.",https://www.louvre.fr/en/exhibitions-and-events/exhibitions/michel-lacoste-s-donation-to-the-musee-du-louvre,"Found on the venue's ""current/upcoming"" listing page."
louvre,HOSTS AT THE LOUVRE,2026-09-24,,,https://www.louvre.fr/en/exhibitions-and-events/exhibitions/hosts-at-the-louvre,"Found on the venue's ""current/upcoming"" listing page."
louvre,HOSTS AT THE LOUVRE,2026-09-24,2026-12-14,,https://www.louvre.fr/en/exhibitions-and-events/exhibitions/hosts-at-the-louvre,"Found on the venue's ""current/upcoming"" listing page."
louvre,HOSTS AT THE LOUVRE,2026-09-24,2026-12-14,"Kader Attia and Elizabeth Peyton are the 2024–2026 Hosts at the Louvre. Kader Attia (born 1970 in Dugny, France; lives and works in Paris and Berlin) is known for his work at the frontier of shape and thought, between logical inquiry and contemporary ideas. Elizabeth Peyton (born 1965 in Connecticut, United States; lives and works in Paris and New York) brings vibrant life to painting through the art of portraiture. For two years, they inhabited the spaces – both physical and imaginary – of the Louvre. Each had a studio on the premises, where they created, conversed with museum personnel, and engaged with the public. Previously studio neighbours, they now share the temporary exhibition space in the Salle de la Chapelle, where the results of their respective sojourns in the museum are on display for all to see. For Attia, this means a film and an installation inspired by his own intimate meanderings in the Louvre, contemplating the fluctuations of ages, memories, and gazes, turning his own vision into a subject. For Peyton, it means paintings and drawings: a mixture of reinterpretations of works from the Louvre, which she has been creating since her early years as an artist, and representations of historic and contemporary subjects, made in her studio in the museum. Their intersecting interpretations of the Louvre make manifest the wealth of resources to be found in the museum and in the works it houses, which serve as a source of inspiration to artists and visitors alike.",https://www.louvre.fr/en/exhibitions-and-events/exhibitions/hosts-at-the-louvre,"Found on the venue's ""current/upcoming"" listing page."
louvre,MICHELANGELO RODIN,2026-04-15,2026-07-20,,https://WWW.louvre.fr/en/exhibitions-and-events/exhibitions/michelangelo-rodin/,"Found on the venue's ""past"" listing page."
louvre,MICHELANGELO RODIN,2026-04-15,2026-07-20,"Michelangelo and Rodin, in making the body the central subject of their artworks, showed that they both perceived it as animated by an intense inner life. Michelangelo and Rodin, two unrivalled masters of Western sculpture, engage in a dialogue across the centuries. Their works, emblematic of the strength of the body and the depth of the soul, are here brought together for the first time, revealing a continuum between the two artists, marked by clear divisions. Organised into five sections – Two Legendary Artists; Nature and Antiquity: Reinventing the Model; Non Finito; Bodies and Souls; and Energy and Life –, the exhibition associates marble, bronze, plaster, terracotta and cast works with a rich pictorial production. The exhibition route highlights the issues of form and concept that drove the same ambition in both artists: to make manifest the body’s inner energy. The body is thus revealed as the membrane that envelops the soul, a living thing weathering time and movement. We also explore the historic uses of motion in sculpture: how did the reinvention of antiquity and the ways bodies were used foreshadow the divisions of the 20th century? Calling attention to the connections, borrowings and reinterpretations to be found in the works of Michelangelo and Rodin, the exhibition gives a close reading of the myths surrounding these two masters and proposes a new perspective on sculpture not as the making of forms, but as a laboratory for breaking new artistic ground.",https://www.louvre.fr/en/exhibitions-and-events/exhibitions/michelangelo-rodin,"Found on the venue's ""past"" listing page."
louvre,Primeval Waters,2026-05-20,2027-03-15,"First run, no link.",,"Found on the venue's ""current/upcoming"" listing page. Also listed on the venue's ""past"" page. Also listed on the venue's ""past 2025"" page. Also listed on the venue's ""past 2024"" page."
louvre,Primeval Waters,2026-05-20,2027-03-15,"Second run, no link.",,"Found on the venue's ""current/upcoming"" listing page. Also listed on the venue's ""past"" page. Also listed on the venue's ""past 2025"" page. Also listed on the venue's ""past 2024"" page."
louvre,Case A,2026-10-07,2027-01-25,"Francisco de Zurbarán, along with Diego Velázquez and Bartolomé Esteban Murillo, is considered one of the greatest Spanish painters of the 17th century. At first considered a Caravaggista with a focus on monastic ascetism, he was gradually recognised in the 20th century as a prodigious colourist and celebrated for his distinctive personal style, which married a simple treatment of volumes with striking naturalism. Though Zurbarán has been the subject of numerous exhibitions over the last ten years, the last large-scale international presentation to focus on his work had been the joint exhibition Zurbarán, mounted by the Metropolitan Museum of Art and the Grand Palais in 1987–1988. Now, the National Gallery, London, the Musée du Louvre and the Art Institute of Chicago have joined forces to offer their visitors a retrospective that allows them to revisit Zurbarán’s paintings (or discover them for the first time), to better understand his work and to stand in awe of the modernity and visual power of his compositions. This is not an exhaustive monographic exhibition, but rather an ambitious selection of the finest paintings, complemented by historical and cultural markers, where visitors can marvel at Zurbarán’s technique and its audacity of form and iconography. The visit, organised into seven parts, will analyse the various facets of Zurbarán’s painted oeuvre both chronologically and thematically, aiming to do justice to the whole of his long career, and occasionally stepping outside of this timeline to compare a group of similar works. The Louvre’s exhibition will place great importance on the monumental paintings, commissioned by Andalusian monasteries, on which Zurbarán’s fame was built, as well as portraits and still lifes, with a special place reserved for the brief career of his son, Juan de Zurbarán (1620–1649). A number of these works, dating from the late 19th and early 20th centuries, will highlight the significant influence Zurbarán exerted on later avant-g",https://www.louvre.fr/en/exhibitions-and-events/exhibitions/zurbaran/Sub,"Found on the venue's ""current/upcoming"" listing page."
louvre,Case B,2026-10-07,2027-01-25,"Francisco de Zurbarán, along with Diego Velázquez and Bartolomé Esteban Murillo, is considered one of the greatest Spanish painters of the 17th century. At first considered a Caravaggista with a focus on monastic ascetism, he was gradually recognised in the 20th century as a prodigious colourist and celebrated for his distinctive personal style, which married a simple treatment of volumes with striking naturalism. Though Zurbarán has been the subject of numerous exhibitions over the last ten years, the last large-scale international presentation to focus on his work had been the joint exhibition Zurbarán, mounted by the Metropolitan Museum of Art and the Grand Palais in 1987–1988. Now, the National Gallery, London, the Musée du Louvre and the Art Institute of Chicago have joined forces to offer their visitors a retrospective that allows them to revisit Zurbarán’s paintings (or discover them for the first time), to better understand his work and to stand in awe of the modernity and visual power of his compositions. This is not an exhaustive monographic exhibition, but rather an ambitious selection of the finest paintings, complemented by historical and cultural markers, where visitors can marvel at Zurbarán’s technique and its audacity of form and iconography. The visit, organised into seven parts, will analyse the various facets of Zurbarán’s painted oeuvre both chronologically and thematically, aiming to do justice to the whole of his long career, and occasionally stepping outside of this timeline to compare a group of similar works. The Louvre’s exhibition will place great importance on the monumental paintings, commissioned by Andalusian monasteries, on which Zurbarán’s fame was built, as well as portraits and still lifes, with a special place reserved for the brief career of his son, Juan de Zurbarán (1620–1649). A number of these works, dating from the late 19th and early 20th centuries, will highlight the significant influence Zurbarán exerted on later avant-g",https://www.louvre.fr/en/exhibitions-and-events/exhibitions/zurbaran/sub,"Found on the venue's ""current/upcoming"" listing page."
louvre,[past 2023 page],,,,https://www.louvre.fr/en/exhibitions-and-events/past-exhibitions?date=2023,"The venue’s ""past 2023"" listing page could not be read: the page did not finish loading in time. Marker row, not an exhibition."
