venue_code,title,start_date,end_date,summary,url,notes
ng,Renoir and Love,2026-10-03,2027-01-31,"Fall in love with Renoir and his Impressionist paintings at the National Gallery. Discover Renoir’s gift for showing love, friendship, and everyday emotion in this Impressionist exhibition. See couples waltzing in the summer air and lovers stealing a glance, families sharing a quiet moment and friends raising a glass, all through the eyes of an artist unmatched in capturing the complexities of how people connect. Experience Renoir at his peak in the 1860s to 1880s, experimenting with style and theme to become an innovator of Impressionism. Walk with him through Montmartre in his iconic painting 'Bal au Moulin de la Galette' (1876) from the Musée d’Orsay, Paris, on display in the UK for the first time. Explore the sun-dappled gardens and swirling dance halls of Paris through 40 paintings, brought together from collections across the world.",https://www.nationalgallery.org.uk/exhibitions/renoir-and-love,"Found on the venue's ""current/upcoming"" listing page."
ng,Waldmüller: Landscapes,,2026-09-20,"Discover the breathtaking landscapes of one of Austria’s greatest painters, Ferdinand Georg Waldmüller (1793–1865). Stroll through forests, scale rugged peaks and marvel at majestic skies across Austria and Sicily. Take in the great trees of Vienna’s Prater Park, the magnificent lakes and mountains of the Salzkammergut region and the tranquil hills and ruins of Sicily. Pause, reflect and wonder at pictures alive with intense colour and light. See why Waldmüller’s work can be compared to the Pre-Raphaelites. Admire the precise brushstrokes which shape each leaf, twig and flower. Explore how he found beauty in nature’s imperfections, through his images of aged trunks and bare branches. Find serenity in the heart of London at this first-ever exhibition dedicated to Waldmüller's landscapes. Image: Detail from Ferdinand Georg Waldmüller, 'View of the Dachstein from the Sophien-Doppelblick near Ischl', 1835. Belvedere, Vienna Exhibition organised by the National Gallery, London in partnership with the Belvedere, Vienna",https://www.nationalgallery.org.uk/exhibitions/waldm%C3%BCller-landscapes,"Found on the venue's ""current/upcoming"" listing page. No opening date published while this exhibition is running."
ng,Monet and Renoir: Painting Side by Side,2026-07-27,2026-09-22,"In the summer of 1869, Monet and Renoir – then young, ambitious artists and close friends – set up their easels side by side at La Grenouillère, a fashionable riverside resort just outside Paris. Working 'en plein air’ (out-of-doors), the artists painted the same lively scene of fashionable Parisians at leisure – though their artworks reveal remarkably different approaches. For the first time in nearly twenty years, the National Gallery is reuniting two of these celebrated paintings created at La Grenouillère, side by side once more. Look closely at each brushstroke and compare the artists' individual Impressionist style and witness a close friendship that helped shape one of the most influential movements in Western art.",https://www.nationalgallery.org.uk/exhibitions/monet-and-renoir-painting-side-by-side,"Found on the venue's ""current/upcoming"" listing page. opening date taken from the site's structured data, not its visible page."
ng,Yinka Shonibare and Thomas Gainsborough: A Conversation,2026-10-15,2027-02-07,"Past meets present as one of Britain’s most celebrated works is playfully reimagined A richly dressed husband and wife sit in the English countryside. Their wealth shines through. This painting from 1750 is one of Britain’s most well-known works, showing off two people – and their privilege. But what happens when this fashionable couple and their land are ripped from the scene? British-Nigerian artist Yinka Shonibare does just that, reimagining Gainsborough’s famous piece in his own way. Through striking sculpture, Shonibare removes the heads of the people in the painting and clothes them in West African textiles.",https://www.nationalgallery.org.uk/exhibitions/yinka-shonibare-and-thomas-gainsborough-a-conversation,"Found on the venue's ""current/upcoming"" listing page."
ng,Van Eyck: The Portraits,2026-11-21,2027-04-11,"Portraiture as we know it begins with van Eyck. His vision and skill launched painting into a new era of unrivalled realism. Watchful eyes, a hint of stubble, wrinkles, flushed cheeks. Van Eyck captured his subjects in all their intimate details. Though these people sat for their portraits 600 years ago, they feel alive today. ‘Van Eyck: The Portraits’ brings together from across Europe all nine of the artist’s known painted portraits, making up half of his surviving works worldwide. Breathing life into van Eyck’s world, the exhibition introduces the men and women he spent his life around. They are not kings, queens and aristocrats; they are successful craftsmen, merchants and the artist’s relatives. This is a story of people. This is the moment when access to art widened.",https://www.nationalgallery.org.uk/exhibitions/van-eyck-the-portraits,"Found on the venue's ""current/upcoming"" listing page."
ng,Catharina van Hemessen: Signature Works,2027-03-04,2027-05-30,"The year is 1551. A talented young artist sits at the easel in her hometown of Antwerp, painting a small portrait with quiet power. After completing the work, she adds the words: ‘Catharina de Hemessen was painting [this] 1551’. In a time when few women worked as artists, Catharina van Hemessen proudly painted her name onto her artworks. This remarkable detail allows us to identify her work as a painter over 450 years later. Today, van Hemessen is the only 16th-century Flemish woman painter who is known to have signed her paintings. In March 2027, the National Gallery will host the first UK exhibition devoted to this pioneering painter. Through a collection of masterful small-scale paintings, the exhibition will show the defining moment a woman artist stepped into the spotlight. Visit 'Catharina van Hemessen: Signature Works’ for free and uncover this pivotal chapter in the history of art.",https://www.nationalgallery.org.uk/exhibitions/catharina-van-hemessen,"Found on the venue's ""current/upcoming"" listing page."
ng,German Expressionism,2027-03-20,2027-08-01,"Across Germany’s major cities, a new generation of artists emerged between 1900 and 1918 to change the rules of painting. They were the German Expressionists. Made up of two pioneering groups – Die Brücke (The Bridge) and Der Blaue Reiter (The Blue Rider) – these young artists painted raw emotions on canvas with a new intensity. Die Brücke was formed by a group of self-taught artists. Rebelling against conservative society, they lived and worked together in the bohemian corners of Dresden and other cities, before moving to Berlin, Germany’s rapidly modernising capital. For them, colour became a way to defy tradition and express themselves in new ways. Der Blaue Reiter came together in Munich around the painters Wassily Kandinsky and Gabriele Münter. The group divided their time between the bustling Munich streets and the lush landscapes around rural Murnau, 40 miles south of the city. There, the lakes and mountains fed their creative vision, full of bright colours and striking shapes.",https://www.nationalgallery.org.uk/exhibitions/german-expressionism-modern-painting-1900-1918,"Found on the venue's ""current/upcoming"" listing page."
ng,Take One Picture 2026,2026-06-04,2026-08-31,"As part of our annual Take One Picture programme, children from across the UK have made artworks inspired by ‘A Regatta on the Grand Canal’ by Canaletto. The painting shows a colourful boat race taking place in Venice. Crowds of people cheer on the gondolas as they race towards the finish line. Children have made a wide range of imaginative projects, all coming from their own questions and ideas about the painting. Who is going to win the race? What’s under the water? Why do the boats look like dragons? This year’s exhibition features artworks from 35 primary schools and is on display in the Roden Centre for Creative Learning.",https://www.nationalgallery.org.uk/exhibitions/take-one-picture-2026,"Found on the venue's ""past"" listing page."
ng,Zurbarán,2026-05-02,2026-08-23,"Enter the spellbinding world of visionary Spanish painter Francisco de Zurbarán. Spend time with his paintings, celebrated for their vivid naturalism and deep emotional power. Move between soaring altarpieces and exquisite still lifes in the first major UK exhibition of this great artist from Baroque Seville. A peer of Murillo and Velázquez, Zurbarán stands out for his drama, mystery and vision. From the rind of a lemon to the timeless gaze of a saint, he finds an intensity in the ordinary. Strong light and deep shadow bring real faces, soft fabrics, fresh fruit and flowers to life. His paintings unite stillness, focus and faith.",https://www.nationalgallery.org.uk/exhibitions/past/zurbaran,"Found on the venue's ""past"" listing page."
ng,Stubbs: Portrait of a Horse,2026-03-12,2026-05-31,"Step into the world of George Stubbs, the visionary British painter. Marvel at his monumental portrait of a rearing racehorse, ‘Scrub’. In the 1750s, Stubbs spent 18 months in a remote barn in Horkstow, Lincolnshire. Hidden away, he devoted his time to studying and drawing the anatomy of horses. What resulted was the most thorough study on the subject for over a hundred years. Incredibly, Stubbs’s pictures of horses are still some of the most accurate ever painted, all while capturing their unique characters. In this exhibition, you’ll meet one of these horses, Scrub. Painted by Stubbs around 1762, we see Scrub rearing in a landscape backdrop — notably without a rider.",https://www.nationalgallery.org.uk/exhibitions/past/stubbs-portrait-of-a-horse,"Found on the venue's ""past"" listing page."
ng,Wright of Derby: From the Shadows,2025-11-07,2026-05-10,"In an interplay of light and darkness, Joseph Wright of Derby conjures sublime pictures of discovery and learning. 'Wright of Derby: From the Shadows' is the first major exhibition dedicated to the British artist’s ‘candlelight’ paintings. We celebrate and look again at his most admired works. Illuminated faces gather around a variety of objects – from classical sculptures and scientific instruments to bones, bladders and animals. Through his unflinching scenes of people watching, Wright of Derby proposes moral questions about acts of looking. The strong light and deep shadows create drama, reminding us of great painters from earlier centuries like Caravaggio. Challenging the traditionally held view of Wright of Derby as a figurehead of the Enlightenment, this exhibition contributes to the ongoing re-evaluation of the artist, portraying him not merely as a ‘painter of light’. More than virtuoso scenes of dramatic light and shade, Wright of Derby used the night-time to explore deeper and more sombre themes, including death, melancholy, morality, scepticism and the sublime.",https://www.nationalgallery.org.uk/exhibitions/past/wright-of-derby-from-the-shadows,"Found on the venue's ""past"" listing page."
ng,ming wong: Dance of the sun on the water | Saltatio solis in aqua,2026-01-15,2026-04-06,"Saint Sebastian is a figure who has inspired artists across generations. A Roman soldier who secretly converted to Christianity, he was persecuted for his faith by being shot with arrows. There are 14 depictions of Saint Sebastian in the National Gallery’s collection, by artists from the Pollaiuolo brothers to Gerrit van Honthorst. Our 2025 Artist in Residence, Ming Wong, continues this tradition with a new short film and installation based on the story of his martyrdom. Wong’s film, called ‘Dance of the sun on the water | Saltatio solis in aqua’, draws on paintings of Saint Sebastian and the landmark film ‘Sebastiane’ (1976) by British filmmaker Derek Jarman, setting the story inside the National Gallery itself. Like Jarman, Wong brings together objects and ideas from different periods of history. The film features a variety of references from the Renaissance to the present to reimagine the life of this iconic saint.",https://www.nationalgallery.org.uk/exhibitions/past/the-national-gallery-artist-in-residence-ming-wong,"Found on the venue's ""past"" listing page."
ng,Edwin Austin Abbey: By the Dawn’s Early Light,2025-11-20,2026-02-15,"From Philadelphia to Gloucestershire, hear the story of a great American artist and his finest painting. See Edwin Austin Abbey’s huge study for ‘The Hours’, the celestial scene that decorates the ceiling of the House of Representatives Chamber, Pennsylvania State Capitol, Harrisburg. His most important work, created late in his career, it was to be his last. A friend of John Singer Sargent, Royal Academician, successful artist and illustrator – Abbey, born 1852 in Philadelphia, left the US in 1878 for the UK, where he would live for the rest of his life. He produced ‘The Hours’ in his Gloucestershire studio, then the largest art studio in Europe, from where both the study and mural were shipped to the US. Abbey’s career spanned an age of renewal in America, one of national expression, optimism and ambition that drove new, grand public architectural commissions like the State Capitol building and inspired literature and the arts.",https://www.nationalgallery.org.uk/exhibitions/past/edwin-austin-abbey-by-the-dawn-s-early-light,"Found on the venue's ""past"" listing page."
ng,Radical Harmony,2025-09-13,2026-02-08,"See paintings by artists including Seurat, Van Gogh, Signac and Pissarro Connect the dots as you experience the world's most significant collection of Neo-Impressionist art. When critics first saw Georges Seurat’s new style of painting, they thought it might bring about the death of painting itself. But what was it about artists like Paul Signac, Anna Boch, Jan Toorop and Henri-Edmond Cross, that ruffled so many feathers? Neo-Impressionists painted in small dots of pure colour. Viewed from a distance, the colours blend to create nuanced tones and an illusion of light. Now known as pointillism, this technique simplified form and played with colour in an entirely new way, verging on the edge of abstraction.",https://www.nationalgallery.org.uk/exhibitions/past/radical-harmony-neo-impressionists,"Found on the venue's ""past"" listing page."
ng,Millet: Life on the Land,2025-08-07,2025-10-19,"The sower, the woodcutter, a shepherd girl. These are the subjects that made French artist Jean-Francois Millet famous. Marking the 150th anniversary of his death, this is an opportunity to see some of Millet’s best-loved paintings and drawings. Born into a farming family in Normandy, Millet moved to the village of Barbizon in 1849 where he put the people who spent their life working on the land, often the poorest of the poor in 19th-century France, at the heart of his work. He knew these people and his realistic, unsentimental approach to painting them was completely new. See his iconic 'L’Angelus' (1859) from the Musée d’Orsay, Paris, a painting typical of the dignified way he captured the working people of his age. A husband and wife stand with their heads bowed. Lit by an almost ethereal, filtered light, they’ve stopped working in the fields to say the Angelus prayer.",https://www.nationalgallery.org.uk/exhibitions/past/millet-life-on-the-land,"Found on the venue's ""past"" listing page."
ng,Take One Picture 2025,2025-06-11,2025-08-31,"See the painting 'The Courtyard of a House in Delft' by Pieter de Hooch through the eyes of a child. Take One Picture is the National Gallery's programme for primary schools. Each year, children make and exhibit artworks in response to one painting in our collection. This year’s painting, by 17th-century Dutch artist de Hooch, has inspired a wide range of projects, from wicker sculptures and cardboard houses to clay tiles and baked apple pies! Presented across three sites in and around the National Gallery, this year's exhibition can be enjoyed as artwork displays and as a digital augmented reality trail.",https://www.nationalgallery.org.uk/exhibitions/past/take-one-picture-2025,"Found on the venue's ""past"" listing page."
ng,José María Velasco,2025-03-29,2025-08-17,"See the first UK exhibition of Mexico’s much-loved artist, José María Velasco. Velasco, working in Mexico in the 19th century, was a man of many interests. He was fascinated by advances in geology, the archaeology of his home country, the study of local flora, and the increasing presence of industrialisation. He painted the sweeping landscapes of the Valley of Mexico, the home of modern-day Mexico City, with exquisite detail. His impressive panoramic views of the valley reveal allusions to Mexico's historic past and its rapidly modernising present. Velasco was keenly aware of his country’s industrialisation, capturing expanding train lines and factories alongside botanically accurate studies of plants. His scientific eye inspired his art, and his love of geology is clear to see in his detailed depictions of rocks and volcanoes.",https://www.nationalgallery.org.uk/exhibitions/past/velasco,"Found on the venue's ""past"" listing page."
ng,The Carracci Cartoons: Myths in the Making,2025-04-10,2025-07-06,"Two artist brothers from Bologna in northern Italy, Annibale and Agostino Carracci, visit Rome in 1594. They are about to take on a huge commission – to decorate rooms in the great Farnese Palace. A private family residence, its owner, Odoardo Farnese newly elected cardinal aged just 20, had inherited great wealth. Having finished the cardinal’s study, in 1597 they start work on the palace’s vast gallery. How to prepare? Two huge charcoal drawings on paper tell us this story. They are preparatory drawings for the hall’s monumental fresco. The word cartoon comes from the Italian ‘cartone’ meaning a large sheet of paper. As well as being a vital part of the creative process, they are works of art in their own right. Alive with mythical sea creatures, gods and goddesses, putti and crashing waves, the drawings reflect the inspiration the Carracci brothers found in Rome’s antique sculptures and recent works by their predecessors, Michelangelo and Raphael. Remarkable survivors of art in the making, the cartoons offer a window into the brothers’ ideas, creative process and technique.",https://www.nationalgallery.org.uk/exhibitions/past/the-carracci-cartoons-myths-in-the-making,"Found on the venue's ""past"" listing page."
ng,"Siena: The Rise of Painting, 1300 ‒1350",2025-03-08,2025-06-22,"Step into Siena. It’s the beginning of the 14th century in central Italy. A golden moment for art, a catalyst of change. Artists Duccio, Simone Martini and the brothers Pietro and Ambrogio Lorenzetti are forging a new way of painting. They paint with a drama that no one has seen before. Faces show emotion. Bodies move in space. Stories flow across panels in colourful scenes. We bring to life a vibrant city of artists collaborating, learning and looking. After centuries of separation, we reunite scenes that once formed part of Duccio’s monumental 'Maestà' altarpiece. Panels from Simone Martini’s glittering Orsini polyptych come together for the first time in living memory. This local artistic phenomenon made waves internationally. Gilded glass, illuminated manuscripts, ivory Madonnas, rugs and silks show Siena’s creative energy spilling over between painters, metalworkers, weavers and carvers across Europe.",https://www.nationalgallery.org.uk/exhibitions/past/siena-the-rise-of-painting,"Found on the venue's ""past"" listing page."
ng,Parmigianino: The Vision of Saint Jerome,2024-12-05,2025-03-09,"Witness one of the most visionary artists of the Renaissance at work and rediscover his masterpiece that pushed art in a new direction. This exhibition explores the creation of Parmigianino’s 'The Madonna and Child with Saints', also known as ‘The Vision of Saint Jerome’. It returns to public display for the first time in 10 years following conservation. Born in the Northern Italian city of Parma, after which he was nicknamed, Girolamo Francesco Maria Mazzola (1503‒1540) was a child prodigy. He drew constantly. At age 21 he moved to Rome, where he impressed the Pope and was praised as a ‘Raphael reborn’. This altarpiece was his first major work there. In 1527, the Sack of Rome erupted around him while he finished the painting. According to legend, looting Imperial soldiers invading his studio were so amazed by it that they let him continue.",https://www.nationalgallery.org.uk/exhibitions/past/parmigianino-the-vision-of-saint-jerome,"Found on the venue's ""past"" listing page."
ng,Discover Constable & The Hay Wain,2024-10-17,2025-02-02,"Find out what lies behind the making of 'The Hay Wain' and its iconic status in British art. Through paintings including George Morland’s building storm and the atmospheric light of William Mulready’s farrier shop, we look at how Constable’s contemporaries created rural scenes. William Blake’s mystic works take us into the realm of the spiritual landscape while we experience the poetic and political landscape through contemporary poetry and prints. We bring together sketches of the scene the artist made over twenty years before producing the finished work in his London studio. When early 19th-century visitors saw Constable’s 'Hay Wain' some found his truthful vision of the Suffolk landscape to be quite radical. Today, over 200 years later, the painting is considered a traditional image of the English countryside. This status has led artists and activists to reinterpret, edit, and react to the painting, particularly in light of our changing climate.",https://www.nationalgallery.org.uk/exhibitions/past/discover-constable-and-the-hay-wain,"Found on the venue's ""past"" listing page."
ng,Van Gogh: Poets and Lovers,2024-09-14,2025-01-19,"Be blown away by Van Gogh’s most spectacular paintings in our once-in-a-century exhibition. Walk with a pair of lovers beneath a starry night. Look up at swirling clouds and cypress trees swaying in the wind. Stay a little while in Van Gogh’s favourite park, the ‘Poet’s Garden’, or under a shady tree in Saint-Rémy. We’re bringing together your most loved of Van Gogh’s paintings from across the globe, some of which are rarely seen in public. They will be paired together with his extraordinary drawings. Over just two years in the south of France, Van Gogh revolutionised his style in a symphony of poetic colour and texture. He was inspired by poets, writers and artists. We look at this time in Arles and Saint-Rémy as a decisive period in his career. His desire to tell stories produced a landscape of poetic imagination and romantic love on an ambitious scale.",https://www.nationalgallery.org.uk/exhibitions/past/van-gogh-poets-and-lovers,"Found on the venue's ""past"" listing page."
ng,NG Stories: Making a National Gallery,2024-10-04,2025-01-12,"Immerse yourself in 200 years of extraordinary National Gallery stories. From a resident family of 14 and an intrepid travelling agent to ground-breaking scientists and a wartime pianist, NG Stories tells the history of the National Gallery through the people who made us what we are today. There’s a slate mine in Wales where paintings were safely stored during the Second World War. A guard dog who became a member of staff. And a Keeper’s family, with 14 children, who lived in the building and kept diaries. You’ll discover some of the untold personal stories of the Gallery and the special memories we have been privileged to help create for our visitors. From childhood adventures to life-changing first art encounters, our visitors have always been at the heart of what we do.",https://www.nationalgallery.org.uk/exhibitions/past/ng-stories,"Found on the venue's ""past"" listing page."
ng,Hockney and Piero: A Longer Look,2024-08-08,2024-10-27,"David Hockney, in his own words, has always been a looker. Throughout his career, Hockney has found inspiration in the work of other artists. He never tires of looking at paintings. For him, there’s magic in it every time, whether that’s enjoying a picture in a gallery or a much-loved poster at home. This very personal show brings together two Hockney paintings, one showing his mother and father and the other depicting his friend, curator Henry Geldzahler. They are displayed with the thread that ties them together, Piero della Francesca’s ‘The Baptism of Christ’. ‘My Parents’ and ‘Looking at Pictures on a Screen’ both include images of paintings from the National Gallery, a place Hockney knows and has loved throughout his long career. The artists whose portraits and landscapes line the walls are to him, his contemporaries. Their paintings inspire him today as much as any other influence on his work. The exhibition, part of our Bicentenary celebrations, is a chance to slow down, to take in what’s in front of us and enjoy life-enhancing art in the Gallery. Just like Hockney’s parents and friend Geldzahler, let’s take a longer look.",https://www.nationalgallery.org.uk/exhibitions/past/hockney-and-piero-a-longer-look,"Found on the venue's ""past"" listing page."
ng,Discover Degas & Miss La La,2024-06-06,2024-09-01,"Degas’s 'Miss La La at the Cirque Fernando' takes centre stage in this exhibition that sheds light on this work with newly discovered information about the painting and its sitter. This radical Impressionist masterwork records an extraordinary moment and features a remarkable figure – the circus artist Miss La La, or Anna Albertine Olga Brown (1858‒1945). In 1879 Degas made the talented aerialist the subject of one of his most original and arresting paintings, capturing her in one of her most striking and perilous acts. Suspended from a rope held between her teeth by a leather mouthpiece, Miss La La is hoisted up towards the ceiling of the Cirque Fernando Featuring new material, from rare, previously untraced drawings of her by Degas, to entirely unpublished photographic portraits of Miss La La, the exhibition turns the spotlight on her, and on the painting, telling their story for the first time at the Gallery.",https://www.nationalgallery.org.uk/exhibitions/past/discover-degas-and-miss-la-la,"Found on the venue's ""past"" listing page."
ng,Take One Picture 2024,2024-08-01,2024-09-01,"As part of our annual Take One Picture programme, primary school children from across the UK have made works inspired by Henri Rousseau’s 'Surprised!' The painting shows a tiger in a jungle storm, crouching low in long grass as rain lashes the foliage and lightning flashes overhead – but who or what is surprised? Children have made a wide range of works in response to the painting. Some were fascinated by the tiger, leading to projects about camouflage and animal eyes. Others focused on the plants, inspiring them to research and recreate rainforest foliage. Many children were concerned about habitat loss affecting tigers, which inspired them to use recycled materials and raise money for conservation charities. This year’s exhibition is part of the Gallery’s Free Festival of Art outside on Trafalgar Square, where you can also take part in creative activities inspired by Rousseau’s Surprised! and the children’s projects.",https://www.nationalgallery.org.uk/exhibitions/past/take-one-picture-2024,"Found on the venue's ""past"" listing page."
ng,The Last Caravaggio,2024-04-18,2024-07-21,"May 1610. Caravaggio is in Naples working on the last picture he'd ever paint. Two months later, he died in mysterious circumstances. But it was during his final tumultuous years that Caravaggio made some of his most striking works. His characteristic style includes tightly cropped scenes and dramatic lighting. He used real models with dirty feet and grimy fingernails. Few paintings are better placed to tell the story of Caravaggio’s final years than his last-known work, 'The Martyrdom of Saint Ursula' (1610, Gallerie d’Italia, Naples). The painting is coming to London for the first time in 20 years.",https://www.nationalgallery.org.uk/exhibitions/past/the-last-caravaggio,"Found on the venue's ""past"" listing page."
rijks,ED VAN DER ELSKEN. UP CLOSE,2026-06-19,2026-09-13,"A cyclist cheekily sticking out her tongue, tough youths on Amsterdam's Nieuwendijk, young women in miniskirts. From The Netherlands to Cuba and Japan, Ed van der Elsken chased the same unfiltered energy. Different streets, a different time - and yet you recognise it. He is one of the most beloved Dutch photographers of the twentieth century. But how did his pictures come about? What did he see that others missed? And what did he set aside, sometimes for years, before he was satisfied? The exhibition Ed van der Elsken. Up Close takes you into his studio. Since 2019, the Rijksmuseum and the Nederlands Fotomuseum have looked after his personal archive together, and for the first time the material has been examined in full. Alongside his best-known photographs, you'll see his handwritten notes, contact sheets covered in red marks, darkroom experiments and newly discovered book dummies.",https://www.rijksmuseum.nl/en/whats-on/exhibitions/ed-van-der-elsken,"Found on the venue's ""current/upcoming"" listing page. opening date read from a sentence, not a date field: ""19 June till 13 September 2026""."
rijks,FIEP WESTENDORP,2026-06-19,2026-09-13,"150 drawings by the illustrator who gave post-war Netherlands a visual language all of its own Jip and Janneke, Pim and Pom, Pluk van de Petteflet. This summer the Rijksmuseum brings together some 150 original drawings by illustrator Fiep Westendorp. From early sketches to the illustrations that have stayed with generations of children. Early sketches, personal drawings, iconic book illustrations and work for Het Parool : you see how versatile Westendorp was, and how her recognisable visual style slowly took shape. Fiep Westendorp (1916–2004) knew from a young age what she wanted to be: an illustrator. She studied first at the Koninklijke School voor Kunst, Techniek en Ambacht (Royal School of Art, Technology and Craft) in 's-Hertogenbosch, then at the Academie van Beeldende Kunsten (Academy of Visual Arts) in Rotterdam. In her early sketchbooks you see her style emerging: quick, keen-eyed, full of humour.",https://www.rijksmuseum.nl/en/whats-on/exhibitions/fiep-westendorp,"Found on the venue's ""current/upcoming"" listing page. opening date read from a sentence, not a date field: ""19 June till 13 September 2026""."
rijks,CAREL VISSER IN THE RIJKSMUSEUM GARDENS,2026-06-05,2026-10-25,"This summer, the Rijksmuseum Gardens are home to the work of Carel Visser, the most influential Dutch sculptor of the twentieth century. Visser's sculptures, some as tall as eight metres or as long as five metres, come from museums, private collections and public spaces. Now they are brought together for the very first time. Carel Visser (1928–2015) had little affinity with traditional sculptors' materials such as marble, stone or wood. Iron was his great love. With a cutting torch and welding equipment, he shaped his sculptures from steel plates and beams. Stacking, repetition and symmetry give his sculptures a rigorous structure that never feels cold. You always recognise something in them. A spine. A branch. An animal at rest. Visser always looked to nature and searched for its essence. What do you see?",https://www.rijksmuseum.nl/en/whats-on/exhibitions/carel-visser,"Found on the venue's ""current/upcoming"" listing page. opening date read from a sentence, not a date field: ""5 June to 25 October (year taken from the listing page)""."
rijks,In the Rijksmuseum print cabinets,,2026-11-29,"With more than 750,000 prints and drawings, the Rijksmuseum's collection is one of the largest in the world. Because of the fragility of the material, we rotate the selection in the print cabinets every six month, allowing us to share new stories each time. This presentation focuses on Roman street art, social satire and Japanese fairy tales. There is also a cabinet dedicated to the Van Eeghen Drawing Book, a unique 17th-century drawing book recently gifted to the museum. In the Rome of the 1520s, Polidoro da Caravaggio (c. 1499–1543) was one of the most sought-after artists of his time. He decorated palace facades with monochrome sgraffiti (layers of scratched plaster) depicting mythological and historical scenes, visible to everyone passing on the street. Many of these facade decorations have been lost, but drawings and prints keep them alive. They show how his innovative work spread and inspired artists across Europe. This early 17th-century drawing book is a recent gift to the Rijksmuseum, named after the family who owned it for 300 years. It is unique in having survived fully intact. It contains around thirty drawings, including a series of biblical scenes attributed to Rombout Uylenburgh and his workshop. Uylenburgh emigrated with his family from Friesland to Kraków, where he became a court painter. In 1612 he moved to Danzig (now Gdańsk), a port city with many Dutch inhabitants. There the book likely came into the possession of the Amsterdam merchant Reyer Claesz., whose name appears on the binding. After his death, Uylenburgh fell into obscurity. No refined beauty here, but a glimpse of raw reality. The prints of Giuseppe Mitelli (c. 1634–1718) are considered forerunners of the cartoon. With humour and sharp satire, he depicts wealthy young men, street vendors and beggars in a world of stark inequality. Success, love, honour: almost everything is for sale. His portrayals of the fragility of human existence still hit home. Shared experiences remain recognisab",https://www.rijksmuseum.nl/en/whats-on/exhibitions/in-the-rijksmuseum-print-cabinets,"Found on the venue's ""current/upcoming"" listing page. No opening date published while this exhibition is running."
rijks,Partially closed,,,"Every six months, the curators present new stories from the Rijksmuseum’s Asian art collection. Under the watchful eyes of the Japanese temple guardians, renowned Taiwanese artist Tong Yang-Tze presents two works. There is also a focus on the Taiwanese artist and fashion designer Sophie Hong, the collection of Asian ivory carvings and the Japanese concept of 'kazari' - the art of decoration. Tong Yang-Tze (b. 1942) is one of Taiwan’s most influential contemporary artists. Her work embodies an emotional connection with Taiwan — the island where she grew up, and which has shaped both her life and her art. Through the flowing language of calligraphy, she expresses this deep bond. Two of her works are currently on view in the Asian Pavilion, including Home is where the Heart is (2023). Calligraphy is an ancient art form that combines the meaning of characters with the artistic expressiveness of brushstrokes. Tong Yang-Tze’s calligraphy revolves around rhythm, emotion, and movement. The rhythm of the characters unfolds like a melody, created by the speed and energy of her brushwork. Sophie Hong is one of the most compelling figures in the Taiwanese contemporary art and fashion scenes. Seamlessly, she merges traditional East Asian aesthetics with contemporary design. Hong uses ‘wearable art’ to explore cultural heritage and identity. With her designs, she weaves narratives about history and traditional craftmanship. She draws inspiration from Chinese Xiangyun silk, a textile that has been created and perfected for hundreds of years. The artist transformed it into her signature ‘Hong silk’, revitalizing tradition through a contemporary artistic language. The two works on display evoke the patterns of bark and vines.",https://www.rijksmuseum.nl/en/whats-on/exhibitions/asian-pavilion,"Found on the venue's ""current/upcoming"" listing page. No closing date found anywhere on the venue's pages."
rijks,WORN,2026-03-27,2027-03-21,"In this intimate fashion presentation, 24 worn, altered and reused garments take centre stage. Signs of wear, repair and craftsmanship tell their story: from 17th-century embroidered mules to a dress worn for generations by the Six family.",https://www.rijksmuseum.nl/en/whats-on/exhibitions/worn,"Found on the venue's ""current/upcoming"" listing page. opening date read from a sentence, not a date field: ""27 March 2026 to 21 March 2027""."
rijks,20th-century Galleries,,2026-11-09,"Every six months we present new spotlight displays in the 20th-century galleries of the Rijksmuseum. This edition highlights the drawings of Madelon Vriesendorp, Charley Toorop’s artistic circle, and the influence of photography on 20th-century advertising.",https://www.rijksmuseum.nl/en/whats-on/exhibitions/new-displays-in-the-20th-century-galleries,"Found on the venue's ""current/upcoming"" listing page. No opening date published while this exhibition is running."
rijks,Willem de Kooning at work,2026-10-09,2027-01-17,"One hundred years ago, Willem de Kooning left the Netherlands for a new life in New York, where he became one of the most influential artists of the 20th century. This autumn, he returns, with a major retrospective of his drawings, complemented by a selection of celebrated paintings and sculptures. Alongside the exhibition, two of his most iconic paintings will be displayed in the Gallery of Honour. The exhibition is a collaboration with the Art Institute of Chicago and The Willem de Kooning Foundation in New York and can be seen from 9 October 2026 until 17 January 2027. De Kooning drawings are not studies for paintings. For him, drawing was a way of exploring. Through sketching, correcting, repeating, and deliberately surprising himself. This process was fundamental to his art in every medium and is visible on nearly every artwork he completed. ""I have to change to stay the same"" (1981), is what he liked to say. And so his art never stood still. In over 120 pieces, you see how his drawing evolved across more than 65 years, from early drawings as a student to rapid charcoal sketches.",https://www.rijksmuseum.nl/en/whats-on/exhibitions/willem-de-kooning-at-work,"Found on the venue's ""current/upcoming"" listing page. closing date read from a sentence, not a date field: ""9 October 2026 until 17 January 2027""."
rijks,Document Netherlands: New Energy,2026-10-09,2027-01-17,"Kadir van Lohuizen photographs the energy transition on and around the North Sea Wind turbines hundreds of metres tall, metres-thick underwater cables, colossal platforms on the open sea. The energy transition is unfolding on a scale that's impossible to grasp. Photographer and filmmaker Kadir van Lohuizen turns his camera on places almost no one ever visits: offshore wind farms, hydrogen plants, CO₂ storage sites and data centres. For the exhibition New Energy , Van Lohuizen was granted exclusive access to these sites in the Netherlands, Germany, Denmark, Norway and the United Kingdom. It offers a panoramic view of a development that plays out largely out of sight, on the open sea and inside closed, complex installations. This exhibition is part of the Document Netherlands series, the Rijksmuseum's annual photography commission in which a Dutch photographer is asked to research and capture a current social theme. Kadir van Lohuizen is known for his sharp eye and his ability to bring large, complex stories close and make them tangible. His best-known projects deal with the consequences of rising sea levels, the diamond industry, migration in the Americas, and the way six megacities process their waste, as well as the global food industry. Kadir has won numerous photojournalism awards, including the World Press Photo Award for his photo series on waste in the world's cities.",https://www.rijksmuseum.nl/en/whats-on/exhibitions/document-netherlands-new-energy,"Found on the venue's ""current/upcoming"" listing page. closing date read from a sentence, not a date field: ""9 October 2026 till 17 January 2027""."
rijks,Drawing!,2027-02-12,2027-05-23,"Around 1600, the art of drawing experienced a true revolution in the Northern Netherlands. A group of artist friends, including Hendrick Goltzius, Jacques de Gheyn II, and Abraham Bloemaert, found each other in their drive for innovation. Together they brought the art of drawing to unprecedented heights. They experimented with all kinds of materials, techniques, and subjects, and pushed nearly every boundary. With over 100 highlights from European and American collections, this revolution in the art of drawing comes together in a major overview exhibition. The exhibition The Art of Drawing can be seen from 12 February to 23 May 2027 at the Rijksmuseum, followed by 18 June to 26 September 2027 at The Morgan Library & Museum in New York.",https://www.rijksmuseum.nl/en/whats-on/exhibitions/draw,"Found on the venue's ""current/upcoming"" listing page. closing date read from a sentence, not a date field: ""12 February till 23 May 2027""."
rijks,METAMORPHOSES,2026-02-06,2026-05-25,"Passion, desire, lust, jealousy, cunning and deceit. The Rijksmuseum takes you on a journey into one of the greatest and most important sources of inspiration for artists: The Metamorphoses by the poet Ovid.",https://www.rijksmuseum.nl/en/whats-on/exhibitions/metamorphoses,"Found on the venue's ""past"" listing page."
rijks,FAKE!,2026-02-06,2026-05-25,"At a time when AI is becoming increasingly sophisticated, you may ask yourself: when is a photograph real or fake? Yet images have been manipulated, often with surprising ease, since the very beginnings of photography. In FAKE! you will explore 50 historical images from our collection that reveal creative and deceptive visual illusions.",https://www.rijksmuseum.nl/en/whats-on/exhibitions/fake,"Found on the venue's ""past"" listing page."
rijks,SUIT YOURSELF,2025-03-22,2026-03-15,"The intimate spotlight exhibition Suit Yourself presents the exuberant finery worn by flamboyant Dutch men in the 18th and 19th centuries, made with striped velvet, floral embroidery and rich silk fabrics.",https://www.rijksmuseum.nl/en/whats-on/exhibitions/suit-yourself-or100-years-of-menswear-1750-1850,"Found on the venue's ""past"" listing page."
rijks,OCCUPIED CITY,2025-09-12,2026-01-25,"The Rijksmuseum presents two versions of Steve McQueen’s 34-hour video artwork, Occupied City.",https://www.rijksmuseum.nl/en/whats-on/exhibitions/steve-mcqueen-occupied-city,"Found on the venue's ""past"" listing page."
rijks,AT HOME IN THE 17TH CENTURY,2025-10-17,2026-01-11,"What was life really like in the 17th century? That’s the museum’s most-asked question. Now, the time has come to find out. At Home in the 17th Century offers an up-close experience of daily life 400 years ago. Immerse yourself in a full day of the 17th century as you walk among the nine diorama-style displays that make up this exhibition — packed with personal stories and unique objects.",https://www.rijksmuseum.nl/en/whats-on/exhibitions/past/thuis-in-de-17de-eeuw,"Found on the venue's ""past"" listing page."
rijks,DOCUMENT NEDERLAND,2025-11-01,2026-01-11,"The subject of asylum is in the news almost every day. All sorts of people are talking about it: from politicians, media commentators and human rights and aid organisations to members of the public who take one side or another. For Document Nederland, the Rijksmuseum’s annual photographic commission, the artist Tina Farifteh documents the Dutch asylum system. The central figure in her exhibition is a man identified only by his initial: B. Following more than four months in immigration detention at Schiphol Airport and a stay in Ter Apel asylum reception centre, B. is now in the midst of an asylum procedure. By positioning him as the narrator, she reverses the gaze on our asylum procedures: Instead of talking about asylum seekers, she literally has us listen to one of them. In doing so, Farifteh holds up a mirror to the visitor. This exhibition is not about ‘them,’ but us. Tina Farifteh is a photographer, filmmaker and visual artist whose work explores the impact of power structures on the lives of ordinary people. Her earlier works include the audiovisual installation The Flood (2021) and the short documentary Kitten or Refugee? (2023), for which she won the 2024 Silver Camera for Storytelling. Alongside Document Nederland, the Rijksmuseum’s photography gallery is presenting Document Nederland Junior, the annual photographic competition and display for students in secondary and vocational education. The competition shares its theme with the main commission. For each edition, ten young photographers are selected to take part in a masterclass, given this year by Tina Farifteh and experts from the Rijksmuseum. Their photographs will be on display in the second room of the photography gallery.",https://www.rijksmuseum.nl/en/whats-on/exhibitions/past/document-nederland-tina-farifteh,"Found on the venue's ""past"" listing page. opening and closing date read from a sentence, not a date field: ""1 November 2025 to 11 January 2026""."
rijks,ISAMU NOGUCHI,2025-05-28,2025-10-26,"In Isamu Noguchi’s world, sculpture is everywhere. So what does his world look like? Discover his playful sculptures this summer at the free outdoor exhibition in the gardens of the Rijksmuseum.",https://www.rijksmuseum.nl/en/whats-on/exhibitions/past/isamu-noguchi-in-de-rijksmuseumtuinen,"Found on the venue's ""past"" listing page."
rijks,Crossings,2025-07-04,2025-10-12,Discover how colonial and contemporary perspectives converge in photographs from the Indian subcontinent. Past meets present in the Crossings exhibition.,https://www.rijksmuseum.nl/en/whats-on/exhibitions/crossings,"Found on the venue's ""past"" listing page."
rijks,Fiona Tan: Monomania,2025-07-04,2025-09-14,Internationally acclaimed artist Fiona Tan is given carte blanche at the Rijksmuseum. Step into the world of Monomania.,https://www.rijksmuseum.nl/en/whats-on/exhibitions/fiona-tan-monomania,"Found on the venue's ""past"" listing page."
rijks,Asian Bronze,2024-09-27,2025-01-12,"From Shiva and the Buddha to wine casks and weapons. Everything about bronze triggers your senses. For centuries, this material has played a central role in the traditions of Asia. Now you too can experience the beauty of bronze art at last.",https://www.rijksmuseum.nl/en/whats-on/exhibitions/past/asian-bronze,"Found on the venue's ""past"" listing page."
rijks,Festival Frenzy,2024-09-27,2025-01-12,"Across the Netherlands, major music festivals draw vast, exuberant crowds. In this series, Eddo Hartmann photographs the individual festivalgoer, both one with the throng and lost against the backdrop of the Dutch events industry.",https://www.rijksmuseum.nl/en/whats-on/exhibitions/past/document-nederland,"Found on the venue's ""past"" listing page."
rijks,Lee Ufan,2024-05-28,2024-10-27,"Korean artist Lee Ufan describes his work as ‘art of the encounter’. Find time this summer for your very own calm encounter with Lee Ufan’s sculptures, among the hustle and bustle of museum square.",https://www.rijksmuseum.nl/en/whats-on/exhibitions/past/lee-ufan,"Found on the venue's ""past"" listing page."
rijks,Point of View,2024-07-05,2024-09-01,"Did all 17th-century children wear dresses? Why did women have to fight so hard to wear trousers? And what does the size of your desk say about your gender? Point of View explores how ideas around gender have been visualised through the ages, and shows they are constantly changing.",https://www.rijksmuseum.nl/en/whats-on/exhibitions/past/point-of-view,"Found on the venue's ""past"" listing page."
rijks,Stop motion,2024-07-05,2024-09-01,De fotocamera bleek iets te kunnen wat het menselijk oog niet kon: een snelle beweging volgen en analyseren. Wat bleek: de paardengalop was altijd verkeerd weergegeven door kunstenaars.,https://www.rijksmuseum.nl/nl/zien-en-doen/tentoonstellingen/afgelopen/stop-motion,"Found on the venue's ""past"" listing page."
rijks,Express yourself,,,Discover youth culture as seen through the lenses of Gerard Wessel and André Bogaerts. This unique glimpse into teenage lifestyles juxtaposes the wild expressiveness of the nightlife scene captured in Wessel’s photos with Bogaerts’ intimate portraits of teens on the cusp of adulthood – all shot in the period from 1981 to 2012.,https://www.rijksmuseum.nl/en/whats-on/exhibitions/past/express-yourself,"Found on the venue's ""past"" listing page. The venue's page shows only ""16 Feb - 9 June"" for this exhibition's dates — no year is published anywhere."
rijks,Richard Long,,,"Every year, the Rijksmuseum holds an outdoor exhibition, this year featuring Richard Long. Richard Long is famous for his subtle interventions in the landscape at some of the most remote locations around the world. Entrance is free to all in the Rijksmuseum gardens.",https://www.rijksmuseum.nl/en/whats-on/exhibitions/past/richard-long,"Found on the venue's ""past"" listing page. No closing date found anywhere on the venue's pages."
rijks,Mission Masterpiece,,,,https://www.rijksmuseum.nl/en/whats-on/exhibitions/past/mission-masterpiece,"Found on the venue's ""past"" listing page. The venue's own link to this exhibition is broken (HTTP 404). No closing date found anywhere on the venue's pages."
rijks,XXL Paper,,,"How do you exhibit a 23-metre long painted landscape? A 16-metre-long print of a funeral procession? Or a life-size design for a 12-metre high church window? These are some of the largest works on paper in our collection. With their size and fragility, they are rarely if ever on display. But now they are!",https://www.rijksmuseum.nl/en/whats-on/exhibitions/past/xxl-paper,"Found on the venue's ""past"" listing page. No closing date found anywhere on the venue's pages."
rijks,Modern Japanese Lacquer,,,"The shimmering golden branches of a willow tree, a vigilant praying mantis standing atop an aubergine, sunlight falling on a flower: discover the spectacular detail and beauty of Japanese lacquer this summer.",https://www.rijksmuseum.nl/en/whats-on/exhibitions/past/modern-japanese-lacquer,"Found on the venue's ""past"" listing page. No closing date found anywhere on the venue's pages."
rijks,REVOLUSI!,,,"Diplomats, freedom fighters, victims, liberators. Everyone has a different view. REVOLUSI! is about the Indonesian struggle for independence (1945-‘49), seen through the eyes of people who experienced it. More than 20 personal stories tell us how the ideal of a free Indonesia is fervently pursued; how it is fought over, how it is negotiated, how it is propagated and how the revolution determines human lives.",https://www.rijksmuseum.nl/en/whats-on/exhibitions/past/revolusi,"Found on the venue's ""past"" listing page. No closing date found anywhere on the venue's pages."
rijks,Vincent Mentzel,,,"For years, Vincent Mentzel (1945) has been one of the most iconic photographers in the Netherlands. He literally gave shape to the news. During his career photojournalism has changed: from a less important medium to a powerful and independent one with artistic possibilities. Come and see this development through Mentzel's photos.",https://www.rijksmuseum.nl/en/whats-on/exhibitions/past/vincent-mentzel,"Found on the venue's ""past"" listing page. No closing date found anywhere on the venue's pages."
rijks,Henk Wildschut,,,,https://www.rijksmuseum.nl/en/whats-on/exhibitions/past/henk-wildschut,"Found on the venue's ""past"" listing page. The venue's own link to this exhibition is broken (HTTP 404). No closing date found anywhere on the venue's pages."
rijks,Ellsworth Kelly,,,"This summer it will be impossible to miss the immense sculptures in the outdoor exhibition Ellsworth Kelly in the Rijksmuseum Gardens. Kelly was one of the most important American artists of the second half of the 20th century. Nine of his sculptures will be displayed in our gardens, and all of them are appearing in the Netherlands for the first time.",https://www.rijksmuseum.nl/en/whats-on/exhibitions/past/ellsworth-kelly,"Found on the venue's ""past"" listing page. The venue's page shows only ""Until 24 October"" for this exhibition's dates — no year is published anywhere."
rijks,Slavery,,,"This exhibition about slavery takes the form of personal and real-life stories rather than abstract concepts. There are stories from Brazil, Suriname, and the Caribbean, and from South Africa and Asia.",https://www.rijksmuseum.nl/en/whats-on/exhibitions/past/slavery,"Found on the venue's ""past"" listing page. No closing date found anywhere on the venue's pages."
rijks,Ed van der Elsken,,,,https://www.rijksmuseum.nl/en/whats-on/exhibitions/past/ed-van-der-elsken,"Found on the venue's ""past"" listing page. The venue's own link to this exhibition is broken (HTTP 404). No closing date found anywhere on the venue's pages."
rijks,The Strength of Dutch Museum Collections,,,"With the grateful support of the Rembrandt Association and the Turing Foundation, forty-five museums in the Netherlands are this year staging special presentations of artworks from their permanent collection that merit extra attention. As one of the participating museums, the Rijksmuseum has chosen to showcase two radiant portraits by Piero di Cosimo.",https://www.rijksmuseum.nl/en/whats-on/exhibitions/past/strength-of-dutch-museum-collections,"Found on the venue's ""past"" listing page. The venue's page shows only ""Until 15 December"" for this exhibition's dates — no year is published anywhere."
rijks,The best Italian drawings,,,"Works by great Italian masters such as Raphael, Michelangelo, Carracci, Barocci, Canaletto, Tiepolo and Piranesi are now being exhibited at the Rijksmuseum in a display of drawings from the museum’s Print Room collection.",https://www.rijksmuseum.nl/en/whats-on/exhibitions/past/highlights-of-italian-drawing,"Found on the venue's ""past"" listing page. The venue's page shows only ""Until 18 November"" for this exhibition's dates — no year is published anywhere."
acq,JOAN MIRÓ | JEAN PAUL RIOPELLE PALM BEACH,,,"An exhibition of paintings, sculptures, and collages by Joan Miró and Jean Paul Riopelle on view in Palm Beach. Joan Miró dedicated himself to sculpture late in his storied career, working initially in ceramic before making works which were cast in bronze. The artist created over three hundred bronzes between 1966 and his death in 1983. Unflagging in his aim to explore and redefine the medium of sculpture, at age 81, Miró shared his enthusiasm with his friend Alexander Calder: “I am an established painter but a young sculptor.” Miró first explored three-dimensional objects in the late 1920s and early 1930s—when, inspired in part by Surrealism, he spontaneously combined everyday objects into a series of revolutionary constructions and peinture-objets. In 1949, Miró found a new direction that would galvanize his sculptural practice and further root his sculptures in the natural world. One day, while walking near his summer home in Mont-roig, he came across a rock which he reimagined as a head and had cast in bronze, making his first objet trouvé. Miró began imaginatively and spontaneously combining his found objects with clay modeling to create assemblages, transforming the elements into poetic and suggestive sculptures that would be cast in bronze. The works on view in this exhibition focus on some of the artist’s most significant subjects, including abstracted birds and metaphorical portraits of women incorporating found objects. An important early watercolor and collage work, ""The Wind,"" 1924, is also on view in the exhibition.",https://www.acquavellagalleries.com/exhibitions/joan-miro-jean-paul-riopelle,"Found on the venue's ""all (current/upcoming/past)"" listing page. The venue's page shows only ""SEPTEMBER 2026"" for this exhibition's dates — no day is published, only the month and year."
acq,MATISSE THE PURSUIT OF HARMONY NEW YORK,2026-04-09,2026-05-22,"“I made sculpture because what interested me in painting was the clarification of my ideas. I changed medium and worked in clay as a respite from painting when I had done absolutely all that I could for the moment. Which is to say that it was always for the purpose of organization. It was done to give order to my feelings, to seek a method that completely suited me. When I found it in sculpture, it helped me in painting.” The exhibition is open to the public free of charge and tickets are not required to visit the exhibition. The gallery does not provide timed entries. Acquavella Galleries is pleased to present Matisse: The Pursuit of Harmony, an exhibition featuring fifty paintings, works on paper, and sculpture by Henri Matisse on loan from museums, foundations, and private collections. On view from April 9 through May 22, 2026, the exhibition traces Matisse’s investigation of form in two and three dimensions, from paintings and sculptures made at the start of the 20th century through the next five decades of his career. Although Acquavella has dealt in exceptional works by Matisse for over sixty years, this marks the gallery’s first exhibition devoted to the French artist since 1973. Henri Matisse (1869–1954) is widely regarded as the unparalleled modernist master of color, having revolutionized art with his luminous palette and lyrical color harmonies, but his experimentation with form was equally central to his artistic pursuits. In each chapter of his career, Matisse worked to refine and essentialize his approach to form and the figure. In his own words: “A work of art must be harmonious in its entirety: any superfluous detail would replace some other essential detail in the mind of the spectator.” Simplified, rhythmic forms, often inspired by the graceful, flowing lines of the arabesque, were integral to Matisse’s lifelong pursuit of harmony and balance in his art.",https://www.acquavellagalleries.com/exhibitions/matisse2,"Found on the venue's ""all (current/upcoming/past)"" listing page."
acq,SOFT REINS FROM DEGAS TO FORDJOUR PALM BEACH,2026-02-06,2026-04-06,"The exhibition brings together an expansive dialogue of artists, from Impressionist and modern masters to leading contemporary figures including Jules de Balincourt, Fernando Botero, Will Cotton, Giorgio de Chirico, Edgar Degas, Raoul Dufy, Derek Fordjour, Lucian Freud, Marino Marini, Tomokazu Matsuyama, Joel Mesler, Sarah Miska, Pablo Picasso, Roy Lichtenstein, Robert Longo, Tom Otterness, Susan Rothenberg, Laurie Simmons, Hank Willis Thomas, and Summer Wheat. Acquavella Galleries is pleased to present Soft Reins, a group exhibition exploring the enduring significance of the horse as a powerful symbol and artistic muse, highlighting how the animal has inspired art, mythology, and storytelling throughout art history. Guest curated by the artist Tomokazu Matsuyama, Soft Reins will be on view at Acquavella’s Palm Beach gallery from February 6 through March 22, 2026. An opening reception and panel discussion will also be held at the gallery on the evening of February 6th. The title Soft Reins refers to a dynamic between a horse and its rider: when drawing gently on the reins, the horse responds naturally and without resistance. This intuitive ability and connection between horse and rider mirrors the dynamic between the artist and muse, presenting the horse as an enigmatic source of inspiration across cultures and histories. By presenting a diverse array of artists and media, Soft Reins underscores the horse's lasting impact on the artistic imagination. It highlights its capacity to convey profound messages across distinct cultures and eras, making it a dynamic subject for ever-changing times. The exhibition brings together an expansive dialogue of artists, from Impressionist and modern masters to leading contemporary figures including Jules de Balincourt, Fernando Botero, Will Cotton, Giorgio de Chirico, Edgar Degas, Raoul Dufy, Derek Fordjour, Lucian Freud, Marino Marini, Tomokazu Matsuyama, Joel Mesler, Sarah Miska, Pablo Picasso, Roy Lichtenstein, Robert Longo, Tom",https://www.acquavellagalleries.com/exhibitions/soft-reins,"Found on the venue's ""all (current/upcoming/past)"" listing page."
acq,MASTERS OF MODERNISM FROM GAUGUIN TO WARHOL PALM BEACH,2025-12-13,2026-02-02,"Works on view by Pierre Bonnard, Georges Braque, Paul Cézanne, Jean Dubuffet, Paul Gauguin, Alberto Giacometti, Fernand Léger, Brice Marden, Henri Matisse, Joan Miró, Édouard Vuillard, Andy Warhol, and Zao Wou-Ki.",https://www.acquavellagalleries.com/exhibitions/masters-of-modernism,"Found on the venue's ""all (current/upcoming/past)"" listing page."
acq,NICOLE WITTENBERG ALL THE WAY NEW YORK,2025-10-16,2025-12-05,"“I think good paintings are moving images, because they’re not static. Great paintings move.” To read Sarah Messerschmidt's catalogue essay, please click here. Acquavella Galleries is pleased to present All the Way, Nicole Wittenberg’s second solo exhibition with the gallery and her first at Acquavella’s New York location. The exhibition will be on view from October 16 through December 5, 2025. A reception for the artist will be held the evening of Wednesday, October 29, from 5:00 to 7:00 pm. Wittenberg’s return to Acquavella this fall follows the artist’s three solo museum exhibitions over this summer: Maison La Roche, Fondation Le Corbusier, Paris; the Ogunquit Museum of American Art, Ogunquit, Maine; and the Center for Maine Contemporary Art, Rockland, Maine. Several works from Wittenberg’s museum exhibitions in Rockland and Ogunquit will appear in All the Way. All the Way explores painting’s ability to capture the sensation of a singular moment extended over time. Nicole Wittenberg's painting practice takes scenes, elements, and encounters with the natural world as its subject matter. Her landscapes and twisting florals explore the medium’s ability to capture temporal moments as impressions that retain the energy of the experience.",https://www.acquavellagalleries.com/exhibitions/nicole-wittenberg2,"Found on the venue's ""all (current/upcoming/past)"" listing page."
acq,YUKA KASHIHARA STARDUST PALM BEACH,2025-10-15,2025-12-08,"""Everything is connected, and everything is one. Painting, for me, is a way of knowing who I am. Tracing that history back, it became clear to me that I, too, am made of stardust; and that realization felt profoundly natural. The primeval landscapes I have encountered in my life, too, if traced back far enough, were once stardust."" Acquavella Galleries is pleased to present Stardust, a solo exhibition of fifteen paintings by the Japanese artist Yuka Kashihara in its Palm Beach gallery, on view from October 15 through December 8, 2025. This suite of acrylic and oil paintings on canvas marks a continuation of the artist’s interest in imagining the otherworldly, while looking even farther to the cosmos. Her work is often sparked by instigating moments and views observed while traveling or walking, which she then blends with conjured vistas. In her new paintings, Kashihara explores our connection with the ancient and cosmic, combining the two ideas by exploring the origin of all organic matter, beginning deep in space. Kashihara cites Marcus Chown’s book, The Magic Furnace, as an inspiration for her new work. He states: “Every atom in our bodies has an extraordinary history. Our blood, our food, our books, our clothes–everything contains atoms forged in blistering furnaces deep inside stars, which were blown into space by those stars’ cataclysmic explosions and deaths…The birth of every atom was marked by cosmic events on an enormous scale, against a backdrop of unimaginable heat and cold, brightness and darkness, space and time.” The artist’s newest body of work draws on this idea of celestial kinship.",https://www.acquavellagalleries.com/exhibitions/yuka-kashihara2,"Found on the venue's ""all (current/upcoming/past)"" listing page."
acq,MIQUEL BARCELÓ NEW YORK,2025-04-24,2025-05-30,"""Painting is an urge that swallows you whole. You don't know exactly where you're going. You lose yourself completely and you end up doing something you had forgotten, or something you wanted to do without knowing how you got there. A miracle that repeats itself differently each time. It's a primitive thing, a vital thing. I felt it right away when I was painting beside my mother at twelve years old."" Acquavella Galleries is pleased to present Miquel Barceló, the renowned Spanish artist’s fourth solo exhibition with the gallery. The exhibition presents over two dozen new paintings and a selection of recent ceramic works, featuring the artist’s signature use of layered materiality, vivid color, and richly textured surfaces. The exhibition is on view April 24 to May 30, 2025 at Acquavella’s New York location. Over the past four and a half decades, the Spanish artist Miquel Barceló (b. 1957) has explored a diverse range of media, including painting, works on paper, ceramic, bronze sculpture, large-scale installation, and performance. In addition to his deep-rooted connection to Spain and his native Mallorca, Barceló draws inspiration from his global travels, continuously experimenting with new materials and techniques influenced by ancient and contemporary cultural traditions. Throughout his practice, the artist’s fascination with the natural world has been central, resulting in textured canvases filled with earthly materiality, tactile surfaces, and compositions inspired by the effects of light and ever-changing colors of the sea. In his latest series of paintings, Barceló deepens his engagement with organic subject matter, drawing inspiration from the sea surrounding Mallorca, where he lives and works in addition to Paris. In densely layered surfaces, Barceló’s new “still life” paintings feature scenes filled with tropical fish, crabs, shells, crustaceans, and marine vegetation that emerge from layers of muted chromatic grays in brilliant hues of red and blue. Traces",https://www.acquavellagalleries.com/exhibitions/miquel-barcelo4,"Found on the venue's ""all (current/upcoming/past)"" listing page."
acq,JOANI TREMBLAY ALL THE WILD THAT REMAINS PALM BEACH,2025-04-17,2025-06-15,"""In a more general sense, my work is about our ideas around place as a whole and the sense of multiple and yet simultaneously layered experiences of landscape we all have. We all have false memories of places we have never been to, may that be the rock formations of Arizona, Niagara Falls or the idea of the California sun washing colors. We are in an age where nature is pictured in everything from films and photographs to theme park attractions, computer games, and advertisements, from pages to screens to physical spaces and back again. These simulations and reproductions of diverse landscapes get combined with our own memory of places and create these vaguely familiar places we have never been too, or an odd feeling of knowing somewhere when it is our first time setting foot there."" Exhibition Preview: Wednesday, April 16th, from 6-7:30pm in Palm Beach. Acquavella Palm Beach is pleased to present All the Wild That Remains, Joani Tremblay’s first solo exhibition with the gallery and her first in Palm Beach. The exhibition features several new paintings that span two signature bodies of work including large-scale landscapes and intimate flower paintings. Working between her studios in Montreal, Canada and the Mojave Desert in California, Tremblay continues her exploration of our personal and collective relationship with the natural world. All the Wild That Remains will be on view from April 17 through June 15, 2025 at Acquavella Galleries’ Palm Beach location. Tremblay’s work explores both the physical experience of nature and our perception of it, which is often mediated through its ubiquitous representation in media, informing what the artist describes as “painting from a constructed idea of place.” Eschewing traditional approaches to landscape painting, Tremblay begins each work by assembling source materials and images culled from online sources, as well as through field observation, texts, and memory, to create digital collages that evolve through many iteration",https://www.acquavellagalleries.com/exhibitions/joani-tremblay,"Found on the venue's ""all (current/upcoming/past)"" listing page."
acq,POSTWAR ABSTRACTION MOVEMENT AND FORM PALM BEACH,2025-02-28,2025-04-13,"""In every work of art, there is a balance between control and spontaneity. It is this delicate dance that creates a sense of tension and energy.” © 2025 The Estate of David Smith / Licensed by VAGA at Artists Rights Society (ARS), NY Palm Beach, FL – Acquavella Galleries is pleased to present Postwar Abstraction: Movement and Form, a group exhibition exploring the breadth of abstract art in the second half of the 20th century from artists Carl Andre, John Chamberlain, Willem de Kooning, Richard Diebenkorn, Ellsworth Kelly, Kenneth Noland, Jackson Pollock, Jean Paul Riopelle, and David Smith. The ten featured artists pursued and pushed abstraction in new directions, resulting in their spearheading movements like Abstract Expressionism, Color Field painting, and Minimalism. When placed in dialogue with one another in this exhibition, these works show the overlap of ideas and concepts that informed the artists and these movements.",https://www.acquavellagalleries.com/exhibitions/postwar-abstraction,"Found on the venue's ""all (current/upcoming/past)"" listing page."
acq,PORTRAITURE: FROM CASSATT TO WARHOL NEW YORK,2025-01-21,2025-04-04,"New York, NY – Acquavella Galleries is pleased to present Portraiture: From Cassatt to Warhol, a group exhibition exploring portraiture, with paintings and sculptures spanning over a century and different styles of representation, from Impressionism to today. Artists include Francis Bacon, Billy Al Bengston, Pierre Bonnard, Dominic Chambers, Jean Dubuffet, Nicole Eisenman, Lucian Freud, Alberto Giacometti, Damian Loeb, Henri Matisse, Joan Miró, Chris Ofili, Tom Sachs, Wayne Thiebaud, Édouard Vuillard, Andy Warhol, and Hannah Wilke. The exhibition opened at the gallery’s Palm Beach location November 20th, 2024, and will open in New York January 21st, 2025. Portraiture: From Cassatt to Warhol brings together works that delve into the techniques and methods that artists have utilized to represent their subjects in portraiture. Showing works by artists across the spectrum of the Impressionist, modern, and contemporary periods, the exhibition reflects the disparate ways of seeing and portraying, with a particular focus on the relationship between painter and model. Through these varying perspectives, the simulacrum undergoes shifts and transformations that illustrate the breadth of portraiture while delving into the genre’s inherent intimacy. © 1986 The Andy Warhol Foundation for the Visual Arts, Inc. / Licensed by Artists Rights Society (ARS), New York Among the selection of artworks is Andy Warhol’s iconic Self-Portrait (Fright Wig) (1986). Created during the penultimate year of Warhol’s life, the silkscreen painting ranks among the artist’s most recognized and familiar images. Self-Portrait (Fright Wig) is complemented by an earlier self-portrait by the artist, Self-Portrait (1964), offering two starkly different representations of the artist at different moments in his life. Created at the outset of his career, the 1964 painting marks a starting point for Warhol’s career-long engagement with the construction of identity as it pertained to composing his public persona",https://www.acquavellagalleries.com/exhibitions/portraiture-from-cassatt-to-warhol,"Found on the venue's ""all (current/upcoming/past)"" listing page. The same exhibition is also shown at Palm Beach."
acq,HARUMI KLOSSOWSKA DE ROLA SACRED WOODS PALM BEACH,2025-01-11,2025-02-23,"“My main inspiration is about wild animals, or plants or trees; they’re not domesticated in my work. I look through my mother’s eyes, through animism… Nature is cruel, but we’ve utterly separated ourselves from the natural world, where we were surrounded by species more powerful than ours. It’s important for us today to get reacquainted with nature and with fear, to help make us aware that animals are just as important as we are.” Acquavella Galleries Palm Beach is pleased to present Harumi Klossowska de Rola: Sacred Woods, its first solo exhibition of the Swiss-based artist Harumi Klossowska de Rola. Titled Sacred Woods, the exhibition features new and recent sculptures that explore the artist’s reverential fascination with the beauty of the natural and untamed world. Inspired by the grace and majesty of the animal kingdom, the show includes over a dozen sensitively rendered animals crafted out of bronze, alabaster, or wood; each sculpture is ennobled with a sense of spirit, physicality, and emotion. Sentient and animate, her artworks function as living, totemic entities, creating a bridge between nature and mankind. The passage of time and a rich sense of history is integral to Harumi’s work. Her handcrafted sculptures incorporatematerials layered with age and history, embracing how mediums such as bronze will evolve and oxidize over time. With an exquisite attention to detail and surface, they feature rich patinas, often highlighted with passages of gold leaf. Each exquisitely rendered sculpture begins with extensive preparatory drawings and modeling before the artist arrives at the final form. To make her sculptures, Harumi collaborates closely with skilled foundry artisans, often at the Fonderie de Coubertin in Saint-Rémy-lès-Chevreuse or the Fonderie Patrick Laroche in Paris, where many of the sculptures are cast. Klossowska’s command of material and her keen attention to detail across her artistic practice is evident in each object. Drawing inspiration from",https://www.acquavellagalleries.com/exhibitions/harumi-klossowska-de-rola,"Found on the venue's ""all (current/upcoming/past)"" listing page."
acq,PORTRAITURE FROM CASSATT TO WARHOL PALM BEACH,2024-11-22,2025-01-05,"A group exhibition exploring portraiture, with paintings, works on paper, and sculptures by include Billy Al Bengston, Pierre Bonnard, Mary Cassatt, Dominic Chambers, Willem de Kooning, Jean Dubuffet, Nicole Eisenman, Lucian Freud, Alberto Giacometti, Henri Laurens, Henri Matisse, Joan Miró, Pablo Picasso, Man Ray, Susan Rothenberg, Tom Sachs, Wayne Thiebaud, Édouard Vuillard, Andy Warhol, Hannah Wilke, and Dustin Yellin. Acquavella Galleries is pleased to present Portraiture: From Cassatt to Freud, a group exhibition exploring portraiture, with paintings and sculptures spanning over a century and different styles of representation, from Impressionism to today. Artists include Billy Al Bengston, Pierre Bonnard, Mary Cassatt, Dominic Chambers, Willem de Kooning, Jean Dubuffet, Nicole Eisenman, Lucian Freud, Alberto Giacometti, Henri Laurens, Henri Matisse, Joan Miró, Pablo Picasso, Man Ray, Susan Rothenberg, Tom Sachs, Wayne Thiebaud, Édouard Vuillard, Andy Warhol, Hannah Wilke, and Dustin Yellin. The exhibition will open at the gallery’s Palm Beach location November 20, 2024, and travel to New York in January of 2025. Portraiture: From Cassatt to Freud brings together works that delve into the techniques and methods that artists have utilized to represent their subjects in portraiture. Showing works by artists across the spectrum of the Impressionist, modern, and contemporary periods, the exhibition reflects the disparate ways of seeing and portraying, with a particular focus on the relationship between painter and model. Through these varying perspectives, the simulacrum undergoes shifts and transformations that illustrate the breadth of portraiture while delving into the genre’s inherent intimacy. Among the selection of artworks is Andy Warhol’s iconic Self-Portrait (Fright Wig) (1986). Created during the penultimate year of Warhol’s life, the silkscreen painting ranks among the artist’s most recognized and familiar images. Self-Portrait (Fright Wig) is complement",https://www.acquavellagalleries.com/exhibitions/portraiture,"Found on the venue's ""all (current/upcoming/past)"" listing page. The same exhibition is also shown at New York."
acq,TOM SACHS BRONZE NEW YORK,2024-11-07,2024-12-13,"""Picasso: the word is synonymous with art. For years, I’ve studied so many systems. McDonald’s, architecture of Le Corbusier and the Bauhaus, military-industrial systems. For me, it was a way of trying to understand Picasso the way I would understand a battleship or a skyscraper. To understand how something is made. So, working with Picassos and understanding them is a way of taking them apart."" New York, NY (October 7, 2024) – Acquavella Galleries is pleased to present our fifth solo exhibition with Tom Sachs. Titled Bronze, the exhibition features new and recent bronze sculptures by the artist and will be on view at our New York gallery from November 7—December 13, 2024. In this exhibition, Sachs continues his formal investigation and exploration of the modernist canon. Guided by the iconoclastic spirit and wit of Marcel Duchamp’s iconic “readymades,” Sachs employs his signature bricolage technique to reimagine sculptures by Pablo Picasso and Constantin Brâncuși. Drawing on an interplay between technical production and quotidian materials, these sculptures question traditional conceptions of what constitutes a work of art. Previous bodies of work have also engaged the annals of modernism, including Sachs’s take on Piet Mondrian’s abstractions in the 1990s, recreated out of duct tape and plywood; foamcore interpretations of Le Corbusier's housing complexes in the aughts; and, more recently, the reimagining of Picasso’s paintings, particularly from the so-called “war years” period between 1937 and 1945. Bronze features twelve sculptures, each constructed from a bricolage of found, everyday objects, which have been cast in bronze and painted with enamel. Drawing from Picasso’s sculpted oeuvre, Sachs’s new works are in dialogue with sculptures the Spanish artist created from the 1930s through the early 1950s, many of which were also assemblage sculptures constructed out of found materials.",https://www.acquavellagalleries.com/exhibitions/tom-sachs3,"Found on the venue's ""all (current/upcoming/past)"" listing page."
acq,JACOB EL HANANI DRAWING ON CANVAS NEW YORK,2024-09-10,2024-10-18,"“It is a personal challenge to bring drawing to the extreme and see how far my eyes and fingers can go.” New York, NY­­–July 24th, 2024– Acquavella Galleries is pleased to present Drawing on Canvas, an exhibition of new and recent works by the artist Jacob El Hanani. In his fifth solo exhibition with the gallery, El Hanani displays a masterful dedication to the craft that he has honed over the past 50 years. Constructing abstract pen and ink drawings that involve the artist applying thousands of marks by hand, El Hanani continues his trademark practice in Drawing on Canvas while incorporating his recent shift from working on paper to working on gessoed canvas on a much larger scale. The subtle, amorphous surfaces of these canvases upon closer inspection reveal dense webs of lines and patterns, built from repeated, rudimentary marks—often simple lines or circles. As the elemental forms grow into increasingly complex patterns, the entire canvas transforms into something much more than a summation of its parts. Day by day, El Hanani slowly creates these drawings over the course of months, his ceaseless labor equally as impressive as the resulting artworks. El Hanani’s work is informed by the meditative rigor found in the Jewish practices and traditions in which he was raised. Most clearly, the artist is in dialogue with micrography, an ancient art of calligrams that once decorated Hebrew Bibles and religious manuscripts. Like these historic drawings, each small mark on El Hanani’s canvases is a gesture in storytelling and world-building.",https://www.acquavellagalleries.com/exhibitions/jacob-el-hanani,"Found on the venue's ""all (current/upcoming/past)"" listing page."
acq,"JAMES ROSENQUIST AT MOMA F-111 ON VIEW IN THE WERNER AND ELAINE DANNHEISSER GALLERY, FOURTH FLOOR",2012-01-26,,"For installation website with interactive features, please visit: http://www.moma.org/explore/f111",https://www.acquavellagalleries.com/exhibitions/james-rosenquist-at-moma,"Found on the venue's ""all (current/upcoming/past)"" listing page. No closing date found anywhere on the venue's pages."
borghese,METAMORPHOSES OVID AND THE ARTS,2026-06-23,2026-09-20,"From June 23 to September 20, 2026, with an extraordinary extension through October 11, Galleria Borghese hosts Metamorphoses. Ovid and the Arts, a major exhibition project developed in collaboration with the Rijksmuseum, Amsterdam. Curated by Francesca Cappelletti and Frits Scholten, the exhibition was conceived through a shared scholarly dialogue between the two institutions. Following its Dutch presentation, which will close on 25 May, the project will travel to Rome in June, where it will be presented in an autonomous and original configuration. Taking Ovid’s Metamorphoses – one of the foundational and most enduring texts of the Western imagination – as its point of departure, the project explores the theme of transformation as a universal principle and as a key to interpreting the cosmos, matter, and the human condition. Ovid’s poem thus becomes the gateway to a worldview grounded in change, in the instability of forms, and in the permeability of boundaries between the human, the natural, and the divine. The spaces of Galleria Borghese constitute a particularly privileged context for the development of this exhibition project. The very foundation of the villa fuori Porta Pinciana is rooted in the symbolic universe of the Metamorphoses, making this site not only suitable but intrinsically connected to the theme of the exhibition. Cardinal Scipione Borghese commissioned the construction of the Casino nobile to house part of his collection, conceiving the architecture as a cultural device capable of weaving together myth, art, and self-representation within a coherent system of meanings. This vocation was further reinforced in the eighteenth century through the restorations commissioned by Marcantonio IV Borghese and entrusted to Antonio Asprucci, who reorganised the interiors by placing sculptures at the centre of the rooms and integrating them within a decorative programme inspired by the Metamorphoses, thereby shaping a context in which the presence of Ovid bec",https://galleriaborghese.cultura.gov.it/en/exhibition/metamorphoses/,"Found on the venue's ""current"" listing page. opening and closing date read from a sentence, not a date field: ""June 23 to September 20, 2026""."
borghese,[upcoming page],,,,https://galleriaborghese.cultura.gov.it/en/mostre/future/,"The venue's ""upcoming"" listing page loaded but no exhibitions could be read from it. Marker row, not an exhibition."
borghese,RETURN TO GALLERIA BORGHESE. GIOVAN FRANCESCO PENNI AND RAPHAEL’S WORKSHOP,2026-03-17,2026-05-10,"From March 17 to May 10, 2026, Galleria Borghese will host an exhibition curated by Lucia Calzona, dedicated to the “homecoming” of a precious allegory, the Allegory of Good Hope, attributed to Giovan Francesco Penni and acquired at auction on May 14, 2025. This acquisition is part of a project, strongly championed by the museum, to recompose and restore the original appearance of its collection through a careful and rigorous process of reconstructing the museum’s historical and collecting identity. With Return to Galleria Borghese, alongside the exhibition Marcello Provenzale of Cento: A Genius of Baroque Mosaic in the Rome of the Borghese , the museum resumes its program of “dossier exhibitions.” These are research projects focused on a selected number of works from the collection, designed to explore crucial turning points in its history and restore its original character to the public, refocusing attention on a central chapter of its collecting legacy through history, attributions, and critical rediscovery. The arched panel, whose Borghese provenance is documented in 17th-century inventories as a work by Raphael—to whom Penni was a close collaborator—is displayed in the very room that houses Renaissance painting and the masterpieces of the great Umbrian and Tuscan master, marking a reunification awaited for over two centuries. The allegory is presented alongside Charity, its original pendant, now in a private collection. The reconstruction of this diptych, which was separated at the end of the 18th century, provides an opportunity to reinterpret a decisive passage in the collection’s history, from its first mentions in inventories to the Ottley sales (1797–1799), which dispersed numerous works under the pressure of Napoleonic events.",https://galleriaborghese.cultura.gov.it/en/exhibition/return-to-the-galleria-borghese/,"Found on the venue's ""past"" listing page. opening and closing date read from a sentence, not a date field: ""March 17 to May 10, 2026""."
borghese,MARCELLO PROVENZALE FROM CENTO. A GENIUS OF BAROQUE MOSAIC IN BORGHESE ROME,2026-03-17,2026-05-10,"On March 17, and running until May 10, 2026, Galleria Borghese inaugurates the exhibition Marcello Provenzale from Cento: A Genius of Baroque Mosaic in Borghese Rome. Produced in collaboration with the Pinacoteca Civica “il Guercino” in Cento—where the exhibition will move in a different configuration from October 2, 2026, to January 10, 2027—the show brings back to center stage the figure of Marcello Provenzale, a leading figure in the rebirth of mosaic in the Rome of Paul V and one of the most significant moments in the revival of this practice between the 16th and 17th centuries. On the 450th anniversary of the artist’s birth, Galleria celebrates a key protagonist of artistic culture in Borghese Rome, a central figure in the transformation of mosaic into a modern language within the climate of the Counter-Reformation. With Marcello Provenzale from Cento, and the exhibition Return to Galleria Borghese: Giovan Francesco Penni and Raphael’s Workshop, the museum resumes its program of “dossier exhibitions.” These research projects, dedicated to a selected number of works from the collection, are designed to explore crucial turning points in its history and restore its original character to the public, refocusing attention on a central chapter of its collecting legacy through history, attributions, and critical rediscovery. Born in Cento in 1576 and trained as a painter, Provenzale specialized in mosaic art in Rome, participating in the construction sites of St. Peter’s Basilica starting in 1600. Working in the Clementine Chapel and on the decoration of the dome, he distinguished himself by his ability to translate the pictorial qualities of color and light into glass tesserae. Thanks to his skill, Pope Paul V entrusted him with prestigious commissions, including the execution of the Borghese coat of arms in the nave of St. Peter’s and the restoration of Giotto’s Navicella (1617–1618). In 1616, the pontiff officially recognized him for the invention of “a new way of m",https://galleriaborghese.cultura.gov.it/en/exhibition/marcello-provenzale-from-cento/,"Found on the venue's ""past"" listing page. opening and closing date read from a sentence, not a date field: ""March 17, and running until May 10, 2026""."
borghese,ZANABAZAR AT THE GALLERIA BORGHESE. FROM MONGOLIA TO THE GLOBAL BAROQUE,2026-01-20,2026-02-22,"From 20 January to 22 February 2026, the Galleria Borghese, in collaboration with the Asian Art Museum of Turin, will host two extraordinary works by the Mongolian artist Zanabazar, presenting an unprecedented dialogue between East and West under the sign of “global baroque.” In the century of Gian Lorenzo Bernini, the absolute genius of European Baroque – sculptor, painter, and architect, whose ideal home is today the Galleria Borghese thanks to the patronage of Cardinal Scipione Borghese – Asia, too, saw the rise of a figure of comparable stature: Zanabazar (1635–1723). Born in the heart of the Asian steppe, within one of the largest empires ever built by humankind, Eshidorji belonged to the noble lineage of Genghis Khan. Renowned by his spiritual name, Zanabazar, he was recognized as Öndör Gegeen, “His Holiness the Enlightened One”: the first Khutuktu Jetsundamba, the title of the highest religious authority of the Gelug school of Tibetan Buddhism in Mongolia, venerated as the reincarnation of one of the original five hundred disciples of the Buddha. An exceptionally charismatic spiritual leader, Zanabazar was also a brilliant linguist and, above all, the greatest Mongolian sculptor of the early modern period. To him and to his disciples we owe works profoundly inspired by travels and periods of residence in Tibetan monasteries, revered as sacred objects in places of worship and in the temples he founded throughout Mongolia. Among these, the representations of the Taras stand out for their exceptionally high aesthetic value: female manifestations of the Buddha, deities associated with protection, liberation, and the inner states of being.",https://galleriaborghese.cultura.gov.it/en/exhibition/zanabazar-at-the-galleria-borghese-from-mongolia-to-the-global-baroque/,"Found on the venue's ""past"" listing page. opening and closing date read from a sentence, not a date field: ""20 January to 22 February 2026""."
borghese,WANGECHI MUTU – BLACK SOIL POEMS,2025-06-10,2025-09-14,"From June 10 to September 14, 2025, Galleria Borghese presents, for the first time within the residence of Cardinal Scipione, a solo exhibition by Kenyan-American artist Wangechi Mutu, titled Black Soil Poems, curated by Cloé Perrone. Like the recently concluded exhibition dedicated to the Baroque poet Giovan Battista Marino, this project also stems from the museum’s ongoing interest in poetry. Conceived as a site-specific intervention, it unfolds throughout the museum’s interior galleries, its façade, and the Secret Gardens. It challenges classical tradition through suspensions, fragmented forms, and newly imagined mythologies, establishing a multilayered dialogue between the artist’s contemporary language and the symbolic institutional authority. The title evokes the dual nature of Mutu’s practice: poetic and mythological, yet deeply connected to contemporary social and material contexts. “Black soil” — rich and malleable under the rain, almost like clay — appears across multiple geographies, including the Secret Gardens of the Galleria Borghese, which resonate with the artist’s imagination. From this soil, the sculptures seem to emerge, as if molded by a primordial force, giving shape to stories, myths, memories, and poems. The metaphor underscores the generative and transformative power of her work: rooted in materiality, yet open to multiple future interpretations. Wangechi Mutu’s intervention introduces a new vocabulary into the historical and symbolic architecture of the Galleria Borghese. Through sculpture, installation, and moving image, the artist proposes an innovative approach to the museum space — one that challenges hierarchy, permanence, and fixed meaning. Her works question the visual weight and authority of the collection through strategies of suspension, fluidity, and fragmentation. In doing so, the museum is no longer presented as a static container of objects, but as a living organism, in continuous transformation, shaped by loss, adaptation, and",https://galleriaborghese.cultura.gov.it/en/exhibition/black-soil-poems/,"Found on the venue's ""past"" listing page. opening and closing date read from a sentence, not a date field: ""June 10 to September 14, 2025""."
borghese,POETRY AND PAINTING IN THE 17TH CENTURY. GIOVAN BATTISTA MARINO AND THE MARVELOUS PASSION.,2024-11-19,2025-02-09,"With Poetry and Painting in the 17th Century. Giovan Battista Marino and the Marvelous Passion, the exhibition scheduled from November 19, 2024, to February 9, 2025, the Galleria Borghese explores, through an original project, the connections between poetry and painting, sacred and profane, literature, art, and power in the early 17th century. Following the path offered by the texts of Giovan Battista Marino (1569-1625), the exhibition traces a journey through the great Renaissance and Baroque art, from Titian to Tintoretto, from Correggio to the Carracci, from Rubens to Poussin, celebrating the greatest Italian poet of the 17th century and his 'marvelous' passion for painting. Curated by Emilio Russo, Patrizia Tosini, and Andrea Zezza, the exhibition focuses on the golden age of the Baroque in painting and literature, a period during which the relationship between the two arts finds perhaps its highest expression in the life and works of the poet. Known for his poem Adone (1623), centered on the love story between Adonis and Venus, Giovan Battista Marino is also the author of La Galeria (1619), a collection of 624 poetic compositions dedicated to an equal number of works of art, divided between Paintings and Sculptures, Fables and Histories. This collection was crafted with a play of reflections and a continuous expressive challenge between poetic texts and works of art, real or imaginary.",https://galleriaborghese.cultura.gov.it/en/exhibition/poetry-and-painting-in-the-17th-century-giovan-battista-marino-and-the-marvelous-passion/,"Found on the venue's ""past"" listing page. opening and closing date read from a sentence, not a date field: ""November 19, 2024, to February 9, 2025""."
borghese,LOUISE BOURGEOIS. UNCONSCIOUS MEMORIES,,,,https://galleriaborghese.cultura.gov.it/en/exhibition/louise-bourgeois-unconscious-memories/,"Found on the venue's ""past"" listing page. No description could be found on this exhibition's own page. The venue's page shows only ""June / 2024"" for this exhibition's dates — no day is published, only the month and year."
frick,"Siena: The Art of Bronze, 1450–1500",2026-10-15,2027-01-18,"Siena: The Art of Bronze, 1450–1500 is the first exhibition to focus on Siena as a center of artistic excellence and technical innovation in bronze sculpture during the Italian Renaissance. The show brings together nearly forty works in bronze, including statues, reliefs, candelabra, medals, and more—many of which have never been exhibited outside of Tuscany—by some of the most influential sculptors in this period, among them Donatello, Vecchietta, and Francesco di Giorgio. Building on popular past presentations of bronze sculpture at the Frick, the exhibition invites visitors to appreciate the medium’s beauty and versatility while learning about the complex technical and political challenges that the Sienese bronzeworkers faced. The Art of Bronze is presented in the Ronald S. Lauder Exhibition Galleries and is organized by Giulio Dalvit, the Frick’s Associate Curator, who will also author an accompanying catalogue alongside a team of international contributors. Leadership support is provided by an anonymous donor in honor of Ian Wardropper and by Margot and Jeremiah M. Bogert, Elizabeth M. and Jean-Marie R. Eveillard, and The Christian Humann Foundation. Major support is provided by Clémence and William von Mueffling, Fondazione Bracco, the Robert Lehman Foundation, the David L. Klein, Jr. Foundation, The Eric & Jane Nord Family Fund for Exhibition Programming, and The Gladys Krieble Delmas Foundation. Additional support is provided by Filippo Benappi; Andrew Butterfield and Claire Schiffman; The Helen Clay Frick Foundation; Mr. and Mrs. Hubert L. Goldschmidt; Jon and Barbara Landau; Wendy Lewison; Carlo Orsi, Trinity Fine Art; Jane Richards; Sabina and Harlan Stone; the Malcolm Hewitt Wiener Foundation; Bosilika An in honor of the Abbruzzese Family; Eric Blair-Joannou; Loren Davis; Bailey Foote; and Alexander Mason Hankin.",https://www.frick.org/exhibitions/siena,"Found on the venue's ""current/upcoming"" listing page. opening and closing date read from a sentence, not a date field: ""October 15, 2026 to January 18, 2027""."
frick,Kent Monkman: Officer and Laughing Girl,2026-11-12,2027-02-22,"This fall, in its intimate Cabinet Gallery, The Frick Collection will present an installation of new paintings by the contemporary artist Kent Monkman (b. Canada, 1965), whose practice explores historic European art and narratives from an Indigenous perspective. For this project, Monkman takes inspiration from Officer and Laughing Girl (ca. 1657), one of the Frick’s three paintings by the seventeenth-century Dutch artist Johannes Vermeer, to probe the ways in which it and other artworks of its time represented the effects of global trade and colonization. With his characteristic humor, style, and deeply researched iconography, Monkman deploys his alter ego—the time-traveling, shapeshifting, gender-fluid Miss Chief—to imagine an evolution of Indigenous and European encounters over the last five centuries, with their attendant cultural, technological, and environmental changes. After experiencing the installation, visitors will be able to proceed to the nearby South Hall, in the permanent collection galleries, to view the beloved work by Vermeer that prompted the series. The exhibition, which will travel from the Frick to the Beaverbrook Art Gallery in Fredericton, New Brunswick, Canada, will be accompanied by a bilingual English–Canadian French catalogue featuring texts by Monkman, Aimee Ng, the Frick's Peter Jay Sharp Chief Curator, and Emma Hassencahl-Perley, Curator of Indigenous Art at the Beaverbrook. Leadership support for this exhibition is provided by Rosamond Ivey and the Henry Luce Foundation. Additional support is provided by Dr. Taiheng Cheng and by Sandra Wijnberg and Hugh Freund.",https://www.frick.org/exhibitions/monkman,"Found on the venue's ""current/upcoming"" listing page. opening and closing date read from a sentence, not a date field: ""November 12, 2026 to February 22, 2027""."
frick,Painting with Fire: Susanne de Court and the Art of Enamel,2027-04-08,2027-07-12,"In the spring of 2027, The Frick Collection will present the first exhibition ever dedicated to the French enameler Susanne de Court. Active around 1600, De Court is a significant yet enigmatic figure in the creation of painted enamels—one of the distinctive art forms of the French Renaissance, treasured over the centuries for its durability, lively religious and mythological subjects, and jewel-like colors. With nearly one hundred surviving works, De Court is the only woman known to have made enamels in her era and is widely believed to have been the only woman to lead a workshop in Limoges, the center of enamel production in France. This exhibition will bring together, for the first time, around fifty of De Court’s signed works, inviting visitors to discover the artist’s practice and some of the finest examples of her extraordinary output. The works on display will showcase her distinctive techniques—notably her layering of exquisite red, green, and blue translucent enamel over small pieces of foil—and will illustrate the range and complexity of De Court’s oeuvre, from luxurious vessels and plates to large ensembles and small objects, such as purses and plaques for watches or mirrors. Three works from the Frick’s permanent collection will anchor the exhibition: a pair of saltcellars featuring scenes from the myth of Orpheus, acquired by Henry Clay Frick in 1916 from the estate of J. P. Morgan, and an oval medallion depicting Apollo and the Muses, a gift to the museum from Alexis Gregory in 2021. The remaining pieces are drawn from public and private collections in the United States and across Europe. The enamels will be complemented by a selection of prints by major sixteenth-century engravers from which De Court drew inspiration for narratives and compositions, creating a rare opportunity to study her works alongside contemporary sources. Painting with Fire: Susanne de Court and the Art of Enamel is organized by Marie-Laure Buku Pongo, the Frick’s Associate Curat",https://www.frick.org/exhibitions/de_court,"Found on the venue's ""current/upcoming"" listing page. opening and closing date read from a sentence, not a date field: ""April 8, 2027 to July 12, 2027""."
frick,Ruffles & Ribbons: Fashion Plates from the Time of Marie Antoinette,2026-04-01,2026-08-03,"Organized in conjunction with Gainsborough: The Fashion of Portraiture, this Cabinet installation presents twenty-four hand-colored engravings that depict French fashion in the late eighteenth century. These engravings, known as fashion plates, are selected from Gallerie des modes et costumes français (1778–87), the largest and most influential series of such plates at the time. Featuring over four hundred images created by talented designers and engravers in Paris, Gallerie des modes inspired many competitors and counterfeits across Europe. Its success anticipated the arrival of true fashion magazines, such as Cabinet des modes (1785–93). Catering to an increasingly fashion-conscious public, Gallerie des modes shows a wide range of poufs, headwear, jewelry and ensembles worn by French people from various walks of life. Touted as “d’après nature” (drawn from life), these images were presented as accurate representations of the diverse fashions that flourished under the reign of Louis XVI and Marie Antoinette. No complete set of Gallerie des modes survives today. Many were discarded when fashions changed, and others could have been destroyed during the French Revolution due to their association with the decadence of the ancien régime. The Frick Art Research Library has an impressive collection of three hundred and seventy original prints, a selection of which are on view at the Frick for the first time. Ruffles & Ribbons: Fashion Plates from the Time of Marie Antoinette is organized by Yifu Liu, the Frick’s 2024–26 Anne L. Poulet Curatorial Fellow, and is accompanied by an illustrated catalogue. Ruffles & Ribbons: Fashion Plates from the Time of Marie Antoinette showcases a selection of works from a gift by Melinda Martin Sullivan. This exhibition is made possible by The Gilbert & Ildiko Butler Family Foundation, Inc.; Michael and Jane Horvitz; The Helen Clay Frick Foundation; the Mellon Foundation; Brook and Melissa Dane; and The Eden Arts Foundation.",https://www.frick.org/exhibitions/ruffles,"Found on the venue's ""current/upcoming"" listing page. Also listed on the venue's ""past"" page. Also listed on the venue's ""past"" page."
frick,Gainsborough: The Fashion of Portraiture,2026-02-12,2026-05-25,"Gainsborough: The Fashion of Portraiture explores the relationship between works by period-defining English artist Thomas Gainsborough and fashion, a concept and industry that touched nearly every aspect of British society in the eighteenth century. The artist’s painted images were subject to the same forces of fashion as the people they depict. Like the cut and cloth of a jacket, the shape, size, and facture of a painted portrait could be avant-garde or passé. In Gainsborough’s world, the trappings, trade, and power of fashion were everywhere—from magazines to tailor shops, from the opera to promenades—and his portraits were at the heart of it all. The museum’s first special exhibition dedicated to the artist—and the first devoted to Gainsborough’s portraiture ever held in New York—this show brings together over two dozen of Gainsborough’s most spectacular portraits from across North America and the United Kingdom, representing each stage of his four-decade career. Technical investigations conducted in collaboration with conservators at The Metropolitan Museum of Art, the J. Paul Getty Museum, and the Yale Center for British Art will also shed light on Gainsborough’s artistic process and materials, exploring connections between his practice and goods that fueled the fashion industry—from dyes, pigments, and cosmetics to textiles and jewelry. This exhibition is organized by Aimee Ng, the Frick’s Peter Jay Sharp Chief Curator, and is complemented by a richly illustrated catalogue and robust calendar of programs.",https://www.frick.org/exhibitions/gainsborough,"Found on the venue's ""current/upcoming"" listing page. Also listed on the venue's ""past"" page. Also listed on the venue's ""past"" page. Also listed on the venue's ""past"" page."
frick,To the Holy Sepulcher: Treasures from the Terra Sancta Museum,2025-10-02,2026-01-05,"This groundbreaking exhibition presented more than forty rare objects from the Church of the Holy Sepulcher. Largely unknown to the public until their recent rediscovery, the opulent works range from liturgical objects in gem-encrusted gold and silver to richly decorated vestments in velvet, damask, and other luxurious materials. These treasures were donated by European Catholic monarchs and Holy Roman Emperors in the seventeenth and eighteenth centuries to the church in Jerusalem, the religious center of the Christian faith, and have been safeguarded and used ever since by the Franciscan friars who maintain the site. The works represent the pinnacle of European goldsmithing and textile design of the era, much of which has otherwise been lost or severely damaged. Before the opening of the new Terra Sancta Museum, these items from its holdings traveled to several institutions in Europe and North America, including the Frick—the exhibition’s first venue in the United States. The exhibition was organized by Xavier F. Salomon, the Frick’s Deputy Director and Peter Jay Sharp Chief Curator, along with Jacques Charles-Gaffiot and Benoît Constensoux. Commented Salomon, “This exhibition presents a completely unique opportunity for visitors, building on the Frick’s successful past presentations highlighting masters of European decorative arts. Displayed for the first time in the United States, the exquisite objects in this show are rare survivals, as similar objects were often severely damaged, melted down, or otherwise lost—nothing like them survives in the countries in which they were created. We are deeply grateful for this collaboration with the Custody of the Holy Land as we look ahead to the opening of the Terra Sancta Museum, which will offer a more permanent public display of these treasures.” For his work on the exhibition, occurring over a period of years, Salomon has been awarded the Cross of Merit (Crucem Ex Merito) by the Equestrian Order of the Holy Sepulcher of",https://www.frick.org/exhibitions/holy_sepulcher,"Found on the venue's ""current/upcoming"" listing page. Also listed on the venue's ""past"" page. Also listed on the venue's ""past"" page."
frick,Flora Yukhnovich's Four Seasons,2025-09-03,2026-03-09,"Taking inspiration from the French Rococo, Italian Baroque, and Abstract Expressionist movements, Flora Yukhnovich (b. England, 1990) creates work that is at once modern and timeless by translating historic compositions into contemporary abstractions. Using the Frick’s Four Seasons by François Boucher as a point of departure, Yukhnovich’s site-specific mural covers the walls of the museum’s Cabinet. This project is accompanied by the publication of a new volume in the Frick’s acclaimed Diptych series, which highlights a single masterpiece from the permanent collection by pairing complementary essays by a curator and a contemporary artist, musician, or other cultural luminary. This volume, which will come out later in the fall, will feature a text by Yukhnovich and an essay by Xavier F. Salomon, the Frick’s Deputy Director and Peter Jay Sharp Chief Curator, on the significance of Boucher’s beloved series. Flora Yukhnovich's Four Seasons is made possible by Hauser & Wirth and Victoria Miro. Installation view of Flora Yukhnovich's The Four Seasons (2025; oil on mural cloth) in the Cabinet. © The Frick Collection Related Video: Cocktails with a Curator™: Boucher's ""Four Seasons""",https://www.frick.org/exhibitions/yukhnovich,"Found on the venue's ""past"" listing page. opening and closing date read from a sentence, not a date field: ""September 3, 2025 to March 9, 2026""."
frick,Vermeer’s Love Letters,2025-06-18,2025-08-31,"The unprecedented installation of paintings united in the exhibition Vermeer’s Love Letters pairs the Frick’s Mistress and Maid with special loans of the Rijksmuseum’s Love Letter and the National Gallery of Ireland’s Woman Writing a Letter with Her Maid. Their presentation together in a single gallery for the first time offers visitors an opportunity to consider Vermeer’s treatment of the theme of letters as well as his depiction of women of different social classes. This exhibition is generously funded by the Jasmine Charity Trust in memory of Regina Jaglom Wachter. This exhibition is supported by an indemnity from the Federal Council on the Arts and the Humanities. Johannes Vermeer (1632–1675), Mistress and Maid, ca. 1664–67. Oil on canvas, 35 1/2 x 31 in. (90.2 x 78.7 cm). The Frick Collection, New York",https://www.frick.org/exhibitions/vermeer_love_letters,"Found on the venue's ""past"" listing page. opening and closing date read from a sentence, not a date field: ""June 18, 2025 to August 31, 2025""."
frick,Porcelain Garden: Vladimir Kanevsky at The Frick Collection,2025-04-17,2025-11-17,"Coinciding with the reopening of its newly renovated and enhanced home on Fifth Avenue, The Frick Collection presented a series of commissioned works by sculptor Vladimir Kanevsky (born 1951, Ukraine). Known for his life-like porcelain flowers, Kanevsky's sculptures have been exhibited in museums around the world, including the State Hermitage Museum, St. Petersburg, and Hillwood Estate, Museum and Gardens in Washington, D.C. Kanevsky's opulent creations are meant to evoke the beautiful live bouquets displayed throughout the museum when it first opened to the public in 1935. This installation is made possible through the generous support of Mr. and Mrs. Charles M. Royce, Ellen A. Michelson, Douglas Dockery Thomas, Winifred A. Baker, Patricia Dugan Perlmuth in memory of Bill Perlmuth, Mr. and Mrs. Lionel Goldfrank III, and Dr. Nancy Simon. Gallery view of Vladimir Kanevsky, Foxgloves, 2024–25. Bone china, glazes, copper, and terracotta, on display in the West Vestibule. © The Frick Collection",https://www.frick.org/exhibitions/kanevsky,"Found on the venue's ""past"" listing page. opening and closing date read from a sentence, not a date field: ""April 17, 2025 to November 17, 2025""."
frick,Highlights of Drawings from The Frick Collection,2025-04-17,2025-08-11,"A display of works on paper from the Frick's permanent collection inaugurated the new Cabinet gallery. These sheets are rarely on view due to their sensitivity to light. The selection of twelve works range from sketches to highly finished independent works of art by artists such as Pisanello, Rubens, Goya, and Degas, spanning the fifteenth through nineteenth centuries and complementing the museum's holdings of paintings, sculpture, and decorative arts. This installation is generously funded by The Gilbert & Ildiko Butler Family Foundation, Inc. Claude Lorrain (Claude Gellée) (1604–1682), View from Tivoli, 1651. Black chalk, pen, and iron-gall ink, two shades of iron-gall wash on paper, 7 7/8 x 10 1/2 in. Purchased by The Frick Collection, 1982; ©The Frick Collection",https://www.frick.org/exhibitions/highlights_drawings,"Found on the venue's ""past"" listing page. opening and closing date read from a sentence, not a date field: ""April 17, 2025 to August 11, 2025""."
va,Schiaparelli: Fashion Becomes Art,2026-03-28,2026-11-15,"Here's five things you should know about both Maison Schiaparelli and its ingenious founder, Elsa Schiaparelli Discover the extraordinary details of an iconic 1937 embroidered couture coat, designed by Elsa Schiaparelli in collaboration with the Surrealist artist Jean Cocteau. Spanning 1890 to 2027, this timeline charts the key moments in the life of fashion designer Elsa Schiaparelli Find out more about Elsa Schiaparelli's London branch, opened in 1933, that brought Parisian style to British high society",https://www.vam.ac.uk/exhibitions/schiaparelli,"Found on the venue's ""current/upcoming"" listing page. opening and closing date taken from the site's structured data, not its visible page."
va,"Rising Voices: Contemporary Art from Asia, Australia and the Pacific",2026-05-16,2027-01-10,Discover Naomi Hobson's photographic series 'A Warrior without a Weapon' – striking portraits featuring men and boys with their hair and faces decorated with flowers.,https://www.vam.ac.uk/exhibitions/rising-voices-contemporary-art-from-asia-australia-and-the-pacific,"Found on the venue's ""current/upcoming"" listing page. opening and closing date taken from the site's structured data, not its visible page."
va,"Constantinople to Istanbul: One City, Two Empires",2026-11-07,2027-05-09,Treat yourself or a lucky recipient to the gift of Membership,https://www.vam.ac.uk/exhibitions/constantinople-to-istanbul-one-city-two-empires,"Found on the venue's ""current/upcoming"" listing page. opening and closing date taken from the site's structured data, not its visible page."
va,Punk to Pop,2027-03-13,2028-01-02,Treat yourself or a lucky recipient to the gift of Membership,https://www.vam.ac.uk/exhibitions/punk-to-pop,"Found on the venue's ""current/upcoming"" listing page. opening and closing date taken from the site's structured data, not its visible page."
va,Sculpture in Clay,2027-05-29,2028-02-06,Treat yourself or a lucky recipient to the gift of Membership,https://www.vam.ac.uk/exhibitions/sculpture-in-clay,"Found on the venue's ""current/upcoming"" listing page. opening and closing date taken from the site's structured data, not its visible page."
va,Chintz,2027-09-18,2028-06-04,Treat yourself or a lucky recipient to the gift of Membership,https://www.vam.ac.uk/exhibitions/chintz,"Found on the venue's ""current/upcoming"" listing page. opening and closing date taken from the site's structured data, not its visible page."
va,Lasting Impressions: Women Printmakers 1900 – Now,2025-09-27,2026-09-27,"V&A Members enjoy free and unlimited entry to all exhibitions, a sought-after programme of Members' events, use of our Members' Rooms, at least 10% off in V&A shops, and much more. A print is an image created on one surface, and transferred to another - find out about the variety of printmaking processes From Madame de Pompadour to Mary Cassatt – discover women working in print from the 1700s – 1930s Women have championed print since its invention, but never more so than in the 20th and 21st centuries",https://www.vam.ac.uk/exhibitions/lasting-impressions-women-printmakers-1900-now,"Found on the venue's ""current/upcoming"" listing page. opening and closing date taken from the site's structured data, not its visible page."
va,Adobe Creative Residents On Display,2025-12-02,2026-11-01,"V&A Members enjoy free and unlimited entry to all exhibitions, a sought-after programme of Members' events, use of our Members' Rooms, at least 10% off in V&A shops, and much more.",https://www.vam.ac.uk/exhibitions/the-adobe-creative-residents-on-display,"Found on the venue's ""current/upcoming"" listing page. opening and closing date taken from the site's structured data, not its visible page."
va,Urushi Now: Contemporary Japanese Lacquer,2026-04-30,2027-04-30,"Watch Japanese artist Mine Tanigawa create delicate sculptures using urushi (lacquer), a natural tree sap with a history dating back over 7,000 years",https://www.vam.ac.uk/exhibitions/urushi-now-contemporary-japanese-lacquer,"Found on the venue's ""current/upcoming"" listing page. opening and closing date taken from the site's structured data, not its visible page."
va,Lost Music Venues,2026-05-30,2027-10-30,Treat yourself or a lucky recipient to the gift of Membership,https://www.vam.ac.uk/exhibitions/lost-music-venues,"Found on the venue's ""current/upcoming"" listing page. opening and closing date taken from the site's structured data, not its visible page."
va,American Photographs,2025-06-14,2027-05-16,"V&A Members enjoy free and unlimited entry to all exhibitions, a sought-after programme of Members' events, use of our Members' Rooms, at least 10% off in V&A shops, and much more. What all these photographers had in common was a desire to understand the American South – its people, its places, its histories, and possible futures Powerful and provocative – one of the most important artists of her generation From the fight for suffrage in the 19th century to today’s intersectional campaigns for gender justice",https://www.vam.ac.uk/exhibitions/american-photographs,"Found on the venue's ""current/upcoming"" listing page. opening and closing date taken from the site's structured data, not its visible page."
va,Dimensions: Contemporary Chinese Studio Crafts,2025-10-28,2027-09-26,"V&A Members enjoy free and unlimited entry to all exhibitions, a sought-after programme of Members' events, use of our Members' Rooms, at least 10% off in V&A shops, and much more.",https://www.vam.ac.uk/exhibitions/dimensions-contemporary-chinese-studio-crafts,"Found on the venue's ""current/upcoming"" listing page. opening and closing date taken from the site's structured data, not its visible page."
va,Bharti Kher at the V&A,2026-07-20,2027-01-24,"V&A Members enjoy free and unlimited entry to all exhibitions, a sought-after programme of Members' events, use of our Members' Rooms, at least 10% off in V&A shops, and much more. Discover how Bharti Kher’s works invites visitors to see both contemporary sculpture and the museum’s collections in new ways",https://www.vam.ac.uk/exhibitions/bharti-kher-at-the-va,"Found on the venue's ""current/upcoming"" listing page. opening and closing date taken from the site's structured data, not its visible page."
va,Sacred Treasures from Kyiv,2026-09-14,2027-09-17,"V&A Members enjoy free and unlimited entry to all exhibitions, a sought-after programme of Members' events, use of our Members' Rooms, at least 10% off in V&A shops, and much more.",https://www.vam.ac.uk/exhibitions/sacred-treasures-from-kyiv,"Found on the venue's ""current/upcoming"" listing page. opening and closing date taken from the site's structured data, not its visible page."
va,Photopoetry,2026-03-23,2026-09-20,Treat yourself or a lucky recipient to the gift of Membership Word & Image - Art Books and Design from the National Art Library,https://www.vam.ac.uk/exhibitions/photopoetry,"Found on the venue's ""current/upcoming"" listing page. opening and closing date taken from the site's structured data, not its visible page."
capo,I Segni dei Tempi. Carlo Maria Mariani a Capodimonte,2026-04-16,2026-09-08,"Apertura tutti i giorni tranne il mercoledì, la domenica e i festivi dalle ore 8.30 alle 19.30 (ultimo ingresso alle 18.30) Intervengono: Il Direttore del Museo e Real Bosco di Capodimonte Eike Schmidt, il Direttore della Pinacoteca di Brera Angelo Crespi Mariani avesse predeterminato e predestinato il suo approdo finale a Napoli e Capodimonte” La donazione del dipinto di Carlo Maria Mariani I Segni dei Tempi (2019) al Museo e Real Bosco di Capodimonte da parte della Fondazione Carlo Maria Mariani (New York), è accompagnata da una mostra omaggio (16 aprile -14 luglio, prorogata all’8 settembre 2026) dedicata all’artista definito “l’ultimo degli antichi e il primo dei contemporanei” a cura di Antonio Martino e Andrea Viliani (sala 6, I piano).",https://capodimonte.cultura.gov.it/mostra/i-segni-dei-tempi-carlo-maria-mariani-a-capodimonte/,"Found on the venue's ""all (current/upcoming/past)"" listing page. opening and closing date read from a sentence, not a date field: ""skip to Main Content MUSEO E REAL BOSCO ORGANIZZA LA TUA VISITA COLLEZIONI MOSTRE SOSTIENICI NEWS MULTIMEDIA INFO UTILI I Segni dei Tempi. Carlo Maria Mariani a Capodimonte INIZIO » MOSTRE » I SEGNI DEI TEMPI. CARLO MARIA MARIANI A CAPODIMONTE I Segni dei Tempi. Carlo Maria Mariani a Capodimonte A cura di Antonio Martino e Andrea Viliani sala 6, I piano Dal 16 aprile all’8 settembre 2026 Mostra in occasione della donazione del dipinto al Museo e Real Bosco di Capodimonte da parte della Fondazione Carlo Maria Mariani (New York) Ingresso gratuito compreso nel biglietto del museo Apertura tutti i giorni tranne il mercoledì, la domenica e i festivi dalle ore 8.30 alle 19.30 (ultimo ingresso alle 18.30) Inaugurazione giovedì 16 aprile - ore 12,00 Intervengono: Il Direttore del Museo e Real Bosco di Capodimonte Eike Schmidt, il Direttore della Pinacoteca di Brera Angelo Crespi i curatori Antonio Martino e Andrea Viliani La mostra Informazioni Comunicato stampa L'inaugurazione È come se, nel dipingere quest’opera nel 2019, Mariani avesse predeterminato e predestinato il suo approdo finale a Napoli e Capodimonte” La donazione del dipinto di Carlo Maria Mariani I Segni dei Tempi (2019) al Museo e Real Bosco di Capodimonte da parte della Fondazione Carlo Maria Mariani (New York), è accompagnata da una mostra omaggio (16 aprile -14 luglio, prorogata all’8 settembre 2026) dedicata all’artista definito “l’ultimo degli antichi e il primo dei contemporanei” a cura di Antonio Martino e Andrea Viliani (sala 6, I piano). “La mostra estiva di Capodimonte - dichiara il Direttore del Museo e Real Bosco di Capodimonte, Eike Schmidt - raccolta nelle dimensioni ma densa di significato, celebra la generosissima donazione della tela I Segni dei Tempi (The Signs of the Times, 2019), destinata all’istituzione napoletana dalla Carlo Maria Mariani and Carol Lane Mariani Foundation di New York e la iscrive entro un orizzonte di significato più ampio grazie alla presenza di altre sette opere dell’artista, accostate a una raffinata selezione di oggetti provenienti dalle collezioni del museo. La mostra trae insieme lo spunto e il titolo dal dipinto donato, un’opera che può dirsi esemplare della visione artistica di Mariani, in quanto riunisce le due figure sulle quali la sua riflessione si è esercitata con maggiore continuità e profondità: Raffaello e Marcel Duchamp. Da questo confronto Mariani ha tratto un linguaggio del tutto personale, nel quale l’eredità formale del classicismo rinascimentale, barocco e settecentesco si congiunge all’intensità filosofica e intellettuale che, sulla scia del grande artista franco-americano e campione di scacchi, sarebbe venuta a segnare l’arte concettuale. Inserendo lo Scolabottiglie di Duchamp (1914) entro uno spazio pittorico e figurativo desunto dalla pergola illusionistica della Loggia di Amore e Psiche di Raffaello (1517-1518), nella Villa Farnesina di Agostino Chigi, allora ancora collocata in un contesto suburbano, Mariani rende con particolare evidenza la profonda affinità che lega questi due fari supremi del suo immaginario”. Carlo Maria Mariani I Segni dei Tempi 2019 91,5 x 91,5 cm olio su tela Museo e Real Bosco di Capodimonte Donazione Fondazione Carlo Maria Mariani (New York) Mostra Carlo Maria Mariani Mostra Carlo Maria Mariani Mostra Carlo Maria Mariani Mostra Carlo Maria Mariani Carlo Maria Mariani I Segni dei Tempi 2019 91,5 x 91,5 cm olio su tela Museo e Real Bosco di Capodimonte Donazione Fondazione Carlo Maria Mariani (New York) Particolare Carlo Maria Mariani I Segni dei Tempi 2019 91,5 x 91,5 cm olio su tela Museo e Real Bosco di Capodimonte Donazione Fondazione Carlo Maria Mariani (New York) Particolare Carlo Maria Mariani I Segni dei Tempi 2019 91,5 x 91,5 cm olio su tela Museo e Real Bosco di Capodimonte Donazione Fondazione Carlo Maria Mariani (New York) Particolare Carlo Maria Mariani Composizione 5 1989 180 x 150 cm collezione Maurizio Calvesi, Roma particolare Carlo Maria Mariani Dopo il bagno 1989 147 x 147 cm collezione Antonio Martino, Roma particolare Carlo Maria Mariani Iper/ri/cognizione 2 1974 90 x 80 cm Collezione Cannaviello, Milano particolare In occasione dell’evento a Capodimonte il Direttore della Pinacoteca di Brera Angelo Crespi annuncia una mostra omaggio a Mariani che si svolgerà in autunno a Milano. La rassegna si terrà a Palazzo Citterio, dall’8 ottobre 2026 al 10 gennaio 2027. La complessa e stratificata ricerca figurativa di Mariani, (Roma, 1931 - New York, 2021), lo colloca in una posizione autonoma nella storia dell’arte degli ultimi decenni, tra eredità classica e pensiero contemporaneo. Mariani non era solo un pittore dell’intelletto, ma un profondo indagatore dei misteri dell’invisibile, un lettore assiduo delle dottrine di Madame Blavatsky e dei testi teosofici. I Segni dei Tempi è considerata l’opera cardine di uno dei maestri italiani protagonisti dell’arte contemporanea internazionale. “Nel guardare in ‘I Segni dei Tempi’ la figura femminile centrale che sembra sfidare la gravità come un feto nel grembo materno, stretta nei cerchi metallici del porte-bouteilles duchampiano, non si può non scorgere anche un riferimento alla natura mitologica di Partenope - nota Antonio Martino - Mariani dipinge un corpo che, come la sirena fondatrice, abita il confine tra due mondi. Se Partenope è il mito della caduta e della rinascita attraverso l’acqua, l’opera di Mariani mette in scena un ‘tuffo’ nell’azzurro metafisico e assoluto del cielo, che è il colore stesso dell’anima di Napoli”. Come scrive nel suo saggio Martino “Mariani non ‘guarda’ al passato: egli lo abita. Il suo rapporto con la Magna Grecia non è archeologico, ma ontologico. Come un moderno Winckelmann, egli cerca la ‘nobile semplicità e quieta grandezza’, ma lo fa con la consapevolezza di chi ha attraversato le macerie del Novecento. In questo, il suo unico vero interlocutore è Giorgio de Chirico“. “Mariani, nelle sale di Capodimonte, sembra esservi stato da sempre…: ‘io non sono un pittore, io non sono l’artista: io sono l’opus’ dichiarava infatti, per indicare che l’autore si indentifica con la propria opera in cui si condensa tutta la storia dell’arte passata, presente e futura. Mariani non è mai stato, in questo senso, un artista “anacronista”, né un artista “postmoderno”, ma piuttosto un pittore concettuale e, come tale, un neo-classico della contemporaneità” spiega Andrea Viliani che aggiunge “Napoli è l’habitat per cui le opere di Mariani sembrano essere state dipinte fin dall’inizio, respirando l’aria densa che si avverte lungo i decumani, tra la Cappella Sansevero e le Sette Opere della Misericordia caravaggesche”. Il percorso - che ha come fulcro il dipinto I Segni dei Tempi, titolo della mostra - vuole proporsi come un armonico confronto fra storia e contemporaneità, passando per la Magna Grecia, il Rinascimento, il Grand Tour del XVIII-XIX secolo, fino alle avanguardie del XX secolo. Carlo Maria Mariani Composizione 5 1989 180 x 150 cm collezione Maurizio Calvesi, Roma Carlo Maria Mariani Dopo il bagno 1989 147 x 147 cm collezione Antonio Martino, Roma Carlo Maria Mariani Ercole che riposa 1976 184 x 137 cm collezione Antonio Martino, Roma Iper/ri/cognizione 2 1974 90 x 80 cm Collezione Cannaviello, Milano Carlo Maria Mariani Orfeo 1979 grafite su cartone 180 x 140 cm collezione Antonio Martino, Roma Carlo Maria Mariani Gaia 1974 40,3 x 43 cm collezione Antonio Martino, Roma Carlo Maria Mariani Gentil 1974 40,3 x 43 cm collezione Luca D’Amelio Roma Otto le opere selezionate, tutte provenienti da collezioni private. Iper/ri/cognizione 2 (1974), Orfeo (1979) ed Ercole che riposa (1976) rinviano alla statuaria classica e alle sue varianti nelle collezioni farnesiane, o alla pittura rinascimentale e alle sue derivazioni nella decorazione neoclassica. Composizione 5 e Dopo il bagno (1989) interrogano la genealogia del moderno in un incontro consapevole con Joseph Beuys e Marcel Duchamp. Un riferimento significativo affiora proprio nell’opera che dà il titolo alla mostra, con l’inserimento del Porte-bouteilles (1914) duchampiano. Gentil e Gaia (1974) sono testimonianza di una performance presso le Logge di Raffaello: tenendo in mano una mela reale di fronte a quella dipinta, l’artista integra sé stesso e la realtà che lo circonda nel fregio rinascimentale, evidenziando i motivi cardine della sua visione: le mani, che congiungono pensiero e gesto, e la mela, emblema di unità indivisibile ed eterno presente dell’arte. Ercole Farnese, h. 24 cm bronzo Museo e Real Bosco di Capodimonte, Napoli Porcellana francese decorata a Napoli da Raffaele Giovine. Servizio da tavola decorato con frutta e ortaggi, 1818-1819, Firmato: giovine in Napoli, Piatti da coltello, diam. 23,2 cm, Porcellana dipinta e dorata, Mela e uva bianca, Inv. 826. Museo e Real Bosco di Capodimonte, Napoli Porcellana francese decorata a Napoli da Raffaele Giovine. Servizio da tavola decorato con frutta e ortaggi, 1818-1819, Firmato: giovine in Napoli, Piatti da coltello, diam. 23,2 cm, Porcellana dipinta e dorata, Inv. OA 810 limone Museo e Real Bosco di Capodimonte, Napoli Marcel Duchamp Le marchand du sel, Rumma Editore, 1969 Archivio Marcello e Lia Rumma Joseph Beuys, Tracce in Italia, Amelio Editore, 1978 Archivio Amelio Santamaria Esposte anche opere della collezione del museo: due piatti della manifattura Giovine con fiori e frutti del 1818-19 e un bronzetto dell’Ercole Farnese. Nell’allestimento due rare edizioni dei volumi ‘Marcel Duchamp, Le marchand du sel’, Rumma Editore, 1969 (Archivio Marcello e Lia Rumma) e ‘Joseph Beuys, Tracce in Italia’, Amelio Editore, 1978 (Archivio Amelio Santamaria). A cinque anni dalla scomparsa del pittore, la mostra segna il ritorno simbolico dell’artista a Napoli, dove espose nel 1978 presso lo Studio Trisorio, nello stesso anno in cui il Museo e Real Bosco di Capodimonte inaugurava una stagione decisiva della propria storia espositiva, accostando il Grande Cretto Nero di Alberto Burri alla Flagellazione di Cristo di Caravaggio. Un episodio destinato a segnare un momento fondativo per la collezione di arte contemporanea del Museo. All’inaugurazione di giovedì 16 aprile sono intervenuti: Il Direttore del Museo e Real Bosco di Capodimonte Eike Schmidt, i curatori Antonio Martino e Andrea Viliani, Clayton Calvert, Executive Director The Carlo Maria Mariani and Carol Lane Mariani Foundation. Nel corso dell’inaugurazione l’attrice Paola De Crescenzo ha declamato due componimenti della poetessa Teresa Bandettini, nota anche con il nome arcadico di Amarilli Etrusca (Lucca, 11 agosto 1763 - Lucca, 6 aprile1837): “Inno alla bellezza” e “Inno alla Grazia Neoclassica”. La mostra è accompagnata dal catalogo Éditions Lord Byron. Carlo Maria Mariani I Segni dei Tempi 2019 91,5 x 91,5 cm olio su tela Museo e Real Bosco di Capodimonte Donazione Fondazione Carlo Maria Mariani (New York) Particolare SHARE THIS Facebook Twitter Email LinkedIn previous post: Emilio Isgrò. Canto Napoli Mostre in corso TUTTE LE MOSTRE DIRETTORE GENERALE Eike SCHMIDT DOVE SIAMO Via Lucio Amelio 2, Napoli, Italia COME RAGGIUNGERCI PER INFO Telefono: +39 081 7499130 Indirizzo email: mu-cap@cultura.gov.it PEC: mu-cap@pec.cultura.gov.it CONTATTACI Twitter Facebook Instagram Pinterest Youtube ORARI BIGLIETTI EVENTI COME RAGGIUNGERCI CONTATTI AMICI DI CAPODIMONTE SOSTIENICI MAPPE @ 2021 Museo e Real Bosco di Capodimonte Privacy PolicyAmministrazione trasparenteDichiarazione di accessibilità × Close mobile menu MUSEO E REAL BOSCO ORGANIZZA LA TUA VISITA COLLEZIONI MOSTRE SOSTIENICI NEWS MULTIMEDIA Info utili Cerca Submit""."
capo,Emilio Isgrò. Canto Napoli,2026-04-10,2026-09-29,"Dal 10 aprile al 29 settembre 2026, sale 81, 83, 84 secondo piano Apertura tutti i giorni (tranne il mercoledì, le domeniche e i festivi) dalle 8.30 alle 17.00 (ultimo ingresso alle 16.30) Per vedere, devi sollevare il velo, operando uno sforzo, perché l’arte non è mai del tutto facile, ha sempre bisogno di una decifrazione – Emilio Isgrò Canto Napoli è la mostra che Emilio Isgrò dedica alla città di Napoli, un progetto inedito curato da Eike Schmidt, Direttore del Museo e Real Bosco di Capodimonte, presentato dal 10 aprile al 29 settembre nelle sale 81-83-84 del secondo piano.",https://capodimonte.cultura.gov.it/mostra/emilio-isgro-canto-napoli/,"Found on the venue's ""all (current/upcoming/past)"" listing page. No exhibition name could be read from this link. Web address suggests: ""Emilio Isgro Canto Napoli"". Name read from the exhibition's own page; the listing linked it by image only. opening and closing date read from a sentence, not a date field: ""skip to Main Content MUSEO E REAL BOSCO ORGANIZZA LA TUA VISITA COLLEZIONI MOSTRE SOSTIENICI NEWS MULTIMEDIA INFO UTILI Emilio Isgrò. Canto Napoli INIZIO » MOSTRE » EMILIO ISGRÒ. CANTO NAPOLI Emilio Isgrò. Canto Napoli Dal 10 aprile al 29 settembre 2026, sale 81, 83, 84 secondo piano Ingresso gratuito compreso nel biglietto del museo Apertura tutti i giorni (tranne il mercoledì, le domeniche e i festivi) dalle 8.30 alle 17.00 (ultimo ingresso alle 16.30) La mostra Informazioni Comunicato stampa L'inaugurazione Omaggio del Maestro alla Canzone Napoletana con cancellature inedite di venticinque partiture da ‘O sole mio a Voce ‘e notte Museo e Real Bosco di Capodimonte dal 10 aprile al 29 settembre 2026 a cura di Eike Schmidt Per vedere, devi sollevare il velo, operando uno sforzo, perché l’arte non è mai del tutto facile, ha sempre bisogno di una decifrazione - Emilio Isgrò Canto Napoli è la mostra che Emilio Isgrò dedica alla città di Napoli, un progetto inedito curato da Eike Schmidt, Direttore del Museo e Real Bosco di Capodimonte, presentato dal 10 aprile al 29 settembre nelle sale 81-83-84 del secondo piano. Artista concettuale e pittore - ma anche poeta, scrittore, drammaturgo e regista - il Maestro Emilio Isgrò (Barcellona Pozzo di Gotto, 1937) è uno tra i maggiori protagonisti dell’arte contemporanea internazionale. A partire dagli anni Sessanta sviluppa la pratica della Cancellatura come gesto poetico e critico, riflessione sul linguaggio, sulla memoria e sui processi della conoscenza. Questa tecnica divenuta ormai suo metodo distintivo applicato su materiali testuali di grande varietà (dai Promessi Sposi a La Bibbia, dall’Odissea alla Costituzione italiana fino alla prossima ‘cancellazione’ dell’Enciclica Laudato si’ iniziata con Papa Francesco e proseguita con Leone XIV), è qui rivolta per la prima volta alla musica napoletana. Il corpus delle partiture di alcuni tra i più celebri brani del repertorio partenopeo è sottoposto così a una rigorosa operazione di Cancellatura sulla cui superficie si posano insetti, come attratti dalla dolcezza di melodia, armonia, ritmo e versi, custoditi nelle partiture. Le complesse e deliziose figure retoriche che attraversano la canzone napoletana diventano così traccia e fondamento di un ulteriore segno che l’artista vi sovrappone con rinnovata intensità poetica. Non tutte le parole (e le celebri frasi che hanno fatto sognare, e amare, intere generazioni dall’Ottocento ad oggi) sono infatti cancellate da Isgrò: il risultato finale appare simile ad un componimento ermetico che affascinerà ogni tipo di visitatore. Le venticinque canzoni scelte spaziano da ‘O sole mio (versi di Giovanni Capurro e musica Eduardo Di Capua e Alfredo Mazzucchi, 1898) nella duplice versione chiara e scura, a Voce ‘e notte di Edoardo Nicolardi ed Ernesto De Curtis (1904) e a Reginella (scritta nel 1917 da Libero Bovio), passando per Maruzzella di Renato Carosone (1954), fino a Resta cu’mme con musica di Domenico Modugno (1957) che scriverà anche Tu si’ na cosa grande (1964) e all’ormai classica Napul’è di Pino Daniele (1977). Passando per tanti brani immortali o comunque popolarissimi: Te voglio bene assaje (1839 testo di Raffaele Sacco, musica attribuita a Donizetti), Funiculì funiculà (1880 testo di Peppino Turco, musica di Luigi Denza), Torna a Surriento, (1894 di G. De Curtis), I’ te vurria vasà, (1900 di Russo-di Capua), Comme facette mammeta (1906 di Capaldo-Gambardella), Ninì Tirabusciò (1911 di Califano-Gambardella), ‘O surdato ‘nnammurato (1915 di Califano - Cannio), Santa Lucia e Santa Lucia luntana (1919 di E.A. Mario), Scalinatella (1948 di Buonagura-Cioffi), Anema e core (1950 di Tito Manlio - D’Esposito), Luna Rossa (1950 di De Crescenzo-Vian), Malafemmena (1951, A. De Curtis in arte Totò), Guaglione (1956 di Nisa a Fanciulli), Nun è peccato (di Ugo Calise successo anni ‘60 di Peppino di Capri), A Canzuncella (1977 di Paolo Morelli degli Alunni del Sole). Accanto alle scritture musicali riarrangiate da Isgrò, trovano posto tre lavori a tutto tondo: due mandolini e una chitarra classica a dimensione reale, attraversati dagli stessi insetti che popolano le opere bidimensionali. “Le api e le formiche musicali di Isgrò sono emanazioni della mente dell’artista - nota Eike Schmidt nel suo saggio curatoriale - segni non pittografici, privi di denotazioni semantiche precise; metasegni senza funzione grammaticale; ipersegni di connotazioni molteplici e reciprocamente contradditorie, come del resto le cancellature stesse. Se però le cancellature evidenziano e celano il testo nello stesso tempo, coprendo le parole per proteggerle e conservarle, le processioni e i grovigli degli insetti introducono sulla superficie della carta, un elemento dinamico. La loro coreografia collettiva rende evidente la dimensione sociale della canzone e, in qualche caso, sembra persino interpretarne il carattere: si pensi ai grandi grumi brulicanti sullo spartito della Tammurriata nera”. La mostra è allestita in prossimità della sala dedicata al presepe napoletano, espressione tipica della cultura figurativa settecentesca. Le partiture cancellate sono realizzate con tecnica mista su carta stoffa montata su legno. In questo contesto, l’intervento di Isgrò si colloca in un dialogo serrato fra tradizione e ricerca concettuale. “Questo nuovo progetto nasce, sì, da un amore antico per la canzone napoletana, ma anche da qualcosa di più ostinato: il desiderio di restituire centralità alla dimensione storica. La cultura europea, e dunque napoletana, si fonda, infatti, sulle grandi tradizioni e l’arte. Credo, serva proprio a rendere quelle tradizioni non soltanto accettabili ma necessarie e vitali anche per il futuro” spiega Isgrò. Emilio Isgrò ‘O sole mio 2025 Tecnica mista su carta stoffa montata su legno 77 x 99 x 5,5 cm Emilio Isgrò A canzuncella 2025 Tecnica mista su carta stoffa montata su legno 67,5 x 88 x 5,1 cm Emilio Isgrò Funiculì funiculà 2025 Tecnica mista su carta stoffa montata su legno 67,5 x 88 x 5,1 cm Emilio Isgrò Tammurriata nera 2025 Tecnica mista su carta stoffa montata su legno 67,5 x 88 x 5,1 cm Emilio Isgrò Te voglio bene assaje 2025 Tecnica mista su carta stoffa montata su legno 67,5 x 88 x 5,1 cm Emilio Isgrò Tu si’ ‘na cosa grande 2025 Tecnica mista su carta stoffa montata su legno 67,5 x 88 x 5,1 cm Emilio Isgrò Mandolino 2025 Tecnica mista su mandolino 69 x 27,5 x 6,5 cm L’artista, da sempre attento alla musica, tema molto presente nei suoi sessant’anni di attività, definisce la canzone napoletana ‘profondamente democratica’. Tiene insieme un gigante come Salvatore Di Giacomo ma anche autori considerati ‘minori’ che funzionano meravigliosamente. “In questo tempo anche gli artisti napoletani possono essere esposti al rischio dell’omologazione, ma difficilmente vi cedono, perché qui l’arte si respira ovunque. Quando sento un posteggiatore suonare il mandolino, non vedo sottocultura, mi chiedo piuttosto da dove venga quella musica. E la risposta è chiara, viene da Pergolesi, dalla grande tradizione del San Carlo, da Paisiello. Da siciliano, non posso dimenticare che chi voleva studiare e fare musica, come lo stesso Vincenzo Bellini, doveva andare a Napoli, a San Pietro a Majella”. Sul tema della Cancellatura l’artista aggiunge: “Per me la Cancellatura è figlia diretta della filosofia siculo-greca, una grecità che riguarda anche Napoli. È la continuazione delle posizioni da un lato dei sofisti - nulla esiste e anche se esistesse non si potrebbe conoscere - e dall’altro della filosofia socratica, quella che pone continue domande. Pongo ostacoli davanti alla canzone napoletana, o davanti a testi e immagini, per suggerire al pubblico di ingaggiare un percorso conoscitivo. Per vedere, devi sollevare il velo, operando uno sforzo, perché l’arte non è mai del tutto facile, ha sempre bisogno di una decifrazione”. La mostra sarà accompagnata da un catalogo edito da Treccani, con prefazione del Presidente Massimo Bray, il saggio di Eike Schmidt, “La danza delle formiche” e i seguenti contributi: Bruno Corà, “Emilio Isgrò: canzoni che cantano la Cancellatura”; Michele Bonuomo, “Il canto muto di Emilio Isgrò”; Marco Bazzini, “Isgrò e la musica”; Laura Valente, “Custodire le tracce”; Stefano Causa, “L’alfabeto Morse della canzone napoletana”; Maria Laura Chiacchio, “Oltre la Cancellatura, la poesia”; Luciana Berti, “Al margine delle note. Intervista a Emilio Isgrò”. SHARE THIS Facebook Twitter Email LinkedIn previous post: “Metamorfosi” di Bertozzi & Casoni next post: I Segni dei Tempi. Carlo Maria Mariani a Capodimonte Mostre in corso TUTTE LE MOSTRE DIRETTORE GENERALE Eike SCHMIDT DOVE SIAMO Via Lucio Amelio 2, Napoli, Italia COME RAGGIUNGERCI PER INFO Telefono: +39 081 7499130 Indirizzo email: mu-cap@cultura.gov.it PEC: mu-cap@pec.cultura.gov.it CONTATTACI Twitter Facebook Instagram Pinterest Youtube ORARI BIGLIETTI EVENTI COME RAGGIUNGERCI CONTATTI AMICI DI CAPODIMONTE SOSTIENICI MAPPE @ 2021 Museo e Real Bosco di Capodimonte Privacy PolicyAmministrazione trasparenteDichiarazione di accessibilità × Close mobile menu MUSEO E REAL BOSCO ORGANIZZA LA TUA VISITA COLLEZIONI MOSTRE SOSTIENICI NEWS MULTIMEDIA Info utili Cerca Submit""."
capo,“Metamorfosi” di Bertozzi & Casoni,2025-12-05,,"Apertura tutti i giorni tranne il mercoledì, le domeniche e i festivi Nei giorni feriali dalle ore 8.30 alle 19.30 (ultimo ingresso alle 18.30). Le porcellane e la Reggia tra storia, dialoghi e contraddizioni Il 5 dicembre 2025 il Museo e Real Bosco di Capodimonte presenta Bertozzi & Casoni. Metamorfosi, a cura di Eike Schmidt e Diego Galizzi.",https://capodimonte.cultura.gov.it/mostra/metamorfosi-di-bertozzi-casoni/,"Found on the venue's ""all (current/upcoming/past)"" listing page. opening date read from a sentence, not a date field: ""skip to Main Content MUSEO E REAL BOSCO ORGANIZZA LA TUA VISITA COLLEZIONI MOSTRE SOSTIENICI NEWS MULTIMEDIA INFO UTILI “Metamorfosi” di Bertozzi & Casoni INIZIO » MOSTRE » “METAMORFOSI” DI BERTOZZI & CASONI “Metamorfosi” di Bertozzi & Casoni Dal 5 dicembre 2025, primo piano, Appartamento Reale Ingresso gratuito compreso nel biglietto del museo Apertura tutti i giorni tranne il mercoledì, le domeniche e i festivi Nei giorni feriali dalle ore 8.30 alle 19.30 (ultimo ingresso alle 18.30). La mostra Informazioni Biografia Dialogo con Bertozzi e Claudia Casoni L'inaugurazione “Metamorfosi” di Bertozzi & Casoni Le porcellane e la Reggia tra storia, dialoghi e contraddizioni Inaugurazione mostra 5 dicembre 2025 ore 11,00 Napoli, Museo e Real Bosco di Capodimonte I piano, Appartamenti Reali Il 5 dicembre 2025 il Museo e Real Bosco di Capodimonte presenta Bertozzi & Casoni. Metamorfosi, a cura di Eike Schmidt e Diego Galizzi. La mostra, visitabile fino al 24 aprile 2026, si sviluppa nelle sale degli Appartamenti reali al primo piano del Museo, dal Salottino Pompeiano all’elegante Salone delle Feste. Protagonisti originali e visionari della scultura contemporanea, Bertozzi & Casoni (Giampaolo Bertozzi, 1957 - Stefano Dal Monte Casoni, 1961-2023) avviarono la loro ricerca artistica ispirati dalla celebre mostra Civiltà del Settecento, realizzata nel 1980 al Museo di Capodimonte. A oltre quarant’anni di distanza da quel primo e significativo incontro con le maggiori espressioni dell’arte del Settecento napoletano, tornano a Capodimonte con la mostra Metamorfosi, una selezione di circa venti opere, tra prestiti da collezioni private e inediti realizzati appositamente per Capodimonte, in particolare Rocco (2025) - opera scelta come immagine-guida della mostra e che apre il percorso espositivo, inserita nel suggestivo Salottino pompeiano - e la colorata e strabordante opera Fenicottero degli stracci (2025), rivisitazione in ceramica policroma della nota Venere di Michelangelo Pistoletto. Il Direttore Eike Schmidt ha dichiarato: ”Celebriamo con questo percorso originalissimo, che ci accompagnerà negli appartamenti reali fino ad aprile, il legame straordinario di Bertozzi & Casoni con il Museo di Capodimonte, alle radici di una attività artistica di livello internazionale ispirata proprio nel 1980 da un viaggio a Napoli di due ragazzi talentuosi e dalla visita alla celebre mostra Civiltà del 700. E forse non poteva essere diversamente perchè i due geniali artisti, formatisi nella celebre scuola faentina, in oltre 40 anni di lavoro apprezzato in tutto il mondo, hanno compiuto una missione che proprio Napoli con la storia della sua porcellana gli aveva suggerito: riportare la scultura in ceramica al centro della scena artistica contemporanea con la sua dignità e complessità anche tecnica. Napoli e la sua real Fabbrica di Capodimonte, Faenza città della ceramica, si incontrano quindi felicemente in questa ‘Metamorfosi’, una mostra che stupirà e stimolerà l’immaginario dei nostri visitatori come solo le vere opere d’arte sanno fare”. Bertozzi & Casoni Rocco 2025 ceramica policroma e bronzo Proprietà Bertozzi & Casoni Bertozzi & Casoni Fenicottero degli stracci 2025 ceramica policroma Proprietà Bertozzi & Casoni Il progetto espositivo si sviluppa attorno al tema della metamorfosi, intesa sia come trasfigurazione iconografica dei soggetti, sia come processo intrinseco alla materia che, sottoposta a temperature elevate, attraversa varie fasi di trasformazione, generando esiti affascinanti e spiazzanti. Il risultato è un iperrealismo esasperato, attraversato da accenti surreali e da una potente vena ironica, come nell’opera Chicco House (2005), allestita al centro del pavimento della Sala della Culla. Qui la casetta giocattolo dai colori vivaci, abitata da scimmiette irrequiete e circondata da resti di cibo e oggetti come il pacchetto di sigarette, crea un cortocircuito visivo, mescolando innocenza infantile e allusioni al mondo adulto. Bertozzi & Casoni Chicco House 2005 ceramica policroma, tappeto dipinto In mostra, le creazioni del duo stabiliscono un articolato dialogo con arredi, oggetti e opere dell’Appartamento Storico, dando vita a sorprendenti accostamenti e offrendo al pubblico l’opportunità di approfondire una riflessione critica sul medium della porcellana contemporanea. Le traiettorie imprevedibili percorse da Bertozzi & Casoni nell’ambito della loro ricerca, si manifestano in lavori come Sparecchiatura (2025), in Grand Hotel (2025), e Vassoio (2005), colmi di materiali eterogenei, nelle zolle di terra sature di scarti come in Disgrazia con orchidea rosa (2012) e la grande installazione Madonna scheletrita (2008) posta al centro della sala 37. Bertozzi & Casoni Sparecchiatura 2025 ceramica policroma Proprietà Bertozzi & Casoni Bertozzi & Casoni Grand Hotel 2025 ceramica policroma Bertozzi & Casoni Vassoio 2005 ceramica policroma Bertozzi & Casoni Disgrazia con orchidea rosa 2012 ceramica policroma Bertozzi & Casoni Madonna scheletrita 2008 ceramica policroma e argento Tra le opere esposte, nella sala 34, figura la scenografica installazione La morte dell’Eros (2000-2023), raffigurante un fauno di grandi dimensioni sospeso al soffitto, che evoca la tradizione classica ampiamente rappresentata nelle collezioni storiche del Museo. Bertozzi & Casoni La morte dell’Eros 2000-2023 ceramica policroma Proprietà Bertozzi & Casoni Il percorso prosegue al secondo piano con l’opera Grottesca (2013), esposta nella sala 93 accanto a due straordinari esempi della tradizione ceroplastica meridionale: la Testa decollata (seconda metà del XVIII secolo), con capelli naturali e occhi in vetro, e la Figura femminile in decomposizione o Vanitas (ultimo quarto del XVII - inizi XVIII secolo). Bertozzi & Casoni Grottesca 2013 ceramica policroma Scuola dell’Italia meridionale “Figura femminile in decomposizione o Vanitas” Produzione Napoletana, “Testa decollata” All’interno di questo universo visivo caratterizzato da eccesso e accumulo, in cui il dettaglio minuzioso convive con la caoticità del rifiuto, la ceramica si configura come un campo di sperimentazione privilegiato, assottigliando il confine tra preziosità e degrado, ordine e disordine, bellezza e bizzarria. Bertozzi & Casoni Metamorfoelefante 2023 ceramica policroma Bertozzi & Casoni Resurrezione 2014 ceramica policroma Bertozzi & Casoni Oracolo 2024 ceramica policroma, bronzo e alluminio Bertozzi & Casoni Chimpanzèè 2020 ceramica policroma Bertozzi & Casoni Pensieri 2019 ceramica policroma Bertozzi & Casoni Preghiera 2022 ceramica policroma Bertozzi & Casoni Dove come quando 2014 ceramica policroma Bertozzi & Casoni Quinta Stagione 2020 ceramica policroma La mostra è accompagnata da un catalogo, edito da Silvana Editoriale, di prossima presentazione. Il volume raccoglie, oltre ai saggi dei curatori Eike Schmidt e Diego Galizzi, un’intervista di Luciana Berti all’artista Paolo Bertozzi e a Claudia Pedrini, vedova di Stefano Casoni Dal Monte, un contributo di Maria Laura Chiacchio sull’Appartamento storico e un ricco apparato fotografico con tutte le opere in mostra e le relative installation view. SHARE THIS Facebook Twitter Email LinkedIn previous post: Nicola Samorì. Classical collapse next post: Emilio Isgrò. Canto Napoli Mostre in corso TUTTE LE MOSTRE DIRETTORE GENERALE Eike SCHMIDT DOVE SIAMO Via Lucio Amelio 2, Napoli, Italia COME RAGGIUNGERCI PER INFO Telefono: +39 081 7499130 Indirizzo email: mu-cap@cultura.gov.it PEC: mu-cap@pec.cultura.gov.it CONTATTACI Twitter Facebook Instagram Pinterest Youtube ORARI BIGLIETTI EVENTI COME RAGGIUNGERCI CONTATTI AMICI DI CAPODIMONTE SOSTIENICI MAPPE @ 2021 Museo e Real Bosco di Capodimonte Privacy PolicyAmministrazione trasparenteDichiarazione di accessibilità × Close mobile menu MUSEO E REAL BOSCO ORGANIZZA LA TUA VISITA COLLEZIONI MOSTRE SOSTIENICI NEWS MULTIMEDIA Info utili Cerca Submit"". No closing date found anywhere on the venue's pages."
capo,Nicola Samorì. Classical collapse,2025-11-28,2026-03-10,"Dal 28 novembre 2025 al 9 giugno 2026, sala Causa, piano terra Apertura tutti i giorni dalle 10.00 alle 17.00 (ultimo ingresso alle 16.30) tranne il mercoledì, le domeniche e i festivi Museo e Real Bosco di Capodimonte, Napoli 28 novembre 2025 – 10 marzo 2026 – prorogata al 9 giugno 2026 Pinacoteca Ambrosiana, Milano 27 novembre 2025 – 10 marzo 2026",https://capodimonte.cultura.gov.it/mostra/nicola-samori-classical-collapse/,"Found on the venue's ""all (current/upcoming/past)"" listing page. opening and closing date read from a sentence, not a date field: ""28 novembre 2025 - 10 marzo 2026""."
capo,Capodimonte ricorda Mimmo Jodice,2025-03-29,2025-10-27,"Apertura tutti i giorni tranne il mercoledì, la domenica e i festivi dalle ore 8.30 alle 19.30 (ultimo ingresso alle 18.30). Il Museo e Real Bosco di Capodimonte rende omaggio a Mimmo Jodice ( Napoli 29 marzo 1934 – 27 ottobre 2025), uno dei più grandi protagonisti della fotografia contemporanea internazionale con una sala commemorativa (n.16, primo piano) inaugurata dal Direttore Eike Schmidt, da Angela e Barbara Jodice, e dal curatore Fabio Speranza. Le immagini esposte sono selezionate dalla serie Transiti (2008), opera composta da 21 polittici fotografici per un totale di 55 stampe, entrata nelle collezioni di Capodimonte con altri lavori di Jodice (Omaggio a Rodin, Avanguardia a Napoli, Eden, La città invisibile). Queste opere, insieme all’archivio documentale del Maestro, costituiranno il nucleo fondante della Casa della Fotografia “Mimmo Jodice”, un centro di cultura e promozione fotografica intitolato al maestro, di prossima apertura nella palazzina Cataneo (area est del Real Bosco).",https://capodimonte.cultura.gov.it/mostra/capodimonte-ricorda-mimmo-jodice/,"Found on the venue's ""all (current/upcoming/past)"" listing page. No exhibition name could be read from this link. Web address suggests: ""Capodimonte Ricorda Mimmo Jodice"". Name read from the exhibition's own page; the listing linked it by image only. opening and closing date read from a sentence, not a date field: ""29 marzo 1934 - 27 ottobre 2025""."
capo,Sogno mediterraneo. Sergio Vacchi,2025-11-06,2026-01-27,"Apertura tutti i giorni tranne il mercoledì, le domeniche, i festivi Nei giorni feriali dalle ore 8.30 alle 19.30 (ultimo ingresso alle 18.30) In Per un volto del paesaggio (1962) protagonista è il sole, e unico essere vivente un uccello grasso come un gabbiano. L’archeologia, il mare, la storia della regione sono i temi di La telefonata di marmo (1966) e L’amante di Federico II di Hohenstaufen (1966), due dipinti dove Vacchi allude con impareggiabile ironia alla sofisticata eleganza che serpeggia nelle creazioni artigianali, artistiche, architettoniche del Golfo.",https://capodimonte.cultura.gov.it/mostra/sogno-mediterraneo-sergio-vacchi/,"Found on the venue's ""all (current/upcoming/past)"" listing page. opening and closing date read from a sentence, not a date field: ""6 novembre 2025 - 27 gennaio 2026""."
capo,NAFRICA-MASCHERE (Memorie & Identità / Uomini o Maschere),2025-10-16,2026-01-06,"Apertura tutti i giorni tranne il mercoledì, le domeniche e i festivi Il sindaco di Napoli: “NAFRICA-MASCHERE è un progetto che parla di memoria, di responsabilità e di sguardi sul futuro. Ripercorrere, attraverso l’arte, le tracce del nostro passato coloniale significa confrontarsi con un capitolo doloroso della storia e scegliere di trasformarlo in conoscenza e consapevolezza. Questa consapevolezza riguarda soprattutto le nuove generazioni: offrire ai giovani gli strumenti per comprendere la complessità del passato significa renderli protagonisti di un futuro più giusto, più aperto e più solidale. La collaborazione tra Comune, Museo e Real Bosco di Capodimonte e Napoli 2500 sotto la direzione artistica di Laura Valente, testimonia la forza delle istituzioni quando operano insieme per costruire una memoria condivisa e aperta. Questa mostra ci ricorda che l’arte non è solo bellezza, ma anche coscienza civile: uno strumento per comprendere chi siamo e per immaginare, insieme, una società più giusta, più consapevole e più capace di futuro”. Il direttore generale del Museo e Real Bosco di Capodimonte Eike Schmidt: “Siamo lieti di accogliere a Capodimonte un progetto così originale con il quale Napoli2500 ha voluto confrontarsi con la cultura africana e la sua indiscussa influenza sull’arte contemporanea ma anche con un passato di orrori ideologici, dal razzismo al colonialismo, che non vanno mai dimenticati, giustificati e men che mai assolti.",https://capodimonte.cultura.gov.it/mostra/nafrica-maschere-memorie-identita-uomini-o-maschere/,"Found on the venue's ""all (current/upcoming/past)"" listing page. opening and closing date read from a sentence, not a date field: ""skip to Main Content MUSEO E REAL BOSCO ORGANIZZA LA TUA VISITA COLLEZIONI MOSTRE SOSTIENICI NEWS MULTIMEDIA INFO UTILI NAFRICA-MASCHERE (Memorie & Identità / Uomini o Maschere) INIZIO » MOSTRE » NAFRICA-MASCHERE (MEMORIE & IDENTITÀ / UOMINI O MASCHERE) NAFRICA-MASCHERE (Memorie & Identità / Uomini o Maschere) Dal 16 ottobre 2025 al 6 gennaio 2026, sala 2 primo piano Ingresso gratuito Apertura tutti i giorni tranne il mercoledì, le domeniche e i festivi Nei giorni feriali dalle ore 11.00 alle 16.00 La mostra Informazioni Comunicato stampa L'inaugurazione MOSTRA NAFRICA-MASCHERE (Memorie & Identità / Uomini o Maschere) A cura di SIMON NJAMI Una mostra sull’eredità coloniale italiana, l’identità, la memoria e la potenza trasformativa dell’arte contemporanea Apertura al pubblico: 16 ottobre 2025 Ingresso libero tutti i giorni / dalle 11:00 alle 16:00 tranne la domenica, i festivi e i mercoledì Sede: Museo e Real Bosco di Capodimonte, Napoli A cura di: Simon Njami Testi: Simon Njami Nell’ambito delle celebrazioni Napoli2500 con la direzione artistica di Laura Valente, il Comune e il Museo e Real Bosco di Capodimonte, diretto da Eike Schmidt, ospiteranno la mostra NAFRICA-MASCHERE a cura di Simon Njami e prodotta da Andrea Aragosa per Black tarantella. L’appuntamento è realizzato in collaborazione con il Ministero della Cultura, Dipartimento Valorizzazione Patrimonio Culturale; l’Università Federico II di Napoli; l’Università L’Orientale e MUCIV, Museo delle Civiltà. La mostra affronta le radici irrisolte del colonialismo italiano in Africa, interrogando il rapporto tra memoria, identità e i linguaggi dell’arte contemporanea. Si ripercorre, da un lato, l’influenza che la scultura africana ebbe sui movimenti artistici del primo Novecento e, dall’altro, la narrazione coloniale che ha profondamente segnato la storia culturale italiana. Dalla Biennale di Venezia del 1922, dove furono mostrati per la prima volta manufatti di “arte primitiva”, alle grandi esposizioni coloniali di Napoli (1934 al Maschio Angioino e 1940 alla Mostra d’Oltremare), il percorso mette in luce il modo in cui “l’ideologia coloniale” si è servita delle arti per consolidare il proprio immaginario. Elemento centrale della mostra NAFRICA-MASCHERE è il lavoro di una figura controversa come l’antropologo fiorentino Lidio Cipriani, i cui viaggi documentati tra il 1923 e il 1927 verso il Corno d’Africa - attraverso fotografie, testi e calchi facciali policromi - rivelano la costruzione scientifica e culturale dell’ “altro”, del “diverso”, del “Negro”. Questi materiali, provenienti dal Museo di Antropologia dell’Università Federico II di Napoli, sono presentati non tanto come reperti, ma come documenti della violenza ideologica che contribuì a giustificare schiavitù, segregazione e le leggi razziali del 1938. “Accanto a questo inquietante archivio visivo, venticinque artisti contemporanei, africani ed europei, sono stati invitati a “rispondere” con opere nuove o esistenti, mettendo così in dialogo due registri opposti: da un lato, la riduzione del volto umano a oggetto coloniale; dall’altro, la riaffermazione della soggettività attraverso l’arte. Non si tratta di una semplice denuncia, ma di un confronto visivo capace di generare nello spettatore una consapevolezza profonda e non mediata, ciò che Jean-Paul Sartre definiva ‘lo shock dell’essere visti’. Questa mostra è necessaria. Dipinge un quadro terribile dell’immobilità della storia e del modo in cui siamo incapaci di imparare da essa. La storia non appartiene a un popolo. È l’esplosione dell’incontro. E se la propaganda del nazismo affermava che la storia è sempre scritta dai vincitori, allora è giunto il momento di riscriverla. La mostra NAFRICA-MASCHERE si sviluppa come un libro visivo: ogni opera, ogni documento d’archivio diventa una nota o un’illustrazione di un racconto collettivo ancora in costruzione. L’obiettivo non è proporre una morale o una lettura univoca, ma aprire uno spazio di risonanza critica, dove l’arte possa agire come strumento di esorcismo e riscrittura”, come spiega il curatore Simon Njami. Artisti in mostra NAFRICA-MASCHERE: Antonio Biasiucci, Assunta Saulle, Bruno Ceccobelli, Délio Jasse, Edson Chagas, Euridice Zaituna Kala, Felice Levini, Férielle Doulain-Zouari, Gonçalo Mabunda, Jean Lamore, Maria Magdalena Campos, Mario Ciaramella, Maurice Pefura, Michèle Magema, Michele Zaza, Mwangi Hutter, Myriam Mihindou, Pascale Marthine Tayou, Pélagie Gbaguidi, Theo Eshetu, Ugo Giletta. Pensata come mostra itinerante, NAFRICA-MASCHERE è concepita per evolversi: nuove opere, nuovi artisti e nuovi contesti potranno integrarsi lungo il suo percorso, generando ogni volta rinnovati spunti di riflessione e dibattito. Simon Njami - Biografia curatoriale Simon Njami è curatore, scrittore e teorico dell’arte contemporanea, con un focus specifico sulle pratiche artistiche africane e della diaspora. Nato a Losanna nel 1962 da genitori camerunesi, Njami ha dedicato gran parte della sua carriera a smantellare le narrazioni eurocentriche sull’Africa, ridefinendo i confini del discorso artistico globale. È stato curatore della celebre mostra itinerante “Africa Remix” (2004-2007), esposta nei maggiori musei internazionali tra cui il Centre Pompidou (Parigi), la Hayward Gallery (Londra) e il Mori Art Museum (Tokyo), considerata una pietra miliare nella rilettura dell’arte contemporanea africana. Njami è stato direttore artistico della Biennale di Dakar (Dak’Art) per diverse edizioni, e co-fondatore della Réseau panafricain pour l’art contemporain, impegnato nella formazione e promozione di giovani curatori e artisti africani. Dal 2013 al 2017 ha diretto la Biennale di Fotografia di Bamako, rinnovandone radicalmente l’approccio curatoriale. È inoltre autore di numerosi saggi, romanzi e testi critici, tra cui collaborazioni con istituzioni quali il Museo Rietberg (Zurigo), il MACBA (Barcellona), la Fondation Gulbenkian (Lisbona) e il Musée d’Orsay (Parigi). Ha curato mostre in tutto il mondo, dalla Biennale di Venezia alla Johannesburg Art Gallery, contribuendo in modo significativo alla definizione di una visione postcoloniale dell’arte contemporanea. Oltre alla sua attività curatoriale, Simon Njami è stato membro di giurie internazionali - tra cui il Turner Prize e il Prince Claus Award - ed è attivo nel campo della pedagogia curatoriale, dirigendo workshop e programmi di formazione in Europa, Africa, America Latina e Asia. Nel suo lavoro, Njami promuove una visione dell’arte come spazio di confronto tra linguaggi, identità e storie divergenti, invitando a superare ogni forma di stereotipo culturale attraverso una pratica curatoriale radicalmente aperta e dialogica. Délio Jasse No calco, 2025 Serigrafia su carta argento / Screen print on silver paper n. 6 - 70 x 100 cm Courtesy dell’artista Euridice Zaituna Kala Modele I (Personal archives: an exercise on emotional archaeologies), 2020 4 elementi in vetro su struttura metallica / 4 pieces of glass on a metal frame 160 x 52 cm Courtesy dell’artista e Gallery Anne Barrault Myriam Mihindou Le Monologue des Anges, 2004-2006 Stampa a pigmento su carta Hahnemühle / Pigment print on Hahnemühle paper 100 x 130 x 4 cm © ADAGP, Parigi - Courtesy dell’artista Edson Chagas Jean P. Mbayo, 2014 Stampa digitale su carta Photo Luster / Digital print on Photo Luster paper 100 x 80 cm Courtesy APALAZZOGALLERY Pascale Marthine Tayou Masque bronzé, 2019 Maschera in legno, tecniche miste / Wooden mask, mixed media © ADAGP, Parigi - Courtesy dell’artista e GALLERIA CONTINUA Maurice Pefura Rifaccio, 2025 Tecniche miste / Mixed media 50 x 50 cm Workshop 2025, San Vittore - extract Courtesy dell’artista Jean Lamore White Mask with Spines, 2010 Gesso / Plaster 78 x 60 x 35 cm Courtesy dell’artista Jean Lamore Democracy, Bramble Head, 2010 Radica / Briar 160 x 110 x 45 cm Courtesy dell’artista Note sugli artisti in Mostra NAFRICA-MASCHERE NAFRICA-MASCHERE presenta una selezione di 25 artisti contemporanei provenienti dall’Africa, dalla diaspora e dall’Europa. Questi artisti si confrontano con le eredità del colonialismo, indagano identità complesse e praticano forme di resistenza culturale attraverso linguaggi diversi - dalla scultura alla fotografia, dalla performance all’installazione. Tra gli artisti africani e della diaspora figurano Pascale Marthine Tayou, Michèle Magema, Meschac Gaba, Kudzanai Chiurai, Zanele Muholi e Maurice Pefura, i cui lavori esplorano tematiche legate alla memoria storica, al corpo e alla politica identitaria. Gli artisti europei, tra cui Bruno Ceccobelli, Antonio Biasiucci, Felice Levini e Ugo Giletta, intrecciano riflessioni sulla memoria storica europea con uno sguardo critico sul passato coloniale e sulle sue conseguenze contemporanee. Infine, artisti che operano tra Africa ed Europa, come Kader Attia, Maria Magdalena Campos e Theo Eshetu, sperimentano pratiche transdisciplinari che interrogano la complessità delle identità ibride e le narrazioni collettive. Questa pluralità di voci crea un dialogo visivo potente, invitando lo spettatore a una riflessione critica sul passato coloniale e le sue tracce nel presente. LE DICHIARAZIONI Il sindaco di Napoli: “NAFRICA-MASCHERE è un progetto che parla di memoria, di responsabilità e di sguardi sul futuro. Ripercorrere, attraverso l’arte, le tracce del nostro passato coloniale significa confrontarsi con un capitolo doloroso della storia e scegliere di trasformarlo in conoscenza e consapevolezza. Questa consapevolezza riguarda soprattutto le nuove generazioni: offrire ai giovani gli strumenti per comprendere la complessità del passato significa renderli protagonisti di un futuro più giusto, più aperto e più solidale. La collaborazione tra Comune, Museo e Real Bosco di Capodimonte e Napoli 2500 sotto la direzione artistica di Laura Valente, testimonia la forza delle istituzioni quando operano insieme per costruire una memoria condivisa e aperta. Questa mostra ci ricorda che l’arte non è solo bellezza, ma anche coscienza civile: uno strumento per comprendere chi siamo e per immaginare, insieme, una società più giusta, più consapevole e più capace di futuro”. Il direttore generale del Museo e Real Bosco di Capodimonte Eike Schmidt: “Siamo lieti di accogliere a Capodimonte un progetto così originale con il quale Napoli2500 ha voluto confrontarsi con la cultura africana e la sua indiscussa influenza sull’arte contemporanea ma anche con un passato di orrori ideologici, dal razzismo al colonialismo, che non vanno mai dimenticati, giustificati e men che mai assolti. Ringrazio Laura Valente, direttrice Artistica delle celebrazioni, e Simon Njami, figura di spicco del panorama curatoriale internazionale, per averci invitato a questa riflessione sul ruolo dell’arte, e quindi dei musei, nella rielaborazione di una storia finalmente globale”. La direttrice artistica di Napoli2500 Laura Valente: “Abbiamo voluto inserire nelle celebrazioni di Napoli2500 un progetto che supera la commemorazione per farsi atto critico, rilettura e possibilità di riscrittura. La collaborazione con il Museo e Real Bosco di Capodimonte, diretto da Eike Schmidt, eccellenza del patrimonio culturale italiano, è per noi tanto strategica quanto simbolica: è nei luoghi del canone che oggi è urgente aprire varchi, sollevare domande, accogliere nuovi sguardi. Simon Njami ci invita a confrontarci con memorie e volti imprigionati negli stereotipi, identità deformate da narrazioni univoche. Napoli, città dalla memoria stratificata e dalle identità mobili, con questa mostra affronta il rimosso del colonialismo italiano e si propone come ponte tra i nostri Sud e quelli del mondo. Una frizione fertile, che restituisce all’arte il suo ruolo più profondo: spazio di confronto e di trasformazione condivisa”. Il produttore di Black Tarantella, Andrea Aragosa: “Le Maschere sono quelle indossate da milioni di donne, bambini e uomini che, per sfuggire a persecuzioni, fame, miseria e carestie, mettono a repentaglio la loro stessa vita per trovare un approdo su questa sponda del mare nostrum. Un mare che porta conoscenze, culture e miti millenari, ma che rimane per troppi un abisso senza ritorno. La memoria dei tanti che sono sepolti in quel mare sembra rivivere attraverso le maschere di questa esposizione che ci costringe a non dimenticare”. SHARE THIS Facebook Twitter Email LinkedIn previous post: L’Ospite bergamasca Lucina Brembati di Lorenzo Lotto. Capodimonte è di Moda - Percorsi nella storia del Costume next post: Sogno mediterraneo. Sergio Vacchi Mostre in corso TUTTE LE MOSTRE DIRETTORE GENERALE Eike SCHMIDT DOVE SIAMO Via Lucio Amelio 2, Napoli, Italia COME RAGGIUNGERCI PER INFO Telefono: +39 081 7499130 Indirizzo email: mu-cap@cultura.gov.it PEC: mu-cap@pec.cultura.gov.it CONTATTACI Twitter Facebook Instagram Pinterest Youtube ORARI BIGLIETTI EVENTI COME RAGGIUNGERCI CONTATTI AMICI DI CAPODIMONTE SOSTIENICI MAPPE @ 2021 Museo e Real Bosco di Capodimonte Privacy PolicyAmministrazione trasparenteDichiarazione di accessibilità × Close mobile menu MUSEO E REAL BOSCO ORGANIZZA LA TUA VISITA COLLEZIONI MOSTRE SOSTIENICI NEWS MULTIMEDIA Info utili Cerca Submit""."
capo,L’Ospite bergamasca Lucina Brembati di Lorenzo Lotto. Capodimonte è di Moda – Percorsi nella storia del Costume,2025-10-02,2026-01-13,"Nei giorni feriali dalle 8.30 alle 17.00 (ultimo ingresso alle 16.30) nei giorni festivi dalle ore 8.30 alle 19.30 (ultimo ingresso alle 18.30) Lorenzo Lotto (Venezia, 1480 ca. – Loreto, 1556) Ritratto di Lucina Brembati 1521- ca. 1523 Olio su tavola Bergamo, Accademia Carrara Francesco Mazzola detto il Parmigianino (Parma, 1503 – Casalmaggiore, 1540) Ritratto di Galeazzo Sanvitale 1524 Olio su tela Napoli, Museo e Real Bosco di Capodimonte Francesco Mazzola detto il Parmigianino (Parma, 1503 – Casalmaggiore, 1540) Ritratto di giovane donna, l’Antea 1535-1537 Olio su tela Napoli, Museo e Real Bosco di Capodimonte",https://capodimonte.cultura.gov.it/mostra/lospite-bergamasca-lucina-brembati-di-lorenzo-lotto-capodimonte-e-di-moda-percorsi-nella-storia-del-costume/,"Found on the venue's ""all (current/upcoming/past)"" listing page. opening and closing date read from a sentence, not a date field: ""2 ottobre 2025- 13 gennaio 2026""."
capo,"La Pietà di Gricci, il modellatore del Re. Nuova acquisizione di Capodimonte. Tra terracotta e porcellana",2025-08-07,2025-11-11,"Apertura tutti i giorni tranne il mercoledì, le domeniche e i festivi (apertura eccezionale domenica 2 novembre e martedì 4 novembre) Nei giorni feriali dalle ore 8.30 alle 19.30 (ultimo ingresso alle 18.30). “La Pietà di Gricci, il modellatore del Re. Nuova acquisizione di Capodimonte. Tra terracotta e porcellana” Il Direttore Schmidt: “Emozionante riportare a Napoli un tassello importante della storia della Real Fabbrica”",https://capodimonte.cultura.gov.it/mostra/la-pieta-di-gricci-il-modellatore-del-re-nuova-acquisizione-di-capodimonte-tra-terracotta-e-porcellana/,"Found on the venue's ""all (current/upcoming/past)"" listing page. opening and closing date read from a sentence, not a date field: ""skip to Main Content MUSEO E REAL BOSCO ORGANIZZA LA TUA VISITA COLLEZIONI MOSTRE SOSTIENICI NEWS MULTIMEDIA INFO UTILI La Pietà di Gricci, il modellatore del Re. Nuova acquisizione di Capodimonte. Tra terracotta e porcellana INIZIO » MOSTRE » LA PIETÀ DI GRICCI, IL MODELLATORE DEL RE. NUOVA ACQUISIZIONE DI CAPODIMONTE. TRA TERRACOTTA E PORCELLANA La Pietà di Gricci, il modellatore del Re. Nuova acquisizione di Capodimonte. Tra terracotta e porcellana Dal 7 agosto 2025 al 11 novembre 2025, sala 20 primo piano Ingresso gratuito compreso nel biglietto del museo Apertura tutti i giorni tranne il mercoledì, le domeniche e i festivi (apertura eccezionale domenica 2 novembre e martedì 4 novembre) Nei giorni feriali dalle ore 8.30 alle 19.30 (ultimo ingresso alle 18.30). Aperture serali straordinarie da venerdì 19 settembre La mostra Informazioni Comunicato stampa L'inaugurazione “La Pietà di Gricci, il modellatore del Re. Nuova acquisizione di Capodimonte. Tra terracotta e porcellana” Il Direttore Schmidt: “Emozionante riportare a Napoli un tassello importante della storia della Real Fabbrica” Un tassello importante dell’identità di Capodimonte torna a casa per completare la storia della Real Fabbrica di Porcellana fondata da Carlo di Borbone nel 1743: è un piccolo ma straordinario capolavoro la Pietà di Giuseppe Gricci, il modellatore del Re, pezzo rarissimo in terracotta che gli studiosi hanno identificato circa un ventennio fa sul mercato internazionale dell’arte. “E’ stato emozionante riportare quest’opera a Napoli, dove fu realizzata, ed ammirarla da vicino - dichiara Eike Schmidt, direttore del Museo e Real Bosco di Capodimonte - Nelle collezioni pubbliche cittadine non è conservato alcun bozzetto in terracotta ascrivibile, come questo, alla mano del celebre capo-modellatore della Real Fabbrica. Il modello in creta plasmato da Gricci è, infatti, lo stadio dell’opera in cui più immediatamente è possibile cogliere il segno e la cultura figurativa di questo grande artista fiorentino, che Carlo di Borbone volle con sé, prima a Napoli e poi a Madrid. Abbiamo voluto condividere subito questa acquisizione con i tanti visitatori che nel periodo estivo affollano il Museo e Real Bosco. Con un piccolo allestimento che vuole essere una preziosa anticipazione del nuovo allestimento delle porcellane atteso tra pochi mesi“. “La Pietà di Gricci, il modellatore del Re. Nuova acquisizione di Capodimonte. Tra terracotta e porcellana” è il titolo dell’allestimento, fino al 28 ottobre (prorogato fino al 11 novembre). In questa occasione la nuova terracotta del Museo e Real Bosco viene messa a confronto con la Pietà con il San Giovanni Evangelista in porcellana del Museo Duca di Martina, sempre del Gricci. Giuseppe Gricci Pietà, 1744-1745 circa Terracotta con tracce di policromia Napoli, Museo e Real Bosco di Capodimonte Acquisto 2025 Real Fabbrica della Porcellana di Capodimonte (1743 - 1759) Giuseppe Gricci Pietà, 1744 Porcellana bianca Napoli, Museo Duca di Martina La costruzione piramidale è quella della Pietà di Michelangelo, con il corpo di Cristo accolto sulle gambe di Maria e le figure raccordate da un ampio panneggio. Il confronto tra i due gruppi - quello in terracotta e quello in porcellana - rivela l’evoluzione stilistica di Gricci sul tema della Pietà: più teatrale e distaccata nella porcellana, dove il dolore è sublimato, più umana e intima nella terracotta, dove il gesto della Madonna che asciuga le lacrime esprime una sofferenza materna. Il dialogo tra le due opere è stato allestito nella sala 20 del secondo piano del Museo, dove è esposta la celebre Pietà di Annibale Carracci: il dipinto, realizzato presumibilmente per la devozione privata del cardinale Odoardo, nel Settecento al Palazzo Reale a Napoli, è caratterizzato da un dolore straziato e raccolto. Annibale Carracci (Bologna, 1560 - Roma, 1609) Pietà 1599-1600 Olio su tela Napoli, Museo e Real Bosco di Capodimonte Collezione Farnese L’impostazione monumentale dei due protagonisti e la resa scultorea di alcuni dettagli, come le pieghe nette della veste della Vergine, hanno reso l’opera un modello trasversale nell’interpretazione di questa iconografia per pittori, scultori, incisori e modellatori. E anche Gricci mostra di esserne influenzato, riecheggiando nei suoi due gruppi plastici molti elementi della tela: ad esempio nelle membra abbandonate del Cristo, che si svolgono in continuità con il sudario poggiato sulle rocce. Alla presentazione sono intervenuti Luigi Gallo, Direttore ad interim Musei Nazionali del Vomero, e Riccardo Naldi - professore di storia dell’arte moderna Università degli Studi di Napoli L’Orientale, che fu il primo a riconoscere il gruppo in terracotta di Gricci nel 2007. Giuseppe Gricci, raffinato modellatore e scultore fiorentino, fu attivo come autore di soggetti sacri destinati alla corte reale sin dai primissimi anni di vita della Real Fabbrica di porcellana di Capodimonte, e tra il 1744 e il 1745 lavora a più riprese proprio al tema della Pietà. In un documento pubblicato nel 1888, Minieri Riccio fa riferimento a Gricci che nell’aprile del 1744 ‘fece una Pietà in porcellana ed una maensola con la sua forma in gesso’. La terracotta che, a causa della variante del movimento del braccio destro della Vergine, non può ritenersi il modello diretto del gruppo in porcellana del Museo Duca di Martina, tuttavia consente di seguire il processo di elaborazione del tema. I resti di colore sembrerebbero alludere a un utilizzo del modello come base di prova di decorazioni pittoriche, documentate da un esemplare in porcellana policroma del Museo Municipal di Madrid. Giuseppe Gricci Pietà, 1744-1745 circa Terracotta con tracce di policromia Napoli, Museo e Real Bosco di Capodimonte Acquisto 2025 SHARE THIS Facebook Twitter Email LinkedIn previous post: Capodimonte doppio Caravaggio. L’Ecce Homo e La Flagellazione di Cristo next post: L’Ospite bergamasca Lucina Brembati di Lorenzo Lotto. Capodimonte è di Moda - Percorsi nella storia del Costume Mostre in corso TUTTE LE MOSTRE DIRETTORE GENERALE Eike SCHMIDT DOVE SIAMO Via Lucio Amelio 2, Napoli, Italia COME RAGGIUNGERCI PER INFO Telefono: +39 081 7499130 Indirizzo email: mu-cap@cultura.gov.it PEC: mu-cap@pec.cultura.gov.it CONTATTACI Twitter Facebook Instagram Pinterest Youtube ORARI BIGLIETTI EVENTI COME RAGGIUNGERCI CONTATTI AMICI DI CAPODIMONTE SOSTIENICI MAPPE @ 2021 Museo e Real Bosco di Capodimonte Privacy PolicyAmministrazione trasparenteDichiarazione di accessibilità × Close mobile menu MUSEO E REAL BOSCO ORGANIZZA LA TUA VISITA COLLEZIONI MOSTRE SOSTIENICI NEWS MULTIMEDIA Info utili Cerca Submit""."
capo,Capodimonte doppio Caravaggio. L’Ecce Homo e La Flagellazione di Cristo,2025-07-24,2025-11-03,"Nei giorni feriali dalle 8.30 alle 17.00 (ultimo ingresso alle 16.30) nei giorni festivi dalle ore 8.30 alle 19.30 (ultimo ingresso alle 18.30) Dopo quattro secoli il capolavoro ritrovato a Madrid torna a Napoli dove fu dipinto. Schmidt: Qui un dialogo unico con un Ospite davvero speciale. È la nostra proposta per omaggiare Napoli 2500. Dal 24 luglio al 3 novembre “Capodimonte Doppio Caravaggio” è un’occasione unica per ammirare l’Ecce Homo di Madrid, l’ultimo capolavoro ad essere entrato nel corpus del pittore, eccezionalmente in dialogo accanto alla Flagellazione di Cristo (1571-1610).",https://capodimonte.cultura.gov.it/mostra/capodimonte-doppio-caravaggio-lecce-homo-e-la-flagellazione-di-cristo/,"Found on the venue's ""all (current/upcoming/past)"" listing page. opening and closing date read from a sentence, not a date field: ""skip to Main Content MUSEO E REAL BOSCO ORGANIZZA LA TUA VISITA COLLEZIONI MOSTRE SOSTIENICI NEWS MULTIMEDIA INFO UTILI Capodimonte doppio Caravaggio. L’Ecce Homo e La Flagellazione di Cristo INIZIO » MOSTRE » CAPODIMONTE DOPPIO CARAVAGGIO. L’ECCE HOMO E LA FLAGELLAZIONE DI CRISTO Capodimonte doppio Caravaggio. L’Ecce Homo e La Flagellazione di Cristo Dal 24 luglio al 3 novembre 2025, sala 62 secondo piano Ingresso gratuito compreso nel biglietto del museo Apertura tutti i giorni tranne il mercoledì Nei giorni feriali dalle 8.30 alle 17.00 (ultimo ingresso alle 16.30) nei giorni festivi dalle ore 8.30 alle 19.30 (ultimo ingresso alle 18.30) Aperture serali straordinarie La mostra Informazioni Comunicato stampa L'inaugurazione Dopo quattro secoli il capolavoro ritrovato a Madrid torna a Napoli dove fu dipinto. Schmidt: Qui un dialogo unico con un Ospite davvero speciale. È la nostra proposta per omaggiare Napoli 2500. Dal 24 luglio al 3 novembre “Capodimonte Doppio Caravaggio” è un’occasione unica per ammirare l’Ecce Homo di Madrid, l’ultimo capolavoro ad essere entrato nel corpus del pittore, eccezionalmente in dialogo accanto alla Flagellazione di Cristo (1571-1610). Caravaggio (Michelangelo Merisi), Flagellazione di Cristo, 1607; olio su tela, Napoli, Museo e Real Bosco di Capodimonte (proprietà del Fondo Edifici di Culto, Ministero dell’Interno) Caravaggio (Michelangelo Merisi), Ecce Homo, 1606-07 ca. o 1609 ca., olio su tela, Icon Trust Giovedì 24 luglio è stata inaugurata dal direttore Eike Schmidt alla presenza del Sindaco di Napoli Gaetano Manfredi, l’esposizione‘Capodimonte doppio Caravaggio’: fino al 2 novembre l’Ecce Homo di Caravaggio, dipinto a Napoli quattro secoli fa e riscoperto nel 2021 a Madrid, è l’Ospite speciale del Museo e Real Bosco di Capodimonte, in dialogo con il capolavoro la Flagellazione di Cristo. Entrambe le opere furono realizzate nei soggiorni napoletani del Merisi (1606/1607 e 1609) e sono ora esposte nella sala 62 in un confronto di grande suggestione che pone accanto la celebre pala d’altare della Chiesa di San Domenico (di proprietà del Fondo Edifici di Culto in consegna al museo dal 1972 per ragioni di tutela) e il dipinto perduto, appartenuto a un viceré di Napoli - Garcia Avellaneda y Haro - alla metà del Seicento. ‘Capodimonte Doppio Caravaggio’ vuole essere anche un omaggio alle celebrazioni per i 2500 anni della città ed è un’iniziativa promossa in collaborazione con il Comune di Napoli. La Flagellazione di Cristo, dopo il successo della grande mostra romana per il Giubileo (‘Caravaggio 2025’, 7 marzo - 20 luglio), è subito rientrata infatti al Museo e Real Bosco di Capodimonte, portando con sé un ospite d’eccezione: l’Ecce Homo spagnolo, dipinto che negli ultimi anni è stato al centro del dibattito scientifico e mediatico mondiale. Dopo l’attribuzione, il quadro era stato infatti subito esposto al Museo del Prado a Madrid, per volere del nuovo proprietario, e attualmente può lasciare la Spagna solo per eccezionali occasioni. “Appena abbiamo saputo che l’Ecce Homo sarebbe arrivato in Italia - spiega Eike Schmidt, Direttore del Museo e Real Bosco di Capodimonte - ci siamo messi al lavoro per averlo a Napoli al termine della mostra del Giubileo per la quale ci era stata richiesta la Flagellazione. Le celebrazioni dei 2500 anni di Napoli sono stata un’ulteriore motivazione per la realizzazione di questa iniziativa. La nostra politica dei prestiti sarà sempre improntata al protagonismo di Capodimonte e all’esaltazione del suo patrimonio. In particolare, questo ospite speciale per il quale ringraziamo il Ministero della cultura spagnolo e il Museo del Prado, è anche un’occasione di confronto unica che illustra e documenta la fortuna napoletana del modello caravaggesco. Nella stessa sala i visitatori troveranno esposto infatti anche l’Ecce Homo di Battistello Caracciolo. “Doppio Caravaggio” fa parte del ciclo “L’Ospite” mostre piccole ma preziose che Capodimonte propone mentre completa i grandi lavori di efficientamento energetico e quindi il rinnovamento degli spazi, in costante dialogo con i grandi musei italiani e internazionali“. Negli ultimi mesi sono state ‘ospiti’ a Capodimonte importanti opere di Courbet, Carracci, Rubens, Baglione. “L’inaugurazione della mostra ‘Capodimonte Doppio Caravaggio‘- dichiara il sindaco di Napoli Gaetano Manfredi - segna, per la città, il ritorno di un’opera di grande interesse, realizzata durante i soggiorni napoletani dell’artista: l’Ecce Homo. Dal Museo del Prado di Madrid al Museo e Real Bosco di Capodimonte, unica tappa italiana prima del ritorno in Spagna, l’esposizione si inserisce, a pieno titolo, nelle celebrazioni per i 2500 anni di Neapolis. In un anno così speciale e ricco di stimoli, l’offerta culturale di Napoli si arricchisce di nuove contaminazioni. La Flagellazione di Cristo, già custodita al Museo, in dialogo con l’Ecce Homo di Caravaggio: un viaggio unico nel tempo e nello spazio, all’insegna della riscoperta dell’arte caravaggesca e della sua influenza in ambiente napoletano, come testimonia il lavoro di Battistello Caracciolo. Non posso che rinnovare il supporto del Comune di Napoli al Museo di Capodimonte, uno dei siti di maggiore interesse in città e, negli anni, promotore di iniziative di grande spessore e qualità“. “Lo spirito di Napoli2500 è perfettamente presente nell’idea stessa di questa esposizione a Capodimonte - sottolinea Laura Valente, direttrice artistica di Napoli2500. Il racconto della pittura del ‘600 napoletano si arricchisce di un dialogo unico che ci svela sempre nuovi tasselli della sua storia. Come Fringefestival proporremo qui in autunno appuntamenti performativi dedicati a Caravaggio e al suo legame ideale con alcuni geni contemporanei. E nel quadro della collaborazione con il Museo e Real Bosco, frutto dell’adesione entusiasta del direttore Schmidt alle celebrazioni per il compleanno di Neapolis, annunceremo a breve una mostra di arte contemporanea internazionale, dal messaggio potente, per il cartellone di fine anno”. ECCE HOMO a Capodimonte - Caso più unico che raro tra le attribuzioni di dipinti a Caravaggio dell’ultimo mezzo secolo, su questa tela di media grandezza il consenso della critica è stato pressoché unanime. L’Ecce Homo si trovava nel salotto di una casa privata, nel 2021 il quadro venne messo in vendita con una base d’asta di 1500 euro come opera di ‘scuola di Ribera’ . La casa d’arte spagnola Ansorena pubblica allora un catalogo con l’opera e attraverso un tam-tam di segnalazioni attorno al dipinto in pochi giorni si riuniscono i principali esperti del pittore, inclusi mercanti d’arte e curatori di museo da tutto il mondo. Mentre il quadro consolidava sempre più la sua reputazione di originale perduto di Caravaggio, il governo spagnolo ne sanciva la non esportabilità, vincolandone, quindi, la permanenza sul suo territorio. Nell’estate del 2024 l’Ecce Homo, acquistato da un filantropo britannico, che vuole restare anonimo, residente in Spagna, è esposto in una sala dedicata del Museo del Prado di Madrid. Una storia appassionante narrata anche nel thriller documentaristico ‘Il Caravaggio perduto’ uscito quest’anno nelle sale italiane, recentemente trasmesso su Sky Arte. Già Roberto Longhi, nei suoi studi fondativi sul pittore, aveva pubblicato un’immagine di una copia del quadro di Madrid, intravedendo, primo fra tutti, oltre le vernici ossidate e la banalizzazione di un mediocre copista tutta la forza di un’autentica idea caravaggesca ancora da rintracciare. Lo studio sulla storia del dipinto si deve, però, interamente a Maria Cristina Terzaghi che ne ha rintracciato il passaggio nell’Ottocento dall’Academia San Fernando di Madrid e che ha proposto di riconoscere lo stesso in un Ecce Homodi Caravaggio appartenuto a un viceré di Napoli - Garcia Avellaneda y Haro - alla metà del Seicento. L’Ecce Homo - tra gli ultimi episodi della vita di Cristo precedente alla Crocifissione e successivo alla Flagellazione - è un’iconografia che ebbe ampia diffusione, nell’intera penisola italiana, tra Quattrocento e Cinquecento. Nel quadro di Madrid, Caravaggio dispone le figure in profondità, suggerendo una loggia buia da cui si sporge Ponzio Pilato, il giudice che indica Cristo dolente alla folla, mentre un aguzzino con la bocca aperta lo spoglia (o forse lo ricopre dopo averlo spogliato) per mostrarne ulteriormente il corpo martoriato. Geniale e dal forte valore simbolico è la soluzione caravaggesca di rappresentare, sopra la fronte di Cristo, la sezione a mo’ di piccola fiamma di un ramo di rovi spiccato dal tronco principale, più chiara rispetto alla variazione di bruni della corona di spine. Poiché, in tutta probabilità, fu realizzata a Napoli, è con i quadri dei due periodi napoletani che la tela madrilena può mettersi più facilmente in relazione ed è proprio a potenziare la suggestione che la pala di San Domenico maggiore del 1607 e il quadro da stanza di Madrid sono stati nuovamente messi in dialogo nella sala con i capolavori del Museo di Capodimonte. L’importanza del dipinto è attestata dalla ripresa di alcune pose nella pala della Stella del 1607-1608 di Battistello Caracciolo (1578-1635), tra i più fedeli seguaci di Caravaggio e che ebbe anche rapporti diretti con l’artista durante i suoi soggiorni napoletani. Battistello (Giovan Battista Caracciolo), Ecce Homo, olio su tela, Napoli, Museo e Real Bosco di Capodimonte Su di una parete laterale, nella stessa sala, si è poi deciso di esporre proprio un’opera di Battistello proveniente dai depositi del museo: un altro Ecce Homo dal formato orizzontale. Capodimonte propone quindi una occasione di confronto unica che illustra e documenta anche la fortuna napoletana del modello caravaggesco. La prossimità stilistica con alcune opere finali del Merisi ha permesso di confermarne la realizzazione da parte di Battistello proprio negli anni in cui Caravaggio era a Napoli o in quelli compresi tra i suoi soggiorni. Ed ecco che il ritrovamento dell’Ecce Homo di Madrid permette di dare nuovo significato alla suggestione dello studioso che in catalogo si chiedeva se all’opera di Battistello non potesse aver “sovrainteso” lo stesso Caravaggio. Rimane, tuttora, rischioso spingersi a dire di più, ma gli esperti e il grande pubblico potranno tornare a vedere con occhi nuovi opere della collezione permanente di Capodimonte, grazie a un prestito straordinario, anello intermedio di una catena che dalla Flagellazione di San Domenico maggiore muove verso l’Ecce Homo di Battistello e si spinge certamente oltre. Capodimonte Doppio Caravaggio 24 luglio - 2 novembre A cura dell’Ufficio Mostre, responsabile Maria Laura Chiacchio. Architetti Renata Marmo e Silvia Sorice. Testi didattici di Vincenzo Sorrentino, curatore dell’arte del Seicento al Museo e Real Bosco di Capodimonte. SHARE THIS Facebook Twitter Email LinkedIn previous post: L’Ospite bolognese. L’Annunciazione di Ludovico Carracci next post: La Pietà di Gricci, il modellatore del Re. Nuova acquisizione di Capodimonte. Tra terracotta e porcellana Mostre in corso TUTTE LE MOSTRE DIRETTORE GENERALE Eike SCHMIDT DOVE SIAMO Via Lucio Amelio 2, Napoli, Italia COME RAGGIUNGERCI PER INFO Telefono: +39 081 7499130 Indirizzo email: mu-cap@cultura.gov.it PEC: mu-cap@pec.cultura.gov.it CONTATTACI Twitter Facebook Instagram Pinterest Youtube ORARI BIGLIETTI EVENTI COME RAGGIUNGERCI CONTATTI AMICI DI CAPODIMONTE SOSTIENICI MAPPE @ 2021 Museo e Real Bosco di Capodimonte Privacy PolicyAmministrazione trasparenteDichiarazione di accessibilità × Close mobile menu MUSEO E REAL BOSCO ORGANIZZA LA TUA VISITA COLLEZIONI MOSTRE SOSTIENICI NEWS MULTIMEDIA Info utili Cerca Submit""."
capo,L’Ospite bolognese. L’Annunciazione di Ludovico Carracci,2025-03-25,2025-06-15,"Dal 25 marzo 2025 al 15 giugno 2025, sala 6 primo piano Inaugurazione ore 16,30 Apertura tutti i giorni tranne il mercoledì, le domeniche e i festivi Nei giorni feriali dalle ore 8.30 alle 19.30 (ultimo ingresso alle 18.30). L’Annunciazione di Ludovico Carracci è l’Ospite bolognese, in prestito dalla Pinacoteca Nazionale di Bologna.",https://capodimonte.cultura.gov.it/mostra/lospite-bolognese-lannunciazione-di-ludovico-carracci/,"Found on the venue's ""all (current/upcoming/past)"" listing page. opening and closing date read from a sentence, not a date field: ""skip to Main Content MUSEO E REAL BOSCO ORGANIZZA LA TUA VISITA COLLEZIONI MOSTRE SOSTIENICI NEWS MULTIMEDIA INFO UTILI L’Ospite bolognese. L’Annunciazione di Ludovico Carracci INIZIO » MOSTRE » L’OSPITE BOLOGNESE. L’ANNUNCIAZIONE DI LUDOVICO CARRACCI L'Ospite bolognese. L'Annunciazione di Ludovico Carracci Dal 25 marzo 2025 al 15 giugno 2025, sala 6 primo piano Inaugurazione ore 16,30 Ingresso gratuito compreso nel biglietto del museo Apertura tutti i giorni tranne il mercoledì, le domeniche e i festivi Nei giorni feriali dalle ore 8.30 alle 19.30 (ultimo ingresso alle 18.30). La mostra L'iconografia Ludovico Carracci Informazioni Comunicato stampa L'inaugurazione L’Annunciazione di Ludovico Carracci è l’Ospite bolognese, in prestito dalla Pinacoteca Nazionale di Bologna. Il Direttore Eike Schmidt: “Primavera del Museo con mostre agili e confronti pensati per esaltare il nostro patrimonio”. Il 25 marzo, giorno nel quale la Chiesa Cattolica celebra l’Annunciazione del Signore, il Museo e Real Bosco di Capodimonte presenta ‘L’Ospite bolognese. Ludovico Carracci (1555-1619)’ con la Annunciazione (1584, olio su tela, 182,5×221) in prestito dalla Pinacoteca Nazionale di Bologna fino al 15 giugno. “Dopo Rubens e Baglione ecco il terzo atteso ospite del mese di marzo che arricchisce ancora di più l’offerta della primavera dell’arte a Capodimonte: Ludovico Carracci, al quale dedichiamo la sala 6 - spiega Eike Schmidt, Direttore del Museo e Real Bosco - I visitatori troveranno la sua celebre Annunciazione in dialogo con due opere di Capodimonte, dello stesso periodo e sul medesimo fondamentale tema iconografico, una di Scipione Pulzone e l’altra di Francesco Curia. Una gradita formula quella dell’Ospite che testimonia il costante dialogo con importanti istituzioni italiane e internazionali e che ben si adatta, in concomitanza dei lavori nella Reggia, all’esigenza di mostre agili, coinvolgenti, e confronti pensati per esaltare il nostro patrimonio” Ludovico Carracci, Annunciazione, 1584 olio su tela in prestito dalla Pinacoteca Nazionale di Bologna Nell’opera ‘ospite’, in visita da Bologna, la Vergine intenta a leggere un libro di preghiere, è interrotta da un angelo che le porge un giglio e le annuncia che Dio si è incarnato in lei. L’inginocchiatoio in legno, la cesta di vimini con il cucito e il letto sulla destra, così come le linee del pavimento in cotto che segnano la fuga prospettica, alludono a un evento miracoloso che avviene in un ambiente scarno, simile a un’umile dimora della Bologna del tempo. Le torri cittadine si intravedono anche attraverso la finestra aperta da cui irrompe la colomba dello Spirito Santo. È con un preciso intento didattico e in piena sintonia con i dettami del Concilio di Trento (1545-1563), la risposta cattolica alle nuove dottrine luterana e calvinista, che Ludovico Carracci ideò questa pala orizzontale, originariamente collocata nella sede di una compagnia religiosa e non in una chiesa. Dopo i seducenti virtuosismi del Manierismo, Ludovico interpreta il tema in maniera piana e devota, facilmente intellegibile, come a voler facilitare l’immedesimazione del fedele spettatore. Scipione Pulzone, Annunciazione, 1587 olio su tela Collezione Borbone Napoli, Museo e Real Bosco di Capodimonte L’opera di Scipione Pulzone (Gaeta, 1550 ca. - Roma, 1598) proposta in sala 6 (primo piano) è datata 1587 (olio su tela, da Gaeta chiesa di Sant’Angelo in Planciano) e firmata sul cartiglio collocato nella parte bassa dell’inginocchiatoio. Raffigura la Vergine che, interrotta durante la lettura, ascolta il messaggio dell’Arcangelo e accetta ciò che il Signore, circondato da angeli, ha in serbo per lei. La stanza semplice, dove vi sono una sedia di vimini e gli strumenti da cucito, si affaccia su un panorama che ricorda quello del golfo di Gaeta. Attraverso questi espedienti, il pittore avvicina l’episodio sacro alla vita quotidiana dello spettatore. Francesco Curia, Annunciazione, 1596 - 1597 olio su tavola Collezione Borbone Napoli, Museo e Real Bosco di Capodimonte Francesco Curia (documentato dal 1588 - Napoli, 1608) dipinse la sua Annunciazione nel 1596-1597 (olio su tavola provenienza Napoli, chiesa di Santa Maria di Monteoliveto). Il dipinto mostra lo stile peculiare dell’autore, che ambienta l’episodio sacro nell’elegante portico di una strada di città. I colori vivaci delle vesti e la raffinata resa dei dettagli, come le preziose venature del marmo o il broccato che copre il leggio, suggeriscono un contatto diretto con artisti fiamminghi, che Curia poteva aver conosciuto a Napoli e nel corso dei suoi numerosi viaggi. SHARE THIS Facebook Twitter Email LinkedIn previous post: Ospiti d’eccezione. Pieter Paul Rubens ‘San Sebastiano curato dagli angeli’ e Giovanni Baglione ‘Amor sacro e Amor profano’ next post: Capodimonte doppio Caravaggio. L’Ecce Homo e La Flagellazione di Cristo Mostre in corso TUTTE LE MOSTRE DIRETTORE GENERALE Eike SCHMIDT DOVE SIAMO Via Lucio Amelio 2, Napoli, Italia COME RAGGIUNGERCI PER INFO Telefono: +39 081 7499130 Indirizzo email: mu-cap@cultura.gov.it PEC: mu-cap@pec.cultura.gov.it CONTATTACI Twitter Facebook Instagram Pinterest Youtube ORARI BIGLIETTI EVENTI COME RAGGIUNGERCI CONTATTI AMICI DI CAPODIMONTE SOSTIENICI MAPPE @ 2021 Museo e Real Bosco di Capodimonte Privacy PolicyAmministrazione trasparenteDichiarazione di accessibilità × Close mobile menu MUSEO E REAL BOSCO ORGANIZZA LA TUA VISITA COLLEZIONI MOSTRE SOSTIENICI NEWS MULTIMEDIA Info utili Cerca Submit""."
capo,Ospiti d’eccezione. Pieter Paul Rubens ‘San Sebastiano curato dagli angeli’ e Giovanni Baglione ‘Amor sacro e Amor profano’,2025-03-11,2025-07-15,"Dall’11 marzo 2025 al 15 luglio 2025, sale 61-62 secondo piano Nei giorni feriali dalle 8.30 alle 17.00 (ultimo ingresso alle 16.30) nei giorni festivi dalle ore 8.30 alle 19.30 (ultimo ingresso alle 18.30) Rubens a Capodimonte: dall’11 marzo in mostra ‘San Sebastiano curato dagli angeli’ (1601-1602, olio su tela, 155,5 x 119,5 cm) uno dei capolavori delle Gallerie Nazionali di Arte Antica di Roma custodito dalla Galleria Corsini. L’opera di Pieter Paul Rubens (Siegen, 28 giugno 1577 – Anversa, 30 maggio 1640), è in dialogo con alcune potenti raffigurazioni del martirio del Santo nelle collezioni del Museo e Real Bosco di Capodimonte (sala 61): i dipinti di Domenico Cresti detto il Passignano, Bartolomeo Schedoni, Andrea Vaccaro, Mattia Preti. Da Palazzo Barberini, altra sede delle Gallerie, in prestito (allestito nella sala 62) anche ‘Amor sacro e Amor profano’ di Giovanni Baglione (1602, Olio su tela, 240 x 143 cm), pittore e biografo, noto anche come anti-Caravaggio (Roma, 1573 circa –30 dicembre 1643), protagonista della celebre rivalità con il Merisi, che portò a processo per ingiurie nella Roma del primo ‘600.",https://capodimonte.cultura.gov.it/mostra/ospiti-deccezione-pieter-paul-rubens-san-sebastiano-curato-dagli-angeli-e-giovanni-baglione-amor-sacro-e-amor-profano/,"Found on the venue's ""all (current/upcoming/past)"" listing page. opening and closing date read from a sentence, not a date field: ""skip to Main Content MUSEO E REAL BOSCO ORGANIZZA LA TUA VISITA COLLEZIONI MOSTRE SOSTIENICI NEWS MULTIMEDIA INFO UTILI Ospiti d’eccezione. Pieter Paul Rubens ‘San Sebastiano curato dagli angeli’ e Giovanni Baglione ‘Amor sacro e Amor profano’ INIZIO » MOSTRE » OSPITI D’ECCEZIONE. PIETER PAUL RUBENS ‘SAN SEBASTIANO CURATO DAGLI ANGELI’ E GIOVANNI BAGLIONE ‘AMOR SACRO E AMOR PROFANO’ Ospiti d'eccezione. Pieter Paul Rubens 'San Sebastiano curato dagli angeli' e Giovanni Baglione 'Amor sacro e Amor profano' Dall’11 marzo 2025 al 15 luglio 2025, sale 61-62 secondo piano Ingresso gratuito compreso nel biglietto del museo Apertura tutti i giorni tranne il mercoledì Nei giorni feriali dalle 8.30 alle 17.00 (ultimo ingresso alle 16.30) nei giorni festivi dalle ore 8.30 alle 19.30 (ultimo ingresso alle 18.30) Rubens e Baglione a Capodimonte I dialoghi Informazioni Comunicato stampa L'inaugurazione Rubens a Capodimonte: dall’11 marzo in mostra ‘San Sebastiano curato dagli angeli’ (1601-1602, olio su tela, 155,5 x 119,5 cm) uno dei capolavori delle Gallerie Nazionali di Arte Antica di Roma custodito dalla Galleria Corsini. L’opera di Pieter Paul Rubens (Siegen, 28 giugno 1577 - Anversa, 30 maggio 1640), è in dialogo con alcune potenti raffigurazioni del martirio del Santo nelle collezioni del Museo e Real Bosco di Capodimonte (sala 61): i dipinti di Domenico Cresti detto il Passignano, Bartolomeo Schedoni, Andrea Vaccaro, Mattia Preti. Pieter Paul Rubens (Siegen, 28 giugno 1577 - Anversa, 30 maggio 1640) San Sebastiano curato dagli angeli’ (1601-1602, olio su tela), Gallerie Nazionali di Arte Antica di Roma custodito dalla Galleria Corsini Giovanni Baglione (Roma, 1573 circa -30 dicembre 1643) Amor sacro e Amor profano’ (1602, Olio su tela), Gallerie Nazionali di Arte Antica di Roma custodito da Palazzo Barberini Da Palazzo Barberini, altra sede delle Gallerie, in prestito (allestito nella sala 62) anche ‘Amor sacro e Amor profano’ di Giovanni Baglione (1602, Olio su tela, 240 x 143 cm), pittore e biografo, noto anche come anti-Caravaggio (Roma, 1573 circa -30 dicembre 1643), protagonista della celebre rivalità con il Merisi, che portò a processo per ingiurie nella Roma del primo ‘600. “L’arrivo di questi due capolavori rientra in un significativo scambio con le Gallerie Nazionali di Arte Antica - spiega Eike Schmidt direttore del Museo e Real Bosco di Capodimonte - sarà l’occasione per i frequentatori di Capodimonte, soprattutto per i cittadini che vengono al museo regolarmente, di ammirare questi dipinti, raramente prestati, in un diverso contesto e per giunta a Napoli. Un dialogo che stimolerà nuove riflessioni e paragoni, nel caso del San Sebastiano di Rubens con un allestimento dal punto di vista iconografico che è un vero e proprio compendio seicentesco sul tema. Mi piace ricordare che il capolavoro di Baglione torna a Napoli esattamente dopo 40 anni dalla mostra epocale ‘Caravaggio e il suo tempo’ firmata da Causa e Spinosa”. Sebastiano, militare romano, si convertì al cristianesimo e fu condannato a morte per aver diffuso la fede tra i suoi compagni. Legato e trafitto da frecce, il suo corpo venne lasciato in pasto agli animali ma, la vedova Irene lo trovò ancora moribondo e lo curò con l’aiuto di una serva. Sebastiano poté quindi riprendere l’attività di proselitismo ma, gli fu presto inflitto un nuovo martirio: la fustigazione. Il suo corpo doveva essere poi gettato nella Cloaca Maxima in segno di disprezzo ma, fu recuperato dalla matrona Lucina che gli diede degna sepoltura. La figura del soldato martire ha avuto grande fortuna nell’arte, dapprima uomo barbuto in armatura, poi sempre più spesso giovane nudo, trafitto da frecce, occasione per mostrare un’avvenente anatomia, una delle poche che avesse il diritto di essere esposta anche in ambienti sacri. Nell’opera ‘ospite’ di Rubens, San Sebastiano curato dagli angeli, è rappresentato il momento successivo al primo martirio: il corpo del giovane soldato, legato a un albero, è stato trafitto dalle frecce e quattro angeli sono intenti a soccorrerlo e a liberarlo, una variazione dell’artista alla più comune iconografia con la vedova Irene. Il potente corpo maschile del protagonista come quelli più minuti dei suoi salvatori mostrano una fisicità debitrice dello studio dell’Antico e di Michelangelo, vere rivelazioni dei due soggiorni romani del pittore fiammingo. Co-protagonista della scena è la grande corazza a sinistra, riferimento al suo ruolo di militare, ma anche virtuosismo pittorico di Rubens che rende l’effetto riflettente del metallo. Il pittore restituisce una versione pienamente barocca e reinterpreta il soggetto insistendo su una resa teatrale e sottilmente erotica. L’allestimento della sala 61 con l’opera di Rubens, ospite fiammingo, in dialogo con le opere del museo La sala 62 con l’opera di Giovanni Baglione, ospite romano, tra i capolavori del museo In concomitanza con le celebrazioni del Giubileo 2025, ‘La Flagellazione’ di Caravaggio, di proprietà del Fondo Edifici di Culto, in consegna a Capodimonte dal 1972, è esposta a Palazzo Barberini nella mostra Caravaggio 2025 (fino al 20 luglio). La sinergia attivata in occasione dei prestiti include promozione e scontistica reciproca per i visitatori di Capodimonte e della Mostra di Palazzo Barberini. In particolare, con il biglietto di Capodimonte il ticket della mostra si potrà acquistare scontato da 18 a 12 euro. Ai visitatori di Caravaggio 2025 il museo napoletano praticherà il biglietto ridotto di 12 euro (fino al 30 luglio). Ludovico Carracci (Bologna, 1555 - 1619) ‘L’Annunciazione’ (1585. Olio su tela) Pinacoteca Nazionale di Bologna Dopo Rubens e Baglione nel mese di marzo atteso anche un terzo ‘Ospite’ a Capodimonte, per il ciclo aperto lo scorso anno da Courbet: è Ludovico Carracci (Bologna, 1555 - 1619)con ‘L’Annunciazione’ (1585. Olio su tela cm 182,5 × 221 cm) prestito della Pinacoteca Nazionale di Bologna. SHARE THIS Facebook Twitter Email LinkedIn previous post: Gaia Fugazza. Sete next post: L’Ospite bolognese. L’Annunciazione di Ludovico Carracci Mostre in corso TUTTE LE MOSTRE DIRETTORE GENERALE Eike SCHMIDT DOVE SIAMO Via Lucio Amelio 2, Napoli, Italia COME RAGGIUNGERCI PER INFO Telefono: +39 081 7499130 Indirizzo email: mu-cap@cultura.gov.it PEC: mu-cap@pec.cultura.gov.it CONTATTACI Twitter Facebook Instagram Pinterest Youtube ORARI BIGLIETTI EVENTI COME RAGGIUNGERCI CONTATTI AMICI DI CAPODIMONTE SOSTIENICI MAPPE @ 2021 Museo e Real Bosco di Capodimonte Privacy PolicyAmministrazione trasparenteDichiarazione di accessibilità × Close mobile menu MUSEO E REAL BOSCO ORGANIZZA LA TUA VISITA COLLEZIONI MOSTRE SOSTIENICI NEWS MULTIMEDIA Info utili Cerca Submit""."
capo,Gaia Fugazza. Sete,2025-01-31,2025-03-18,"Apertura tutti i giorni tranne il mercoledì, le domeniche e i festivi Nei giorni feriali dalle ore 8.30 alle 19.30 (ultimo ingresso alle 18.30) Il Museo e Real Bosco di Capodimonte e il Polo delle Arti Caselli Palizzi di Napoli presentano l’opera dell’artista Gaia Fugazza con la mostra personale Sete e la performance Acque dentro. Il progetto è a cura di Valter Luca De Bartolomeis e Sara Dolfi Agostini, e in collaborazione con i professori e gli studenti del Polo delle Arti. “Capodimonte si apre alla creatività giovane e performativa - dichiara Eike Schmidt direttore del Museo e Real Bosco - ospitando una artista dal respiro internazionale nel quadro delle storiche sinergie con il Polo delle Arti Caselli Palizzi. E lo fa nel segno della Porcellana, un tema che declineremo in varie forme nel 2025 nel nostro percorso verso l’apertura della grande sezione dedicata a questa arte identitaria”.",https://capodimonte.cultura.gov.it/mostra/gaia-fugazza-sete/,"Found on the venue's ""all (current/upcoming/past)"" listing page. opening and closing date read from a sentence, not a date field: ""skip to Main Content MUSEO E REAL BOSCO ORGANIZZA LA TUA VISITA COLLEZIONI MOSTRE SOSTIENICI NEWS MULTIMEDIA INFO UTILI Gaia Fugazza. Sete INIZIO » MOSTRE » GAIA FUGAZZA. SETE Gaia Fugazza. Sete 31 GENNAIO 2025 INAUGURAZIONE MOSTRA, SALE 27-28, ORE 16:30 PERFORMANCE ACQUE DENTRO, SALONE DELLE FESTE, ORE 17:00 A cura di Valter Luca De Bartolomeis e Sara Dolfi Agostini Dal 31 gennaio 2025 al 18 marzo 2025, sale 27-28 primo piano Ingresso gratuito compreso nel biglietto del museo Apertura tutti i giorni tranne il mercoledì, le domeniche e i festivi Nei giorni feriali dalle ore 8.30 alle 19.30 (ultimo ingresso alle 18.30) La mostra Informazioni Gaia Fugazza I curatori Comunicato stampa L'inaugurazione Il Museo e Real Bosco di Capodimonte e il Polo delle Arti Caselli Palizzi di Napoli presentano l’opera dell’artista Gaia Fugazza con la mostra personale Sete e la performance Acque dentro. Il progetto è a cura di Valter Luca De Bartolomeis e Sara Dolfi Agostini, e in collaborazione con i professori e gli studenti del Polo delle Arti. “Capodimonte si apre alla creatività giovane e performativa - dichiara Eike Schmidt direttore del Museo e Real Bosco - ospitando una artista dal respiro internazionale nel quadro delle storiche sinergie con il Polo delle Arti Caselli Palizzi. E lo fa nel segno della Porcellana, un tema che declineremo in varie forme nel 2025 nel nostro percorso verso l’apertura della grande sezione dedicata a questa arte identitaria”. L’evento conclude un progetto di residenza dell’artista presso l’Istituto ad Indirizzo Raro “Giovanni Caselli”, ubicato all’interno del parco di Capodimonte, nel medesimo antico edificio che fu sede della prima Real Fabbrica della Porcellana, fondata nel 1743 e oggi parte del Polo delle Arti Caselli Palizzi diretto da Valter Luca De Bartolomeis. La residenza, che ha portato l’artista a Napoli tra il 2023 e il 2024, si è focalizzata sulla lavorazione della porcellana in terzo fuoco e sulla sua ibridazione con altri materiali. La mostra Sete e la performance Acque dentro sono parte di un progetto artistico che esplora un’intelligenza diffusa del corpo attraverso un immaginario che va da elementi marini ad agenti atmosferici, dai bisogni fisici a quelli sociali. Concepito in due parti, il progetto è un acceleratore di stimoli tattili, visivi e concettuali che mettono in relazione dimensione individuale e collettiva. In mostra si trovano due serie di opere a muro in porcellana, le prime realizzate nei colori vivaci del terzo fuoco; le altre contaminate con vetro o trafitte da ossa di calamaro. Le ossa di calamaro sembrano piume di plastica e, come le sculture a forma di becchi di polpo della performance, sono forse testimoni di un tempo lontano della storia in cui le creature del cielo e quelle degli abissi si sono ritrovate, unite nel cammino dell’evoluzione. Le opere riconfigurano così leggende primitive e inconscio mitopoietico dell’artista - permeate da una nota eroica il cui fulcro è sempre un corpo, spesso femminile, fluido e poroso, inciso con segni arcaici e penetrato da materie estranee, effetto delle sperimentazioni artistiche. Il corpo, talvolta, quasi scompare, precipita in una relazione osmotica con la natura - atmosferica e organica - che ne ribalta la relazione tra interno ed esterno, lo trascina e ne annulla i tratti distintivi, mentre si muove e rotola sulla superficie della lastra di porcellana. La performance Acque Dentro (2025) attiva esperienze fisiche insolite, volte ad attivare forme di conoscenza considerate residuali nella società contemporanea. L’una coinvolge il corpo dei performer - studenti di musica e danza del Polo delle Arti Caselli Palizzi, è pubblica e detta la durata dell’evento; mentre l’altra implica in maniera più diretta i visitatori, cui è offerta la possibilità di avere in bocca una miniatura in porcellana che non è possibile vedere o toccare prima di partecipare; un’opera d’arte ma anche un dispositivo per accentuare la presenza fisica, l’hinc et nunc. La scultura è modellata sulla forma dei becchi di polpo che in italiano vengono spesso chiamati “occhi di polpo”. I becchi di polpo sono simili a becchi di uccelli in miniatura e sono l’unico elemento di cartilagine dura nel corpo di una creatura altrimenti priva di ossa che vive nei fondali marini, in aree buie e difficilmente accessibili per l’essere umano. Così, nella penombra del Salone delle Feste, ottenuta usando solo l’illuminazione originaria ispirata ai candelabri, alcuni visitatori decidono di partecipare alla performance, altri osservano - ma gli uni e gli altri si guardano e si muovono insieme, in incognito, con implicazioni sociali e comportamentali nello spazio condiviso con i ballerini e i musicisti. Loro, invece, interagiscono solo in coppia, interpretando - in una sorta di time-lapse evolutivo o dell’apprendimento - forme di comunicazione possibili, in dialogo con il proprio corpo e quello degli altri, ma anche con gli strumenti musicali. La performance crea così un’esperienza interna e la fa uscire progressivamente, fino a renderla pubblica. Al contempo, mette in discussione l’egemonia della società delle immagini, l’idea di una realtà filtrata quasi esclusivamente dagli occhi e non dagli altri sensi, e rivendica un approccio multisensoriale all’opera d’arte. Con Acque dentro, Gaia Fugazza emancipa così i visitatori dal linguaggio, strumento del pensiero razionale, e li riporta alla dimensione ludica del conoscere, quella dei bambini che toccano e mettono gli oggetti in bocca, si copiano e reagiscono, informati dalla dimensione relazionale del crescere insieme. L’opera di Gaia Fugazza è un’esplorazione estetica della relazione tra esseri umani e una realtà intesa come entità viva, espressiva e rizomatica. Attraverso tecniche diverse come ceramica, pittura, intaglio e performance, le sue opere riportano alla luce saperi perduti su un mondo concreto - un distillato di corpi, piante e cose, toccano temi interspecie come i sistemi di riproduzione, e interrogano un misticismo pagano che attraversa secoli e civilizzazioni, di cui la natura è l’epicentro. In particolare, nell’atto creativo c’è una critica all’antropocentrismo stimolata da un’esperienza artistica fisica che si nutre di figure archetipiche. Muovendosi liberamente tra la bidimensionalità del disegno e la tridimensionalità della scultura, la metodologia di Gaia Fugazza parte sempre dalla materia - del supporto o dell’oggetto - trasformando pratiche antiche canonizzate con sperimentazioni dissonanti e intuizioni personali. Nelle performance, invece, l’artista esplora più deliberatamente la trasmissione del sapere, innestando cortocircuiti sensoriali e immaginando equivalenze tra mondi lontani o incompatibili, volte a scardinare l’egemonia del pensiero verticale, quello logico-razionale. Nell’interrogare forme altre e possibili convivenze, Gaia Fugazza applica un pensiero orizzontale, de-gerarchizzato e inclusivo. Animali, piante ed esseri umani partecipano come esseri sensienti, e i temi affrontati penetrano la realtà, oltrepassando l’attualità più incalzante. SHARE THIS Facebook Twitter Email LinkedIn previous post: L’Ospite francese. Gustave Courbet ‘Les Demoiselles des bords de la Seine (été) next post: Ospiti d’eccezione. Pieter Paul Rubens ‘San Sebastiano curato dagli angeli’ e Giovanni Baglione ‘Amor sacro e Amor profano’ Mostre in corso TUTTE LE MOSTRE DIRETTORE GENERALE Eike SCHMIDT DOVE SIAMO Via Lucio Amelio 2, Napoli, Italia COME RAGGIUNGERCI PER INFO Telefono: +39 081 7499130 Indirizzo email: mu-cap@cultura.gov.it PEC: mu-cap@pec.cultura.gov.it CONTATTACI Twitter Facebook Instagram Pinterest Youtube ORARI BIGLIETTI EVENTI COME RAGGIUNGERCI CONTATTI AMICI DI CAPODIMONTE SOSTIENICI MAPPE @ 2021 Museo e Real Bosco di Capodimonte Privacy PolicyAmministrazione trasparenteDichiarazione di accessibilità × Close mobile menu MUSEO E REAL BOSCO ORGANIZZA LA TUA VISITA COLLEZIONI MOSTRE SOSTIENICI NEWS MULTIMEDIA Info utili Cerca Submit""."
capo,L’Ospite francese. Gustave Courbet ‘Les Demoiselles des bords de la Seine (été),2024-11-07,2025-02-23,"Apertura tutti i giorni tranne il mercoledì, le domeniche e i festivi Nei giorni feriali dalle ore 8.30 alle 19.30 (ultimo ingresso alle 18.30). ‘Les Demoiselles des bords de la Seine (été)’ presentato al Salon parigino nel 1857 suscitò subito grande scalpore per la sensualità del suo messaggio: in una calda giornata estiva due giovani donne, probabilmente due prostitute, riposano distese mollemente sull’erba in riva al fiume. L’atmosfera calda e umida avvolge le ragazze, come mostra un accenno di sudorazione sulla pelle.",https://capodimonte.cultura.gov.it/mostra/lospite-francese-gustave-courbet-les-demoiselles-des-bords-de-la-seine-ete/,"Found on the venue's ""all (current/upcoming/past)"" listing page. opening and closing date read from a sentence, not a date field: ""skip to Main Content MUSEO E REAL BOSCO ORGANIZZA LA TUA VISITA COLLEZIONI MOSTRE SOSTIENICI NEWS MULTIMEDIA INFO UTILI L’Ospite francese. Gustave Courbet ‘Les Demoiselles des bords de la Seine (été) INIZIO » MOSTRE » L’OSPITE FRANCESE. GUSTAVE COURBET ‘LES DEMOISELLES DES BORDS DE LA SEINE (ÉTÉ) L’Ospite francese. Gustave Courbet ‘Les Demoiselles des bords de la Seine (été) Dal 7 novembre 2024 al 23 febbraio 2025, sala 6 primo piano Ingresso gratuito compreso nel biglietto del museo Apertura tutti i giorni tranne il mercoledì, le domeniche e i festivi Nei giorni feriali dalle ore 8.30 alle 19.30 (ultimo ingresso alle 18.30). La mostra Informazioni Gustave Courbet Comunicato stampa L'inaugurazione Gustave Courbet con ‘Les Demoiselles des bords de la Seine (été) è l’Ospite francese al Museo e Real Bosco di Capodimonte, in visita dal Petit Palais, Musée des Beaux-Arts de la Ville de Paris. Il Direttore Eike Schmidt: “Nuovo spazio di dialogo con i musei internazionali. Un prestito di grande significato culturale anche per la citta di Napoli”. Gustave Courbet con il suo celebre dipinto ‘Les Demoiselles des bords de la Seine (été)’ è l’ospite francese al Museo e Real Bosco di Capodimonte, in visita dal Petit Palais, Musée des Beaux-Arts de la Ville de Paris. Olio su tela di grandi dimensioni (cm 174X206), l’opera del maggior esponente del realismo francese, è in mostra, per la prima volta a Napoli, nella sala 6 dal 7 novembre al 23 febbraio 2025. Dichiara il Direttore del Museo e Real Bosco di Capodimonte Eike Schmidt: “Con questo allestimento si apre un nuovo spazio dedicato al dialogo tra Capodimonte e gli altri musei internazionali che porterà a Napoli opere significative della storia dell’arte mondiale. Come nel caso del nostro ‘Ospite francese’, un dipinto che fece molto discutere la società dell’epoca per il soggetto moderno e il realismo nel tema, allora nuovo, dei piaceri e degli svaghi all’aperto. ‘Les Demoiselles des bords de la Seine (été)’ è davvero un prestito di grande significato culturale non solo per il Museo e Real Bosco di Capodimonte ma anche per la città: sono infatti tanti gli artisti napoletani dell’Ottocento che, nelle proprie opere, mostrano il fascino esercitato su di loro dall’arte e dalla personalità stessa di Courbet”. Courbet, Gustave (10.06.1819-31.12.1877), Les demoiselles des bords de la Seine (été), 1857. Olio su tela. CC0 Paris Musées / Petit Palais, Musée des Beaux-Arts de la Ville de Paris ‘Les Demoiselles des bords de la Seine (été)’ presentato al Salon parigino nel 1857 suscitò subito grande scalpore per la sensualità del suo messaggio: in una calda giornata estiva due giovani donne, probabilmente due prostitute, riposano distese mollemente sull’erba in riva al fiume. L’atmosfera calda e umida avvolge le ragazze, come mostra un accenno di sudorazione sulla pelle. A prima vista il dipinto parrebbe appartenere ad una tradizione derivata dalle figure femminili di Giorgione e Tiziano, ma riletta da Courbet attraverso la pittura dei maestri spagnoli del Seicento, Ribera in primis. Il Realismo qui racconta la vita quotidiana all’aperto e il riposo estivo, aprendosi ai dipinti di grande formato ed anticipando la grande fortuna pittorica delle rive della Senna, celebrate una generazione dopo dagli impressionisti. L’arte di Courbet sedusse, tra gli altri, numerosi artisti di cultura napoletana che visitarono Parigi nel secondo Ottocento per confrontarsi con le esperienze di rinnovamento della pittura accademica, interessati al superamento del Naturalismo in favore appunto del Realismo. Soprattutto Michele Cammarano ma anche Francesco Saverio Altamura, Domenico Morelli, i fratelli Palizzi, Francesco Netti e Antonio Mancini trovarono un riferimento nei dipinti di Courbet per i loro connotati fortemente sociali, le tonalità contrastate e l’attenzione al chiaroscuro, elemento questo di continuità con il naturalismo seicentesco caro agli artisti napoletani. Dipinti di Morelli e Cammarano sono esposti a Capodimonte nell’atrio del secondo piano. SHARE THIS Facebook Twitter Email LinkedIn previous post: Giuseppe Pirozzi. L’atelier dello scultore next post: Gaia Fugazza. Sete Mostre in corso TUTTE LE MOSTRE DIRETTORE GENERALE Eike SCHMIDT DOVE SIAMO Via Lucio Amelio 2, Napoli, Italia COME RAGGIUNGERCI PER INFO Telefono: +39 081 7499130 Indirizzo email: mu-cap@cultura.gov.it PEC: mu-cap@pec.cultura.gov.it CONTATTACI Twitter Facebook Instagram Pinterest Youtube ORARI BIGLIETTI EVENTI COME RAGGIUNGERCI CONTATTI AMICI DI CAPODIMONTE SOSTIENICI MAPPE @ 2021 Museo e Real Bosco di Capodimonte Privacy PolicyAmministrazione trasparenteDichiarazione di accessibilità × Close mobile menu MUSEO E REAL BOSCO ORGANIZZA LA TUA VISITA COLLEZIONI MOSTRE SOSTIENICI NEWS MULTIMEDIA Info utili Cerca Submit""."
capo,Giuseppe Pirozzi. L’atelier dello scultore,2024-09-16,2025-01-06,"Dal 16 settembre 2024 al 6 gennaio 2025, Cellaio nel Real Bosco di Capodimonte Inaugurazione e apertura al pubblico lunedì 16 settembre a partire dalle ore 12.00 Ingresso gratuito tutti i giorni tranne il mercoledì dalle ore 10.00 alle ore 16.00 Nelle aperture serali straordinarie del 20 e 27 settembre sarà possibile visitare la mostra “Giovanni Pirozzi. L’atelier dello scultore“, nel Cellaio nel Real Bosco dalle ore 19.30 alle ore 21.30.",https://capodimonte.cultura.gov.it/mostra/giuseppe-pirozzi-latelier-dello-scultore/,"Found on the venue's ""all (current/upcoming/past)"" listing page. opening and closing date read from a sentence, not a date field: ""skip to Main Content MUSEO E REAL BOSCO ORGANIZZA LA TUA VISITA COLLEZIONI MOSTRE SOSTIENICI NEWS MULTIMEDIA INFO UTILI Giuseppe Pirozzi. L’atelier dello scultore INIZIO » MOSTRE » GIUSEPPE PIROZZI. L’ATELIER DELLO SCULTORE Giuseppe Pirozzi. L’atelier dello scultore Dal 16 settembre 2024 al 6 gennaio 2025, Cellaio nel Real Bosco di Capodimonte a cura di Maria Tamajo Contarini e Luciana Berti Inaugurazione e apertura al pubblico lunedì 16 settembre a partire dalle ore 12.00 Ingresso gratuito tutti i giorni tranne il mercoledì dalle ore 10.00 alle ore 16.00 Nelle aperture serali straordinarie del 20 e 27 settembre sarà possibile visitare la mostra “Giovanni Pirozzi. L’atelier dello scultore“, nel Cellaio nel Real Bosco dalle ore 19.30 alle ore 21.30. La mostra Informazioni Giuseppe Pirozzi: Maestro dell'arte scultorea Comunicati stampa L'inaugurazione La mostra antologica “Giuseppe Pirozzi. L’atelier dello scultore”, aprirà le porte ai visitatori dal 16 settembre 2024 al 6 gennaio 2025 all’interno del Cellaio, edificio storico situato all’interno del Museo e Real Bosco di Capodimonte, Napoli. La mostra, attraverso l’esposizione al pubblico di circa 80 opere, intende rappresentare i momenti salienti della lunga attività dello scultore. L’esposizione, a cura di Maria Tamajo Contarini e Luciana Berti, presenterà una selezione di opere scultoree, tra cui bronzi, gessi, terracotte, disegni, stampe e preziose sculture-gioiello in argento fuso a cera persa. Il progetto mira a ricreare l’esperienza della visita all’atelier dello scultore, offrendo un dialogo intimo con le opere e un percorso cronologico che copre il periodo dagli anni Cinquanta a oggi, evidenziando l’evoluzione delle tecniche e dei materiali utilizzati dall’artista. Le opere, provenienti dall’atelier dell’artista e da varie collezioni museali e private, garantiscono un percorso antologico completo. La mostra è stata realizzata con la collaborazione dell’artista e della figlia Francesca Pirozzi, che, in stretta collaborazione con i curatori del Museo e Real Bosco di Capodimonte, hanno contribuito alla selezione delle opere e dei materiali di archivio. Dichiara l’artista prof. Giuseppe Pirozzi: Sono molto contento del riconoscimento che questa mostra rappresenta all’interno del contesto cittadino e in questo museo di prestigio. Il luogo scelto: il Cellaio, è un edificio integrato perfettamente nel Bosco, questo rispecchia il mio lavoro perché da sempre la natura ha fatto parte delle mie opere. Capodimonte è un luogo a me molto caro perché ho abitato qui vicino, mia moglie insegnava all’Istituto Caselli e il mio studio è stato per un lungo periodo a villa Fagella, nei pressi del Bosco, dove c’erano molte residenze d’artista. Associo Capodimonte all’ex Soprintendente Raffaello Causa che, accanto all’arte antica, ha saputo valorizzare i giovani artisti. Infatti, con lui, nel 1961 partecipai alla mostra chiamata Giovani artisti italiani’ alla casina Pompeiana.” Il Direttore del Museo e Real Bosco di Capodimonte, prof. Eike Schmidt commenta: È un onore inaugurare una mostra dedicata a Giuseppe Pirozzi nell’anno in cui ha compiuto il suo novantesimo compleanno. Pirozzi è tra gli artisti che hanno maggiormente contribuito al rinnovamento della scena napoletana, recependo e rielaborando le tendenze internazionali attraverso un percorso straordinario di oltre sette decenni. In occasione della mostra, verranno inoltre donate sette opere dall’artista al Museo e Real Bosco di Capodimonte, che verranno presentate durante l’inaugurazione il 16 settembre p.v. I Sig. giornalisti sono invitati alle ore 11.00 presso l’edificio Cellaio nel Real Bosco di Capodimonte, Napoli. Conferma di partecipazione entro il 9 settembre comunicando nome, cognome e testata all’indirizzo mu-cap.ufficiostampa@cultura.gov.it e indicando come oggetto della mail “Accredito Pirozzi”. L’ingresso alla conferenza stampa sarà consentito esclusivamente ai giornalisti accreditati. Accesso e parcheggio a Porta Piccola fino ad esaurimento posti. SHARE THIS Facebook Twitter Email LinkedIn previous post: La Battaglia di Pavia. Gli Arazzi di Capodimonte next post: L’Ospite francese. Gustave Courbet ‘Les Demoiselles des bords de la Seine (été) Mostre in corso TUTTE LE MOSTRE DIRETTORE GENERALE Eike SCHMIDT DOVE SIAMO Via Lucio Amelio 2, Napoli, Italia COME RAGGIUNGERCI PER INFO Telefono: +39 081 7499130 Indirizzo email: mu-cap@cultura.gov.it PEC: mu-cap@pec.cultura.gov.it CONTATTACI Twitter Facebook Instagram Pinterest Youtube ORARI BIGLIETTI EVENTI COME RAGGIUNGERCI CONTATTI AMICI DI CAPODIMONTE SOSTIENICI MAPPE @ 2021 Museo e Real Bosco di Capodimonte Privacy PolicyAmministrazione trasparenteDichiarazione di accessibilità × Close mobile menu MUSEO E REAL BOSCO ORGANIZZA LA TUA VISITA COLLEZIONI MOSTRE SOSTIENICI NEWS MULTIMEDIA Info utili Cerca Submit""."
capo,Gian Maria Tosatti. Damasa,2023-12-02,,"Ingresso con il biglietto del museo tutti i giorni tranne il mercoledì dalle ore 8.30 alle ore 17.00 (ultimo accesso alle ore 16.30) Mai, infine, ho sentito come allora (forse a causa del vuoto del mare e del mondo) l’acuto odore dolce-amaro dei gerani rosa. In questa stanza ci ritroviamo anche noi a sognare, a immaginare un omaggio alla pioggia, alle grate fognarie, alle piccole strade, alla cenere, al vuoto e al silenzio della povertà e delle domeniche… Un giusto riconoscimento che Tosatti ci offre per la grande artista che Napoli ha incantato e annientato». Presentata il 2 dicembre 2023 l’opera Damasa di Gian Maria Tosatti, installazione allestita permanentemente nella sala 82 della Reggia, acquisita in collezione grazie al sostegno del PAC 2022-2023 – Piano per l’Arte Contemporanea, promosso dalla Direzione Generale Creatività Contemporanea del Ministero della Cultura.",https://capodimonte.cultura.gov.it/mostra/gian-maria-tosatti-damasa/,"Found on the venue's ""all (current/upcoming/past)"" listing page. opening date read from a sentence, not a date field: ""skip to Main Content MUSEO E REAL BOSCO ORGANIZZA LA TUA VISITA COLLEZIONI MOSTRE SOSTIENICI NEWS MULTIMEDIA INFO UTILI Gian Maria Tosatti. Damasa INIZIO » MOSTRE » GIAN MARIA TOSATTI. DAMASA Gian Maria Tosatti Damasa Dal 2 dicembre 2023, sala 82 al secondo piano Ingresso con il biglietto del museo tutti i giorni tranne il mercoledì dalle ore 8.30 alle ore 17.00 (ultimo accesso alle ore 16.30) a cura di Sylvain Bellenger con Luciana Berti Damasa a Capodimonte L'opera Informazioni Biografia Credit Mai, infine, ho sentito come allora (forse a causa del vuoto del mare e del mondo) l’acuto odore dolce-amaro dei gerani rosa. Anna Maria Ortese. Il Porto di Toledo In questa stanza ci ritroviamo anche noi a sognare, a immaginare un omaggio alla pioggia, alle grate fognarie, alle piccole strade, alla cenere, al vuoto e al silenzio della povertà e delle domeniche… Un giusto riconoscimento che Tosatti ci offre per la grande artista che Napoli ha incantato e annientato». Sylvain Bellenger Presentata il 2 dicembre 2023 l’opera Damasa di Gian Maria Tosatti, installazione allestita permanentemente nella sala 82 della Reggia, acquisita in collezione grazie al sostegno del PAC 2022-2023 - Piano per l’Arte Contemporanea, promosso dalla Direzione Generale Creatività Contemporanea del Ministero della Cultura. Realizzata ed esposta a Napoli per la prima volta nel 2017, Damasa è l’installazione ambientale ideata come casa dell’anima di Anna Maria Ortese, la principale autrice che la città ha avuto nel suo Novecento letterario. Il titolo dell’opera deriva dal nome che la scrittrice diede a uno dei personaggi del romanzo sperimentale Il porto di Toledo, nel quale riconosciamo il suo alter-ego. Accogliendo la volontà dell’artista di non esporre l’opera lontano da Napoli, Sylvain Bellenger, nel doppio ruolo di Direttore del Museo di Capodimonte e di curatore del progetto, ha destinato la sala 82, al secondo piano della Reggia, all’esposizione permanente dell’installazione, restituendo uno spazio reale e al contempo visionario alla scrittrice e infrangendo l’esilio che ha lungamente relegato Ortese, morta in solitudine a centinaia di chilometri di distanza, sognando ancora la sua città. Grazie a questa acquisizione, Damasa trova la sua dimora d’elezione in una delle sale del museo significativamente affacciata verso il porto, situata in continuità con la Sezione di Arte contemporanea, lungo il percorso espositivo dedicato al Seicento. Alla presentazione del 2 dicembre 2023 hanno partecipato in conversazione con Tosatti, Sylvain Bellenger, curatore del progetto, Angela Tecce, Presidente della Fondazione Donnaregina per le Arti Contemporanee - Museo Madre di Napoli, Francesca Gallo per la Galleria Lia Rumma, Luciana Berti, assistente di direzione del Museo. In occasione della presentazione di Damasa, opera dedicata ad Anna Maria Ortese, sono state esposte all’ingresso della sala le sculture Levriera che allatta i cagnolini (1839) e Gesù Nazareno (ante 1857), legate alla produzione dello scultore Giuseppe Vaccà, nonno materno dalla scrittrice napoletana, spesso evocato nelle sue pagine. Anna Maria Ortese, una scrittrice esiliata L’installazione intende restituire una casa ad Anna Maria Ortese, in città. Quella della sua giovinezza, al porto, venne distrutta dai bombardamenti. Dopodiché il suo fu un girovagare eterno e tormentato, prima tra i vicoli di Chiaia e poi in altre città che la accolsero quando Napoli le voltò le spalle. È il 1953 l’anno della sua partenza. Lo stesso in cui pubblica Il mare non bagna Napoli, il suo libro più famoso, che si conclude con un duro e disilluso attacco alla fragilità degli autori partenopei suoi contemporanei. Ciò le costò l’emarginazione dall’ambiente culturale cittadino e un esilio forzato che non finì mai. In un articolo sul Corriere del Mezzogiorno del 2018, lo stesso Tosatti lamentava come la più alta voce letteraria del Novecento napoletano non fosse mai stata riabbracciata dalla città. Quell’incantesimo di freddezza che la allontanò e che è ancora percepibile, vuol essere spezzato con quest’opera. Le sculture di Giuseppe Vaccà, nonno di Ortese, nelle collezioni di Capodimonte. In occasione della presentazione di Damasa, sono esposte all’ingresso della sala 82 due sculture intitolate Levriera che allatta i cagnolini e Gesù Nazareno, legate alla produzione di Giuseppe Vaccà (Carrara 1803 - Napoli 1871), nonno materno di Ortese. In Angelici dolori (1937), libro d’esordio, la scrittrice racconta un sogno, nel quale il nonno Giuseppe le apre le porte di una dimora fantastica: «Mistero bellissimo di questa casa - io dissi - che mi tiene incantata! Resterò sempre qui?». Nel corso di riflessioni condivise tra Gian Maria Tosatti e Sylvain Bellenger durante le attività di allestimento dell’opera, è emerso, infatti, quanto si possa riconoscere nella scrittura di Ortese l’influenza dell’arte visiva. La stessa scrittrice in una intervista del 1975, condotta dallo scrittore e drammaturgo Dario Bellezza, evocava una visita scolastica a Capodimonte, databile alla seconda metà degli anni Venti. Al fallace ricordo di infanzia si fondevano, in uno, reminiscenze, suggestioni e informazioni successive sulla collezione del Museo che, come istituzione, sarebbe nata solo più tardi 1957: «Vidi un Raffaello di piccole proporzioni. Tutte le altre cose che vidi le ho dimenticate, proprio perché quel Raffaello mi colpì. Rappresentava un cielo. E quel cielo - in qualche modo che devo ritenere straordinario - capovolgeva ogni idea che avevo sulla realtà, era più vero, più reale di ogni cielo del mondo reale». La scultura è replica dell’opera di Joseph Gott (Londra, 1785 - Roma, 1860) Greyhound suckling her two pups (1825), presente alla Chatsworth Sculpture Gallery in Inghilterra. Entrambe le opere si ispirano a sculture antiche raffiguranti levrieri, di cui alcuni esemplari erano presenti al Museo Pio Clementino di Roma e al Real Museo Borbonico di Napoli. Giuseppe Vaccà era attivo nella bottega di Bertel Thorvaldsen (Copenaghen, 1770 - 1844) a Roma negli anni in cui sono presenti diversi artisti europei di cultura neoclassica, tra cui lo stesso Gott. Thorvaldsen, dai contemporanei considerato antagonista di Antonio Canova (Possagno, 1757 - Venezia, 1822), fu frequentemente a Napoli e potrebbe aver fatto da tramite per il trasferimento in città di Vaccà. L’opera fu acquistata all’Esposizione borbonica del 1839 per essere esposta nelle collezioni reali napoletane. (Maria Tamajo Contarini) Il riferimento ai modelli della scultura rinascimentale fiorentina e i dettagli di naturalezza espressiva rimandano ai modi puristi di cultura neoclassica, in particolare a Lorenzo Bartolini (Savignano, 1777 - Firenze 1850), scultore ufficiale della famiglia Bonaparte, nominato direttore della scuola di scultura dell’Accademia di Carrara (1807), città di origine della famiglia Vaccà. Della scultura, firmata sul retro J. Vaccà F.t, non si conosce la provenienza, ma probabilmente appartiene al nucleo di opere borboniche, perché registrata nelle residenze reali. (Maria Tamajo Contarini). Sylvain Bellenger: «“Mai, infine, ho sentito come allora (forse a causa del vuoto del mare e del mondo) l’acuto odore dolce-amaro dei gerani rosa.” Anna Maria Ortese. “Non appena è apparso, è scomparso”, scrive Anna Maria Ortese ne Il Porto di Toledo, libro che è stato guardato con sospetto, non recensito, non promosso, boicottato proprio come la vita stessa della sua autrice, divenuta famosa per il magnifico e terribile Il Mare non bagna Napoli. Devo a Gian Maria Tosatti la scoperta de Il Porto di Toledo e posso dire senza riserve che si tratta di uno dei più grandi testi della letteratura italiana scritto da una delle più grandi autrici napoletane. Come la “stanza d’Angolo”, che considero una delle maggiori eroine de Il Porto di Toledo, la finestra della sala 82 della Reggia di Capodimonte apre sul porto di Napoli, sul cielo e sul mare, sui sogni, sulle bellezze che sono tali solo per i visionari, sul mondo frantumato dell’infanzia, la frode della memoria e della povertà. La Stanza 82, che sembra un nome in codice, è stata per quasi otto anni dedicata al ciclo di mostre focus “Incontri sensibili”, dove sono state esposte differenti interpretazioni, incontri stimolanti e commoventi. La serie si chiude oggi con Damasa, l’opera di Gian Maria Tosatti che pone in dialogo letteratura e arte visiva, ciascuna essendo un tentativo di costruire il mondo attraverso un linguaggio diverso. La stanza immaginata da Gian Maria Tosatti migra delle «espressività» letterarie, come dice la Ortese, all’ «espressività» plastica, dello stesso Tosatti. Chi, come la giovane Damasa, decifra il mondo segue le sue magnifiche mitologie. In questa stanza ci ritroviamo anche noi a sognare, a immaginare un omaggio alla pioggia, alle grate fognarie, alle piccole strade, alla cenere, al vuoto e al silenzio della povertà e delle domeniche… Damasa sarà l’ultima mostra della serie e da oggi la sala 82, con l’opera permanente di Tosatti, grazie alla lungimiranza della Direzione Generale Creatività Contemporanea, prende il nome di stanza di Damasa. Un giusto riconoscimento che Tosatti ci offre per la grande artista che Napoli ha incantato e annientato». Gian Maria Tosatti: «È un grande onore quello che il Museo di Capodimonte mi fa dedicando permanentemente una intera sala a una mia opera. Forse eccessivo. Trovo il coraggio di accoglierlo solo perché mi pare di condividerlo con Anna Maria Ortese, a cui questa installazione è dedicata. Essa arriva qui dopo essere stata esposta nella Galleria Lia Rumma nel 2017. Allora lo spazio non prevedeva finestre. Era un luogo chiuso, intimo, spirituale. La richiesta di acquisizione da parte del museo è stata accompagnata dalla proposta di una sala in cui collocarla. E la prima cosa che il direttore Sylvain Bellenger mi disse, per parlarmene, fu che la stanza aveva una meravigliosa finestra affacciata sul porto. Ritengo questo il suo prezioso contributo curatoriale. Ecco, le opere, come gli uomini e le donne, hanno delle storie; e, negli anni, imparano a cambiare. La finestra diventa oggi un elemento nodale e poetico dell’opera. Ormai indissolubile da essa. Con l’installazione del 2017 - che il museo aveva deciso di acquisire - restituivamo la Ortese a Napoli, dopo settant’anni di esilio. Con quella del 2023 - che abbiamo installato - restituiamo Napoli alla Ortese. E, forse, facciamo qualcosa di anche più profondo. Le ultime parole della scrittrice, mentre moriva all’ospedale di Rapallo, sono state: “Quanto è distante il mare? Mi piacerebbe vederlo per l’ultima volta». Si ringraziano la Galleria Lia Rumma, Ales - Arte Lavoro e Servizi Spa per il supporto tecnico-logistico per la valorizzazione, l’Associazione Amici di Capodimonte ETS, Il Mattino per la gentile fornitura dei quotidiani e Vincenzo Modugno Srl Costruzioni e Restauri per l’attività di mecenatismo a supporto dell’installazione dell’opera. SHARE THIS Facebook Twitter Email LinkedIn previous post: Gli Spagnoli a Napoli Il Rinascimento meridionale next post: Mario Amura. Napoli Explosion Mostre in corso TUTTE LE MOSTRE DIRETTORE GENERALE Eike SCHMIDT DOVE SIAMO Via Lucio Amelio 2, Napoli, Italia COME RAGGIUNGERCI PER INFO Telefono: +39 081 7499130 Indirizzo email: mu-cap@cultura.gov.it PEC: mu-cap@pec.cultura.gov.it CONTATTACI Twitter Facebook Instagram Pinterest Youtube ORARI BIGLIETTI EVENTI COME RAGGIUNGERCI CONTATTI AMICI DI CAPODIMONTE SOSTIENICI MAPPE @ 2021 Museo e Real Bosco di Capodimonte Privacy PolicyAmministrazione trasparenteDichiarazione di accessibilità × Close mobile menu MUSEO E REAL BOSCO ORGANIZZA LA TUA VISITA COLLEZIONI MOSTRE SOSTIENICI NEWS MULTIMEDIA Info utili Cerca Submit"". No closing date found anywhere on the venue's pages."
capo,Oltre Caravaggio. Un nuovo racconto della pittura a Napoli,2022-03-31,,"La mostra “Oltre Caravaggio. Un nuovo racconto della pittura a Napoli” (dal 31 marzo 2022 ), a cura di Stefano Causa, docente di Storia dell’arte moderna e contemporanea presso l’Università degli studi di Napoli “Suor Orsola Benincasa” e Patrizia Piscitello, responsabile Ufficio mostre e prestiti del Museo e Real Bosco di Capodimonte si sviluppa nelle 24 sale del secondo piano del Museo e Real Bosco di Capodimonte, diretto da Sylvain Bellenger. In esposizione 200 opere provenienti tutte dalle collezioni permanenti del museo, senza prestiti esterni. Una mostra, realizzata in collaborazione con le associazioni Amici di Capodimonte Ets e American Friends of Capodimonte, che si propone di rilanciare il dibattito presentando un’altra lettura del ‘600 napoletano, diventato per amatori e storici il secolo di Caravaggio. Il ’600 napoletano è una ‘invenzione’ recente. È stato riscoperto e definito meno di un secolo fa dallo storico d’arte Roberto Longhi (1890-1970). Secondo lo studioso, il naturalismo di Caravaggio sarebbe la spina dorsale dell’arte napoletana. Gli studi seicenteschi sul Sud derivano, quasi senza eccezione, dalle sue proposte formulate in una serie di saggi che sono stati pubblicati essenzialmente nel secondo decennio del secolo scorso.",https://capodimonte.cultura.gov.it/mostra/oltre-caravaggio-un-nuovo-racconto-della-pittura-a-napoli/,"Found on the venue's ""all (current/upcoming/past)"" listing page. opening date read from a sentence, not a date field: ""skip to Main Content MUSEO E REAL BOSCO ORGANIZZA LA TUA VISITA COLLEZIONI MOSTRE SOSTIENICI NEWS MULTIMEDIA INFO UTILI Oltre Caravaggio. Un nuovo racconto della pittura a Napoli INIZIO » MOSTRE » OLTRE CARAVAGGIO. UN NUOVO RACCONTO DELLA PITTURA A NAPOLI Oltre Caravaggio. Un nuovo racconto della pittura a Napoli DAL 31 MARZO 2022 Secondo piano del Museo A CURA DI STEFANO CAUSA E PATRIZIA PISCITELLO La mostra Informazioni Il primo '600 Ribera Napoli Barocca Barocco da Camera Il secondo '600 Solimena e il '700 Ottocento caravaggesco Un po' di date I restauri Attività Didattiche La Musica Scheda Catalogo Cartella Stampa Credit L’inaugurazione “PER UN ORGANISMO [IL MUSEO] CHE CONTIENE IL PASSATO, MA SI CONFRONTA CONTINUAMENTE COL PRESENTE, CREDO CHE VERAMENTE LA PIÙ GROSSA CONTRADDIZIONE SIA LA PRETESA DI RIMANERE IMMOBILE” A. LUGLI, L’EDUCAZIONE ESTETICA, 1978 La mostra “Oltre Caravaggio. Un nuovo racconto della pittura a Napoli” (dal 31 marzo 2022 ), a cura di Stefano Causa, docente di Storia dell’arte moderna e contemporanea presso l’Università degli studi di Napoli “Suor Orsola Benincasa” e Patrizia Piscitello, responsabile Ufficio mostre e prestiti del Museo e Real Bosco di Capodimonte si sviluppa nelle 24 sale del secondo piano del Museo e Real Bosco di Capodimonte, diretto da Sylvain Bellenger. In esposizione 200 opere provenienti tutte dalle collezioni permanenti del museo, senza prestiti esterni. Una mostra, realizzata in collaborazione con le associazioni Amici di Capodimonte Ets e American Friends of Capodimonte, che si propone di rilanciare il dibattito presentando un’altra lettura del ‘600 napoletano, diventato per amatori e storici il secolo di Caravaggio. L’invenzione del Seicento Il ’600 napoletano è una ‘invenzione’ recente. È stato riscoperto e definito meno di un secolo fa dallo storico d’arte Roberto Longhi (1890-1970). Secondo lo studioso, il naturalismo di Caravaggio sarebbe la spina dorsale dell’arte napoletana. Gli studi seicenteschi sul Sud derivano, quasi senza eccezione, dalle sue proposte formulate in una serie di saggi che sono stati pubblicati essenzialmente nel secondo decennio del secolo scorso. Caravaggio (Michelangelo Merisi), Flagellazione di Cristo, 1607, olio su tavola, Napoli, chiesa di San Domenico Maggiore, proprietà Ministero dell’Interno, Fondo Edifici di Culto (in temporanea consegna dal 1972) Dall’inaugurazione della Pinacoteca di Capodimonte nel 1957 fino ad ora, l’esposizione dei dipinti del ’600 napoletano è stata in gran parte il risultato di quest’analisi. La realtà è più complessa e i curatori della mostra, Stefano Causa e Patrizia Piscitello, sulla base degli studi degli ultimi decenni, propongono di riconsiderare lo schema di Longhi, ormai ampiamente storicizzato, e di ripensare l’intera articolazione di un secolo che non fu solo quello di Caravaggio, ma soprattutto quello di Jusepe de Ribera, uno spagnolo arrivato a Napoli nel 1616, sei anni dopo la morte di Caravaggio. La mostra “Oltre Caravaggio” porta Ribera, rappresentato nelle collezioni di Capodimonte da opere sacre, mitologiche e nature morte, al centro della scena artistica napoletana. Presentare la civiltà artistica napoletana vuol dire mettere in giusto risalto gli apporti esterni e gli scambi con gli altri centri, l’invio da fuori di opere e progetti, la residenza in città degli artisti ‘forestieri’. Napoli, infatti, era ed è una grande città portuale, crocevia della vita e della cultura italiana. Nel XVII secolo era diventata una delle megalopoli più popolose del mondo esercitando una profonda influenza sulla cultura europea; la sua storia si presenta come una ricca stratigrafia, fatta di diverse civiltà, popoli e espressioni artistiche che hanno lasciato tracce nel patrimonio artistico e monumentale. Per secoli ha subito attacchi, invasioni e distruzioni, facendo fronte a numerose catastrofi naturali: eruzioni vulcaniche, terremoti, maremoti e pestilenze. In quest’ottica si può spiegare il ruolo centrale che hanno in questa rassegna, dedicata al XVII e XVIII secolo, lombardi come Caravaggio (1571-1610), emiliani come Giovanni Lanfranco (1582-1647), Domenichino (1581-1641) e Guido Reni (1575-1642), lo spagnolo (ma napoletano d’adozione) Jusepe de Ribera (1591-1652), i francesi Simon Vouet (1590-1649) e Pierre-Jacques Volaire (1729-1799), il bergamasco Cosimo Fanzago (1591-1678), i romani Artemisia Gentileschi (1593-1653) e Gregorio Guglielmi (1714-1773), il belga François Duquesnoy (1597-1643), che aveva collaborato all’altare per il cardinale Ascanio Filomarino (1583-1666) nella chiesa dei Santi Apostoli, imponente macchina realizzata tra il 1638 e il 1647 dall’architetto Francesco Borromini (1599-1667), tra i principali esponenti del barocco romano. Gli artisti napoletani traevano ispirazione da questi apporti, rielaborando in maniera del tutto personale iconografie, tagli compositivi e utilizzo delle luci, esportando il loro linguaggio in Italia e in Europa. Un esempio tra tutti è Luca Giordano (1634-1705), che, campione della pittura barocca napoletana, viene chiamato a Venezia (1665, 1668), a Firenze (1682-83, 1685) e in Spagna (1692-1702), lasciando traccia sui pittori locali. Cosa significasse per Caravaggio l’incontro con l’immensa capitale mediterranea, più classicamente antica di Roma stessa, e insieme spagnolesca e orientale, non è difficile intendere a chi abbia letto almeno qualche passo del Porta o del Basile; un’immersione entro una realtà quotidiana violenta e mimica, disperatamente popolare. R. Longhi, Caravaggio, 1951 Luca Giordano, Apollo e Marsia, 1657 - 1659, olio su tela Napoli, Museo e Real Bosco di Capodimonte (Acquisto dello Stato italiano 1879) SHARE THIS Facebook Twitter Email LinkedIn previous post: Cecily Brown a Capodimonte. The Triumph of Death next post: Salvatore Emblema Mostre in corso TUTTE LE MOSTRE DIRETTORE GENERALE Eike SCHMIDT DOVE SIAMO Via Lucio Amelio 2, Napoli, Italia COME RAGGIUNGERCI PER INFO Telefono: +39 081 7499130 Indirizzo email: mu-cap@cultura.gov.it PEC: mu-cap@pec.cultura.gov.it CONTATTACI Twitter Facebook Instagram Pinterest Youtube ORARI BIGLIETTI EVENTI COME RAGGIUNGERCI CONTATTI AMICI DI CAPODIMONTE SOSTIENICI MAPPE @ 2021 Museo e Real Bosco di Capodimonte Privacy PolicyAmministrazione trasparenteDichiarazione di accessibilità × Close mobile menu MUSEO E REAL BOSCO ORGANIZZA LA TUA VISITA COLLEZIONI MOSTRE SOSTIENICI NEWS MULTIMEDIA Info utili Cerca Submit"". No closing date found anywhere on the venue's pages."
capo,Yeesookyung. Whisper Only to You,,,"Madre · museo d’arte contemporanea Donnaregina, a cura di Sabrina Rastelli e Andrea Viliani Museo e Real Bosco di Capodimonte, a cura di Sabrina Rastelli, Paola Giusti e Maria Rosaria Sansone La Fondazione Donnaregina per le arti contemporanee e il Museo e Real Bosco di Capodimonte presentano Whisper Only to You, la prima mostra personale dell’artista sud-coreana Yeesookyung (Seoul, 1963) in due istituzioni pubbliche italiane, nata da un’idea di Sylvain Bellenger e Andrea Viliani con Sabrina Rastelli, curata da Sabrina Rastelli e Andrea Viliani per il Madre · museo d’arte contemporanea Donnaregina, e da Sabrina Rastelli, Paola Giusti e Maria Rosaria Sansone per il Museo e Real Bosco di Capodimonte. Il percorso espositivo, che si sviluppa attraverso le sale dei due musei, comprende opere create con differenti mezzi e materiali, quali scultura, installazione e video, e nuove produzioni, che l’artista ha realizzato accostando i frammenti settecenteschi della Real Fabbrica di Porcellana di Capodimonte. Grazie anche alla collaborazione con l’Istituto ad indirizzo raro Caselli-De Sanctis, Yeesookyung ha inoltre tenuto un laboratorio formativo durante il suo periodo di residenza a Napoli.",https://capodimonte.cultura.gov.it/mostra/yeesookyung-whisper-only-to-you/,"Found on the venue's ""all (current/upcoming/past)"" listing page. No closing date found anywhere on the venue's pages."
wallace,Grayson Perry: Delusions of Grandeur,2025-03-28,2025-10-26,"28 March-26 October 2025 Admission charge; tickets bookable online only. Members go free. Explore the largest contemporary exhibition ever held at the museum. Grayson Perry: Delusions of Grandeur presented over 40 new works by Sir Grayson Perry (1960). In the largest contemporary exhibition ever held at the museum, visitors encountered ceramics, tapestries, and works on paper, displayed alongside masterpieces from the collection that had helped shape Perry’s vision for this landmark show. Delusions of Grandeur interrogated the very nature of craft-making and our drive for perfectionism. Intricate handcrafted objects sat alongside works made with digital technology – comparing an object that might take thousands of hours to create with one made in a click. Through these contrasting approaches, Perry invited viewers to contemplate questions of authenticity and the artist’s role in the future.",https://www.wallacecollection.org/explore/past-exhibitions/grayson-perry-delusions-of-grandeur/,"Found on the venue's ""current/upcoming"" listing page. Also listed on the venue's ""past"" page. Also listed on the venue's ""past"" page."
wallace,Swords of Lucknow,2025-11-26,2026-03-22,"26 November 2025–22 March 2026 Free Display Housekeeper's Room Nearly a metre long and richly decorated with enamel and gold, these five swords revealed the splendour of eighteenth and nineteenth century Lucknow, a flourishing centre of power, artistry and cultural exchange. They reflected the court of the Nawabs of Awadh, rulers of Iranian Shia heritage who presided over a diverse population and fostered a culture of luxury and ceremony. Swords such as these signified prestige, loyalty and masculine identity, serving as status symbols as well as weapons, and were also exchanged as diplomatic gifts. Acquired by Sir Richard Wallace and the 4th Marquess of Hertford in the later nineteenth century, these swords also told a story of European collecting at a time when military officers and dealers brought South Asian arms to the market.",https://www.wallacecollection.org/explore/past-exhibitions/swords-of-lucknow/,"Found on the venue's ""current/upcoming"" listing page. Also listed on the venue's ""past"" page. Also listed on the venue's ""past"" page."
wallace,Caravaggio's Cupid,2025-11-26,2026-04-12,"26 November 2025–12 April 2026 Free exhibition Exhibition Galleries Victorious Cupid, on special loan from the Gemäldegalerie in Berlin and never-before-seen in public in the UK, was the centrepiece of this exhibition. It was presented with two ancient Roman sculptures that, more than four hundred years ago, belonged to the same distinguished collection. All three works belonged to Marchese Vincenzo Giustiniani (1564–1637), one of the most celebrated collectors of his day. In his grand palazzo near the Pantheon in Rome, Caravaggio's Cupid was displayed with other works by Raphael, Titian and Giorgione, as well as an extensive gallery of classical sculpture. Life-size and painted from nature, Cupid stands with wings spread, arrows in hand and with a playful smile, surrounded by the fallen symbols of human achievement. This free exhibition invited visitors to enter the world of 17th-century Rome, where artists, scholars and collectors debated the merits of painting and sculpture. The exhibition recreated the spirit of Giustiniani's palace, bringing together ancient sculpture and Caravaggio's startling vision in the way his guests would once have experienced it.",https://www.wallacecollection.org/explore/past-exhibitions/caravaggios-cupid/,"Found on the venue's ""current/upcoming"" listing page. Also listed on the venue's ""past"" page. Also listed on the venue's ""past"" page."
wallace,Winston Churchill: The Painter,,,"Saturday 23 May – Sunday 29 November 2026 Exhibition Galleries Admission charge, members go free Sir Winston Churchill (1874 – 1965) was one of the great statesmen of the twentieth century – the UK’s Prime Minister during the Second World War, and a Member of Parliament for 62 years. He was also a passionate and prolific painter. In painting, he found respite from public pressures, and a lifelong source of joy. The first major retrospective of Sir Winston Churchill’s paintings since his death, this exhibition brings together more than 50 of his works. More than half are from private collections, rarely accessible to the public. Happy are the painters, for they shall not be lonely. Light and colour, peace and hope, will keep them company to the end.",https://www.wallacecollection.org/whats-on/exhibitions-displays/winston-churchill-the-painter/,"Found on the venue's ""current/upcoming"" listing page. The venue's page shows only ""23 May"" for this exhibition's dates — no year is published anywhere."
wallace,The Wallace Collection at War,2026-04-15,2026-10-25,"Learn more about the Wallace Collection at war in our free display. In 1942, with the museum's treasures evacuated for safety, Hertford House became an unlikely stage for cultural diplomacy. Two exhibitions transformed the empty galleries into a forum for Anglo-Soviet friendship at a critical moment in the conflict. Artists Aid Russia brought together over 900 works by living artists, from Augustus John to Jacob Epstein, with proceeds supporting Clementine Churchill's Red Cross Aid to Russia Fund. Twenty-Five Years of Progress, designed by Ernő Goldfinger, filled the galleries with bold photomontages and banners celebrating Soviet achievements and Allied unity. Launched by Soviet Ambassador Ivan Maisky and his wife Agniya, these exhibitions reveal how art, propaganda and architecture were mobilised to strengthen wartime alliances.",https://www.wallacecollection.org/whats-on/exhibitions-displays/the-wallace-collection-at-war/,"Found on the venue's ""current/upcoming"" listing page. opening and closing date read from a sentence, not a date field: ""15 April-25 October 2026""."
wallace,Metamorphoses: Porcelain Sculpture by Rachel Kneebone,2026-09-23,2027-04-25,"23 September 2026–25 April 2027 Free Display Multiple Galleries Discover Rachel Kneebone's striking sculptures in our free display. With the Wallace Collection's decorative interiors as her backdrop, acclaimed artist Rachel Kneebone places nine white porcelain sculptures throughout the galleries. Two of these sculptures, Bower and Temple, are created especially for the display and shown here for the first time. The Wallace Collection has long been a rich resource for me; a place of pleasure, delight and instruction. The works I am placing are responses to the Collection, to forge connections and contrasts within the space.",https://www.wallacecollection.org/whats-on/exhibitions-displays/metamorphoses-porcelain-sculpture-by-rachel-kneebone/,"Found on the venue's ""current/upcoming"" listing page. opening and closing date read from a sentence, not a date field: ""23 September 2026-25 April 2027""."
wallace,Cosimo I de’ Medici: Art and Dynasty,2026-11-18,2027-03-21,"18 November 2026–21 March 2027 Free Display Housekeeper’s Room Discover Cosimo I de' Medici's world of art and power in our upcoming free display. Cosimo I de' Medici (1519-1574) rose from Duke of Florence to become the first Grand Duke of Tuscany, one of the most powerful rulers of Renaissance Italy. From a monumental wine cooler bearing his personal emblem to a ceremonial sword linking him to the mythical hero Hercules, the objects on display reveal how he built and sustained that power. This free display draws on the museum's collection to show how Cosimo used art to strengthen his authority, impress his court, and secure his family's legacy.",https://www.wallacecollection.org/whats-on/exhibitions-displays/cosimo-i-de-medici-art-and-dynasty/,"Found on the venue's ""current/upcoming"" listing page. opening and closing date read from a sentence, not a date field: ""18 November 2026-21 March 2027""."
wallace,Marie-Antoinette: An Eye for Beauty,2026-02-02,2026-03-31,"Few figures fired the imagination quite like Marie-Antoinette (1755–1793). Born an archduchess at the glittering Austrian court, her destiny was decided by her marriage to the future Louis XVI of France. She soon attuned herself to the French vogue and the glamour of life at Versailles, while also cultivating a discerning eye for the beautiful. Once crowned queen, she used her almost limitless wealth and influence to commission interiors and artworks of unparalleled refinement, right up until the dawn of revolution. The Wallace Collection cared for some of the world's greatest works of art associated with the ill-fated queen. Visitors discovered a selection of these during a special two-month trail, which offered a tantalising glimpse into her sumptuous, lost world.",https://www.wallacecollection.org/explore/past-exhibitions/marie-antoinette-an-eye-for-beauty/,"Found on the venue's ""past"" listing page."
wallace,Keeping Time: Clocks by Boulle,2024-11-27,2025-03-02,"For the first time, the Wallace Collection brought together clocks by André-Charles Boulle (1642–1732), the most famous cabinetmaker to have worked for the court of the Sun King, Louis XIV. Five exceptional timepieces told the story of how Boulle took advantage of scientific discoveries to create unique clock designs in glittering baroque style, the influence of which spread across the world and centuries. The clocks were the work of many hands, involving leading artists and craftspeople from all over 18th-century Paris. Many of Boulle’s contemporaries also drew on the concept of time in their work. This theme was explored in a complementary display in the museum’s Billiard Room, which united two magnificent artworks: The Dance to the Music of Time by Nicolas Poussin (1594–1665) and The Borghese Dancers by Henri Perlan (1597–1656) and François Anguier (1604–1669).",https://www.wallacecollection.org/explore/past-exhibitions/keeping-time-clocks-by-boulle/,"Found on the venue's ""past"" listing page."
wallace,Flora Yukhnovich and François Boucher: The Language of the Rococo,2024-06-05,2024-11-03,"5 June–3 November 2024 Free display Housekeeper's Room and Landing Flora Yukhnovich (1990), celebrated for her large-scale, semi-abstract oil paintings, gave the language of the Rococo new life. Two new paintings by the artist, made in response to two exceptional paintings by the celebrated 18th-century French painter François Boucher (1703-1770), occupied gilt frames at the top of our grand staircase. Boucher's paintings were displayed in our Housekeeper’s Room out of their frames, on white walls, like contemporary works of art. Theatrical and tongue-in-cheek, they were prime examples of the Rococo, a decorative and exuberant style favoured across the arts by royal and aristocratic patrons in France and elsewhere from the 1730s. Flora Yukhnovich and François Boucher: The Language of the Rococo prompted visitors to reconsider preconceptions, explore how we could connect with the Rococo today and examine the impact of display on art interpretation and historical re-evaluation.",https://www.wallacecollection.org/explore/past-exhibitions/flora-yukhnovich-and-francois-boucher-the-language-of-the-rococo/,"Found on the venue's ""past"" listing page."
wallace,"Ranjit Singh: Sikh, Warrior, King",2024-04-10,2024-10-20,"★★★★ 'a glorious show' - The Evening Standard ★★★★ - The Times Our major exhibition, Ranjit Singh: Sikh, Warrior, King, explored the life of the great Sikh leader Ranjit Singh (1780–1839). With an unwavering sense of destiny, Ranjit Singh conquered the Punjab, an area that today encompasses Pakistan, following a period of anarchy caused by decades of Afghan invasions. By the early 19th century, he emerged as the undisputed Maharaja, establishing the influential Sikh Empire. Ranjit Singh's leadership led to a golden age marked by thriving trade, flourishing arts, and a formidable army. His story was shared through nearly 100 stunning artworks, including jewellery and weaponry from the Sikh Empire drawn from major private and public collections.",https://www.wallacecollection.org/explore/past-exhibitions/ranjit-singh-sikh-warrior-king/,"Found on the venue's ""past"" listing page."
