venue_code,title,start_date,end_date,summary,url,notes
ng,Renoir and Love,2026-10-03,2027-01-31,"Fall in love with Renoir and his Impressionist paintings at the National Gallery. Discover Renoir’s gift for showing love, friendship, and everyday emotion in this Impressionist exhibition. See couples waltzing in the summer air and lovers stealing a glance, families sharing a quiet moment and friends raising a glass, all through the eyes of an artist unmatched in capturing the complexities of how people connect. Experience Renoir at his peak in the 1860s to 1880s, experimenting with style and theme to become an innovator of Impressionism. Walk with him through Montmartre in his iconic painting 'Bal au Moulin de la Galette' (1876) from the Musée d’Orsay, Paris, on display in the UK for the first time. Explore the sun-dappled gardens and swirling dance halls of Paris through 40 paintings, brought together from collections across the world.",https://www.nationalgallery.org.uk/exhibitions/renoir-and-love,"Found on the venue's ""current/upcoming"" listing page."
ng,Waldmüller: Landscapes,,2026-09-20,"Discover the breathtaking landscapes of one of Austria’s greatest painters, Ferdinand Georg Waldmüller (1793–1865). Stroll through forests, scale rugged peaks and marvel at majestic skies across Austria and Sicily. Take in the great trees of Vienna’s Prater Park, the magnificent lakes and mountains of the Salzkammergut region and the tranquil hills and ruins of Sicily. Pause, reflect and wonder at pictures alive with intense colour and light. See why Waldmüller’s work can be compared to the Pre-Raphaelites. Admire the precise brushstrokes which shape each leaf, twig and flower. Explore how he found beauty in nature’s imperfections, through his images of aged trunks and bare branches. Find serenity in the heart of London at this first-ever exhibition dedicated to Waldmüller's landscapes. Exhibition organised by the National Gallery, London in partnership with the Belvedere, Vienna",https://www.nationalgallery.org.uk/exhibitions/waldm%C3%BCller-landscapes,"Found on the venue's ""current/upcoming"" listing page. No opening date published while this exhibition is running."
ng,Monet and Renoir: Painting Side by Side,2026-07-27,2026-09-22,"In the summer of 1869, Monet and Renoir – then young, ambitious artists and close friends – set up their easels side by side at La Grenouillère, a fashionable riverside resort just outside Paris. Working 'en plein air’ (out-of-doors), the artists painted the same lively scene of fashionable Parisians at leisure – though their artworks reveal remarkably different approaches. For the first time in nearly twenty years, the National Gallery is reuniting two of these celebrated paintings created at La Grenouillère, side by side once more. Look closely at each brushstroke and compare the artists' individual Impressionist style and witness a close friendship that helped shape one of the most influential movements in Western art.",https://www.nationalgallery.org.uk/exhibitions/monet-and-renoir-painting-side-by-side,"Found on the venue's ""current/upcoming"" listing page. opening date taken from the site's structured data, not its visible page."
ng,Yinka Shonibare and Thomas Gainsborough: A Conversation,2026-10-15,2027-02-07,"Past meets present as one of Britain’s most celebrated works is playfully reimagined A richly dressed husband and wife sit in the English countryside. Their wealth shines through. This painting from 1750 is one of Britain’s most well-known works, showing off two people – and their privilege. But what happens when this fashionable couple and their land are ripped from the scene? British-Nigerian artist Yinka Shonibare does just that, reimagining Gainsborough’s famous piece in his own way. Through striking sculpture, Shonibare removes the heads of the people in the painting and clothes them in West African textiles.",https://www.nationalgallery.org.uk/exhibitions/yinka-shonibare-and-thomas-gainsborough-a-conversation,"Found on the venue's ""current/upcoming"" listing page."
ng,Van Eyck: The Portraits,2026-11-21,2027-04-11,"Portraiture as we know it begins with van Eyck. His vision and skill launched painting into a new era of unrivalled realism. Watchful eyes, a hint of stubble, wrinkles, flushed cheeks. Van Eyck captured his subjects in all their intimate details. Though these people sat for their portraits 600 years ago, they feel alive today. ‘Van Eyck: The Portraits’ brings together from across Europe all nine of the artist’s known painted portraits, making up half of his surviving works worldwide. Breathing life into van Eyck’s world, the exhibition introduces the men and women he spent his life around. They are not kings, queens and aristocrats; they are successful craftsmen, merchants and the artist’s relatives. This is a story of people. This is the moment when access to art widened.",https://www.nationalgallery.org.uk/exhibitions/van-eyck-the-portraits,"Found on the venue's ""current/upcoming"" listing page."
ng,Catharina van Hemessen: Signature Works,2027-03-04,2027-05-30,"The year is 1551. A talented young artist sits at the easel in her hometown of Antwerp, painting a small portrait with quiet power. After completing the work, she adds the words: ‘Catharina de Hemessen was painting [this] 1551’. In a time when few women worked as artists, Catharina van Hemessen proudly painted her name onto her artworks. This remarkable detail allows us to identify her work as a painter over 450 years later. Today, van Hemessen is the only 16th-century Flemish woman painter who is known to have signed her paintings. In March 2027, the National Gallery will host the first UK exhibition devoted to this pioneering painter. Through a collection of masterful small-scale paintings, the exhibition will show the defining moment a woman artist stepped into the spotlight. Visit 'Catharina van Hemessen: Signature Works’ for free and uncover this pivotal chapter in the history of art.",https://www.nationalgallery.org.uk/exhibitions/catharina-van-hemessen,"Found on the venue's ""current/upcoming"" listing page."
ng,German Expressionism,2027-03-20,2027-08-01,"Across Germany’s major cities, a new generation of artists emerged between 1900 and 1918 to change the rules of painting. They were the German Expressionists. Made up of two pioneering groups – Die Brücke (The Bridge) and Der Blaue Reiter (The Blue Rider) – these young artists painted raw emotions on canvas with a new intensity. Die Brücke was formed by a group of self-taught artists. Rebelling against conservative society, they lived and worked together in the bohemian corners of Dresden and other cities, before moving to Berlin, Germany’s rapidly modernising capital. For them, colour became a way to defy tradition and express themselves in new ways. Der Blaue Reiter came together in Munich around the painters Wassily Kandinsky and Gabriele Münter. The group divided their time between the bustling Munich streets and the lush landscapes around rural Murnau, 40 miles south of the city. There, the lakes and mountains fed their creative vision, full of bright colours and striking shapes.",https://www.nationalgallery.org.uk/exhibitions/german-expressionism-modern-painting-1900-1918,"Found on the venue's ""current/upcoming"" listing page."
ng,Take One Picture 2026,2026-06-04,2026-08-31,"As part of our annual Take One Picture programme, children from across the UK have made artworks inspired by ‘A Regatta on the Grand Canal’ by Canaletto. The painting shows a colourful boat race taking place in Venice. Crowds of people cheer on the gondolas as they race towards the finish line. Children have made a wide range of imaginative projects, all coming from their own questions and ideas about the painting. Who is going to win the race? What’s under the water? Why do the boats look like dragons? This year’s exhibition features artworks from 35 primary schools and is on display in the Roden Centre for Creative Learning.",https://www.nationalgallery.org.uk/exhibitions/take-one-picture-2026,"Found on the venue's ""past"" listing page."
ng,Zurbarán,2026-05-02,2026-08-23,"Enter the spellbinding world of visionary Spanish painter Francisco de Zurbarán. Spend time with his paintings, celebrated for their vivid naturalism and deep emotional power. Move between soaring altarpieces and exquisite still lifes in the first major UK exhibition of this great artist from Baroque Seville. A peer of Murillo and Velázquez, Zurbarán stands out for his drama, mystery and vision. From the rind of a lemon to the timeless gaze of a saint, he finds an intensity in the ordinary. Strong light and deep shadow bring real faces, soft fabrics, fresh fruit and flowers to life. His paintings unite stillness, focus and faith.",https://www.nationalgallery.org.uk/exhibitions/past/zurbaran,"Found on the venue's ""past"" listing page."
ng,Stubbs: Portrait of a Horse,2026-03-12,2026-05-31,"Step into the world of George Stubbs, the visionary British painter. Marvel at his monumental portrait of a rearing racehorse, ‘Scrub’. In the 1750s, Stubbs spent 18 months in a remote barn in Horkstow, Lincolnshire. Hidden away, he devoted his time to studying and drawing the anatomy of horses. What resulted was the most thorough study on the subject for over a hundred years. Incredibly, Stubbs’s pictures of horses are still some of the most accurate ever painted, all while capturing their unique characters. In this exhibition, you’ll meet one of these horses, Scrub. Painted by Stubbs around 1762, we see Scrub rearing in a landscape backdrop — notably without a rider.",https://www.nationalgallery.org.uk/exhibitions/past/stubbs-portrait-of-a-horse,"Found on the venue's ""past"" listing page."
ng,Wright of Derby: From the Shadows,2025-11-07,2026-05-10,"In an interplay of light and darkness, Joseph Wright of Derby conjures sublime pictures of discovery and learning. 'Wright of Derby: From the Shadows' is the first major exhibition dedicated to the British artist’s ‘candlelight’ paintings. We celebrate and look again at his most admired works. Illuminated faces gather around a variety of objects – from classical sculptures and scientific instruments to bones, bladders and animals. Through his unflinching scenes of people watching, Wright of Derby proposes moral questions about acts of looking. The strong light and deep shadows create drama, reminding us of great painters from earlier centuries like Caravaggio. Challenging the traditionally held view of Wright of Derby as a figurehead of the Enlightenment, this exhibition contributes to the ongoing re-evaluation of the artist, portraying him not merely as a ‘painter of light’. More than virtuoso scenes of dramatic light and shade, Wright of Derby used the night-time to explore deeper and more sombre themes, including death, melancholy, morality, scepticism and the sublime.",https://www.nationalgallery.org.uk/exhibitions/past/wright-of-derby-from-the-shadows,"Found on the venue's ""past"" listing page."
ng,ming wong: Dance of the sun on the water | Saltatio solis in aqua,2026-01-15,2026-04-06,"Saint Sebastian is a figure who has inspired artists across generations. A Roman soldier who secretly converted to Christianity, he was persecuted for his faith by being shot with arrows. There are 14 depictions of Saint Sebastian in the National Gallery’s collection, by artists from the Pollaiuolo brothers to Gerrit van Honthorst. Our 2025 Artist in Residence, Ming Wong, continues this tradition with a new short film and installation based on the story of his martyrdom. Wong’s film, called ‘Dance of the sun on the water | Saltatio solis in aqua’, draws on paintings of Saint Sebastian and the landmark film ‘Sebastiane’ (1976) by British filmmaker Derek Jarman, setting the story inside the National Gallery itself. Like Jarman, Wong brings together objects and ideas from different periods of history. The film features a variety of references from the Renaissance to the present to reimagine the life of this iconic saint.",https://www.nationalgallery.org.uk/exhibitions/past/the-national-gallery-artist-in-residence-ming-wong,"Found on the venue's ""past"" listing page."
ng,Edwin Austin Abbey: By the Dawn’s Early Light,2025-11-20,2026-02-15,"From Philadelphia to Gloucestershire, hear the story of a great American artist and his finest painting. See Edwin Austin Abbey’s huge study for ‘The Hours’, the celestial scene that decorates the ceiling of the House of Representatives Chamber, Pennsylvania State Capitol, Harrisburg. His most important work, created late in his career, it was to be his last. A friend of John Singer Sargent, Royal Academician, successful artist and illustrator – Abbey, born 1852 in Philadelphia, left the US in 1878 for the UK, where he would live for the rest of his life. He produced ‘The Hours’ in his Gloucestershire studio, then the largest art studio in Europe, from where both the study and mural were shipped to the US. Abbey’s career spanned an age of renewal in America, one of national expression, optimism and ambition that drove new, grand public architectural commissions like the State Capitol building and inspired literature and the arts.",https://www.nationalgallery.org.uk/exhibitions/past/edwin-austin-abbey-by-the-dawn-s-early-light,"Found on the venue's ""past"" listing page."
ng,Radical Harmony,2025-09-13,2026-02-08,"See paintings by artists including Seurat, Van Gogh, Signac and Pissarro Connect the dots as you experience the world's most significant collection of Neo-Impressionist art. When critics first saw Georges Seurat’s new style of painting, they thought it might bring about the death of painting itself. But what was it about artists like Paul Signac, Anna Boch, Jan Toorop and Henri-Edmond Cross, that ruffled so many feathers? Neo-Impressionists painted in small dots of pure colour. Viewed from a distance, the colours blend to create nuanced tones and an illusion of light. Now known as pointillism, this technique simplified form and played with colour in an entirely new way, verging on the edge of abstraction.",https://www.nationalgallery.org.uk/exhibitions/past/radical-harmony-neo-impressionists,"Found on the venue's ""past"" listing page."
ng,Millet: Life on the Land,2025-08-07,2025-10-19,"The sower, the woodcutter, a shepherd girl. These are the subjects that made French artist Jean-Francois Millet famous. Marking the 150th anniversary of his death, this is an opportunity to see some of Millet’s best-loved paintings and drawings. Born into a farming family in Normandy, Millet moved to the village of Barbizon in 1849 where he put the people who spent their life working on the land, often the poorest of the poor in 19th-century France, at the heart of his work. He knew these people and his realistic, unsentimental approach to painting them was completely new. See his iconic 'L’Angelus' (1859) from the Musée d’Orsay, Paris, a painting typical of the dignified way he captured the working people of his age. A husband and wife stand with their heads bowed. Lit by an almost ethereal, filtered light, they’ve stopped working in the fields to say the Angelus prayer.",https://www.nationalgallery.org.uk/exhibitions/past/millet-life-on-the-land,"Found on the venue's ""past"" listing page."
ng,Take One Picture 2025,2025-06-11,2025-08-31,"See the painting 'The Courtyard of a House in Delft' by Pieter de Hooch through the eyes of a child. Take One Picture is the National Gallery's programme for primary schools. Each year, children make and exhibit artworks in response to one painting in our collection. This year’s painting, by 17th-century Dutch artist de Hooch, has inspired a wide range of projects, from wicker sculptures and cardboard houses to clay tiles and baked apple pies! Presented across three sites in and around the National Gallery, this year's exhibition can be enjoyed as artwork displays and as a digital augmented reality trail.",https://www.nationalgallery.org.uk/exhibitions/past/take-one-picture-2025,"Found on the venue's ""past"" listing page."
ng,José María Velasco,2025-03-29,2025-08-17,"See the first UK exhibition of Mexico’s much-loved artist, José María Velasco. Velasco, working in Mexico in the 19th century, was a man of many interests. He was fascinated by advances in geology, the archaeology of his home country, the study of local flora, and the increasing presence of industrialisation. He painted the sweeping landscapes of the Valley of Mexico, the home of modern-day Mexico City, with exquisite detail. His impressive panoramic views of the valley reveal allusions to Mexico's historic past and its rapidly modernising present. Velasco was keenly aware of his country’s industrialisation, capturing expanding train lines and factories alongside botanically accurate studies of plants. His scientific eye inspired his art, and his love of geology is clear to see in his detailed depictions of rocks and volcanoes.",https://www.nationalgallery.org.uk/exhibitions/past/velasco,"Found on the venue's ""past"" listing page."
ng,The Carracci Cartoons: Myths in the Making,2025-04-10,2025-07-06,"Two artist brothers from Bologna in northern Italy, Annibale and Agostino Carracci, visit Rome in 1594. They are about to take on a huge commission – to decorate rooms in the great Farnese Palace. A private family residence, its owner, Odoardo Farnese newly elected cardinal aged just 20, had inherited great wealth. Having finished the cardinal’s study, in 1597 they start work on the palace’s vast gallery. How to prepare? Two huge charcoal drawings on paper tell us this story. They are preparatory drawings for the hall’s monumental fresco. The word cartoon comes from the Italian ‘cartone’ meaning a large sheet of paper. As well as being a vital part of the creative process, they are works of art in their own right. Alive with mythical sea creatures, gods and goddesses, putti and crashing waves, the drawings reflect the inspiration the Carracci brothers found in Rome’s antique sculptures and recent works by their predecessors, Michelangelo and Raphael. Remarkable survivors of art in the making, the cartoons offer a window into the brothers’ ideas, creative process and technique.",https://www.nationalgallery.org.uk/exhibitions/past/the-carracci-cartoons-myths-in-the-making,"Found on the venue's ""past"" listing page."
ng,"Siena: The Rise of Painting, 1300 ‒1350",2025-03-08,2025-06-22,"Step into Siena. It’s the beginning of the 14th century in central Italy. A golden moment for art, a catalyst of change. Artists Duccio, Simone Martini and the brothers Pietro and Ambrogio Lorenzetti are forging a new way of painting. They paint with a drama that no one has seen before. Faces show emotion. Bodies move in space. Stories flow across panels in colourful scenes. We bring to life a vibrant city of artists collaborating, learning and looking. After centuries of separation, we reunite scenes that once formed part of Duccio’s monumental 'Maestà' altarpiece. Panels from Simone Martini’s glittering Orsini polyptych come together for the first time in living memory. This local artistic phenomenon made waves internationally. Gilded glass, illuminated manuscripts, ivory Madonnas, rugs and silks show Siena’s creative energy spilling over between painters, metalworkers, weavers and carvers across Europe.",https://www.nationalgallery.org.uk/exhibitions/past/siena-the-rise-of-painting,"Found on the venue's ""past"" listing page."
ng,Parmigianino: The Vision of Saint Jerome,2024-12-05,2025-03-09,"Witness one of the most visionary artists of the Renaissance at work and rediscover his masterpiece that pushed art in a new direction. This exhibition explores the creation of Parmigianino’s 'The Madonna and Child with Saints', also known as ‘The Vision of Saint Jerome’. It returns to public display for the first time in 10 years following conservation. Born in the Northern Italian city of Parma, after which he was nicknamed, Girolamo Francesco Maria Mazzola (1503‒1540) was a child prodigy. He drew constantly. At age 21 he moved to Rome, where he impressed the Pope and was praised as a ‘Raphael reborn’. This altarpiece was his first major work there. In 1527, the Sack of Rome erupted around him while he finished the painting. According to legend, looting Imperial soldiers invading his studio were so amazed by it that they let him continue.",https://www.nationalgallery.org.uk/exhibitions/past/parmigianino-the-vision-of-saint-jerome,"Found on the venue's ""past"" listing page."
ng,Discover Constable & The Hay Wain,2024-10-17,2025-02-02,"Find out what lies behind the making of 'The Hay Wain' and its iconic status in British art. Through paintings including George Morland’s building storm and the atmospheric light of William Mulready’s farrier shop, we look at how Constable’s contemporaries created rural scenes. William Blake’s mystic works take us into the realm of the spiritual landscape while we experience the poetic and political landscape through contemporary poetry and prints. We bring together sketches of the scene the artist made over twenty years before producing the finished work in his London studio. When early 19th-century visitors saw Constable’s 'Hay Wain' some found his truthful vision of the Suffolk landscape to be quite radical. Today, over 200 years later, the painting is considered a traditional image of the English countryside. This status has led artists and activists to reinterpret, edit, and react to the painting, particularly in light of our changing climate.",https://www.nationalgallery.org.uk/exhibitions/past/discover-constable-and-the-hay-wain,"Found on the venue's ""past"" listing page."
ng,Van Gogh: Poets and Lovers,2024-09-14,2025-01-19,"Be blown away by Van Gogh’s most spectacular paintings in our once-in-a-century exhibition. Walk with a pair of lovers beneath a starry night. Look up at swirling clouds and cypress trees swaying in the wind. Stay a little while in Van Gogh’s favourite park, the ‘Poet’s Garden’, or under a shady tree in Saint-Rémy. We’re bringing together your most loved of Van Gogh’s paintings from across the globe, some of which are rarely seen in public. They will be paired together with his extraordinary drawings. Over just two years in the south of France, Van Gogh revolutionised his style in a symphony of poetic colour and texture. He was inspired by poets, writers and artists. We look at this time in Arles and Saint-Rémy as a decisive period in his career. His desire to tell stories produced a landscape of poetic imagination and romantic love on an ambitious scale.",https://www.nationalgallery.org.uk/exhibitions/past/van-gogh-poets-and-lovers,"Found on the venue's ""past"" listing page."
ng,NG Stories: Making a National Gallery,2024-10-04,2025-01-12,"Immerse yourself in 200 years of extraordinary National Gallery stories. From a resident family of 14 and an intrepid travelling agent to ground-breaking scientists and a wartime pianist, NG Stories tells the history of the National Gallery through the people who made us what we are today. There’s a slate mine in Wales where paintings were safely stored during the Second World War. A guard dog who became a member of staff. And a Keeper’s family, with 14 children, who lived in the building and kept diaries. You’ll discover some of the untold personal stories of the Gallery and the special memories we have been privileged to help create for our visitors. From childhood adventures to life-changing first art encounters, our visitors have always been at the heart of what we do.",https://www.nationalgallery.org.uk/exhibitions/past/ng-stories,"Found on the venue's ""past"" listing page."
ng,Hockney and Piero: A Longer Look,2024-08-08,2024-10-27,"David Hockney, in his own words, has always been a looker. Throughout his career, Hockney has found inspiration in the work of other artists. He never tires of looking at paintings. For him, there’s magic in it every time, whether that’s enjoying a picture in a gallery or a much-loved poster at home. This very personal show brings together two Hockney paintings, one showing his mother and father and the other depicting his friend, curator Henry Geldzahler. They are displayed with the thread that ties them together, Piero della Francesca’s ‘The Baptism of Christ’. ‘My Parents’ and ‘Looking at Pictures on a Screen’ both include images of paintings from the National Gallery, a place Hockney knows and has loved throughout his long career. The artists whose portraits and landscapes line the walls are to him, his contemporaries. Their paintings inspire him today as much as any other influence on his work. The exhibition, part of our Bicentenary celebrations, is a chance to slow down, to take in what’s in front of us and enjoy life-enhancing art in the Gallery. Just like Hockney’s parents and friend Geldzahler, let’s take a longer look.",https://www.nationalgallery.org.uk/exhibitions/past/hockney-and-piero-a-longer-look,"Found on the venue's ""past"" listing page."
ng,Discover Degas & Miss La La,2024-06-06,2024-09-01,"Degas’s 'Miss La La at the Cirque Fernando' takes centre stage in this exhibition that sheds light on this work with newly discovered information about the painting and its sitter. This radical Impressionist masterwork records an extraordinary moment and features a remarkable figure – the circus artist Miss La La, or Anna Albertine Olga Brown (1858‒1945). In 1879 Degas made the talented aerialist the subject of one of his most original and arresting paintings, capturing her in one of her most striking and perilous acts. Suspended from a rope held between her teeth by a leather mouthpiece, Miss La La is hoisted up towards the ceiling of the Cirque Fernando Featuring new material, from rare, previously untraced drawings of her by Degas, to entirely unpublished photographic portraits of Miss La La, the exhibition turns the spotlight on her, and on the painting, telling their story for the first time at the Gallery.",https://www.nationalgallery.org.uk/exhibitions/past/discover-degas-and-miss-la-la,"Found on the venue's ""past"" listing page."
ng,Take One Picture 2024,2024-08-01,2024-09-01,"As part of our annual Take One Picture programme, primary school children from across the UK have made works inspired by Henri Rousseau’s 'Surprised!' The painting shows a tiger in a jungle storm, crouching low in long grass as rain lashes the foliage and lightning flashes overhead – but who or what is surprised? Children have made a wide range of works in response to the painting. Some were fascinated by the tiger, leading to projects about camouflage and animal eyes. Others focused on the plants, inspiring them to research and recreate rainforest foliage. Many children were concerned about habitat loss affecting tigers, which inspired them to use recycled materials and raise money for conservation charities. This year’s exhibition is part of the Gallery’s Free Festival of Art outside on Trafalgar Square, where you can also take part in creative activities inspired by Rousseau’s Surprised! and the children’s projects.",https://www.nationalgallery.org.uk/exhibitions/past/take-one-picture-2024,"Found on the venue's ""past"" listing page."
ng,The Last Caravaggio,2024-04-18,2024-07-21,"May 1610. Caravaggio is in Naples working on the last picture he'd ever paint. Two months later, he died in mysterious circumstances. But it was during his final tumultuous years that Caravaggio made some of his most striking works. His characteristic style includes tightly cropped scenes and dramatic lighting. He used real models with dirty feet and grimy fingernails. Few paintings are better placed to tell the story of Caravaggio’s final years than his last-known work, 'The Martyrdom of Saint Ursula' (1610, Gallerie d’Italia, Naples). The painting is coming to London for the first time in 20 years.",https://www.nationalgallery.org.uk/exhibitions/past/the-last-caravaggio,"Found on the venue's ""past"" listing page."
rijks,ED VAN DER ELSKEN. UP CLOSE,2026-06-19,2026-09-13,"A cyclist cheekily sticking out her tongue, tough youths on Amsterdam's Nieuwendijk, young women in miniskirts. From The Netherlands to Cuba and Japan, Ed van der Elsken chased the same unfiltered energy. Different streets, a different time - and yet you recognise it. He is one of the most beloved Dutch photographers of the twentieth century. But how did his pictures come about? What did he see that others missed? And what did he set aside, sometimes for years, before he was satisfied? The exhibition Ed van der Elsken. Up Close takes you into his studio. Since 2019, the Rijksmuseum and the Nederlands Fotomuseum have looked after his personal archive together, and for the first time the material has been examined in full. Alongside his best-known photographs, you'll see his handwritten notes, contact sheets covered in red marks, darkroom experiments and newly discovered book dummies.",https://www.rijksmuseum.nl/en/whats-on/exhibitions/ed-van-der-elsken,"Found on the venue's ""current/upcoming"" listing page. opening date read from a sentence, not a date field: ""19 June till 13 September 2026""."
rijks,FIEP WESTENDORP,2026-06-19,2026-09-13,"150 drawings by the illustrator who gave post-war Netherlands a visual language all of its own Jip and Janneke, Pim and Pom, Pluk van de Petteflet. This summer the Rijksmuseum brings together some 150 original drawings by illustrator Fiep Westendorp. From early sketches to the illustrations that have stayed with generations of children. Early sketches, personal drawings, iconic book illustrations and work for Het Parool : you see how versatile Westendorp was, and how her recognisable visual style slowly took shape. Fiep Westendorp (1916–2004) knew from a young age what she wanted to be: an illustrator. She studied first at the Koninklijke School voor Kunst, Techniek en Ambacht (Royal School of Art, Technology and Craft) in 's-Hertogenbosch, then at the Academie van Beeldende Kunsten (Academy of Visual Arts) in Rotterdam. In her early sketchbooks you see her style emerging: quick, keen-eyed, full of humour.",https://www.rijksmuseum.nl/en/whats-on/exhibitions/fiep-westendorp,"Found on the venue's ""current/upcoming"" listing page. opening date read from a sentence, not a date field: ""19 June till 13 September 2026""."
rijks,CAREL VISSER IN THE RIJKSMUSEUM GARDENS,2026-06-05,2026-10-25,"This summer, the Rijksmuseum Gardens are home to the work of Carel Visser, the most influential Dutch sculptor of the twentieth century. Visser's sculptures, some as tall as eight metres or as long as five metres, come from museums, private collections and public spaces. Now they are brought together for the very first time. Carel Visser (1928–2015) had little affinity with traditional sculptors' materials such as marble, stone or wood. Iron was his great love. With a cutting torch and welding equipment, he shaped his sculptures from steel plates and beams. Stacking, repetition and symmetry give his sculptures a rigorous structure that never feels cold. You always recognise something in them. A spine. A branch. An animal at rest. Visser always looked to nature and searched for its essence. What do you see?",https://www.rijksmuseum.nl/en/whats-on/exhibitions/carel-visser,"Found on the venue's ""current/upcoming"" listing page. opening date read from a sentence, not a date field: ""5 June to 25 October (year taken from the listing page)""."
rijks,IN THE RIJKSMUSEUM PRINT CABINETS,,2026-11-29,"With more than 750,000 prints and drawings, the Rijksmuseum's collection is one of the largest in the world. Because of the fragility of the material, we rotate the selection in the print cabinets every six month, allowing us to share new stories each time. This presentation focuses on Roman street art, social satire and Japanese fairy tales. There is also a cabinet dedicated to the Van Eeghen Drawing Book, a unique 17th-century drawing book recently gifted to the museum. In the Rome of the 1520s, Polidoro da Caravaggio (c. 1499–1543) was one of the most sought-after artists of his time. He decorated palace facades with monochrome sgraffiti (layers of scratched plaster) depicting mythological and historical scenes, visible to everyone passing on the street. Many of these facade decorations have been lost, but drawings and prints keep them alive. They show how his innovative work spread and inspired artists across Europe. This early 17th-century drawing book is a recent gift to the Rijksmuseum, named after the family who owned it for 300 years. It is unique in having survived fully intact. It contains around thirty drawings, including a series of biblical scenes attributed to Rombout Uylenburgh and his workshop. Uylenburgh emigrated with his family from Friesland to Kraków, where he became a court painter. In 1612 he moved to Danzig (now Gdańsk), a port city with many Dutch inhabitants. There the book likely came into the possession of the Amsterdam merchant Reyer Claesz., whose name appears on the binding. After his death, Uylenburgh fell into obscurity. No refined beauty here, but a glimpse of raw reality. The prints of Giuseppe Mitelli (c. 1634–1718) are considered forerunners of the cartoon. With humour and sharp satire, he depicts wealthy young men, street vendors and beggars in a world of stark inequality. Success, love, honour: almost everything is for sale. His portrayals of the fragility of human existence still hit home. Shared experiences remain recognisab",https://www.rijksmuseum.nl/en/whats-on/exhibitions/in-the-rijksmuseum-print-cabinets,"Found on the venue's ""current/upcoming"" listing page. No opening date published while this exhibition is running."
rijks,PARTIALLY CLOSED,,,"Every six months, the curators present new stories from the Rijksmuseum’s Asian art collection. Under the watchful eyes of the Japanese temple guardians, renowned Taiwanese artist Tong Yang-Tze presents two works. There is also a focus on the Taiwanese artist and fashion designer Sophie Hong, the collection of Asian ivory carvings and the Japanese concept of 'kazari' - the art of decoration. Tong Yang-Tze (b. 1942) is one of Taiwan’s most influential contemporary artists. Her work embodies an emotional connection with Taiwan — the island where she grew up, and which has shaped both her life and her art. Through the flowing language of calligraphy, she expresses this deep bond. Two of her works are currently on view in the Asian Pavilion, including Home is where the Heart is (2023). Calligraphy is an ancient art form that combines the meaning of characters with the artistic expressiveness of brushstrokes. Tong Yang-Tze’s calligraphy revolves around rhythm, emotion, and movement. The rhythm of the characters unfolds like a melody, created by the speed and energy of her brushwork. Sophie Hong is one of the most compelling figures in the Taiwanese contemporary art and fashion scenes. Seamlessly, she merges traditional East Asian aesthetics with contemporary design. Hong uses ‘wearable art’ to explore cultural heritage and identity. With her designs, she weaves narratives about history and traditional craftmanship. She draws inspiration from Chinese Xiangyun silk, a textile that has been created and perfected for hundreds of years. The artist transformed it into her signature ‘Hong silk’, revitalizing tradition through a contemporary artistic language. The two works on display evoke the patterns of bark and vines.",https://www.rijksmuseum.nl/en/whats-on/exhibitions/asian-pavilion,"Found on the venue's ""current/upcoming"" listing page. No closing date found anywhere on the venue's pages."
rijks,WORN,2026-03-27,2027-03-21,"In this intimate fashion presentation, 24 worn, altered and reused garments take centre stage. Signs of wear, repair and craftsmanship tell their story: from 17th-century embroidered mules to a dress worn for generations by the Six family.",https://www.rijksmuseum.nl/en/whats-on/exhibitions/worn,"Found on the venue's ""current/upcoming"" listing page. opening date read from a sentence, not a date field: ""27 March 2026 to 21 March 2027""."
rijks,20th-century Galleries,,2026-11-09,"Every six months we present new spotlight displays in the 20th-century galleries of the Rijksmuseum. This edition highlights the drawings of Madelon Vriesendorp, Charley Toorop’s artistic circle, and the influence of photography on 20th-century advertising.",https://www.rijksmuseum.nl/en/whats-on/exhibitions/new-displays-in-the-20th-century-galleries,"Found on the venue's ""current/upcoming"" listing page. No opening date published while this exhibition is running."
rijks,WILLEM DE KOONING AT WORK,2026-10-09,2027-01-17,"One hundred years ago, Willem de Kooning left the Netherlands for a new life in New York, where he became one of the most influential artists of the 20th century. This autumn, he returns, with a major retrospective of his drawings, complemented by a selection of celebrated paintings and sculptures. Alongside the exhibition, two of his most iconic paintings will be displayed in the Gallery of Honour. The exhibition is a collaboration with the Art Institute of Chicago and The Willem de Kooning Foundation in New York and can be seen from 9 October 2026 until 17 January 2027. De Kooning drawings are not studies for paintings. For him, drawing was a way of exploring. Through sketching, correcting, repeating, and deliberately surprising himself. This process was fundamental to his art in every medium and is visible on nearly every artwork he completed. ""I have to change to stay the same"" (1981), is what he liked to say. And so his art never stood still. In over 120 pieces, you see how his drawing evolved across more than 65 years, from early drawings as a student to rapid charcoal sketches.",https://www.rijksmuseum.nl/en/whats-on/exhibitions/willem-de-kooning-at-work,"Found on the venue's ""current/upcoming"" listing page. closing date read from a sentence, not a date field: ""9 October 2026 until 17 January 2027""."
rijks,DOCUMENT NETHERLANDS: NEW ENERGY,2026-10-09,2027-01-17,"Kadir van Lohuizen photographs the energy transition on and around the North Sea Wind turbines hundreds of metres tall, metres-thick underwater cables, colossal platforms on the open sea. The energy transition is unfolding on a scale that's impossible to grasp. Photographer and filmmaker Kadir van Lohuizen turns his camera on places almost no one ever visits: offshore wind farms, hydrogen plants, CO₂ storage sites and data centres. For the exhibition New Energy , Van Lohuizen was granted exclusive access to these sites in the Netherlands, Germany, Denmark, Norway and the United Kingdom. It offers a panoramic view of a development that plays out largely out of sight, on the open sea and inside closed, complex installations. This exhibition is part of the Document Netherlands series, the Rijksmuseum's annual photography commission in which a Dutch photographer is asked to research and capture a current social theme. Kadir van Lohuizen is known for his sharp eye and his ability to bring large, complex stories close and make them tangible. His best-known projects deal with the consequences of rising sea levels, the diamond industry, migration in the Americas, and the way six megacities process their waste, as well as the global food industry. Kadir has won numerous photojournalism awards, including the World Press Photo Award for his photo series on waste in the world's cities.",https://www.rijksmuseum.nl/en/whats-on/exhibitions/document-netherlands-new-energy,"Found on the venue's ""current/upcoming"" listing page. closing date read from a sentence, not a date field: ""9 October 2026 till 17 January 2027""."
rijks,DRAWING!,2027-02-12,2027-05-23,"Around 1600, the art of drawing experienced a true revolution in the Northern Netherlands. A group of artist friends, including Hendrick Goltzius, Jacques de Gheyn II, and Abraham Bloemaert, found each other in their drive for innovation. Together they brought the art of drawing to unprecedented heights. They experimented with all kinds of materials, techniques, and subjects, and pushed nearly every boundary. With over 100 highlights from European and American collections, this revolution in the art of drawing comes together in a major overview exhibition. The exhibition The Art of Drawing can be seen from 12 February to 23 May 2027 at the Rijksmuseum, followed by 18 June to 26 September 2027 at The Morgan Library & Museum in New York.",https://www.rijksmuseum.nl/en/whats-on/exhibitions/draw,"Found on the venue's ""current/upcoming"" listing page. closing date read from a sentence, not a date field: ""12 February till 23 May 2027""."
rijks,METAMORPHOSES,2026-02-06,2026-05-25,"Passion, desire, lust, jealousy, cunning and deceit. The Rijksmuseum takes you on a journey into one of the greatest and most important sources of inspiration for artists: The Metamorphoses by the poet Ovid.",https://www.rijksmuseum.nl/en/whats-on/exhibitions/metamorphoses,"Found on the venue's ""past"" listing page."
rijks,FAKE!,2026-02-06,2026-05-25,"At a time when AI is becoming increasingly sophisticated, you may ask yourself: when is a photograph real or fake? Yet images have been manipulated, often with surprising ease, since the very beginnings of photography. In FAKE! you will explore 50 historical images from our collection that reveal creative and deceptive visual illusions.",https://www.rijksmuseum.nl/en/whats-on/exhibitions/fake,"Found on the venue's ""past"" listing page."
rijks,SUIT YOURSELF,2025-03-22,2026-03-15,"The intimate spotlight exhibition Suit Yourself presents the exuberant finery worn by flamboyant Dutch men in the 18th and 19th centuries, made with striped velvet, floral embroidery and rich silk fabrics.",https://www.rijksmuseum.nl/en/whats-on/exhibitions/suit-yourself-or100-years-of-menswear-1750-1850,"Found on the venue's ""past"" listing page."
rijks,OCCUPIED CITY,2025-09-12,2026-01-25,"The Rijksmuseum presents two versions of Steve McQueen’s 34-hour video artwork, Occupied City.",https://www.rijksmuseum.nl/en/whats-on/exhibitions/steve-mcqueen-occupied-city,"Found on the venue's ""past"" listing page."
rijks,AT HOME IN THE 17TH CENTURY,2025-10-17,2026-01-11,"What was life really like in the 17th century? That’s the museum’s most-asked question. Now, the time has come to find out. At Home in the 17th Century offers an up-close experience of daily life 400 years ago. Immerse yourself in a full day of the 17th century as you walk among the nine diorama-style displays that make up this exhibition — packed with personal stories and unique objects.",https://www.rijksmuseum.nl/en/whats-on/exhibitions/past/thuis-in-de-17de-eeuw,"Found on the venue's ""past"" listing page."
rijks,DOCUMENT NEDERLAND,2025-11-01,2026-01-11,"The subject of asylum is in the news almost every day. All sorts of people are talking about it: from politicians, media commentators and human rights and aid organisations to members of the public who take one side or another. For Document Nederland, the Rijksmuseum’s annual photographic commission, the artist Tina Farifteh documents the Dutch asylum system. The central figure in her exhibition is a man identified only by his initial: B. Following more than four months in immigration detention at Schiphol Airport and a stay in Ter Apel asylum reception centre, B. is now in the midst of an asylum procedure. By positioning him as the narrator, she reverses the gaze on our asylum procedures: Instead of talking about asylum seekers, she literally has us listen to one of them. In doing so, Farifteh holds up a mirror to the visitor. This exhibition is not about ‘them,’ but us. Tina Farifteh is a photographer, filmmaker and visual artist whose work explores the impact of power structures on the lives of ordinary people. Her earlier works include the audiovisual installation The Flood (2021) and the short documentary Kitten or Refugee? (2023), for which she won the 2024 Silver Camera for Storytelling. Alongside Document Nederland, the Rijksmuseum’s photography gallery is presenting Document Nederland Junior, the annual photographic competition and display for students in secondary and vocational education. The competition shares its theme with the main commission. For each edition, ten young photographers are selected to take part in a masterclass, given this year by Tina Farifteh and experts from the Rijksmuseum. Their photographs will be on display in the second room of the photography gallery.",https://www.rijksmuseum.nl/en/whats-on/exhibitions/past/document-nederland-tina-farifteh,"Found on the venue's ""past"" listing page. opening and closing date read from a sentence, not a date field: ""1 November 2025 to 11 January 2026""."
rijks,ISAMU NOGUCHI,2025-05-28,2025-10-26,"In Isamu Noguchi’s world, sculpture is everywhere. So what does his world look like? Discover his playful sculptures this summer at the free outdoor exhibition in the gardens of the Rijksmuseum.",https://www.rijksmuseum.nl/en/whats-on/exhibitions/past/isamu-noguchi-in-de-rijksmuseumtuinen,"Found on the venue's ""past"" listing page."
rijks,CROSSINGS,2025-07-04,2025-10-12,Discover how colonial and contemporary perspectives converge in photographs from the Indian subcontinent. Past meets present in the Crossings exhibition.,https://www.rijksmuseum.nl/en/whats-on/exhibitions/crossings,"Found on the venue's ""past"" listing page."
rijks,FIONA TAN: MONOMANIA,2025-07-04,2025-09-14,Internationally acclaimed artist Fiona Tan is given carte blanche at the Rijksmuseum. Step into the world of Monomania.,https://www.rijksmuseum.nl/en/whats-on/exhibitions/fiona-tan-monomania,"Found on the venue's ""past"" listing page."
rijks,ASIAN BRONZE,2024-09-27,2025-01-12,"From Shiva and the Buddha to wine casks and weapons. Everything about bronze triggers your senses. For centuries, this material has played a central role in the traditions of Asia. Now you too can experience the beauty of bronze art at last.",https://www.rijksmuseum.nl/en/whats-on/exhibitions/past/asian-bronze,"Found on the venue's ""past"" listing page."
rijks,FESTIVAL FRENZY,2024-09-27,2025-01-12,"Across the Netherlands, major music festivals draw vast, exuberant crowds. In this series, Eddo Hartmann photographs the individual festivalgoer, both one with the throng and lost against the backdrop of the Dutch events industry.",https://www.rijksmuseum.nl/en/whats-on/exhibitions/past/document-nederland,"Found on the venue's ""past"" listing page."
rijks,LEE UFAN,2024-05-28,2024-10-27,"Korean artist Lee Ufan describes his work as ‘art of the encounter’. Find time this summer for your very own calm encounter with Lee Ufan’s sculptures, among the hustle and bustle of museum square.",https://www.rijksmuseum.nl/en/whats-on/exhibitions/past/lee-ufan,"Found on the venue's ""past"" listing page."
rijks,POINT OF VIEW,2024-07-05,2024-09-01,"Did all 17th-century children wear dresses? Why did women have to fight so hard to wear trousers? And what does the size of your desk say about your gender? Point of View explores how ideas around gender have been visualised through the ages, and shows they are constantly changing.",https://www.rijksmuseum.nl/en/whats-on/exhibitions/past/point-of-view,"Found on the venue's ""past"" listing page."
rijks,STOP MOTION,2024-07-05,2024-09-01,De fotocamera bleek iets te kunnen wat het menselijk oog niet kon: een snelle beweging volgen en analyseren. Wat bleek: de paardengalop was altijd verkeerd weergegeven door kunstenaars.,https://www.rijksmuseum.nl/nl/zien-en-doen/tentoonstellingen/afgelopen/stop-motion,"Found on the venue's ""past"" listing page."
rijks,EXPRESS YOURSELF,,,Discover youth culture as seen through the lenses of Gerard Wessel and André Bogaerts. This unique glimpse into teenage lifestyles juxtaposes the wild expressiveness of the nightlife scene captured in Wessel’s photos with Bogaerts’ intimate portraits of teens on the cusp of adulthood – all shot in the period from 1981 to 2012.,https://www.rijksmuseum.nl/en/whats-on/exhibitions/past/express-yourself,"Found on the venue's ""past"" listing page. The venue's page shows only ""16 Feb - 9 June"" for this exhibition's dates — no year is published anywhere."
rijks,RICHARD LONG,,,"Every year, the Rijksmuseum holds an outdoor exhibition, this year featuring Richard Long. Richard Long is famous for his subtle interventions in the landscape at some of the most remote locations around the world. Entrance is free to all in the Rijksmuseum gardens.",https://www.rijksmuseum.nl/en/whats-on/exhibitions/past/richard-long,"Found on the venue's ""past"" listing page. No closing date found anywhere on the venue's pages."
rijks,MISSION MASTERPIECE,,,,https://www.rijksmuseum.nl/en/whats-on/exhibitions/past/mission-masterpiece,"Found on the venue's ""past"" listing page. The venue's own link to this exhibition is broken (HTTP 404). No closing date found anywhere on the venue's pages."
rijks,XXL PAPER,,,"How do you exhibit a 23-metre long painted landscape? A 16-metre-long print of a funeral procession? Or a life-size design for a 12-metre high church window? These are some of the largest works on paper in our collection. With their size and fragility, they are rarely if ever on display. But now they are!",https://www.rijksmuseum.nl/en/whats-on/exhibitions/past/xxl-paper,"Found on the venue's ""past"" listing page. No closing date found anywhere on the venue's pages."
rijks,MODERN JAPANESE LACQUER,,,"The shimmering golden branches of a willow tree, a vigilant praying mantis standing atop an aubergine, sunlight falling on a flower: discover the spectacular detail and beauty of Japanese lacquer this summer.",https://www.rijksmuseum.nl/en/whats-on/exhibitions/past/modern-japanese-lacquer,"Found on the venue's ""past"" listing page. No closing date found anywhere on the venue's pages."
rijks,REVOLUSI!,,,"Diplomats, freedom fighters, victims, liberators. Everyone has a different view. REVOLUSI! is about the Indonesian struggle for independence (1945-‘49), seen through the eyes of people who experienced it. More than 20 personal stories tell us how the ideal of a free Indonesia is fervently pursued; how it is fought over, how it is negotiated, how it is propagated and how the revolution determines human lives.",https://www.rijksmuseum.nl/en/whats-on/exhibitions/past/revolusi,"Found on the venue's ""past"" listing page. No closing date found anywhere on the venue's pages."
rijks,VINCENT MENTZEL,,,"For years, Vincent Mentzel (1945) has been one of the most iconic photographers in the Netherlands. He literally gave shape to the news. During his career photojournalism has changed: from a less important medium to a powerful and independent one with artistic possibilities. Come and see this development through Mentzel's photos.",https://www.rijksmuseum.nl/en/whats-on/exhibitions/past/vincent-mentzel,"Found on the venue's ""past"" listing page. No closing date found anywhere on the venue's pages."
rijks,HENK WILDSCHUT,,,,https://www.rijksmuseum.nl/en/whats-on/exhibitions/past/henk-wildschut,"Found on the venue's ""past"" listing page. The venue's own link to this exhibition is broken (HTTP 404). No closing date found anywhere on the venue's pages."
rijks,ELLSWORTH KELLY,,,"This summer it will be impossible to miss the immense sculptures in the outdoor exhibition Ellsworth Kelly in the Rijksmuseum Gardens. Kelly was one of the most important American artists of the second half of the 20th century. Nine of his sculptures will be displayed in our gardens, and all of them are appearing in the Netherlands for the first time.",https://www.rijksmuseum.nl/en/whats-on/exhibitions/past/ellsworth-kelly,"Found on the venue's ""past"" listing page. The venue's page shows only ""Until 24 October"" for this exhibition's dates — no year is published anywhere."
rijks,SLAVERY,,,"This exhibition about slavery takes the form of personal and real-life stories rather than abstract concepts. There are stories from Brazil, Suriname, and the Caribbean, and from South Africa and Asia.",https://www.rijksmuseum.nl/en/whats-on/exhibitions/past/slavery,"Found on the venue's ""past"" listing page. No closing date found anywhere on the venue's pages."
rijks,ED VAN DER ELSKEN,,,,https://www.rijksmuseum.nl/en/whats-on/exhibitions/past/ed-van-der-elsken,"Found on the venue's ""past"" listing page. The venue's own link to this exhibition is broken (HTTP 404). No closing date found anywhere on the venue's pages."
rijks,THE STRENGTH OF DUTCH MUSEUM COLLECTIONS,,,"With the grateful support of the Rembrandt Association and the Turing Foundation, forty-five museums in the Netherlands are this year staging special presentations of artworks from their permanent collection that merit extra attention. As one of the participating museums, the Rijksmuseum has chosen to showcase two radiant portraits by Piero di Cosimo.",https://www.rijksmuseum.nl/en/whats-on/exhibitions/past/strength-of-dutch-museum-collections,"Found on the venue's ""past"" listing page. The venue's page shows only ""Until 15 December"" for this exhibition's dates — no year is published anywhere."
rijks,THE BEST ITALIAN DRAWINGS,,,"Works by great Italian masters such as Raphael, Michelangelo, Carracci, Barocci, Canaletto, Tiepolo and Piranesi are now being exhibited at the Rijksmuseum in a display of drawings from the museum’s Print Room collection.",https://www.rijksmuseum.nl/en/whats-on/exhibitions/past/highlights-of-italian-drawing,"Found on the venue's ""past"" listing page. The venue's page shows only ""Until 18 November"" for this exhibition's dates — no year is published anywhere."
acq,JOAN MIRÓ | JEAN PAUL RIOPELLE PALM BEACH,,,"An exhibition of paintings, sculptures, and collages by Joan Miró and Jean Paul Riopelle on view in Palm Beach. Joan Miró dedicated himself to sculpture late in his storied career, working initially in ceramic before making works which were cast in bronze. The artist created over three hundred bronzes between 1966 and his death in 1983. Unflagging in his aim to explore and redefine the medium of sculpture, at age 81, Miró shared his enthusiasm with his friend Alexander Calder: “I am an established painter but a young sculptor.” Miró first explored three-dimensional objects in the late 1920s and early 1930s—when, inspired in part by Surrealism, he spontaneously combined everyday objects into a series of revolutionary constructions and peinture-objets. In 1949, Miró found a new direction that would galvanize his sculptural practice and further root his sculptures in the natural world. One day, while walking near his summer home in Mont-roig, he came across a rock which he reimagined as a head and had cast in bronze, making his first objet trouvé. Miró began imaginatively and spontaneously combining his found objects with clay modeling to create assemblages, transforming the elements into poetic and suggestive sculptures that would be cast in bronze. The works on view in this exhibition focus on some of the artist’s most significant subjects, including abstracted birds and metaphorical portraits of women incorporating found objects. An important early watercolor and collage work, ""The Wind,"" 1924, is also on view in the exhibition.",https://www.acquavellagalleries.com/exhibitions/joan-miro-jean-paul-riopelle,"Found on the venue's ""all (current/upcoming/past)"" listing page. The venue's page shows only ""SEPTEMBER 2026"" for this exhibition's dates — no day is published, only the month and year."
acq,MATISSE THE PURSUIT OF HARMONY NEW YORK,2026-04-09,2026-05-22,"“I made sculpture because what interested me in painting was the clarification of my ideas. I changed medium and worked in clay as a respite from painting when I had done absolutely all that I could for the moment. Which is to say that it was always for the purpose of organization. It was done to give order to my feelings, to seek a method that completely suited me. When I found it in sculpture, it helped me in painting.” Acquavella Galleries is pleased to present Matisse: The Pursuit of Harmony, an exhibition featuring fifty paintings, works on paper, and sculpture by Henri Matisse on loan from museums, foundations, and private collections. On view from April 9 through May 22, 2026, the exhibition traces Matisse’s investigation of form in two and three dimensions, from paintings and sculptures made at the start of the 20th century through the next five decades of his career. Although Acquavella has dealt in exceptional works by Matisse for over sixty years, this marks the gallery’s first exhibition devoted to the French artist since 1973. Henri Matisse (1869–1954) is widely regarded as the unparalleled modernist master of color, having revolutionized art with his luminous palette and lyrical color harmonies, but his experimentation with form was equally central to his artistic pursuits. In each chapter of his career, Matisse worked to refine and essentialize his approach to form and the figure. In his own words: “A work of art must be harmonious in its entirety: any superfluous detail would replace some other essential detail in the mind of the spectator.” Simplified, rhythmic forms, often inspired by the graceful, flowing lines of the arabesque, were integral to Matisse’s lifelong pursuit of harmony and balance in his art. The presentation begins with two early sculptures, The Serf (1900–04) and Madeleine I (1901), and his closely related painting Male Model (1900) and drawing Study for Madeleine (c. 1901). Of the more than eighty sculptures Matisse created, more",https://www.acquavellagalleries.com/exhibitions/matisse2,"Found on the venue's ""all (current/upcoming/past)"" listing page."
acq,SOFT REINS FROM DEGAS TO FORDJOUR PALM BEACH,2026-02-06,2026-04-06,"The exhibition brings together an expansive dialogue of artists, from Impressionist and modern masters to leading contemporary figures including Jules de Balincourt, Fernando Botero, Will Cotton, Giorgio de Chirico, Edgar Degas, Raoul Dufy, Derek Fordjour, Lucian Freud, Marino Marini, Tomokazu Matsuyama, Joel Mesler, Sarah Miska, Pablo Picasso, Roy Lichtenstein, Robert Longo, Tom Otterness, Susan Rothenberg, Laurie Simmons, Hank Willis Thomas, and Summer Wheat. Acquavella Galleries is pleased to present Soft Reins, a group exhibition exploring the enduring significance of the horse as a powerful symbol and artistic muse, highlighting how the animal has inspired art, mythology, and storytelling throughout art history. Guest curated by the artist Tomokazu Matsuyama, Soft Reins will be on view at Acquavella’s Palm Beach gallery from February 6 through March 22, 2026. An opening reception and panel discussion will also be held at the gallery on the evening of February 6th. The title Soft Reins refers to a dynamic between a horse and its rider: when drawing gently on the reins, the horse responds naturally and without resistance. This intuitive ability and connection between horse and rider mirrors the dynamic between the artist and muse, presenting the horse as an enigmatic source of inspiration across cultures and histories. By presenting a diverse array of artists and media, Soft Reins underscores the horse's lasting impact on the artistic imagination. It highlights its capacity to convey profound messages across distinct cultures and eras, making it a dynamic subject for ever-changing times. The exhibition brings together an expansive dialogue of artists, from Impressionist and modern masters to leading contemporary figures including Jules de Balincourt, Fernando Botero, Will Cotton, Giorgio de Chirico, Edgar Degas, Raoul Dufy, Derek Fordjour, Lucian Freud, Marino Marini, Tomokazu Matsuyama, Joel Mesler, Sarah Miska, Pablo Picasso, Roy Lichtenstein, Robert Longo, Tom",https://www.acquavellagalleries.com/exhibitions/soft-reins,"Found on the venue's ""all (current/upcoming/past)"" listing page."
acq,MASTERS OF MODERNISM FROM GAUGUIN TO WARHOL PALM BEACH,2025-12-13,2026-02-02,"Works on view by Pierre Bonnard, Georges Braque, Paul Cézanne, Jean Dubuffet, Paul Gauguin, Alberto Giacometti, Fernand Léger, Brice Marden, Henri Matisse, Joan Miró, Édouard Vuillard, Andy Warhol, and Zao Wou-Ki.",https://www.acquavellagalleries.com/exhibitions/masters-of-modernism,"Found on the venue's ""all (current/upcoming/past)"" listing page."
acq,NICOLE WITTENBERG ALL THE WAY NEW YORK,2025-10-16,2025-12-05,"“I think good paintings are moving images, because they’re not static. Great paintings move.” To read Sarah Messerschmidt's catalogue essay, please click here. Acquavella Galleries is pleased to present All the Way, Nicole Wittenberg’s second solo exhibition with the gallery and her first at Acquavella’s New York location. The exhibition will be on view from October 16 through December 5, 2025. A reception for the artist will be held the evening of Wednesday, October 29, from 5:00 to 7:00 pm. Wittenberg’s return to Acquavella this fall follows the artist’s three solo museum exhibitions over this summer: Maison La Roche, Fondation Le Corbusier, Paris; the Ogunquit Museum of American Art, Ogunquit, Maine; and the Center for Maine Contemporary Art, Rockland, Maine. Several works from Wittenberg’s museum exhibitions in Rockland and Ogunquit will appear in All the Way. All the Way explores painting’s ability to capture the sensation of a singular moment extended over time. Nicole Wittenberg's painting practice takes scenes, elements, and encounters with the natural world as its subject matter. Her landscapes and twisting florals explore the medium’s ability to capture temporal moments as impressions that retain the energy of the experience.",https://www.acquavellagalleries.com/exhibitions/nicole-wittenberg2,"Found on the venue's ""all (current/upcoming/past)"" listing page."
acq,YUKA KASHIHARA STARDUST PALM BEACH,2025-10-15,2025-12-08,"""Everything is connected, and everything is one. Painting, for me, is a way of knowing who I am. Tracing that history back, it became clear to me that I, too, am made of stardust; and that realization felt profoundly natural. The primeval landscapes I have encountered in my life, too, if traced back far enough, were once stardust."" Acquavella Galleries is pleased to present Stardust, a solo exhibition of fifteen paintings by the Japanese artist Yuka Kashihara in its Palm Beach gallery, on view from October 15 through December 8, 2025. This suite of acrylic and oil paintings on canvas marks a continuation of the artist’s interest in imagining the otherworldly, while looking even farther to the cosmos. Her work is often sparked by instigating moments and views observed while traveling or walking, which she then blends with conjured vistas. In her new paintings, Kashihara explores our connection with the ancient and cosmic, combining the two ideas by exploring the origin of all organic matter, beginning deep in space. Kashihara cites Marcus Chown’s book, The Magic Furnace, as an inspiration for her new work. He states: “Every atom in our bodies has an extraordinary history. Our blood, our food, our books, our clothes–everything contains atoms forged in blistering furnaces deep inside stars, which were blown into space by those stars’ cataclysmic explosions and deaths…The birth of every atom was marked by cosmic events on an enormous scale, against a backdrop of unimaginable heat and cold, brightness and darkness, space and time.” The artist’s newest body of work draws on this idea of celestial kinship.",https://www.acquavellagalleries.com/exhibitions/yuka-kashihara2,"Found on the venue's ""all (current/upcoming/past)"" listing page."
acq,MIQUEL BARCELÓ NEW YORK,2025-04-24,2025-05-30,"""Painting is an urge that swallows you whole. You don't know exactly where you're going. You lose yourself completely and you end up doing something you had forgotten, or something you wanted to do without knowing how you got there. A miracle that repeats itself differently each time. It's a primitive thing, a vital thing. I felt it right away when I was painting beside my mother at twelve years old."" Acquavella Galleries is pleased to present Miquel Barceló, the renowned Spanish artist’s fourth solo exhibition with the gallery. The exhibition presents over two dozen new paintings and a selection of recent ceramic works, featuring the artist’s signature use of layered materiality, vivid color, and richly textured surfaces. The exhibition is on view April 24 to May 30, 2025 at Acquavella’s New York location. Over the past four and a half decades, the Spanish artist Miquel Barceló (b. 1957) has explored a diverse range of media, including painting, works on paper, ceramic, bronze sculpture, large-scale installation, and performance. In addition to his deep-rooted connection to Spain and his native Mallorca, Barceló draws inspiration from his global travels, continuously experimenting with new materials and techniques influenced by ancient and contemporary cultural traditions. Throughout his practice, the artist’s fascination with the natural world has been central, resulting in textured canvases filled with earthly materiality, tactile surfaces, and compositions inspired by the effects of light and ever-changing colors of the sea. In his latest series of paintings, Barceló deepens his engagement with organic subject matter, drawing inspiration from the sea surrounding Mallorca, where he lives and works in addition to Paris. In densely layered surfaces, Barceló’s new “still life” paintings feature scenes filled with tropical fish, crabs, shells, crustaceans, and marine vegetation that emerge from layers of muted chromatic grays in brilliant hues of red and blue. Traces",https://www.acquavellagalleries.com/exhibitions/miquel-barcelo4,"Found on the venue's ""all (current/upcoming/past)"" listing page."
acq,JOANI TREMBLAY ALL THE WILD THAT REMAINS PALM BEACH,2025-04-17,2025-06-15,"""In a more general sense, my work is about our ideas around place as a whole and the sense of multiple and yet simultaneously layered experiences of landscape we all have. We all have false memories of places we have never been to, may that be the rock formations of Arizona, Niagara Falls or the idea of the California sun washing colors. We are in an age where nature is pictured in everything from films and photographs to theme park attractions, computer games, and advertisements, from pages to screens to physical spaces and back again. These simulations and reproductions of diverse landscapes get combined with our own memory of places and create these vaguely familiar places we have never been too, or an odd feeling of knowing somewhere when it is our first time setting foot there."" Exhibition Preview: Wednesday, April 16th, from 6-7:30pm in Palm Beach. Acquavella Palm Beach is pleased to present All the Wild That Remains, Joani Tremblay’s first solo exhibition with the gallery and her first in Palm Beach. The exhibition features several new paintings that span two signature bodies of work including large-scale landscapes and intimate flower paintings. Working between her studios in Montreal, Canada and the Mojave Desert in California, Tremblay continues her exploration of our personal and collective relationship with the natural world. All the Wild That Remains will be on view from April 17 through June 15, 2025 at Acquavella Galleries’ Palm Beach location. Tremblay’s work explores both the physical experience of nature and our perception of it, which is often mediated through its ubiquitous representation in media, informing what the artist describes as “painting from a constructed idea of place.” Eschewing traditional approaches to landscape painting, Tremblay begins each work by assembling source materials and images culled from online sources, as well as through field observation, texts, and memory, to create digital collages that evolve through many iteration",https://www.acquavellagalleries.com/exhibitions/joani-tremblay,"Found on the venue's ""all (current/upcoming/past)"" listing page."
acq,POSTWAR ABSTRACTION MOVEMENT AND FORM PALM BEACH,2025-02-28,2025-04-13,"""In every work of art, there is a balance between control and spontaneity. It is this delicate dance that creates a sense of tension and energy.” Palm Beach, FL – Acquavella Galleries is pleased to present Postwar Abstraction: Movement and Form, a group exhibition exploring the breadth of abstract art in the second half of the 20th century from artists Carl Andre, John Chamberlain, Willem de Kooning, Richard Diebenkorn, Ellsworth Kelly, Kenneth Noland, Jackson Pollock, Jean Paul Riopelle, and David Smith. The ten featured artists pursued and pushed abstraction in new directions, resulting in their spearheading movements like Abstract Expressionism, Color Field painting, and Minimalism. When placed in dialogue with one another in this exhibition, these works show the overlap of ideas and concepts that informed the artists and these movements. The exhibition has a particularly strong concentration of abstract sculpture, with the earliest example being David Smith’s Parrot’s Circle (1958). Constructed of welded steel, its geometric composition is rendered into a nearly two-dimensional silhouette. Smith’s use of welding and torch cutting allowed for improvisation and spontaneity outside of traditional forms of sculpture-making. The artist’s fluid approach also lends a collaged quality to his work, breaking down the rigid distinctions between sculpture, painting, and drawing. Two untitled works by Smith, a work on paper from 1954 and a painting from 1957, illustrate the ease with which he incorporated painting or drawing into his sculptures, giving them what is now considered his signature planar sensibility.",https://www.acquavellagalleries.com/exhibitions/postwar-abstraction,"Found on the venue's ""all (current/upcoming/past)"" listing page."
acq,PORTRAITURE: FROM CASSATT TO WARHOL NEW YORK,2025-01-21,2025-04-04,"New York, NY – Acquavella Galleries is pleased to present Portraiture: From Cassatt to Warhol, a group exhibition exploring portraiture, with paintings and sculptures spanning over a century and different styles of representation, from Impressionism to today. Artists include Francis Bacon, Billy Al Bengston, Pierre Bonnard, Dominic Chambers, Jean Dubuffet, Nicole Eisenman, Lucian Freud, Alberto Giacometti, Damian Loeb, Henri Matisse, Joan Miró, Chris Ofili, Tom Sachs, Wayne Thiebaud, Édouard Vuillard, Andy Warhol, and Hannah Wilke. The exhibition opened at the gallery’s Palm Beach location November 20th, 2024, and will open in New York January 21st, 2025. Portraiture: From Cassatt to Warhol brings together works that delve into the techniques and methods that artists have utilized to represent their subjects in portraiture. Showing works by artists across the spectrum of the Impressionist, modern, and contemporary periods, the exhibition reflects the disparate ways of seeing and portraying, with a particular focus on the relationship between painter and model. Through these varying perspectives, the simulacrum undergoes shifts and transformations that illustrate the breadth of portraiture while delving into the genre’s inherent intimacy. Among the selection of artworks is Andy Warhol’s iconic Self-Portrait (Fright Wig) (1986). Created during the penultimate year of Warhol’s life, the silkscreen painting ranks among the artist’s most recognized and familiar images. Self-Portrait (Fright Wig) is complemented by an earlier self-portrait by the artist, Self-Portrait (1964), offering two starkly different representations of the artist at different moments in his life. Created at the outset of his career, the 1964 painting marks a starting point for Warhol’s career-long engagement with the construction of identity as it pertained to composing his public persona. The 1986 work, from his final series of portraits, continues Warhol’s enduring conflict between self and icon,",https://www.acquavellagalleries.com/exhibitions/portraiture-from-cassatt-to-warhol,"Found on the venue's ""all (current/upcoming/past)"" listing page. The same exhibition is also shown at Palm Beach."
acq,HARUMI KLOSSOWSKA DE ROLA SACRED WOODS PALM BEACH,2025-01-11,2025-02-23,"“My main inspiration is about wild animals, or plants or trees; they’re not domesticated in my work. I look through my mother’s eyes, through animism… Nature is cruel, but we’ve utterly separated ourselves from the natural world, where we were surrounded by species more powerful than ours. It’s important for us today to get reacquainted with nature and with fear, to help make us aware that animals are just as important as we are.” Acquavella Galleries Palm Beach is pleased to present Harumi Klossowska de Rola: Sacred Woods, its first solo exhibition of the Swiss-based artist Harumi Klossowska de Rola. Titled Sacred Woods, the exhibition features new and recent sculptures that explore the artist’s reverential fascination with the beauty of the natural and untamed world. Inspired by the grace and majesty of the animal kingdom, the show includes over a dozen sensitively rendered animals crafted out of bronze, alabaster, or wood; each sculpture is ennobled with a sense of spirit, physicality, and emotion. Sentient and animate, her artworks function as living, totemic entities, creating a bridge between nature and mankind. The passage of time and a rich sense of history is integral to Harumi’s work. Her handcrafted sculptures incorporatematerials layered with age and history, embracing how mediums such as bronze will evolve and oxidize over time. With an exquisite attention to detail and surface, they feature rich patinas, often highlighted with passages of gold leaf. Each exquisitely rendered sculpture begins with extensive preparatory drawings and modeling before the artist arrives at the final form. To make her sculptures, Harumi collaborates closely with skilled foundry artisans, often at the Fonderie de Coubertin in Saint-Rémy-lès-Chevreuse or the Fonderie Patrick Laroche in Paris, where many of the sculptures are cast. Klossowska’s command of material and her keen attention to detail across her artistic practice is evident in each object. Drawing inspiration from",https://www.acquavellagalleries.com/exhibitions/harumi-klossowska-de-rola,"Found on the venue's ""all (current/upcoming/past)"" listing page."
acq,PORTRAITURE FROM CASSATT TO WARHOL PALM BEACH,2024-11-22,2025-01-05,"A group exhibition exploring portraiture, with paintings, works on paper, and sculptures by include Billy Al Bengston, Pierre Bonnard, Mary Cassatt, Dominic Chambers, Willem de Kooning, Jean Dubuffet, Nicole Eisenman, Lucian Freud, Alberto Giacometti, Henri Laurens, Henri Matisse, Joan Miró, Pablo Picasso, Man Ray, Susan Rothenberg, Tom Sachs, Wayne Thiebaud, Édouard Vuillard, Andy Warhol, Hannah Wilke, and Dustin Yellin. Acquavella Galleries is pleased to present Portraiture: From Cassatt to Freud, a group exhibition exploring portraiture, with paintings and sculptures spanning over a century and different styles of representation, from Impressionism to today. Artists include Billy Al Bengston, Pierre Bonnard, Mary Cassatt, Dominic Chambers, Willem de Kooning, Jean Dubuffet, Nicole Eisenman, Lucian Freud, Alberto Giacometti, Henri Laurens, Henri Matisse, Joan Miró, Pablo Picasso, Man Ray, Susan Rothenberg, Tom Sachs, Wayne Thiebaud, Édouard Vuillard, Andy Warhol, Hannah Wilke, and Dustin Yellin. The exhibition will open at the gallery’s Palm Beach location November 20, 2024, and travel to New York in January of 2025. Portraiture: From Cassatt to Freud brings together works that delve into the techniques and methods that artists have utilized to represent their subjects in portraiture. Showing works by artists across the spectrum of the Impressionist, modern, and contemporary periods, the exhibition reflects the disparate ways of seeing and portraying, with a particular focus on the relationship between painter and model. Through these varying perspectives, the simulacrum undergoes shifts and transformations that illustrate the breadth of portraiture while delving into the genre’s inherent intimacy. Among the selection of artworks is Andy Warhol’s iconic Self-Portrait (Fright Wig) (1986). Created during the penultimate year of Warhol’s life, the silkscreen painting ranks among the artist’s most recognized and familiar images. Self-Portrait (Fright Wig) is complement",https://www.acquavellagalleries.com/exhibitions/portraiture,"Found on the venue's ""all (current/upcoming/past)"" listing page. The same exhibition is also shown at New York."
acq,TOM SACHS BRONZE NEW YORK,2024-11-07,2024-12-13,"""Picasso: the word is synonymous with art. For years, I’ve studied so many systems. McDonald’s, architecture of Le Corbusier and the Bauhaus, military-industrial systems. For me, it was a way of trying to understand Picasso the way I would understand a battleship or a skyscraper. To understand how something is made. So, working with Picassos and understanding them is a way of taking them apart."" New York, NY (October 7, 2024) – Acquavella Galleries is pleased to present our fifth solo exhibition with Tom Sachs. Titled Bronze, the exhibition features new and recent bronze sculptures by the artist and will be on view at our New York gallery from November 7—December 13, 2024. In this exhibition, Sachs continues his formal investigation and exploration of the modernist canon. Guided by the iconoclastic spirit and wit of Marcel Duchamp’s iconic “readymades,” Sachs employs his signature bricolage technique to reimagine sculptures by Pablo Picasso and Constantin Brâncuși. Drawing on an interplay between technical production and quotidian materials, these sculptures question traditional conceptions of what constitutes a work of art. Previous bodies of work have also engaged the annals of modernism, including Sachs’s take on Piet Mondrian’s abstractions in the 1990s, recreated out of duct tape and plywood; foamcore interpretations of Le Corbusier's housing complexes in the aughts; and, more recently, the reimagining of Picasso’s paintings, particularly from the so-called “war years” period between 1937 and 1945. Bronze features twelve sculptures, each constructed from a bricolage of found, everyday objects, which have been cast in bronze and painted with enamel. Drawing from Picasso’s sculpted oeuvre, Sachs’s new works are in dialogue with sculptures the Spanish artist created from the 1930s through the early 1950s, many of which were also assemblage sculptures constructed out of found materials.",https://www.acquavellagalleries.com/exhibitions/tom-sachs3,"Found on the venue's ""all (current/upcoming/past)"" listing page."
acq,JACOB EL HANANI DRAWING ON CANVAS NEW YORK,2024-09-10,2024-10-18,"“It is a personal challenge to bring drawing to the extreme and see how far my eyes and fingers can go.” New York, NY­­–July 24th, 2024– Acquavella Galleries is pleased to present Drawing on Canvas, an exhibition of new and recent works by the artist Jacob El Hanani. In his fifth solo exhibition with the gallery, El Hanani displays a masterful dedication to the craft that he has honed over the past 50 years. Constructing abstract pen and ink drawings that involve the artist applying thousands of marks by hand, El Hanani continues his trademark practice in Drawing on Canvas while incorporating his recent shift from working on paper to working on gessoed canvas on a much larger scale. The subtle, amorphous surfaces of these canvases upon closer inspection reveal dense webs of lines and patterns, built from repeated, rudimentary marks—often simple lines or circles. As the elemental forms grow into increasingly complex patterns, the entire canvas transforms into something much more than a summation of its parts. Day by day, El Hanani slowly creates these drawings over the course of months, his ceaseless labor equally as impressive as the resulting artworks. El Hanani’s work is informed by the meditative rigor found in the Jewish practices and traditions in which he was raised. Most clearly, the artist is in dialogue with micrography, an ancient art of calligrams that once decorated Hebrew Bibles and religious manuscripts. Like these historic drawings, each small mark on El Hanani’s canvases is a gesture in storytelling and world-building.",https://www.acquavellagalleries.com/exhibitions/jacob-el-hanani,"Found on the venue's ""all (current/upcoming/past)"" listing page."
acq,"JAMES ROSENQUIST AT MOMA F-111 ON VIEW IN THE WERNER AND ELAINE DANNHEISSER GALLERY, FOURTH FLOOR",2012-01-26,,"For installation website with interactive features, please visit: http://www.moma.org/explore/f111",https://www.acquavellagalleries.com/exhibitions/james-rosenquist-at-moma,"Found on the venue's ""all (current/upcoming/past)"" listing page. No closing date found anywhere on the venue's pages."
borghese,[current page],,,,https://galleriaborghese.cultura.gov.it/en/mostre/presenti/,"The venue's ""current"" listing page could not be read: the venue’s site did not respond. Marker row, not an exhibition."
borghese,[upcoming page],,,,https://galleriaborghese.cultura.gov.it/en/mostre/future/,"The venue's ""upcoming"" listing page could not be read: the venue’s site did not respond. Marker row, not an exhibition."
borghese,[past page],,,,https://galleriaborghese.cultura.gov.it/en/mostre/passate/,"The venue's ""past"" listing page could not be read: the venue’s site did not respond. Marker row, not an exhibition."
frick,"Siena: The Art of Bronze, 1450–1500",2026-10-15,2027-01-18,"Siena: The Art of Bronze, 1450–1500 is the first exhibition to focus on Siena as a center of artistic excellence and technical innovation in bronze sculpture during the Italian Renaissance. The show brings together nearly forty works in bronze, including statues, reliefs, candelabra, medals, and more—many of which have never been exhibited outside of Tuscany—by some of the most influential sculptors in this period, among them Donatello, Vecchietta, and Francesco di Giorgio. Building on popular past presentations of bronze sculpture at the Frick, the exhibition invites visitors to appreciate the medium’s beauty and versatility while learning about the complex technical and political challenges that the Sienese bronzeworkers faced. The Art of Bronze is presented in the Ronald S. Lauder Exhibition Galleries and is organized by Giulio Dalvit, the Frick’s Associate Curator, who will also author an accompanying catalogue alongside a team of international contributors.",https://www.frick.org/exhibitions/siena,"Found on the venue's ""current/upcoming"" listing page. opening and closing date read from a sentence, not a date field: ""October 15, 2026 to January 18, 2027""."
frick,Kent Monkman: Officer and Laughing Girl,2026-11-12,2027-02-22,"This fall, in its intimate Cabinet Gallery, The Frick Collection will present an installation of new paintings by the contemporary artist Kent Monkman (b. Canada, 1965), whose practice explores historic European art and narratives from an Indigenous perspective. For this project, Monkman takes inspiration from Officer and Laughing Girl (ca. 1657), one of the Frick’s three paintings by the seventeenth-century Dutch artist Johannes Vermeer, to probe the ways in which it and other artworks of its time represented the effects of global trade and colonization. With his characteristic humor, style, and deeply researched iconography, Monkman deploys his alter ego—the time-traveling, shapeshifting, gender-fluid Miss Chief—to imagine an evolution of Indigenous and European encounters over the last five centuries, with their attendant cultural, technological, and environmental changes. After experiencing the installation, visitors will be able to proceed to the nearby South Hall, in the permanent collection galleries, to view the beloved work by Vermeer that prompted the series. The exhibition, which will travel from the Frick to the Beaverbrook Art Gallery in Fredericton, New Brunswick, Canada, will be accompanied by a bilingual English–Canadian French catalogue featuring texts by Monkman, Aimee Ng, the Frick's Peter Jay Sharp Chief Curator, and Emma Hassencahl-Perley, Curator of Indigenous Art at the Beaverbrook.",https://www.frick.org/exhibitions/monkman,"Found on the venue's ""current/upcoming"" listing page. opening and closing date read from a sentence, not a date field: ""November 12, 2026 to February 22, 2027""."
frick,Painting with Fire: Susanne de Court and the Art of Enamel,2027-04-08,2027-07-12,"In the spring of 2027, The Frick Collection will present the first exhibition ever dedicated to the French enameler Susanne de Court. Active around 1600, De Court is a significant yet enigmatic figure in the creation of painted enamels—one of the distinctive art forms of the French Renaissance, treasured over the centuries for its durability, lively religious and mythological subjects, and jewel-like colors. With nearly one hundred surviving works, De Court is the only woman known to have made enamels in her era and is widely believed to have been the only woman to lead a workshop in Limoges, the center of enamel production in France. This exhibition will bring together, for the first time, around fifty of De Court’s signed works, inviting visitors to discover the artist’s practice and some of the finest examples of her extraordinary output. The works on display will showcase her distinctive techniques—notably her layering of exquisite red, green, and blue translucent enamel over small pieces of foil—and will illustrate the range and complexity of De Court’s oeuvre, from luxurious vessels and plates to large ensembles and small objects, such as purses and plaques for watches or mirrors. Three works from the Frick’s permanent collection will anchor the exhibition: a pair of saltcellars featuring scenes from the myth of Orpheus, acquired by Henry Clay Frick in 1916 from the estate of J. P. Morgan, and an oval medallion depicting Apollo and the Muses, a gift to the museum from Alexis Gregory in 2021. The remaining pieces are drawn from public and private collections in the United States and across Europe. The enamels will be complemented by a selection of prints by major sixteenth-century engravers from which De Court drew inspiration for narratives and compositions, creating a rare opportunity to study her works alongside contemporary sources. Painting with Fire: Susanne de Court and the Art of Enamel is organized by Marie-Laure Buku Pongo, the Frick’s Associate Curat",https://www.frick.org/exhibitions/de_court,"Found on the venue's ""current/upcoming"" listing page. opening and closing date read from a sentence, not a date field: ""April 8, 2027 to July 12, 2027""."
frick,Ruffles & Ribbons: Fashion Plates from the Time of Marie Antoinette,2026-04-01,2026-08-03,"Organized in conjunction with Gainsborough: The Fashion of Portraiture, this Cabinet installation presents twenty-four hand-colored engravings that depict French fashion in the late eighteenth century. These engravings, known as fashion plates, are selected from Gallerie des modes et costumes français (1778–87), the largest and most influential series of such plates at the time. Featuring over four hundred images created by talented designers and engravers in Paris, Gallerie des modes inspired many competitors and counterfeits across Europe. Its success anticipated the arrival of true fashion magazines, such as Cabinet des modes (1785–93). Catering to an increasingly fashion-conscious public, Gallerie des modes shows a wide range of poufs, headwear, jewelry and ensembles worn by French people from various walks of life. Touted as “d’après nature” (drawn from life), these images were presented as accurate representations of the diverse fashions that flourished under the reign of Louis XVI and Marie Antoinette. No complete set of Gallerie des modes survives today. Many were discarded when fashions changed, and others could have been destroyed during the French Revolution due to their association with the decadence of the ancien régime. The Frick Art Research Library has an impressive collection of three hundred and seventy original prints, a selection of which are on view at the Frick for the first time. Ruffles & Ribbons: Fashion Plates from the Time of Marie Antoinette is organized by Yifu Liu, the Frick’s 2024–26 Anne L. Poulet Curatorial Fellow, and is accompanied by an illustrated catalogue.",https://www.frick.org/exhibitions/ruffles,"Found on the venue's ""current/upcoming"" listing page. Also listed on the venue's ""past"" page. Also listed on the venue's ""past"" page."
frick,Gainsborough: The Fashion of Portraiture,2026-02-12,2026-05-25,"Gainsborough: The Fashion of Portraiture explores the relationship between works by period-defining English artist Thomas Gainsborough and fashion, a concept and industry that touched nearly every aspect of British society in the eighteenth century. The artist’s painted images were subject to the same forces of fashion as the people they depict. Like the cut and cloth of a jacket, the shape, size, and facture of a painted portrait could be avant-garde or passé. In Gainsborough’s world, the trappings, trade, and power of fashion were everywhere—from magazines to tailor shops, from the opera to promenades—and his portraits were at the heart of it all. The museum’s first special exhibition dedicated to the artist—and the first devoted to Gainsborough’s portraiture ever held in New York—this show brings together over two dozen of Gainsborough’s most spectacular portraits from across North America and the United Kingdom, representing each stage of his four-decade career. Technical investigations conducted in collaboration with conservators at The Metropolitan Museum of Art, the J. Paul Getty Museum, and the Yale Center for British Art will also shed light on Gainsborough’s artistic process and materials, exploring connections between his practice and goods that fueled the fashion industry—from dyes, pigments, and cosmetics to textiles and jewelry. This exhibition is organized by Aimee Ng, the Frick’s Peter Jay Sharp Chief Curator, and is complemented by a richly illustrated catalogue and robust calendar of programs.",https://www.frick.org/exhibitions/gainsborough,"Found on the venue's ""current/upcoming"" listing page. Also listed on the venue's ""past"" page. Also listed on the venue's ""past"" page. Also listed on the venue's ""past"" page."
frick,To the Holy Sepulcher: Treasures from the Terra Sancta Museum,2025-10-02,2026-01-05,"This groundbreaking exhibition presented more than forty rare objects from the Church of the Holy Sepulcher. Largely unknown to the public until their recent rediscovery, the opulent works range from liturgical objects in gem-encrusted gold and silver to richly decorated vestments in velvet, damask, and other luxurious materials. These treasures were donated by European Catholic monarchs and Holy Roman Emperors in the seventeenth and eighteenth centuries to the church in Jerusalem, the religious center of the Christian faith, and have been safeguarded and used ever since by the Franciscan friars who maintain the site. The works represent the pinnacle of European goldsmithing and textile design of the era, much of which has otherwise been lost or severely damaged. Before the opening of the new Terra Sancta Museum, these items from its holdings traveled to several institutions in Europe and North America, including the Frick—the exhibition’s first venue in the United States. The exhibition was organized by Xavier F. Salomon, the Frick’s Deputy Director and Peter Jay Sharp Chief Curator, along with Jacques Charles-Gaffiot and Benoît Constensoux. Commented Salomon, “This exhibition presents a completely unique opportunity for visitors, building on the Frick’s successful past presentations highlighting masters of European decorative arts. Displayed for the first time in the United States, the exquisite objects in this show are rare survivals, as similar objects were often severely damaged, melted down, or otherwise lost—nothing like them survives in the countries in which they were created. We are deeply grateful for this collaboration with the Custody of the Holy Land as we look ahead to the opening of the Terra Sancta Museum, which will offer a more permanent public display of these treasures.” For his work on the exhibition, occurring over a period of years, Salomon has been awarded the Cross of Merit (Crucem Ex Merito) by the Equestrian Order of the Holy Sepulcher of",https://www.frick.org/exhibitions/holy_sepulcher,"Found on the venue's ""current/upcoming"" listing page. Also listed on the venue's ""past"" page. Also listed on the venue's ""past"" page."
frick,Flora Yukhnovich's Four Seasons,2025-09-03,2026-03-09,"Taking inspiration from the French Rococo, Italian Baroque, and Abstract Expressionist movements, Flora Yukhnovich (b. England, 1990) creates work that is at once modern and timeless by translating historic compositions into contemporary abstractions. Using the Frick’s Four Seasons by François Boucher as a point of departure, Yukhnovich’s site-specific mural covers the walls of the museum’s Cabinet. This project is accompanied by the publication of a new volume in the Frick’s acclaimed Diptych series, which highlights a single masterpiece from the permanent collection by pairing complementary essays by a curator and a contemporary artist, musician, or other cultural luminary. This volume, which will come out later in the fall, will feature a text by Yukhnovich and an essay by Xavier F. Salomon, the Frick’s Deputy Director and Peter Jay Sharp Chief Curator, on the significance of Boucher’s beloved series.",https://www.frick.org/exhibitions/yukhnovich,"Found on the venue's ""past"" listing page. opening and closing date read from a sentence, not a date field: ""September 3, 2025 to March 9, 2026""."
frick,Vermeer’s Love Letters,2025-06-18,2025-08-31,The unprecedented installation of paintings united in the exhibition Vermeer’s Love Letters pairs the Frick’s Mistress and Maid with special loans of the Rijksmuseum’s Love Letter and the National Gallery of Ireland’s Woman Writing a Letter with Her Maid. Their presentation together in a single gallery for the first time offers visitors an opportunity to consider Vermeer’s treatment of the theme of letters as well as his depiction of women of different social classes.,https://www.frick.org/exhibitions/vermeer_love_letters,"Found on the venue's ""past"" listing page. opening and closing date read from a sentence, not a date field: ""June 18, 2025 to August 31, 2025""."
frick,Porcelain Garden: Vladimir Kanevsky at The Frick Collection,2025-04-17,2025-11-17,"Coinciding with the reopening of its newly renovated and enhanced home on Fifth Avenue, The Frick Collection presented a series of commissioned works by sculptor Vladimir Kanevsky (born 1951, Ukraine). Known for his life-like porcelain flowers, Kanevsky's sculptures have been exhibited in museums around the world, including the State Hermitage Museum, St. Petersburg, and Hillwood Estate, Museum and Gardens in Washington, D.C. Kanevsky's opulent creations are meant to evoke the beautiful live bouquets displayed throughout the museum when it first opened to the public in 1935.",https://www.frick.org/exhibitions/kanevsky,"Found on the venue's ""past"" listing page. opening and closing date read from a sentence, not a date field: ""April 17, 2025 to November 17, 2025""."
frick,Highlights of Drawings from The Frick Collection,2025-04-17,2025-08-11,"A display of works on paper from the Frick's permanent collection inaugurated the new Cabinet gallery. These sheets are rarely on view due to their sensitivity to light. The selection of twelve works range from sketches to highly finished independent works of art by artists such as Pisanello, Rubens, Goya, and Degas, spanning the fifteenth through nineteenth centuries and complementing the museum's holdings of paintings, sculpture, and decorative arts.",https://www.frick.org/exhibitions/highlights_drawings,"Found on the venue's ""past"" listing page. opening and closing date read from a sentence, not a date field: ""April 17, 2025 to August 11, 2025""."
morgan,[current page],,,,https://www.themorgan.org/exhibitions/current,"The venue's ""current"" listing page could not be read: the venue’s site refused us (HTTP 403). Marker row, not an exhibition."
morgan,[upcoming page],,,,https://www.themorgan.org/exhibitions/upcoming,"The venue's ""upcoming"" listing page could not be read: the venue’s site refused us (HTTP 403). Marker row, not an exhibition."
morgan,[past page],,,,https://www.themorgan.org/exhibitions/past,"The venue's ""past"" listing page could not be read: the venue’s site refused us (HTTP 403). Marker row, not an exhibition."
menil,Wall Drawing Series: Jitish Kallat,2026-09-10,2027-08-08,"The Menil Collection has commissioned artist Jitish Kallat to create a site-specific wall drawing for the entry space of the Menil Drawing Institute. Born in Mumbai, where he continues to live and work, Kallat is a leading figure in contemporary Indian art. His work often probes the intersections of the intimate and the immense, weaving together references to history, science, philosophy, and the cosmic scale of time. Wall Drawing Series: Jitish Kallat is curated by Edouard Kopp, John R. Eckel, Jr. Foundation Chief Curator, Menil Drawing Institute. The series began in 2018 as part of the Institute’s commitment to seeking new approaches to the form and language of drawing. Past participants include Marc Bauer, Mel Bochner, Roni Horn, Marcia Kure, Gladys Nilsson, Ronny Quevedo, and Jorinde Voigt. Over the past three decades, Jitish Kallat has developed a multifaceted practice spanning drawing, painting, sculpture, photography, and time-based media. A recurring approach in his work involves shifting focal lengths across space and time, from the intimate to the cosmic and the present to the historic. Kallat has presented solo exhibitions at the Art Institute of Chicago, the Art Gallery of New South Wales (Sydney), the Frist Art Museum (Nashville), the Philadelphia Museum of Art, and the National Gallery of Modern Art (New Delhi). His work has also been presented at Tate Modern (London), Martin-Gropius-Bau (Berlin), and Mori Art Museum (Tokyo) and at the biennales of Venice, Gwangju, Havana, Bangkok, Curitiba, and Kyiv. Having served as curator and artistic director of the 2014 edition, Kallat is currently president of the Kochi-Muziris Biennale.",https://www.menil.org/exhibition/wall-drawing-series-jitish-kallat,"Found on the venue's ""current"" listing page."
menil,Fragility,2026-09-10,2027-01-24,"This display highlights paper itself—and its incongruous and variable characteristics—as an artistic material. Included are works that present a range of processes, as well as paper sculptures and found papers that imbue a finished work with an additional sense of history and place. Among the artists featured in the exhibition, Lee Krasner relentlessly critiqued her own art, often destroying drawings only to reconstitute them as abstract collages. Ann Hamilton also brought papers together in surprising ways. In her collaborative work poche, 2014, she stitched soft wool between sheets of handmade paper to reflect on the pocket as both storage and protection for the body. Zarina grieved the loss of her husband and her native India by painstakingly puncturing paper with a needle to form intricate compositions. Fragility is curated by Kelly Montana, Associate Curator, Menil Drawing Institute. The exhibition features works that highlight the delicate yet resilient characteristics of the medium of paper",https://www.menil.org/exhibition/fragility,"Found on the venue's ""current"" listing page."
menil,John Akomfrah: The Hour Of The Dog,2026-04-24,2026-10-11,"John Akomfrah: The Hour Of The Dog is an immersive, six-channel video installation by the British artist Sir John Akomfrah. The work, co-commissioned by the Menil Collection and the Baltimore Museum of Art (BMA), explores the history of youth-led Civil Rights–era activism in the American South from 1954 to 1963, and how the participants fought for racial equity through nonviolent marches, protests, boycotts, and voter registration efforts. Runtime: 51 minutes. The Hour Of The Dog begins every hour on the hour. The final screening each day starts at 6 p.m. Activism is not confined to what happens in the streets; it’s bound up with who and how we remember, who and how we mourn, and how we dream forward. John Akomfrah: The Hour Of The Dog is co-curated by Michelle White, Senior Curator, The Menil Collection, and Cecilia Wichmann, BMA Curator and Department Head of Contemporary Art, with Oscar Flores-Montero, BMA Curatorial Assistant of Contemporary Art.",https://www.menil.org/exhibition/john-akomfrah-the-hour-of-the-dog,"Found on the venue's ""current"" listing page."
menil,"Foyer Installation: Mel Bochner, Chryssa, and Dorothy Hood",2026-04-01,2026-10-25,"Explore a selection of works from the museum's permanent collection by artists Mel Bochner, Chryssa, and Dorothy Hood in the foyer.",https://www.menil.org/exhibition/foyer-installation-mel-bochner-chryssa-and-dorothy-hood,"Found on the venue's ""current"" listing page."
menil,Southern Outsider Artists,2026-05-06,2026-12-13,"In the main building hallway galleries, explore an installation of work by self-taught artists from the American South. The display includes paintings by Thornton Dial and Johnnie Swearingen, and assemblage sculptures by Hawkins Bolden, David Butler, and Bessie Harvey.",https://www.menil.org/exhibition/southern-outsider-artists,"Found on the venue's ""current"" listing page."
menil,Terry Winters: Vitalized Geometry,2026-09-25,2027-04-04,"Terry Winters: Vitalized Geometry presents 44 prints and works on paper by the American artist Terry Winters, who draws inspiration from mathematical systems and structures of the natural world. Celebrating two groups of gifts to the Menil and organized in close consultation with the artist, the career-spanning presentation explores the importance of printmaking to Winters’s practice and its dialogue with other forms of making. Each medium is an instrument. Almost in a musical sense, meant to be played; and each affects the developing imagery. How they look, how they feel, and what they mean is conditioned by the materials and procedures. Media is used to embody an image actual size, as vitalized geometry—hopefully with a sense of life. Terry Winters: Vitalized Geometry is curated by Sophie Asakura, Curatorial Associate, The Menil Collection. Two gifts to the museum will be displayed in an exhibition tracing nearly four decades of the artist's works",https://www.menil.org/exhibition/terry-winters-vitalized-geometry,"Found on the venue's ""upcoming"" listing page."
menil,How to Make an Exhibition: The Story of Jermayne MacAgy,2026-12-11,2027-07-18,"This exhibition honors the impact and legacy of the late San Francisco- and Houston-based curator, art historian, and museum director Jermayne MacAgy (1914–1964), who was renowned for her dynamic and groundbreaking installations and innovative approach to curating. MacAgy was among a vanguard of professionals in the 20th century who transformed the art museum into a site of conversation and learning. Working closely with Menil Collection founders John and Dominique de Menil from the mid-1950s until her death a decade later, she deeply impacted the future museum. She encouraged the couple to build a teaching collection and publicly exhibit their art using display techniques that encouraged curiosity and engagement. Dominique de Menil once recalled that MacAgy’s installations created an “atmospheric miracle, which set the work of art in such a light that it would shine and talk to anyone who would care to listen.” How to Make an Exhibition: The Story of Jermayne MacAgy is curated by Michelle White, Senior Curator. Johnson; Susan and Francois de Menil; Betty Moody; Fan and Peter Morris; Carol and David Neuberger; Leslie and Shannon Sasser; MaryRoss Taylor; Wawro-Gray Family Foundation; Morris A. Weiner and Leslie Field; and the City of Houston through Houston Arts Alliance.",https://www.menil.org/exhibition/how-to-make-an-exhibition-the-story-of-jermayne-macagy,"Found on the venue's ""upcoming"" listing page."
menil,"D’MBA: Beauty, Desire, and Collecting an African Mask",2027-05-14,2027-11-07,"D’MBA: Beauty, Desire, and Collecting an African Mask is a focused research and exhibition project examining the large wood headdresses commonly referred to as d’mba, nimba, or yamban among the Baga, Nalu, and neighboring peoples living in Guinea, West Africa. Worn and performed by men for ceremonies and public celebrations that mark significant moments in the cycle of life, the d’mba headdress is the sculptural embodiment of female personhood, sustenance (agricultural and maternal), physical beauty, and generational continuity. During the mid-20th century, at the height of the international market for African art in the United States, the d’mba became one of the objects most coveted by collectors. D’MBA unites for the first time a significant group of headdresses on loan from several art museums in the United States, including Art Institute of Chicago, Baltimore Museum of Art, Davis Museum at Wellesley College, National Museum of African Art, and Yale University Art Gallery. The exhibition of these headdresses, which were acquired during the late 1950s by prominent collectors in the United States, occasions a rare opportunity to pursue a thorough study of these icons of African art at the intersections of mask-making, colonial art education, independence-era cultural politics and religious iconoclasm in Guinea, and the international art market. Concurrently, in the museum’s galleries of African art, the Menil will present Baga Nimba, 2020. The seven-foot tall, gold leaf sculpture by Houston-based Nigerian artist Adeniyi (“Niyi”) Olagunju epitomizes the Pan-African and Diasporic significance of the d’mba headdress from Guinea and its reinvention as a global art form. D’MBA: Beauty, Desire, and Collecting an African Mask is curated by Paul R. Davis, Curator of Collections, The Menil Collection.",https://www.menil.org/exhibition/d-mba-beauty-desire-and-collecting-an-african-mask,"Found on the venue's ""upcoming"" listing page."
menil,Sedona Surreal: Max Ernst and Dorothea Tanning in the American Southwest,2027-09-17,2028-03-12,"In 1946, Max Ernst and Dorothea Tanning left New York City, then the center of the Euro-American art world, for Sedona, Arizona. Over the next ten years, they created some of the most significant works of their careers in this small desert town. Sedona Surreal will reunite the paintings, sculptures, and other artworks that they made there, exploring the construction of artistic modernism far from a large urban center. It will be the first museum exhibition devoted to Ernst and Tanning’s pivotal time in the Southwest. Sedona Surreal: Max Ernst and Dorothea Tanning in the American Southwest is curated by Natalie Dupêcher, Associate Curator of Modern Art, The Menil Collection.",https://www.menil.org/exhibition/sedona-surreal-max-ernst-and-dorothea-tanning-in-the-american-southwest,"Found on the venue's ""upcoming"" listing page."
menil,Photography from The Menil Collection: Curated by Wendy Watriss,2025-12-12,2026-08-16,"Photography from The Menil Collection: Curated by Wendy Watriss is a presentation of documentary-style photographs that underscore how images can ignite conversation about diverse social realities. The exhibition features work by Larry Burrows, Henri Cartier-Bresson, Bruce Davidson, Danny Lyon, and Charles Moore, among other significant practitioners in the 20th century who explored varied approaches to capturing everyday moments, from the mundane to the monumental. The photographs on display were selected by Houston-based photographer and award-winning photojournalist Wendy Watriss. With her late husband, photographer Fred Baldwin, Watriss cofounded FotoFest, a contemporary arts organization whose biennial, city-wide celebration of international photography, established in 1986, transformed Houston’s cultural landscape, globally elevating the medium’s significance. Photography from The Menil Collection: Curated by Wendy Watriss is presented in celebration of the 40th anniversary of the Fotofest biennial in 2026. Wendy Watriss is an esteemed Houston-based photographer, curator, and photojournalist. She was the first woman to win the World Press Feature Award and the Leica Oskar Barnack Award, for her 1982 photo essay on Agent Orange published in Life. In the late 1960s, Watriss began her career as a freelance photographer and writer for publications like Newsweek and the New York Times. With her late husband, photographer Fred Baldwin, she co-founded FotoFest. In 1986 the organization hosted its first biyearly city-wide celebration of international photography and transformed Houston’s cultural landscape, elevating the medium’s significance globally. Watriss served as the Artistic Director of FotoFest for 26 years, curating and organizing more than sixty international and US exhibitions. She has received numerous awards, and her photographs are found in collections internationally, including the Museum of Fine Arts Houston; Amon Carter Museum of American Art, Fort W",https://www.menil.org/exhibition/photography-from-the-menil-collection-curated-by-wendy-watriss,"Found on the venue's ""past"" listing page."
menil,The Gift of Drawing: Cy Twombly,2026-03-27,2026-08-09,"This presentation featured 27 works from a gift to the museum by the Cy Twombly Foundation. The works highlighted in the exhibition covered 30 years of the artist’s activity, from the 1950s to the 1980s and featured a broad range of materials, from graphite to oil paint; techniques such as drawing and collage; and themes that are fundamental to his entire practice, such as classical antiquity, eroticism, and nature. The works in this show, a number of which were on view for the first time, included a series of abstract landscapes from the 1980s, two untitled works from 1970 that resemble the artist’s “blackboard paintings” on view at the Cy Twombly Gallery, and Narcissus, 1975, a collage of paper, with oil, charcoal, and wax crayon on paper with the title of the work written in large capital letters across the bottom. The Gift of Drawing: Cy Twombly was curated by Edouard Kopp, John R. Eckel, Jr. Foundation Chief Curator, Menil Drawing Institute. A selection of works gifted to the museum by the Cy Twombly Foundation will open at the Menil Drawing Institute on March 27, 2026",https://www.menil.org/exhibition/the-gift-of-drawing-cy-twombly,"Found on the venue's ""past"" listing page."
menil,Wall Drawing Series: Gladys Nilsson,2025-09-05,2026-08-09,"Gladys Nilsson’s site-specific work titled Drawing presented fantastical, hybrid beings all surrounding one monumental figure engaged in the act of drawing. A complex, garland-like arrangement of black-and-white characters soared overhead, entangled with one another, while the bystanders below, set apart by gentle color-toning, observed the scene. The bustling composition was marked by deft and fluid lines using a candy-colored palette of crayon, graphite, and acrylic paint and marker pens. Nilsson’s whimsical creation embodied her distinctive sense of humor and levity while taking viewers on a journey through the peculiar beauty of the human experience. Everything I’m interested in looking at usually involves the figure in one way or another. I’m always collecting interactions between folks that occur in daily life, and these filter into my work. The title of the piece is simply ‘Drawing.’ The idea is that the main figure is contained in this space, creating these figures, which take a life of their own. Born in Chicago in 1940, Gladys Nilsson studied painting at the School of the Art Institute of Chicago. Since 1966, Nilsson’s work has been the subject of over 50 solo exhibitions, including sixteen at Phyllis Kind Gallery (1970–1979, 1981–1983, 1987, 1991, and 1994, Chicago and New York), and two at The Candy Store (1971 and 1987, Folsom, California). Her work also has been featured in many important museum exhibitions, such as: Human Concern/Personal Torment (1969, Whitney Museum of American Art); Who Chicago? (1981, Camden Art Center, London); Parallel Visions: Modern Artists and Outsider Art (1992, Los Angeles County Museum of Art); Chicago Imagists (2011, Madison Museum of Contemporary Art, Wisconsin); and What Nerve! Alternative Figures in American Art, 1960 to the Present (2014, Museum of Art, Rhode Island School of Design, Providence). Nilsson is represented in the collections of major museums around the world, including: the Art Institute of Chicago; the L",https://www.menil.org/exhibition/wall-drawing-series-gladys-nilsson,"Found on the venue's ""past"" listing page."
menil,From the Sea,2025-08-20,2026-05-03,"In the main building's hallway galleries, explore an installation of artworks related to the sea.",https://www.menil.org/exhibition/from-the-sea,"Found on the venue's ""past"" listing page."
menil,Foyer Installation: Pop Art,2025-08-20,2026-03-29,"Explore a selection of Pop art from the museum's permanent collection in the foyer. Works by Robert Indiana, Ed Ruscha, and Andy Warhol are on display.",https://www.menil.org/exhibition/foyer-installation-pop-art,"Found on the venue's ""past"" listing page."
menil,Robert Rauschenberg: Fabric Works of the 1970s,2025-09-19,2026-03-01,"On the occasion of the one hundredth birthday of American artist Robert Rauschenberg (1925–2008), the Menil Collection presented an exhibition that looked at the artist’s expressive and conceptual use of fabric as a sculptural medium. Robert Rauschenberg: Fabric Works of the 1970s focused on three groups of works from the 1970s that presented his use of cloth: Venetians, 1972–73, Jammers, 1975–76, and Hoarfrosts, 1974–76. It also explored how Rauschenberg’s attention to textiles relates to his career-long interest in the intersection of art with choreography, theater, and the body. This exhibition is curated by Michelle White, Senior Curator, The Menil Collection. This exhibition was organized with support from the Robert Rauschenberg Foundation. The Menil Collection joined an international roster of institutions commemorating the artist’s 100th birthday. Offodile II; Leslie and Shannon Sasser; Bill Stewart and Johanna Brassert; Mark Wawro and Melanie Gray; and the City of Houston through Houston Arts Alliance. The exhibition is organized for the one hundredth birthday of the Texas-born artist in collaboration with the Robert Rauschenberg Foundation.",https://www.menil.org/exhibition/robert-rauschenberg-fabric-works-of-the-1970s,"Found on the venue's ""past"" listing page."
menil,Lines of Resolution: Drawing at the Advent of Television and Video,2025-10-04,2026-02-08,"Lines of Resolution: Drawing at the Advent of Television and Video explored the relationship between drawing, television, and video from the late 1950s into the 1980s. Personal electronics became widely available during this era and soon made their way into artists’ studios. These electric screens became a source of artistic imagery, a surface for inscription, and a device that could be manipulated to generate entirely new kinds of drawing. This exhibition featured works by twenty-five artists, including drawings, video, mixed media sculpture, and an immersive installation. Exhibited artists included Anne Bean, Teresa Burga, Jaime Davidovich, Walter De Maria, Catherine Elwes, Dov Eylath, Anna Bella Geiger, Sanja Iveković, K.O. Götz, Philip Guston, Joan Jonas, Suzy Lake, Mario Merz, Dennis Oppenheim, Nam June Paik, Letícia Parente, Howardena Pindell, Adrian Piper, Sigmar Polke, Robert Rauschenberg, Ulrike Rosenbach, Gerry Schum, Richard Serra, Mimi Smith, Nina Sobell, and Ursula Wevers. This exhibition was co-curated by Dr. Anna Lovatt, Associate Professor of Art History at Southern Methodist University, and Kelly Montana, Associate Curator, Menil Drawing Institute. The exhibition at the Menil Drawing Institute explores the relationship between drawing, television, and video from the late 1950s into the 1980s.",https://www.menil.org/exhibition/lines-of-resolution-drawing-at-the-advent-of-television-and-video,"Found on the venue's ""past"" listing page."
menil,The Space Between Looking and Loving: Francesca Fuchs and the de Menil House,2025-05-23,2025-11-02,"In 1970, John de Menil wrote to German classical archeologist Dr. Werner Fuchs (1927–2016) seeking to identify the subject of a Roman male torso in his collection. Forty-nine years later, Francesca Fuchs’s discovery of black-and-white photographs depicting the marble torso in her father’s personal effects in Oxford, England, led the Houston-based painter to find the original letter in the museum archives. This exhibition was the artist’s response to the unanswered letter and unexpected familial connection. Featuring new work by Fuchs and selections from the museum’s collection and archives, the exhibition explored the affective power and relational histories of objects in domestic settings, especially those of the de Menil house in Houston, Texas. Born in London and raised in Münster, Germany, Francesca Fuchs moved to Houston in 1996 as a fellow for the Core Program at the Museum of Fine Arts, Houston. During her thirty-year career in Houston and internationally, Fuchs’s work has been a process of honing extended reflections on the nature of everyday objects and illuminating their fundamental truths. Her portraits of objects are re-paintings of paintings, prints, photographs that resist and reconsider their accepted signals of cultural importance, particularly as they relate to the intimacies of life. Fuchs’s work has been included in exhibitions organized by the Institute of Contemporary Art, London; The Whitechapel Art Gallery, London; The Modern Art Museum of Fort Worth; Contemporary Arts Museum Houston; Art Museum of Southeast Texas, Beaumont; The Museum of Fine Arts, Houston; The Suburban, Oak Park, Illinois. In 2018, Art League Houston recognized Fuchs as Texas Artist of the Year. The Space Between Looking and Loving: Francesca Fuchs and the de Menil House was curated by Paul R. Davis, Curator of Collections, The Menil Collection.",https://www.menil.org/exhibition/the-space-between-looking-and-loving-francesca-fuchs-and-the-de-menil-house,"Found on the venue's ""past"" listing page."
menil,Foyer Installation: René Magritte,2025-04-02,2025-08-17,"An installation in the main building foyer celebrates the Menil Collection’s extraordinary holdings of work by the Belgian Surrealist, René Magritte (1898–1967). It focuses on a core group of paintings from the 1950s and ’60s, in which the artist rendered impossible situations with virtuosic precision and uncanny clarity. Now regarded as icons of the Surrealist movement, these paintings were purchased within a couple years of their making by the museum’s founders, John and Dominique de Menil. The de Menils were Magritte’s most important champions in the United States. Beginning in the late 1940s, they bought dozens of his artworks, lent to and organized major exhibitions of his work, and led the publication of a significant, six-volume catalogue raisonné. Through these and other activities, the de Menils fundamentally shaped the artist’s reception and reputation in the postwar American art world. In 2024, the Menil Collection continued this legacy by being a major lender to the first-ever retrospective of Magritte’s work in Australia, including the loan of the paintings in this display.",https://www.menil.org/exhibition/foyer-installation-rene-magritte,"Found on the venue's ""past"" listing page."
menil,"Animals, Monsters, and Creatures from the Collection",2025-01-29,2025-08-17,"This display in the west hallway takes its inspiration from Constant Companions, an exhibition curated by Dominique de Menil and Jermayne MacAgy for the University of St. Thomas in 1964. The show explored monsters in art— “ambivalent, protective, or threatening,” as Dominique wrote in her introduction to the catalogue. She brought a particular interest to animal-human hybrids, their iconography and “complex and ambivalent” meaning. Crossing time periods and geographies, Constant Companions encompassed 300 objects, from paintings, bronze sculptures, and carvings to book illustrations, icons, and vases. The exhibition was met with wide acclaim, covered by NBC News, The New York Times, Vogue, Art in America, and Newsweek, which deemed it “one of the year’s best off-beat shows.” Several outlets noted that it opened to the public one day before Halloween—mounting, in the words of a Houston Chronicle reviewer, “an artistic contribution to these days of black cats and cauldron bubbles.” For the dramatic installation, the gallery space was painted black and partitioned like a maze, with artworks brightly spot lit in cave-like vestibules. Writing to a friend in advance of the opening, John de Menil described it as “an exhibition of monsters, evil or endearing, from 1,000 B.C. to yesterday morning, from Egypt to Peru, from Italy to Siberia.” According to the Houston Post, it became known among locals as simply “The Monster Show.” Paying homage to the 1960s show, this display brings together a selection of paintings and objects that highlight artists’ perennial fascination with fantastic and monstrous creatures.",https://www.menil.org/exhibition/animals-monsters-and-creatures-from-the-collection,"Found on the venue's ""past"" listing page."
menil,What drawing can be: four responses,2025-03-21,2025-08-10,"Four artists stretch the boundaries of drawing and offer new characterizations of what drawing can be. This exhibition featured site-specific installations by Jillian Conrad, Teresita Fernández, Tony Lewis, and Constantin Luser. Each artist had an individual gallery space to explore the experimental potential of the medium, its boundaries, and its connections with other arts, such as sculpture and architecture. Drawings that expand beyond a sheet of paper have a rich history within the 20th century. Examples include Alexander Calder and his wire sculptures from the 1930s and artists of the 1960s, like Dorothea Rockburne and Sol LeWitt, who pushed the parameters of the medium to include text, folded papers, and wall drawings. Eluding labels and limitations, whether they be in terms of material, scale, or ephemerality, the artists in this exhibition will reveal the continuing relevance, agility, and vitality of drawing and how it remains a rich and generative area of investigation. Jillian Conrad (b. 1970) explores questions of materiality and intangibility. Her sculptures and works on paper often engage aspects of the landscape and everyday materials with the goal of locating thresholds between the visible and invisible. Conrad lives and works in Houston. Teresita Fernández (b. 1968) is known for her public installations and large-scale sculptures. Her art offers an expansive view of the landscape, forefronting questions of geography, cartography, cosmology, and political states. Fernandez lives and works in Brooklyn.",https://www.menil.org/exhibition/what-drawing-can-be-four-responses,"Found on the venue's ""past"" listing page."
menil,Wall Drawing Series: Ronny Quevedo,2024-09-13,2025-08-10,"Wall Drawing Series: Ronny Quevedo featured a site-specific work by New York-based artist Ronny Quevedo (b. 1981). The 36-foot triptych, C A R A A C A R A, 2024, explored the relationship between origin, transfer, and translation, with each panel of the composition indicating a different step in the artist’s process. Quevedo uses drawing, particularly schematic renderings, in his practice to explore the visual languages of abstraction, cartography, cosmology, and sport from across the Americas. The artist builds upon these interests with interconnected diagrams and markings spread across his works to express the complex relationships between body, home, field, globe, and celestial spaces. The title, C A R A A C A R A, or “face-to-face"" in English, derives from the pattern paper Quevedo uses in his work—the “face,” or visible side of the fabric in sewing patterns. More abstractly, the artist sees it as a sense of encountering or confrontation that results when cultures or worlds collide. By using dressmaker wax paper as his foremost material, Quevedo can reproduce images in a way that shows the transformation from the initial drawing to its conclusion, while simultaneously connecting with his mother’s history as a seamstress. The first panel of the work was created by smoothing dressmaker wax paper against the surface and imprinting marks by pressing into the wall. For the second panel, that same paper was pressed against the wall using heat, suffusing the surface with blue pigmented wax. In the third panel, the creased and eroded paper is applied directly onto the surface of the wall. Using mica and layers of chalk to intensify the piece, Quevedo echoes the movements and markings created in the initial two panels to form a visual allegory of what we inherit from the past, how it shapes our present, and what we will pass down to the future. Ronny Quevedo received his BFA from Cooper Union in 2003 and his MFA from the Yale School of Art in 2013. From 2012 to 2014, he",https://www.menil.org/exhibition/wall-drawing-series-ronny-quevedo,"Found on the venue's ""past p2"" listing page."
menil,Joe Overstreet: Taking Flight,2025-01-24,2025-07-13,"Joe Overstreet: Taking Flight was the first major museum exhibition in thirty years devoted to the work of this pioneering abstract painter. Renowned for his innovative approach to non-representational painting, American artist Joe Overstreet (1933–2019) consistently sought to intertwine abstraction and social politics. This presentation included his landmark Flight Pattern series of radially suspended paintings from the early 1970s, as well as related bodies of work from the 1960s and 1990s. Overstreet made a significant contribution to postwar art, positioning abstraction as an expansive tool for exploring the idea of freedom and the Black experience in the United States. Joe Overstreet: Taking Flight was organized by Natalie Dupêcher, Associate Curator of Modern Art, The Menil Collection, in collaboration with the artist’s estate. Houston museum highlights three defining series in the artist’s career.",https://www.menil.org/exhibition/joe-overstreet-taking-flight,"Found on the venue's ""past p2"" listing page."
menil,Tacita Dean: Blind Folly,2024-10-11,2025-04-19,"Tacita Dean: Blind Folly was the first major museum survey in the United States of work by British European visual artist Tacita Dean (b. 1965). The exhibition, organized in close collaboration with Dean, spotlighted her career-defining approach to creating art through unmediated and chance-based drawing processes across a variety of mediums, from film to printmaking. Blind Folly, the show’s title, reflects Dean’s desire to let the behavior of her mediums dictate the results of her work. For the artist, the playful and old-fashioned phrase connoting foolishness, “blind folly,” represents the role chance and fate play in the creative act. The exhibition included new works inspired by the artist’s time in Houston, some following her residency at the Menil’s Cy Twombly Gallery, alongside Dean’s monumental blackboard drawings and groups of rarely shown drawings from her studio on paper, found postcards, and albumen photographs. A separate gallery presented a rotating group of her 16mm films. Claes Oldenburg Draws Blueberry Pie This intimate portrait of the American Pop artist Claes Oldenburg (1929–2022) celebrates the act and pleasure of drawing. One of several films by Dean that examines the creative practice of other artists, it captures the virtuosic draughtsman at work in his Manhattan studio.",https://www.menil.org/exhibition/tacita-dean-blind-folly,"Found on the venue's ""past p2"" listing page."
menil,Out of Thin Air: Emerging Forms,2024-09-20,2025-01-26,"Out of Thin Air: Emerging Forms examined drawing as a meditative process that invites the gradual appearance of indeterminate images. Selected from the Menil’s permanent collection, this display of artworks dating from the late 1930s to the present share a visual language of emerging forms. Not fully resolved or strictly defined, the works in this exhibition are open, suggestive images that seem as though they are still in the process of becoming. Artists have embraced this type of practice for myriad reasons that range from an unlocking of the subconscious to an exploration of nature’s most complex systems, including vast cosmic realms and immaterial energies. Artists represented include Lee Bontecou, John Cage, Gustavo Díaz, Hiroyuki Doi, Sonia Gechtoff, Alan Saret, and Hedda Sterne, among others. On view for the first time at the Menil were a group of drawings by the American artist Gregory Masurovsky (1929-2009), whose delicate marks coalesce into transient swarms, vibrations, or cloud formations on the verge of materializing. Consider the artworks in this exhibition as portals, each its own point of entry to personal reflection. Notice how mindful looking can be an introspective, even revelatory encounter, one that parallels the act of drawing.",https://www.menil.org/exhibition/out-of-thin-air-emerging-forms,"Found on the venue's ""past p2"" listing page."
menil,Fragments of Memory,2024-09-20,2025-01-26,"Fragments of Memory, a selection of works from the Menil’s permanent collection, explored the ways in which the past imbues present experiences. In their drawings, the featured artists take up commonplace embodiments of personal and collective memory, such as scrapbooks, snapshots, notes, relics, and odes, to reimagine how we might access fraught memories and contested histories. Memories are incomplete renditions of the past—composites built from slivers of recollections that reveal the emotions behind moments. The drawings presented in this exhibition were created from the mid-20th century to the recent years and represent different ways that artists reanimate the past and propose new understandings of our present. Works displayed from Luc Tuymans (b. 1958) and Jasper Johns (b. 1930) explore how memory fragments as time passes, while pieces by artists like Sari Dienes and Gael Stack layer objects and imagery from their family and friends, presenting a picture of consciousness.",https://www.menil.org/exhibition/fragments-of-memory,"Found on the venue's ""past p2"" listing page."
menil,Portraits of Women from the Collection,2024-03-16,2024-11-10,"The display highlighted a new acquisition by renowned American painter Alice Neel (1900–1984); the 1977 portrait of the New York-based artist and activist Faith Ringgold (1930–2024). Alongside a plaster sculpture of a contemplative and seated figure by Pop artist George Segal was a series of silkscreened paintings by Andy Warhol of Jermayne MacAgy, commissioned in the 1960s by museum founders, John and Dominique de Menil. A close and influential friend of the couple, the late Houston-based curator and art historian was one of the very first subjects of the artist’s now legendary group of square-format portraits.",https://www.menil.org/exhibition/portraits-of-women-from-the-collection,"Found on the venue's ""past p2"" listing page."
menil,"Longing, Grief, and Spirituality: Art Since 1980",2023-06-15,2024-10-10,"Featuring works created over the past forty years, many of which are owned by the Menil, this display presented artists’ response to the precariousness of life through the expression of grief, spirituality, and longing. Artworks included Kara Walker’s powerful 40-foot-long silhouette work, Freedom Fighters for the Society of Forgotten Knowledge, Northern Domestic Scene, 2005; Andy Warhol’s expansive late painting, The Last Supper, 1985; Mel Chin’s monumental sculpture Our Strange Flower of Democracy, 2005, on special loan from the artist; and a major recent acquisition by Nari Ward, Say Can You See, 2021. The installation highlighted a myriad of artistic approaches to political issues of the past decades. Longing, Grief, and Spirituality: Art Since 1980 was curated by Michelle White, Senior Curator.",https://www.menil.org/exhibition/longing-grief-and-spirituality-art-since-1980,"Found on the venue's ""past p2"" listing page."
menil,Foyer Installation: On Kawara,2024-05-08,2024-09-15,"Moon Landing, 1969, a trio of “Date Paintings” by Japanese-born Conceptual artist On Kawara (1932–2014), was on view at the Menil Collection as a special loan from Glenstone Museum, Potomac, Maryland. Each canvas is inscribed with an important date related to the United States’ Apollo 11 lunar landing that put the first humans on the Moon: mission launch (July 16, 1969), landing of the module (July 20, 1969), and departure from the Moon (July 21, 1969). Kawara’s Today series, begun in 1966 and continued until the year before the artist’s death in 2014, comprises nearly 3,000 works that each feature a date meticulously painted in a white sans-serif font on a monochromatic support. Kawara allowed himself one day to create each work; if a painting remained unfinished by midnight, he destroyed it. As a whole, the series calls attention to the passage of time. The Moon Landing canvases are larger than most in the series, a reflection of the cultural magnitude of the events that took place that month. On Kawara was born in Kariya, Japan. A leading figure in Conceptual art, the artist is best known for his ritualistic meditation on time. After immigrating to the United States in 1964, he was integral to New York’s Conceptual art movement, alongside Hanne Darboven, Sol LeWitt, Joseph Kosuth, and John Baldessari. Kawara’s work has been the subject of solo exhibitions at institutions including Kunsthalle Berlin; Moderna Museet, Stockholm; Museum of Fine Arts, Boston; and the Solomon R. Guggenheim Museum, New York.",https://www.menil.org/exhibition/foyer-installation-on-kawara,"Found on the venue's ""past p2"" listing page."
menil,Abstraction after Modernism: Recent Acquisitions,2024-04-26,2024-08-25,"Abstract Expressionism, a modernist approach to artmaking that rose to prominence in the United States during the 1940s and 1950s, intrigued John and Dominique de Menil. Their patronage of several of these artists, such as Barnett Newman and Mark Rothko, has famously become a pillar of the museum’s collection today. Abstraction after Modernism: Recent Acquisitions highlighted work made by succeeding generations of artists who forged new paths in their approaches to non-representational art. The exhibition brought together acquisitions made by the Menil over the past fifteen years, including work by Agnes Denes, Suzan Frecon, Sam Gilliam, Ellsworth Kelly, Rick Lowe, and Richard Serra. The de Menils believed that abstract art offered alternative and spiritual ways of approaching reality. In a world cluttered with images, only abstract art, can bring us to the threshold of the divine.",https://www.menil.org/exhibition/abstraction-after-modernism-recent-acquisitions,"Found on the venue's ""past p2"" listing page."
menil,Wall Drawing Series: Marc Bauer,2023-09-22,2024-08-18,"Swiss artist Marc Bauer (b. 1975) was commissioned to create the fifth installment of the ephemeral wall drawing series at the Menil Drawing Institute. This 36-foot-wide charcoal and pastel mural, titled RESILIENCE, Drawing the Line, 2023, combines powerful imagery from art history with contemporary references to create a thought-provoking narrative. Fascinated by how images circulate through society, Bauer uses sources ranging from personal family albums to cable and social news streams which he reconfigures into a prismatic view of history, culture, and politics. He likens this process to a kind of witnessing, a deliberate and deeply personal way of seeing and understanding the world. For this piece, Bauer layered images of manmade disaster and patriarchal violence alongside depictions of resistance, aid, and affection. His images evoke political battles over climate justice, humane migration policy, and the rights of marginalized communities. The work evolved over its yearlong display with the artist returning to alter the drawing.",https://www.menil.org/exhibition/wall-drawing-series-marc-bauer,"Found on the venue's ""past p2"" listing page."
menil,Janet Sobel: All-Over,2024-02-23,2024-08-11,"Janet Sobel: All-Over focused on the abstract paintings made by Janet Sobel (1893–1968) during the 1940s. Short-lived but meteoric, her career began in 1943, when leading New York dealers, collectors, and other artists took up her work, culminating in her first solo show at New York’s Puma Gallery in 1944, and another solo show at Peggy Guggenheim’s Art of This Century Gallery in 1946. Acclaimed for her skillful use of color and densely layered compositions that spilled to the edges of the support, Sobel pioneered what became known as “all-over” abstraction. American critic Clement Greenberg later called her paintings “the first really all-over effect that I had seen.” Organized with the support of the Sobel family, this exhibition marked the first time her major paintings have been reunited in over sixty years. A selection of works on paper further expanded the exhibition by demonstrating her approach to drawing, with a series of parallel linear strokes that knit foreground and background together into dense, interlocking patterns. Janet Sobel: All-Over was curated by Natalie Dupêcher, Associate Curator of Modern Art, The Menil Collection. The exhibition was organized with the support of the Sobel family.",https://www.menil.org/exhibition/janet-sobel-all-over,"Found on the venue's ""past p2"" listing page."
menil,Ruth Asawa Through Line,2024-03-22,2024-07-21,"Ruth Asawa Through Line was the first exhibition to focus on the artist’s lifelong drawing practice. Widely recognized as a sculptor, Ruth Asawa (1926–2013) drew daily, referring to the act as her “greatest pleasure and the most difficult.” For her, drawing played a foundational role as she experimented with diverse materials and processes to develop a distinct visual language. Through drawing, Asawa explored the world around her and the boundaries of the medium itself, turning everyday encounters into moments of profound beauty, endowing ordinary objects with new aesthetic possibilities. Drawing emerged as a cornerstone of Asawa’s artistic quest in San Francisco, and later became a key component of her role as an arts educator and community leader in the Bay Area. The exhibition presented drawings, collages, watercolors, and sketchbooks alongside stamped prints, paperfolds, and copper-foil works, showing the breadth of Asawa’s innovative practice. Many of the more than one hundred works from public and private collections have not been previously exhibited. Organized thematically, the presentation begun with foundational lessons that the artist absorbed and built upon at Black Mountain College in the late 1940s. Subsequent sections examine the function of repetition and the development of specific motifs and approaches—from the Greek meander to paper folded in structural patterns—and how they recur and change throughout her career. Surveying the artist’s impressive range and expansive approach, Ruth Asawa Through Line offered an unparalleled window into Asawa’s resourceful approach to drawing, with her particular attention to materials, line, surface, and space. Ruth Asawa Through Line was co-curated by Edouard Kopp, John R. Eckel, Jr. Foundation Chief Curator, Menil Drawing Institute and Kim Conaty, Steven and Ann Ames Curator of Drawings and Prints, Whitney Museum of American Art, with Kirsten Marples, Curatorial Associate, Menil Drawing Institute, and Scout Hutc",https://www.menil.org/exhibition/ruth-asawa-through-line,"Found on the venue's ""past p2"" listing page."
va,Schiaparelli: Fashion Becomes Art,2026-03-28,2026-11-15,"The UK’s first exhibition on Elsa Schiaparelli spans the 1920s to today, celebrating the innovative designer's influence. It traces the fashion house’s groundbreaking origins and its evolution under current creative director Daniel Roseberry.",https://www.vam.ac.uk/exhibitions/schiaparelli,"Found on the venue's ""current/upcoming"" listing page. opening and closing date taken from the site's structured data, not its visible page."
va,"Rising Voices: Contemporary Art from Asia, Australia and the Pacific",2026-05-16,2027-01-10,"Rising Voices offers an unparalleled view of the Asia Pacific region’s dynamic creative landscape. Foregrounding First Nations perspectives and diverse artistic approaches, the exhibition features rare works by over 40 pioneering creatives.",https://www.vam.ac.uk/exhibitions/rising-voices-contemporary-art-from-asia-australia-and-the-pacific,"Found on the venue's ""current/upcoming"" listing page. opening and closing date taken from the site's structured data, not its visible page."
va,"Constantinople to Istanbul: One City, Two Empires",2026-11-07,2027-05-09,"A major UK-first exhibition exploring 1,600 years of extraordinary art and design, offering a compelling new perspective on a city defined by artistic excellence across more than a millennium.",https://www.vam.ac.uk/exhibitions/constantinople-to-istanbul-one-city-two-empires,"Found on the venue's ""current/upcoming"" listing page. closing date taken from the site's structured data, not its visible page."
va,Punk to Pop,2027-03-13,2028-01-02,"This exhibition explores how a generation of radical artists united by a punk DIY spirit respond to austerity and political turbulence, sparking a cultural change that dovetails with technology and the richness of a multicultural society.",https://www.vam.ac.uk/exhibitions/punk-to-pop,"Found on the venue's ""current/upcoming"" listing page. closing date taken from the site's structured data, not its visible page."
va,Sculpture in Clay,2027-05-29,2028-02-06,"This exhibition will reveal how clay and ceramic have expanded the possibilities of sculpture, presenting clay as a potentially radical, avant-garde medium that allows artists to reinterpret, subvert, and challenge conventional ceramic practice.",https://www.vam.ac.uk/exhibitions/sculpture-in-clay,"Found on the venue's ""current/upcoming"" listing page. closing date taken from the site's structured data, not its visible page."
va,Chintz,2027-09-18,2028-06-04,"Spanning four centuries of creativity, this exhibition re-discovers the story of chintz, a South Indian fabric created by hand-drawing designs on cotton – one of the most coveted, copied and contentious fabrics in history.",https://www.vam.ac.uk/exhibitions/chintz,"Found on the venue's ""current/upcoming"" listing page. closing date taken from the site's structured data, not its visible page."
louvre,Primeval Waters,2026-05-20,2027-03-15,"Crossed by the only two biblical ‘rivers of paradise’ known today, whose importance and danger may have inspired the Flood myth, ancient Mesopotamia was also the place where irrigation was first invented and developed. These early experiments in mastering water through artificial transformations of the natural environment led to the invention and development of the earliest known hydraulic structures (canals, bridges, aqueducts, pipe systems, artificial lakes and more) in Mesopotamia. These resulted in wide-ranging changes to the land and its inhabitants, whose long-term consequences, both positive and negative, will be explored in the exhibition. This exhibition draws from the extensive collection of the Department of Near Eastern Antiquities, which lends itself well to this subject, and winds through the department’s galleries to raise the issue of water within the Near Eastern antiquities collection and to explore what environmental lessons can be drawn there in both the past and the present. Ariane Thomas, Director of the Department of Near Eastern Antiquities, Musée du Louvre Barbara Couturaud and Grégoire Nicolet, Department of Near Eastern Antiquities, Musée du Louvre",https://www.louvre.fr/en/exhibitions-and-events/exhibitions/primeval-waters,"Found on the venue's ""current/upcoming"" listing page. Also listed on the venue's ""past"" page. Also listed on the venue's ""past 2025"" page."
louvre,ZURBARÁN,2026-10-07,2027-01-25,"Francisco de Zurbarán, along with Diego Velázquez and Bartolomé Esteban Murillo, is considered one of the greatest Spanish painters of the 17th century. At first considered a Caravaggista with a focus on monastic ascetism, he was gradually recognised in the 20th century as a prodigious colourist and celebrated for his distinctive personal style, which married a simple treatment of volumes with striking naturalism. Though Zurbarán has been the subject of numerous exhibitions over the last ten years, the last large-scale international presentation to focus on his work had been the joint exhibition Zurbarán, mounted by the Metropolitan Museum of Art and the Grand Palais in 1987–1988. Now, the National Gallery, London, the Musée du Louvre and the Art Institute of Chicago have joined forces to offer their visitors a retrospective that allows them to revisit Zurbarán’s paintings (or discover them for the first time), to better understand his work and to stand in awe of the modernity and visual power of his compositions. This is not an exhaustive monographic exhibition, but rather an ambitious selection of the finest paintings, complemented by historical and cultural markers, where visitors can marvel at Zurbarán’s technique and its audacity of form and iconography. The visit, organised into seven parts, will analyse the various facets of Zurbarán’s painted oeuvre both chronologically and thematically, aiming to do justice to the whole of his long career, and occasionally stepping outside of this timeline to compare a group of similar works. The Louvre’s exhibition will place great importance on the monumental paintings, commissioned by Andalusian monasteries, on which Zurbarán’s fame was built, as well as portraits and still lifes, with a special place reserved for the brief career of his son, Juan de Zurbarán (1620–1649). A number of these works, dating from the late 19th and early 20th centuries, will highlight the significant influence Zurbarán exerted on later avant-g",https://www.louvre.fr/en/exhibitions-and-events/exhibitions/zurbaran,"Found on the venue's ""current/upcoming"" listing page."
louvre,SCULPTING COLOUR,2026-10-07,2027-01-25,"‘Sculpting Colour’, presented at the same time and in the same space as the exhibition on the painter Francisco de Zurbarán (1598–1664), and with collaboratively designed scenography, invites visitors to take a close, comparative look at 17th-century Spanish sculpture. The majority of the works to be displayed are religious sculptures of stunning naturalism in polychrome wood, allowing visitors to better understand the cultural and religious context in which the great Spanish painters of the same period (such as Zurbarán, Velázquez and Murillo) produced their works – a period in which painting and sculpture were closely linked. The highlight of the exhibition will be an entire loaned paso – a traditional processional float of five life-size sculpted and painted figures from the early 17th century. This monumental ensemble by Gregorio Fernández, a major sculptor then active in Valladolid, will be presented at eye level so visitors can have a close look. The visit will unfold along a number of thematic axes: the veneration of relics and the role of intercessory saints; the dressing of statues; depictions of the sufferings of Christ and of the Virgin Mary; private devotion; and the Immaculate Conception. In so doing, the exhibition will allow visitors to explore the sculptures’ various uses and meanings and to gain a deeper understanding of their materiality, their regional and stylistic variations, and the personalities of the major sculptors of the time. Active from Castile to Andalusia, they include Gregorio Fernández, Alonso Cano, Juan de Mesa, José de Mora, Pedro de Mena, Jerónimo Francisco García and Miguel Jerónimo García, José de Arce, as well as Pedro Roldán and Luisa Roldán – one of the rare female artists with a career so successful it carried her all the way to the royal court of Spain. In addition to the paso entitled Road to Calvary – one of the most significant loans of the exhibition, never before seen in France – works displayed will include Gregorio F",https://www.louvre.fr/en/exhibitions-and-events/exhibitions/sculpting-colour,"Found on the venue's ""current/upcoming"" listing page."
louvre,LOUVRE PHOTO,2026-11-04,2027-05-03,"The Louvre opened just a few decades before the invention of photography. Combining reality and the world of imagination, journeying through both time and space, the museum would go on to become a wellspring of inspiration for those who practised this new art form. This exhibition ‘Louvre Photo’ takes the Louvre as a model, a subject, a source of inspiration and a starting point for reinvention. Through more than 300 photos of the Louvre – its artworks, its exhibition galleries and its open spaces, as well as visitors both famous and anonymous, museum workers, hidden nooks and behind-the-scenes corridors – ‘Louvre Photo’ invites visitors to explore and uncover, taking a step back and offering a new look at the museum, the institution and its collections – sometimes with a touch of humour and subversiveness. ‘Louvre Photo’ covers the long period spanning from the invention of photography until today, from the first photographers to those invited to photograph the museum in modern times – most recently Robert Polidori. This was a period characterised by momentous events, like the Paris Commune, the First and Second World Wars, and the expansion of tourism and diplomatic relations during the Trente Glorieuses, the thirty-year span of economic prosperity that France enjoyed from 1945 to 1975. In that same time, the Louvre’s history was marked by several milestones, such as its transformation from a palace into a museum under the Second Empire, the displacement and then return of its artworks during the First and Second World Wars, and the Grand Louvre works of the 1980s. ‘Louvre Photo’ limits its subject to a single setting, delimited by the walls of the palace and the gates of the Tuileries Garden. The exhibition will bring out the Louvre’s wealth of photographic archives from its curatorial departments and active documentary records, as well as collections from various French institutions, including the National Archives, the Médiathèque du Patrimoine et de la Photogr",https://www.louvre.fr/en/exhibitions-and-events/exhibitions/louvre-photo,"Found on the venue's ""current/upcoming"" listing page."
louvre,AFFINITIES,2026-06-24,2026-12-31,"Affinities are bonds of both kinship and closeness – a fitting term to evoke the relationship between the Departments of Islamic Art and of the Decorative Arts. These works have not only circulated between East and West since the Middle Ages; their techniques and decoration have served as sources of inspiration for European decorative arts. For over a century, Islamic art was displayed in the Department of Decorative Arts – a dialogue we are proposing to rekindle today by exploring three subjects: light, colour and sculpture. Inviting visitors to wander through the decorative arts galleries, Affinities weaves a tale of great technical and aesthetic innovations in the Islamic world, as well as the fascination they engendered in Europe and in French art collections. Some 50 objects from the Department of Islamic Art, made of a wide range of materials, dating from the 9th to the 17th century and hailing from all regions of the Islamic world, allows visitors to explore the enchantment created by materials and the wonder elicited by objects in the region. They are in fact linked to wonders – ‘Aja’īb in Arabic, designating the wonders of nature and of the visual arts. This exhibition is taking place in the context of the Department of Islamic Art closing for refurbishment, enabling the public to access some of the most important pieces of the Islamic art collection. Annabelle Collinet, Researcher and Collection Manager, Department of Islamic Art",https://www.louvre.fr/en/exhibitions-and-events/exhibitions/affinities,"Found on the venue's ""current/upcoming"" listing page."
louvre,MICHEL LACOSTE’S DONATION TO THE MUSÉE DU LOUVRE,2026-06-26,2027-01-11,"Thanks to the generosity of Michel Lacoste, a hundred precious metalwork pieces entered the collection of the Musée du Louvre in November 2025 through a planned donation of present assets. These varied artworks demonstrate the technical skill and refinement that characterised precious metalworks in France from the 16th to the 18th century. Over the course of six months, an exceptional exhibition in room 605 of the Department of Decorative Arts will present them alongside the Louvre’s collection of silver- and ceramic ware. These hundred works represent about a quarter of the collection amassed since the 2000s by Michel Lacoste, whose passion for precious metalwork was initiated by his maternal grandmother’s gift of the Puiforcat collection sales catalogue. Planned in 1955, this major auction never occurred, as the Greek shipping magnate Stavros Niarchos purchased a vast majority of the lots on offer to deed them subject to usufruct to the Musée du Louvre. Now wishing to share his passion for this type of artwork with the general public, to gift these pieces to future generations and to do his part in enriching the national collections, Michel Lacoste is giving part of his collection to the Musée du Louvre. This choice appeared as evident as the museum is home to the majority of the Puiforcat collection. Of the hundred pieces, one is from the 16th century, 22 from the 17th, 76 from the 18th and one from the 20th. This gift comes to significantly increase the 17th century collection, supplementing it with pieces both from Paris and other French regions, and brings into the museum several master metalworkers such as Jean-Baptiste Chéret, Pierre-François Bonnestrenne and Joseph-Théodore Vancombert for the first time, while completing the existing opus of some of the great master such as Nicolas Delaunay, Claude II Ballin, François-Thomas Germain and Jacques-Nicolas Roëttiers, to cite but a few. Anne Foray-Carlier, Senior Heritage Curator, Department of Decorative Arts.",https://www.louvre.fr/en/exhibitions-and-events/exhibitions/michel-lacoste-s-donation-to-the-musee-du-louvre,"Found on the venue's ""current/upcoming"" listing page."
louvre,HOSTS AT THE LOUVRE,2026-09-24,2026-12-14,"Kader Attia and Elizabeth Peyton are the 2024–2026 Hosts at the Louvre. Kader Attia (born 1970 in Dugny, France; lives and works in Paris and Berlin) is known for his work at the frontier of shape and thought, between logical inquiry and contemporary ideas. Elizabeth Peyton (born 1965 in Connecticut, United States; lives and works in Paris and New York) brings vibrant life to painting through the art of portraiture. For two years, they inhabited the spaces – both physical and imaginary – of the Louvre. Each had a studio on the premises, where they created, conversed with museum personnel, and engaged with the public. Previously studio neighbours, they now share the temporary exhibition space in the Salle de la Chapelle, where the results of their respective sojourns in the museum are on display for all to see. For Attia, this means a film and an installation inspired by his own intimate meanderings in the Louvre, contemplating the fluctuations of ages, memories, and gazes, turning his own vision into a subject. For Peyton, it means paintings and drawings: a mixture of reinterpretations of works from the Louvre, which she has been creating since her early years as an artist, and representations of historic and contemporary subjects, made in her studio in the museum. Their intersecting interpretations of the Louvre make manifest the wealth of resources to be found in the museum and in the works it houses, which serve as a source of inspiration to artists and visitors alike.",https://www.louvre.fr/en/exhibitions-and-events/exhibitions/hosts-at-the-louvre,"Found on the venue's ""current/upcoming"" listing page."
louvre,MICHELANGELO RODIN,2026-04-15,2026-07-20,"Michelangelo and Rodin, in making the body the central subject of their artworks, showed that they both perceived it as animated by an intense inner life. Michelangelo and Rodin, two unrivalled masters of Western sculpture, engage in a dialogue across the centuries. Their works, emblematic of the strength of the body and the depth of the soul, are here brought together for the first time, revealing a continuum between the two artists, marked by clear divisions. Organised into five sections – Two Legendary Artists; Nature and Antiquity: Reinventing the Model; Non Finito; Bodies and Souls; and Energy and Life –, the exhibition associates marble, bronze, plaster, terracotta and cast works with a rich pictorial production. The exhibition route highlights the issues of form and concept that drove the same ambition in both artists: to make manifest the body’s inner energy. The body is thus revealed as the membrane that envelops the soul, a living thing weathering time and movement. We also explore the historic uses of motion in sculpture: how did the reinvention of antiquity and the ways bodies were used foreshadow the divisions of the 20th century? Calling attention to the connections, borrowings and reinterpretations to be found in the works of Michelangelo and Rodin, the exhibition gives a close reading of the myths surrounding these two masters and proposes a new perspective on sculpture not as the making of forms, but as a laboratory for breaking new artistic ground.",https://www.louvre.fr/en/exhibitions-and-events/exhibitions/michelangelo-rodin,"Found on the venue's ""past"" listing page."
louvre,MARTIN SCHONGAUER,2026-04-08,2026-07-20,"Martin Schongauer was one of the most popular Germanic artists of the late Middle Ages – and one of the major figures of this period. Born in Colmar around 1445, Schongauer died in Alt-Breisach in 1491. He was the master of a painting workshop but was best known, even during his lifetime, for his engraving work. While his father and brothers were goldsmiths, he did not practise their craft; it is however likely that he learned to handle the burin in his father’s workshop, a delicate art that he brought to the height of perfection. The exhibition presents a wide selection of his drawings and engravings and, for the first time, a near-complete collection of his paintings (altarpieces and easel paintings), including the 1473 Madonna of the Rose Bower, his only painting on panel whose date of creation is known. His works reveal a well-read artist with a penchant for fine, inventive storytelling and a skilful eye for natural subjects. Martin Schongauer’s engravings were widely circulated and appealed to generations of artists. Artworks from every discipline are brought together in the second half of the exhibition, hailing from all over the European continent and dating up to the start of the 17th century, attesting to the wide-ranging reception his work enjoyed. Pantxika Béguerie De Paepe, Honorary Curator of the Musée Unterlinden. Hélène Grollemund, Musée du Louvre.",https://www.louvre.fr/en/exhibitions-and-events/exhibitions/martin-schongauer,"Found on the venue's ""past"" listing page."
louvre,THE CARRACCI DRAWINGS,2025-11-05,2026-02-02,"Completed at the very beginning of the 17th century, a decorative interior in the heart of the Palazzo Farnese — the current seat of the French Embassy in Italy — would come to be regarded as one of the greatest masterpieces of Western painting. The work in question is the gallery decorated by Annibale Carracci, his brother Agostino, and their students. The Farnese Gallery drew admiration far and wide and inspired the work of many artists due to the beauty of its frescoes as well as that of its preparatory drawings. The Musée du Louvre is moving the Farnese Gallery to Paris, where the most extraordinary collection of preparatory drawings ever assembled will recreate the gallery in the manner of a jigsaw puzzle. The immersive exhibition design reproducing the gallery’s vault will also include a second ceiling: that of the Camerino, a small room Annibale Carracci was given to test his designs. The exhibition aims to give visitors a closer look at the engaging character of the work’s key architect, Annibale Carracci. The Farnese Gallery drawings and other sheets Annibale completed before leaving for Rome will highlight the 34-year-old artist’s determination to bring about a stylistic and intellectual revival. Never before had so many drawings for a painted interior been preserved, from the rapid sketch outlining the artist's initial ideas to the large cartoon measuring several metres per side, which contains a full-scale drawing of the fresco. Victor Hundsbuckler, Curator, Department of Prints and Drawings, Musée du Louvre.",https://www.louvre.fr/en/exhibitions-and-events/exhibitions/the-carracci-drawings,"Found on the venue's ""past"" listing page."
louvre,JACQUES-LOUIS DAVID,2025-10-15,2026-01-26,"David is a towering figure. Considered the father of the French School, revered for breathing new life into painting, he produced imagery that to this day inhabits the collective imagination: from The Death of Marat to Napoleon Crossing the Alps and The Coronation of Napoleon, his paintings are the filter through which we picture the great moments of the French Revolution and the Napoleonic Empire, while his portraits bring to life the society of this period. To mark the bicentennial of his death in exile in Brussels in 1825, the Musée du Louvre is offering a new perspective on a figure and body of work of extraordinary richness and diversity. The exhibition shines a light on the inventive force and expressive power of the art of Jacques-Louis David (1748–1825), whose paintings are more intensely charged with feeling than is belied by their extreme rigour. The exhibition spans the long career of an artist who witnessed six different political regimes and actively participated in the French Revolution. It gathers 100 works on special loan, including the imposing, incomplete Tennis Court Oath (Château de Versailles, long-term loan from the Musée du Louvre), and the original version of his masterpiece, the celebrated Death of Marat (Royal Museums of Fine Arts of Belgium, Brussels). A project of such ambition could only be undertaken at the Louvre, which holds the largest existing collection of the artist's paintings and drawings – including, first and foremost, his very large canvasses. The last major monographic exhibition devoted to David was held at the Louvre and the Château de Versailles in 1989 for bicentennial commemorations of the French Revolution.",https://www.louvre.fr/en/exhibitions-and-events/exhibitions/jacques-louis-david,"Found on the venue's ""past"" listing page."
louvre,THE MET AT THE LOUVRE,2024-02-29,2025-12-14,"The Louvre’s Department of Near Eastern Antiquities is hosting ten major works from New York’s Metropolitan Museum of Art, whose Department of Ancient Near Eastern Art is currently closed for renovation. The Louvre and The Met have created a unique dialogue between these two collections, which is displayed in the Louvre’s permanent galleries. These ‘special guest’ artworks from The Met, dating from between the late 4th millennium BC and the 5th century AD, show some remarkable connections with the Louvre’s collection. In some cases, a pair of objects has been reunited for the first time, while in others, pieces complement each other by virtue of specific historical features of their respective collections. Representing Central Asia, Syria, Iran and Mesopotamia, this dialogue between collections is (re)introducing visitors to these extraordinary, age-old works of art and the stories they tell.",https://www.louvre.fr/en/exhibitions-and-events/exhibitions/the-met-at-the-louvre,"Found on the venue's ""past"" listing page. Also listed on the venue's ""past 2025"" page."
louvre,A PASSION FOR CHINA,2025-05-14,2025-08-25,"A relatively little-known fact: Chinese art can be found at the Louvre. The Department of Decorative Arts holds more than 600 Chinese works, most of which come from the collections of Adolphe Thiers and Adèle de Rothschild and from the royal collections. Among them, some veritable treasures are to be found. A number of these were highlighted by recent research among the collection of Adolphe Thiers, who was a journalist, historian, and a major political figure in the 19th century (as deputy, minister, president of the council and, ultimately, president of the French Republic). The exhibition aims to reveal these exceptional works to the general public, putting them in the historical, diplomatic and cultural context of their creation and their acquisition by Thiers for his collection. It explores Thiers’s little-known passion for China. The exhibition will present over 170 works dating mainly from the 18th and 19th centuries: scrolls, album pages, engravings, prints, porcelains, jades, lacquers, and precious objets d’art in ivory, bronze, or wood inlaid with gems and mother-of-pearl. The first part of the exhibition will present Adolphe Thiers, his particular vision of art, his collecting practices and his passion for the Renaissance. The second part, the heart of the exhibition, will present the full collection of Chinese art. Thiers, in view of publishing a work on Chinese art, concurrently collected books, documents and objets d’art related to the subject. The exhibition highlights the major themes of his collection: ancient and contemporary history, images of China (landscapes, architecture and dress), some staples of Chinese culture (language, literature and the literati), the ‘Three Teachings’ (Buddhism, Taoism and Confucianism), Chinese porcelain (of which he was an expert of renown), and, finally, imperial art. The collection holds a number of masterpieces in this last area, including an exceptional scroll, the Qingming shanghe tu created for the Qianlong emp",https://www.louvre.fr/en/exhibitions-and-events/exhibitions/a-passion-for-china,"Found on the venue's ""past"" listing page. Also listed on the venue's ""past 2025"" page."
louvre,LOUVRE COUTURE,2025-01-24,2025-08-24,"Although we have known since the days of Paul Cézanne that ‘the Louvre is the book from which we learn to read’, this inexhaustible wellspring of inspiration has also nourished one of contemporary art’s liveliest domains: the world of fashion. More and more, research and monographs dedicated to the greats of fashion have boldly begun to trace aesthetic family trees, establishing these figures in a historical and artistic context. The pattern is not merely one of disruptions, with various degrees of radical innovation, or of seasonal changes, but also one of echoes and evocations. The threads weaving their way between the work of great fashion figures and the world of art are almost endless, and the history of art as expressed by the Musée du Louvre, in the depth of its collections and in the ways it reflects the tastes of days gone by, is an equally vast terrain of influences and sources. In consideration of the Louvre’s encyclopaedic immensity, this exhibition follows a methodological approach geared towards exploring the history of decorative styles, art professions and ornamentation through the galleries of the Department of Decorative Arts, where textiles are omnipresent – though generally in tapestries and other décor items rather than in articles of clothing. Over a nearly 9,000-square-metre space, 65 designs are displayed, along with a number of accessories, newly illuminating the close historical dialogue that continues to take place between the world of fashion and the department’s greatest masterpieces, from Byzantium to the Second Empire. Each of these garments and accessories is on special loan from the most iconic fashion houses, both long-standing and recent, in Paris and throughout the world. The pieces will not be displayed aimlessly throughout the Department of Decorative Arts, but rather will serve as an occasion to highlight existing parallels: the department owes part of its collection to the generosity of great fashion figures, from Jacques Douc",https://www.louvre.fr/en/exhibitions-and-events/exhibitions/louvre-couture,"Found on the venue's ""past"" listing page. Also listed on the venue's ""past 2025"" page."
louvre,MAMLUKS,2025-04-30,2025-07-28,"The Musée du Louvre marks a European first with a major exhibition on the Mamluk sultanate (1250–1517), aiming to address this golden age of the Islamic Near East in all its scope and richness by examining it from a transregional perspective. The Mamluks, freed slave-soldiers of primarily Turkish (and later Caucasian) origin, built their legend on their warrior prowess. From 1250 to 1517, the Mamluk sultanate conquered the last bastions of the Crusaders, fought and repulsed the Mongol threat, survived Timur’s invasions and kept its threatening Turkmen and Ottoman neighbours at bay before succumbing to the latter’s expansionism. It encompassed a vast territory including Egypt, Bilad al-Sham (Syria, Libya, Israel/Palestine, Jordan), part of eastern Anatolia and the Hejaz region of Arabia, which includes Mecca and Medina. But the history of the Mamluk sultanate cannot be reduced to its conquests and feats of arms. Its culture, as complex and multifaceted as its society, was part of a little-known and singularly fluid medieval era. A world in which sultans mingled with emirs and rich civil elites, all actively engaged in artistic patronage. A pluralistic society in which women as well as Christian and Jewish minorities had a place. Another ‘Middle Kingdom’ where Europe, Africa and Asia converged and in which people and ideas circulated, as did merchandise and artistic repertoires. Structured in five sections (the Mamluks, their society, their cultures, their connections with the rest of the world and their art), the exhibition presents nearly 260 works, a third of which are from the Louvre and the Musée des Arts Décoratifs, featured beside prestigious national and international loans. Textiles, objets d’art, manuscripts, paintings, ivories, stone and wood interior décors reveal a teeming artistic, literary, religious and scientific world. The sultanate was then the cultural heart of the Arab world and the heir to a number of grand traditions. Mamluk visual culture would",https://www.louvre.fr/en/exhibitions-and-events/exhibitions/mamluks,"Found on the venue's ""past"" listing page. Also listed on the venue's ""past 2025"" page."
louvre,THE EXPERIENCE OF NATURE,2025-03-19,2025-06-30,"The Holy Roman Emperor Rudolf II (1552–1612), a great patron of the arts and sciences, was one of the European rulers most keenly interested in the study of nature. He summoned scientists and artists from throughout Europe to his court, where they worked in close proximity to each other within the castle walls, turning Prague into a veritable laboratory, a place of experimentation, in a propitious climate of intellectual and religious tolerance. The first part of the exhibition will present this convergence of scientific and artistic perspectives on nature, particularly acute at the Prague court. It was characterised, first of all, by a new approach, which was both direct and observational. Artists participated actively in the earliest stirrings of empiricism, not only in producing scientific instruments that were as aesthetically pleasing as they were innovative, but also in recording the world of plants and animals through their drawings, a major contribution to the inventory of living species then being undertaken in the natural sciences. Like their scientist peers, they were interested in the hidden forces at work in nature, which they expressed through the device of allegory. All shared the same humanist culture, generally acquired through books and inherited from antiquity. Yet the coherent system described in these earlier works did not stand up to the attentive observation of an impermanent, capricious natural world. The second part of the exhibition will show how this curiosity about the forms of nature, common to both scientists and artists, contributed to the renewal of artistic creation in Prague. New practices such as drawing en plein air came into vogue, and this direct experience of nature encouraged artists to experiment with new materials and subjects, including many that had previously been considered unworthy of being used or depicted. A taste developed for new artistic techniques imitating the singularity of natural forms and evoking the instabil",https://www.louvre.fr/en/exhibitions-and-events/exhibitions/the-experience-of-nature,"Found on the venue's ""past"" listing page. Also listed on the venue's ""past 2025"" page."
louvre,A NEW LOOK AT CIMABUE,2025-01-22,2025-05-12,"For the first time, the Musée du Louvre is dedicating an exhibition to Cimabue, one of the most important artists of the 13th century. The exhibition is the product of two ‘Cimabue-centric’ events of great importance for the museum: the restoration of the Maestà and the acquisition of a heretofore-unseen Cimabue panel, rediscovered in France in 2019 and listed as a French National Treasure: Christ Mocked. These two paintings, whose restoration was completed in 2024, provide the starting point for this exhibition, which, by bringing together some forty works, aims to illuminate the extraordinary richness and undeniable innovation of Cimabue’s art. Cimabue was one of the first to open Western painting to naturalism, seeking to represent the world, objects and bodies as they truly existed. With him, the conventions of representation inherited from Eastern art, so highly valued until this period, gave way to an inventive art of painting seeking to evoke a three-dimensional space, bodies in volume shaped by subtle shading, articulated limbs, natural postures and human emotions. After an introductory section dedicated to the context of painting in Tuscany – and specifically Pisa – in the mid-13th century, a good deal of the visit focuses on the Louvre’s Maestà; innovations appearing in this painting have led certain art historians to consider it ‘the founding act of Western painting’. Restoration has made visible not only the variety and subtlety of its colours, but many details that had been masked by previous overpaintings, showing the fascination that the East, both Byzantine and Islamic, evoked in Cimabue and his patrons. The crucial question of the relationship between Cimabue and Duccio is then addressed. The visit continues with a section constructed around Cimabue’s eight-panel diptych, of which the Louvre has brought together for the first time the only three panels known today. The narrative vitality and liberty deployed by Cimabue in this work of shimmering col",https://www.louvre.fr/en/exhibitions-and-events/exhibitions/a-new-look-at-cimabue,"Found on the venue's ""past"" listing page. Also listed on the venue's ""past 2025"" page."
louvre,"GUILLON-LETHIÈRE, ""BORN IN GUADELOUPE""",2024-11-13,2025-02-17,"This show, co-organised by the Clark Art Institute in Williamstown (Massachusetts) and the Musée du Louvre, will be the first major monographic exhibition on an artist who has largely faded from view but was counted among the ‘great authorities of his day’ (Charles Blanc). Guillaume Guillon-Lethière was born in Guadeloupe. His mother was a freed slave of African origin, his father a white French royal official. Guillaume studied first in Rouen and then in Paris during the ancien régime and went on to enjoy a brilliant career: director of the French Academy in Rome (1807–1816), elected member of the Institut de France in 1818 and professor at the École des Beaux-Arts from 1819 onwards. He was also a great collector and artistic advisor to Lucien Bonaparte. His artwork reflects his experience of the political upheaval of the period and the succession of political regimes in France from the Revolution to the July Monarchy. Most of his paintings and drawings focus on ancient history. He began his career in a period dominated by the neoclassical style of Jacques-Louis David; his continuation in the classical vein led to his fall from favour in the late 1820s, as the upcoming generation of Romantic artists began taking over. The Louvre’s collection includes two huge paintings by Guillon-Lethière, both measuring almost eight metres in width and inspired by classical heroism: Brutus Condemning his Sons to Death, finished in Rome in 1811, and The Death of Virginia (1828).",https://www.louvre.fr/en/exhibitions-and-events/exhibitions/guillon-lethiere-born-in-guadeloupe,"Found on the venue's ""past"" listing page. Also listed on the venue's ""past 2025"" page."
louvre,A NEW LOOK AT WATTEAU,2024-10-16,2025-02-03,"""The Louvre’s enigmatic painting par excellence."" These are the words that the painter and writer Bernard Dufour used to describe Pierrot, long known as Gilles, by Antoine Watteau (1684–1721). Though this strange character, dressed in white from top to toe, cuts a familiar, even iconic figure, this is a work of absolute originality. From its history to its composition, from its format to its iconography, everything about this piece captivates and intrigues. Its origins remain unknown; the first confirmed mention of its existence only dates back to 1826. Interpreting this painting, inspired by the world of theatre and particularly by Pierrot, the most famous comedy character of this period, is also a difficult task. Thanks to recent conservation work carried out at the Centre for Research and Restoration of Museums of France (C2RMF), which has restored the painting to its former glory, the Musée du Louvre is finally able to give it the monographic exhibition it so richly deserves. The exhibition will explore this mysterious masterpiece, placing it back into the context of theatre life at the start of the 18th century and of the artworks produced by Watteau and his contemporaries. It will also touch on the fascination that Gilles has inspired all the way to the present day, influencing creators of all backgrounds from Fragonard to Picasso to Nadar, from André Derain to Marcel Carné. Each of these painters, authors, actors, photographers and filmmakers made a talented attempt at solving its captivating riddle. The exhibition presents sixty-five works (paintings, drawings, engravings, books, photographs and film excerpts), including seven paintings by Watteau, thanks to the support of various French, European and American museums, including the Bibliothèque Nationale de France, the Gemäldegalerie in Berlin, the Wallace Collection and the National Gallery of Art in Washington, D.C. Standing as an eternally blank page in spite of countless interpretations, Pierrot is stil",https://www.louvre.fr/en/exhibitions-and-events/exhibitions/a-new-look-at-watteau,"Found on the venue's ""past"" listing page. Also listed on the venue's ""past 2025"" page."
louvre,FIGURES OF THE FOOL,2024-10-16,2025-02-03,"The exhibition examines the omnipresence of fools in Western art and culture at the end of the Middle Ages, and attempts to parse the meaning of these figures, who would seem to play a key role in the advent of modernity. The fool may make us laugh, with his abundance of frivolous antics, but he also harbours a wealth of hidden facets of an erotic, scatological, tragic or violent nature. Capable of the best and of the worst, the fool entertains, warns or denounces; he turns societal values on their head and may even overthrow the established order. Within the newly renovated Hall Napoléon, this exhibition, which brings together over 300 works from 90 French, European and American institutions, brings us on a one-of-a-kind journey through Northern European art (English, Flemish, Germanic, and above all French), illuminating the profane aspects of the Middle Ages and revealing a fascinating era of surprising complexity. The exhibition explores the disappearance of the figure of the fool with the Enlightenment and the triumph of reason, and its resurgence at the end of the 18th century and all throughout the 19th. The fool then became a figure with which artists identified, wondering: ‘What if I were the fool?’ Élisabeth Antoine-König, Senior Curator in the Department of Decorative Arts, and Pierre-Yves Le Pogam, Senior Curator in the Department of Sculptures, Musée du Louvre the Cercle des Mécènes du Louvre, the Fondation Etrillard, the New York Medieval Society.",https://www.louvre.fr/en/exhibitions-and-events/exhibitions/figures-of-the-fool,"Found on the venue's ""past"" listing page. Also listed on the venue's ""past 2025"" page."
louvre,MASTERPIECES FROM THE TORLONIA COLLECTION,2024-06-26,2025-01-06,"The largest ever private collection of ancient Roman sculptures, assembled throughout the 19thcentury by the Torlonia princes in Rome, is being shown to the public for the first time since the mid-20th century in a series of special exhibitions. The Louvre will have the privilege of hosting the Torlonia marbles for their first showing outside Italy, in the renovated summer apartments of Anne of Austria – home to the museum’s permanent collection of ancient sculpture since its creation in the late 18th century. Displaying the Torlonia marbles alongside the French national collection will shed new light on the origin of museums and the interest in antiquity – a founding element of Western culture. Showcasing masterpieces of ancient sculpture, the exhibition will present some truly exquisite treasures of Roman art and explore the origins of museums in Europe during the Enlightenment and the 19th century.",https://www.louvre.fr/en/exhibitions-and-events/exhibitions/masterpieces-from-the-torlonia-collection,"Found on the venue's ""past"" listing page. Also listed on the venue's ""past 2025"" page."
louvre,OLYMPISM,2024-04-24,2024-09-16,"Among the cultural events designed to accompany the 2024 Olympic and Paralympic Games in Paris is an exhibition at the Louvre on the creation of the first modern Olympic Games. Visitors will discover how the Games came into being in the late 19th century: the political context of the time, the iconographic sources on which they were based, and how the organisers set out to recreate the sporting competitions of ancient Greece. The exhibition sheds light on the origins of the world’s largest and most-watched sporting competition. This international event was the brainchild of Pierre de Coubertin and a number of French and Greek luminaries, who were later joined by Swiss draughtsman Émile Gilliéron (1850-1924). Gilliéron trained at the École des Beaux-Arts in Paris, and was a frequent visitor to the Louvre, where he copied a number of its masterpieces. Having settled in Greece, he was named the official artist of the 1896 Olympic Games and of the 1906 Mesolympics, both held in Athens, for which he designed the winners’ trophies, inspired by discoveries made at the major archaeological excavation sites of the period. Using the latest reproduction techniques of his time, the artist illustrated communication materials – in particular postage stamps and posters – for the newly formed Greek state. Thanks to a special loan from the Stavros Niarchos Foundation (SNF), the Louvre will exhibit the first Olympic Cup, known as ‘Bréal’s Cup’, designed by French academic Michel Bréal and created by a French silversmith for the winner of the first marathon – a race invented for the modern Olympic Games. As part of the programme of cultural events accompanying the 2024 Olympic and Paralympic Games, the exhibition will show how the scientific disciplines of philology, history, art history and archaeology came together to create this global sporting event.",https://www.louvre.fr/en/exhibitions-and-events/exhibitions/olympism,"Found on the venue's ""past"" listing page. Also listed on the venue's ""past 2024"" page."
capo,[all (current/upcoming/past) page],,,,https://capodimonte.cultura.gov.it/mostre/,"The venue's ""all (current/upcoming/past)"" listing page could not be read: the venue’s site did not respond. Marker row, not an exhibition."
uffizi,At Palazzo Pitti the 20th century showcased in 40 dreamlike dresses: the new arrangement at the museum of Costume and Fashion,,,"A century of fashion, from the liveliness of the Charleston to the daz-zling '80s of Enrico Coveri, passing through the breathtaking creations of Elsa Schiaparelli, Yves Saint Laurent, Pierre Cardin and Roberto Capucci. The new arrangement by the Museum of Costume and Fash-ion at Palazzo Pitti narrates this story through 40 dresses, emblematic of the world's finest tailoring (many of which have never been show-cased), engaging elegantly with works by 20th-century painting mas-ters such as Galileo Chini, Felice Casorati, and Alberto Burri. Exactly one year after the Gallery's complete renovation and subse-quent total reopening, the twentieth-century selection is displayed in rotation to present the public with a new enchanting chapter in cos-tume history. Boasting a collection of 15,000 historical garments and accessories from the eighteenth century to the present day, the Muse-um of Costume and Fashion has decided to refresh its exhibits each year. This will enable extraordinary, previously unseen, and carefully restored attire to be brought out from storage in rotation for the public to enjoy. The rooms dedicated to seventeenth and eighteenth-century fashion and Medici clothes remain unchanged. The first of the new spaces, dedicated to the ‘Charleston fashion’ be-tween avant-garde and exoticism, opens the new selection: Galileo Chini's remarkable Triptych turns the room into a dramatic scene remi-niscent of Puccini, with the dress worn by the painter's wife at the premiere of Turandot at Milan's Teatro La Scala on 25 April 1926. Additional exquisite dresses crafted from fine silks and adorned with decorative motifs inspired by China, Japan, and India illustrate how Orientalism was closely linked with the flappers' desire for emancipa-tion and experimentation—young women of the era who defied con-vention.",https://www.uffizi.it/en/events/nuovo-allestimento-museo-moda-2025,"Found on the venue's ""current"" listing page. Also listed on the venue's ""past 2025"" page. No closing date found anywhere on the venue's pages."
uffizi,"At the Pitti Palace, the “very best” of the king’s furniture",,,"The very best of three centuries (from the 17th to the 19th) of royal furnishings, recounted through the evolving interior decoration styles of three dynasties – the Medici, Lorraine, and Savoy –, has been concentrated in a selection exhibiting 16 genuine furniture masterpieces that also outline the Palace’s cultural history. On the first floor of the former sovereign residence of the Pitti Palace, the Palatine Gallery’s Niche Room now offers a complete anthology of royal furniture. Decorative armchairs, vases from the Manufacture de Sèvres and others imported from China, Giovanni Socci’s legendary mechanical writing desk, a kneeling stool made by Leonardo van der Vinne and adorned with precious stones, and a unique stipo providing a perfect scale reproduction of the Pitti Palace: all these items, through their shapes and decorations, speak to the visitor about how the sovereigns’ tastes and “domestic” aesthetics changed over time. The visitor is thoroughly initiated in the Palace’s heritage of furniture and the decorative arts – that is, in the discovery of an inheritance that, although among the most important of its kind in Europe, is still virtually unknown. Today, while very little remains of the Renaissance decor at Pitti, thousands of items bear witness to the Baroque period, to 17th century Neo-Classicism, and to Savoy eclecticism. Of the objects on display in the Niche Room, visitors can admire the virtuoso 17th-century works of intarsia and “commesso” – that is, the inlay of gemstones from Botteghe Granducali degli Uffizi, the grand ducal workshops. With the rise of the Lorraines, the court’s taste – also in furnishings – adapted to the new European styles, abandoning the decorative flamboyance of Baroque for the lightness of oriental lacquer and sinuously-shaped furniture. With Ferdinand III, certain environments in the Pitti Palace were transformed in accordance with the dictates of the Neo-Classical style; under French rule, Elisa Baciocchi, Napoleon’s",https://www.uffizi.it/en/events/the-king-s-furniture,"Found on the venue's ""current"" listing page. Also listed on the venue's ""past 2025"" page. No closing date found anywhere on the venue's pages."
uffizi,Sarmi’s Genius. A new exhibition at the Museum of Costume and Fashion,2026-06-18,2026-12-31,"Audrey Hepburn, Marilyn Monroe, Marlene Dietrich, Barbra Streisand, the Duchess of Windsor. During the golden years of Fifth Avenue, the 20th century’s most famous women placed their look in the hands of Ferdinando Sarmi, a fashion designer who succeeded in giving American high society a touch of Italian flair. From 18 June to 31 December 2026, the Museum of Costume and Fashion at Palazzo Pitti will celebrate the designer with the exhibition Ferdinando Sarmi New York – Un viaggio nella moda da Firenze alla Fifth Avenue (“Ferdinando Sarmi New York – A journey in fashion from Florence to Fifth Avenue”), staged in the ballroom and adjacent rooms. The exhibition, the first of its kind, displays a selection of the designer’s iconic gowns, placed alongside items from the Fondo Sarmi holding at the Museum of Costume and Fashion as well as period accessories that recreate the cultural and worldly climate of New York of the 1950s and 1960s. Exhibition dedicated to Ferdinando Sarmi at Museum of Costume and Fashion",https://www.uffizi.it/en/events/il-genio-di-sarmi-nuova-mostra-al-museo-del-costume,"Found on the venue's ""current"" listing page."
uffizi,Wax upon a time. The Medici and the arts of ceroplastics,2025-12-18,2026-04-12,"The story of the masterpieces of ancient wax sculpture is the guiding thread of the new Uffizi exhibition, ‘Cera una volta. I Medici e le arti della ceroplastica’. The exhibition is being hosted from 18 December 2025 to 12 April 2026 in the new spaces built in recent months and now specially set up on the Gallery’s ground floor. Curated by Valentina Conticelli, Andrea Daninos and Simone Verde, this is the very first exhibition dedicated to the Florentine collections of wax sculpture from the 16th and 17th centuries. As the title says, it aims to shed light on an incredible lost creative field: that of the production of wax images, always living since ancient times in the popular sensibility and destined to experience a particular renewal of interest among the ranks of fine arts in Medici Florence from the 15th to the late 17th centuries. Soft and neutral, if fashioned by the skilled hands of Renaissance sculptors, it could bring substance to faces and bodies in the form of everlasting images. With the Baroque culture, obsessed as it was with the passage of time, this organic material born from bees, which due to its malleable nature imitates the characteristics of the skin like no other, comes into its own in giving shape to the living body and its dissolution. Production of it was widespread but largely lost. Not only due to the substantial perishability of the material, but above all for the resistance of critics in welcoming its creations among the so-called ‘major arts’: a cultural phenomenon which greatly favoured their loss. The aim of ‘Cera una volta’ is therefore to make wax sculpture better known – still today confined to a sort of unconscious realm of art history – at the moment of its greatest splendour, when, having reached very high forms of virtuosity, it was avidly sought for noble collections; and to highlight how, even in this field, the Medici were avant-garde collectors, capable of fully understanding the value of these types of object and protect",https://www.uffizi.it/en/events/wax-upon-a-time,"Found on the venue's ""past 2025"" listing page."
uffizi,Florence and Europe. Arts of the Eighteenth Century at the Uffizi,,,"Masterpieces by Goya, Tiepolo, Canaletto, Le Brun, Liotard, Mengs and many other masters; spectacular views of iconic places of the Grand Tour in Italy; the monumental Mystic Marriage of St. Catherine by French painter Pierre Subleyras, restored live on display before the public's eyes; the sensual curiosities of the Cabinet of Erotic Antiquities reconstructed according to the fashion of the Age of Enlightenment. The Uffizi Galleries bring the 18th century back to life with an impressive exhibition titled ""Florence and Europe. Arts of the Eighteenth Century at the Uffizi”, curated by the director Simone Verde and the head of Eighteenth-Century Painting Alessandra Griffo, and set up in the airy frescoed rooms on the ground floor of the museum. A careful selection of around 150 works, including paintings, sculptures, furniture, porcelain, prints, and a large tapestry, many exhibited for the first time in the Gallery, and others that have not been accessible for more than ten years due to the museum's extension works. The aim of the exhibition is to recount, through art, an era of crucial changes for Western thought, aesthetics, and taste, and also for the Uffizi itself, which, in the 18th century, was completely transformed from a dynastic treasure chest of royal collections into a modern museum, the first in the world. It was precisely at this time, in fact, that the pact established by the last Medici descendant, Anna Maria Luisa, certifying the end of the dynasty in 1737, bound the boundless store of works to Florence ""for the ornament of the State""; and it was Pietro Leopoldo, Grand Duke of Tuscany, who in 1769 allowed citizens, on the feast day of Florence's patron saint, St. John (24 June), to visit the museum freely. Structural changes intertwined with the great wave of political, cultural, and aesthetic transformations throughout Europe, which the Grand Dukes in Florence managed to intercept with the Uffizi Galleries, transforming the city and the museum into",https://www.uffizi.it/en/events/florence-and-europe,"Found on the venue's ""past 2025"" listing page. The venue's page shows only ""24 June"" for this exhibition's dates — no year is published anywhere."
uffizi,1925-1955 Fashion in the Spotlight. The origins of Made in Italy,2025-06-18,2025-11-02,"From 18 June to 2 November 2025, the Museum of Fashion and Costume of Pitti Palace will host in four rooms “Fashion in the Spotlight 1925–1955. The origins of Made in Italy”, an exhibition promoted by the Ministry of Culture, organized and created by Archivio Luce Cinecittà in collaboration with the Uffizi Galleries and curated by Fabiana Giacomotti. The exhibition aims to reconstruct thirty fundamental years in the history of Italian fashion, before its definitive international affirmation. Over fifty items of clothing, accessories and audiovisual and photographic contributions articulate the exhibition path, designed to tell how Italian fashion was defined – between textile innovation, aesthetic research, excellent craftsmanship and commercial strategies – well before the famous fashion show in the Sala Bianca of Pitti Palace in 1952. A narrative that develops over a time span between 1925 and 1955, intertwining little-known episodes with legendary names, so as to provide a new look at the roots of Made in Italy. At the heart of the exhibition is the extraordinary heritage of the Luce Archives, with an important core of photographs and films, many of which are unpublished. The garments and accessories on display come partly from prestigious museums (such as the Boncompagni Ludovisi Museums, Palazzo Madama) and partly from corporate or private archives, such as the Massimo Cantini Parrini Collection, present with a considerable number of pieces. ""With this exhibition project, hosted in one of the cities that best tell the world about the exceptionality and greatness of Italian creativity and art, we intend to highlight one of its greatest expressions, fashion. The exhibition is intended as an original historical snapshot of the evolution and affirmation of a sector that has always been synonymous with vision and whose unique creations, the fruit of expert hands, have made and continue to make the flagship of Made in Italy. A national heritage whose importance is we",https://www.uffizi.it/en/events/1925-1955-fashion-the-origins-of-made-in-italy,"Found on the venue's ""past 2025"" listing page. The venue extended this exhibition; it first announced 2025-09-28 as the closing date."
uffizi,The Witch by Salvator Rosa displayed in Pitti Palace,2025-01-11,2025-02-09,"The Witch by the tormented and original 17th-century painter Salvator Rosa, becomes part of the Uffizi collection. Soon it will be welcomed in the Gallery, in the rooms of the 17th-century masters; however, immediately after the Christmas holidays, it will have its own special exhibition moment in the White Hall of the Pitti Palace.",https://www.uffizi.it/en/events/the-witch-by-salvator-rosa-displayed-in-pitti-palace,"Found on the venue's ""past 2025"" listing page. opening and closing date read from a sentence, not a date field: ""11 January to 9 February 2025""."
uffizi,"Stanislao Pointeau. A Tuscan ""macchiaiolo""of French descent. An exhibition dedicated to Prof. Carlo Del Bravo",2024-10-26,2025-02-16,"Terre degli Uffizi returns to San Casciano with a monographic exhibition devoted, for the very first time, to the Franco-Florentine painter Stanislao Pointeau and to the role he played in the birth and development of the Macchiaolo style in Florence and in Tuscany. The exhibition at the Museo Giuliano Ghelli, due to run from 26 October to 16 February, is entitled “Stanislao Pointeau – A Tuscan Macchiaiolo of French Descent”. The exhibition is curated by Michele Amedei and organised by the Comune di San Casciano in Val di Pesa as part of the Fondazione CR Firenze and Gallerie degli Uffizi exhibition programme, in the context of their respective Piccoli Grandi Musei and Uffizi Diffusi schemes. After the exhibition devoted to Jacopo Vignali, this is once again a tribute to Carlo del Bravo, the diligent art historian from San Casciano whose research in the late 1970s led to Stanislao Pointeau’s rediscovery. Stanislao was born in Florence to Jean Louis Pointeau, a wine salesman from Blois in the Loire Valley, and his Florentine wife Giovanna Piacenti. He enrolled at the local Academy of Fine Arts in the early 1850s, but while studying there, he also frequented the Caffè Michelangiolo where he, Telemaco Signorini and other artists founded the Macchiaioli group. In their company, he not only rubbed shoulders with the French community in the city but also explored Florence and its surroundings. He focused in particular on the banks of the Arno, which were to become the source of inspiration for his Renaioli d’Arno (Arno Sand-dredgers), a painting that attracted praise when it was shown at the Italian National Exhibition held in Florence in 1861. After his Macchiaiolo period, Pointeau moved to Pisa in 1867, where he was isolated from his Florentine friends but he managed to stay in touch with them, and with Diego Martelli in particular, all the same. The final phase in his artistic career was influenced by the Symbolist climate represented, in the Pisa area, by a community o",https://www.uffizi.it/en/events/stanislao-pointeau,"Found on the venue's ""past 2024"" listing page."
uffizi,"Tuscan Tournaments. The Saracen Joust, the Crossbow Palio and the Game of the Bridge",2024-09-12,2025-01-12,"The Casa Museo dell’Antiquariato Ivan Bruschi in Arezzo, part of the Intesa Sanpaolo portfolio, is hosting an exhibition until 12 January 2025 entitled “Tuscan Tournaments: The Saracen Joust, the Crossbow Palio and the Game of the Bridge” curated by Museo Stibbert Curator of Armouries Riccardo Franci. The exhibition is part of the Lands of the Uffizi project devised and produced by the Gallerie degli Uffizi and the Fondazione CR Firenze in the context of their respective Uffizi Diffusi and Piccoli Grandi Musei schemes. Starting with the Saracen Joust, a popular event celebrated in the city of Arezzo, the exhibition sets out to document war games using prints and paintings of various periods from the Gallerie degli Uffizi and, above all, numerous examples of helmets, weapons and armour from the Museo Stibbert’s famous collection. These knightly contests, which became fashionable in the Middle Ages and survived well into the Renaissance, included the Crossbow Palio, where precision was the skill required of contestants, and the ancient Game of the Bridge, a trial of strength on foot to conquer the Old Bridge in Pisa. Visitors are greeted by the most iconic exhibit in the show, a 16th century Buratto or Saracen quintain on loan from the Museo Nazionale del Bargello. Likely to have been made for celebrations held to mark the marriage of Francesco I and Bianca Cappello in 1579, alterations over the centuries have transformed it from a Saracen noble into the European warrior we see today. The exhibition logo is another prestigious work of art, Stefano Della Bella’s Knight in Armour made for a parade, on loan from the Gallerie degli Uffizi. The rich, sumptuous attire and caparison conjure up an image of the sheer splendour that attended these spectacular events designed to celebrate the great and good. In another painting, on loan from the Fondazione CR Firenze, Stefano Della Bella illustrated one such event, a nighttime parade in the Boboli Garden in 1637. Arms and armour",https://www.uffizi.it/en/events/tornei-di-toscana-la-giostra-del-saracino-il-palio-della-balestra-e-il-gioco-del,"Found on the venue's ""past 2024"" listing page. opening and closing date read from a sentence, not a date field: ""12 September 2024 - 12 January 2025""."
uffizi,Carlo Maria Mariani. Arte oltre il tempo,,,"""Carlo Maria Mariani. Arte beyond time"" is the title of the exhibition hosted in the Andito degli Angiolini in Palazzo Pitti untill the 1st of December 2024. The exhibition consists of sixteen works by the Italian painter and internationally recognized contemporary master, who passed away in 2021 at the age of 90 in New York, and is curated by Clayton Calvert, executive director of The Carlo Maria Mariani and Carol Lane Mariani Foundation of New York and the art critic Vittorio Sgarbi. The exhibition covers a time span of over 50 years of the artist's production from 1968 to 2019 and includes contributions from the Foundation that bears his name, from the MART of Trento and Rovereto, from the Achille Forti Modern Art Gallery Collection of Verona, from Museo del Novecento in Milan and from the Antonio Martino Collection in Rome. “It is integral and implacable, positioning itself between Canova and Winkelmann, the return in Carlo Maria Mariani, the nostos: it is no longer a return to order, it is the recomposition of a lost world, an anastylosis in painting – states Vittorio Sgarbi. Mariani goes beyond David and concedes nothing to the present. His neoclassicism is reconstructed in the light of Surrealism, in a continuous projection of the dream [...]. His neoclassicism is not ideological, it is sentimental, it is Italy seen by a traveler who comes from afar, in his case who goes away to see it again"".",https://www.uffizi.it/en/events/carlo-maria-mariani,"Found on the venue's ""past 2024"" listing page. No closing date found anywhere on the venue's pages."
uffizi,Self-portraits on paper by 19th-century Masters,2024-08-06,2024-10-27,"In the rooms frescoed by Luigi Ademollo on the first floor of the Uffizi, self-portraits on paper by great Masters from the Department of Prints and Drawings' collections undergo a new rotation. The new arrangements is dedicated to the nineteenth century, a century in which self-awareness and the urgency to spread one's effigy became stronger among artists, who therefore used all the means, especially drawing and engraving. The exhibition takes account of the different techniques and forms of self-representation, examining the artists who taught at the Academy of Florence or attended it - such as Baldassarre Calamai, who in 1844 portrayed himself in a pencil sketch, or more controversial characters - such as the counterfeiter Egisto Rossi, here represented with three drawings. Among the most significant self-portraits drawn at the end of the century, undoubtedly worth mentioning are the two carried out by the Florentine sculptor Adriano Cecioni (pen) and by the Ticino painter Antonio Ciseri (pencil), who moved to Florence at a very young age. In art prints, the 19th century is represented by three great names: Domenico Morelli, with a recently purchased rare engraving executed during his stay in Florence in 1852 on view next to another unpublished version of the same subject; Federico Faruffini, with his singular and tormented self-portrait; and Giovanni Fattori, who closes the century with his famous etching on zinc here on display with the print and the engraved matrix. Finally, a tribute to a character who played a significant role in the history and formation of the Uffizi collection of works on paper: Anthony De Witt, whose self-portrait dating back to 1897 is exhibited in a captivating etching corrected with black pencil.",https://www.uffizi.it/en/events/self-portraits-on-paper-by-18th-century-masters,"Found on the venue's ""past 2024"" listing page."
uffizi,Self-portraits on paper by 18th- and early 19th-century masters,2024-05-07,2024-08-04,"On display on the first floor of the Uffizi are a series of drawings and prints by artists from the late 18th and early 19th centuries like Benedetto Vincenzo De Greyss (Livorno 1724-Venezia 1759), Raffaello Morghen and Luigi Sabatelli. Curated by Luisa Berretti, Laura Donati and Donatella Fratini, the selection of works is part of the rotating exhibition programme of works on paper from the Department of Prints and Drawings, which due to their fragile nature, and in order not to alter their state of preservation, can only be exhibited for short periods of time and under constant and monitored conditions of light, temperature and humidity. The collection of the Uffizi's Department of Prints and Drawings is one of the most important collections of graphic art in the world in terms of artistic value and number of works preserved (about 180,000 sheets). curated by Luisa Berretti, Laura Donati and Donatella Fratini",https://www.uffizi.it/en/events/self-portraits-on-paper-18th-and-early-19th-centuries,"Found on the venue's ""past 2024"" listing page. opening and closing date read from a sentence, not a date field: ""7 May to 4 August 2024""."
uffizi,Uffizi: on display two masterpieces damaged by the 1993 Georgofili mafia attack,2024-05-26,2024-07-28,"The exhibition is open from 26 May to 28 July 2024, on the ground floor of the Gallery, in a large room located at the beginning of the museum itinerary. Alongside, the projection of a video with the testimonies of the firefighters who provided first aid, and of the museum staff that on the very night of the attack hastened to limit the damages caused by the explosion. On the occasion of the 31st anniversary of the mafia bombing in Via dei Georgofili, two canvases by the Caravaggesque painter Bartolomeo Manfredi, which were damaged by the blast, are put on display.",https://www.uffizi.it/en/events/georgofili-commemoration-2024,"Found on the venue's ""past 2024"" listing page."
brera,Beauty and the Ideal,2025-05-16,2027-05-17,"From May 16, 2025, Room 1 of the Pinacoteca di Brera will be transformed to host “Beauty and the Ideal,” an unmissable exhibition dedicated to Antonio Canova. Twelve plaster busts restored by Banca Ifis, including the marble Vestal and enameled miniatures from the Sommariva collection, offer a unique journey into Neoclassicism, the founding heart of the Milanese museum. The Pinacoteca di Brera opens to the public, from May 16, 2025, “Beauty and the Ideal,” a new exhibition entirely dedicated to Antonio Canova. Protagonists are 12 plaster busts restored and lent by Banca Ifis, presented for the first time in Milan in the renovated Room 1. Alongside these masterpieces, the Vestal, a precious marble bust by the neoclassical master, returns to Brera after more than a century, along with a selection of enameled miniatures from the collection of Giovanni Battista Sommariva, a key figure in Napoleonic art. The rearrangement enhances the sculpture as an integral part of the museum itinerary and celebrates the link between Brera and Neoclassicism.",https://pinacotecabrera.org/en/news/mostra/beauty-and-the-ideal/,"Found on the venue's ""current"" listing page. Also listed on the venue's ""past"" page. Also listed on the venue's ""past"" page."
brera,Pinacoteca viaggiante,2025-05-16,2027-05-17,"The exhibition presents the extraordinary collection of 99 miniatures on enamel commissioned by Count Giovanni Battista Sommariva, a patron and neoclassical collector. Created between 1810 and 1825, the “traveling Pinacoteca” reproduces the masterpieces of his collection, transforming art into an elegant tool for personal representation. The wealthy Count Giovanni Battista Sommariva (1757-1826), a fervent supporter of Napoleon, was the greatest collector of the Neoclassical era, as well as a great patron, commissioner, and protector of artists, especially French ones. Between 1810 and 1825, the count commissioned five highly skilled miniaturists of the time (Adèle Chavassieu d’Haudebert, Henri L’Evêque, Pierre Édouard Gautier Dagoty, Giambattista Gigola, and Abraham Constantin) to reproduce many of the paintings in his collection on enamel. He thus created a “portable pinacoteca” that accompanied him on his numerous trips around Europe, proudly displaying it as his personal calling card. Nobles, princes, diplomats, ambassadors, intellectuals, and ladies who frequented the salons of the European nobility of his time observed the small paintings with wonder and amazement: a veritable “traveling pinacoteca.” Consisting of 99 beautiful miniatures in enamel on copper framed by fine gilded bronze frames, the “catalog” made great art prêt-à-porter.",https://pinacotecabrera.org/en/news/mostra/pinacoteca-viaggiante/,"Found on the venue's ""current"" listing page. Also listed on the venue's ""past"" page. Also listed on the venue's ""past"" page."
brera,Giovanni Agostino da Lodi. An itinerant painter between Leonardo and Giorgione,2026-05-26,2026-09-13,"For the first time, an exhibition traces the career of one of the most original artists working in Italy during the decades spanning the 1500s. The exhibition captures the complexity of this artist through 46 works by him and by artists such as Bramantino, Alvise Vivarini, Giovanni Bellini, Giorgione, and Dürer, housed at Brera and on loan from museums including the Musée du Louvre in Paris, the Gallerie dell’Accademia in Venice, the Kunsthistorisches Museum in Vienna, the Galleria Borghese in Rome, the Museo del Prado in Madrid, and the National Gallery in London. 46 works brought together for the first time reconstruct his career and the context in which it developed. Alongside his paintings, masterworks by Bramantino, Giovanni Bellini, Giorgione, Dürer, Lorenzo Lotto and Girolamo Romanino, the masters with whom Giovanni Agostino engaged, reinterpreting them in an entirely personal way. Giovanni Agostino da Lodi. Born in Lodi, he trained in Milan in the circle of Bramante and Bramantino before moving to Venice at the end of the fifteenth century, where he worked for over a decade absorbing the language of the city’s great masters. He returned to Milan around 1510, where he worked on major commissions including Santa Maria della Pace and the Certosa di Pavia. His is a story of belated recognition. For centuries his works were attributed to other painters. It was only in the early twentieth century that the art historian Wilhelm von Bode began grouping together, under the provisional name “Pseudo Boccaccino”, a set of paintings with an unmistakable style. The painter’s true identity emerged thanks to a signature on a small panel held at Brera, published in 1912, though his full critical rehabilitation only came at the end of the last century. What makes Giovanni Agostino da Lodi unique is his ability to move between two distinct pictorial culturesm Milanese and Venetianm without fully belonging to either. In Venice he absorbed the influence of Alvise Vivarini, then",https://pinacotecabrera.org/en/news/mostra/giovanni-agostino-da-lodi-a-traveling-painter-between-leonardo-and-giorgione/,"Found on the venue's ""current"" listing page. Also listed on the venue's ""past"" page. Also listed on the venue's ""past"" page."
brera,Oman and Italy: Two Millennia of Cross-Civilisational Dialogue,2026-06-18,2026-09-13,"Through a selection of 59 works, artifacts, manuscripts, maps, and historical documents spanning from the Iron Age to the present day, the exhibition traces the history of trade and relations that, for over two millennia, have linked the Sultanate of Oman to the Mediterranean, Italy, and the major cultural and commercial networks of the ancient and modern worlds. Where Biblioteca Nazionale Braidense, Sala Maria Teresa When June 18–September 13, 2026 Hours Monday: 9:30 AM – 6:00 PM (access via the Library only; last admission at 5:30 PM) Tuesday through Friday: 9:30 AM – 6:00 PM (last admission at 5:30 PM)",https://pinacotecabrera.org/en/news/mostra/oman-and-italy-two-millennia-of-cross-civilisational-dialogue/,"Found on the venue's ""current"" listing page. Also listed on the venue's ""past"" page. Also listed on the venue's ""past"" page."
brera,[upcoming page],,,,https://pinacotecabrera.org/en/exhibitions-and-events/exhibitions/?current_page=1&date=scheduled,"The venue's ""upcoming"" listing page loaded but no exhibitions could be read from it. Marker row, not an exhibition."
brera,"Giorgio Armani. Milano, per amore",2025-09-24,2026-05-03,"Over 120 creations trace Armani’s style while reimagining the path through the museum. Painting and fashion intertwine, inviting visitors to engage with unexpected visual and material juxtapositions. Giorgio Armani has often spoken of his love for Brera, the neighbourhood he chose to live and work in, and whose dual soul, both cultured and deeply vital, he admired, with its blend of elegance and artistic freedom. When From September 24, 2025, to January 11, 2026 Extended until May 3, 2026 Hours Tuesday to Sunday: 8:30 a.m. to 7:15 p.m. (last admission at 6:00 p.m.)",https://pinacotecabrera.org/en/news/mostra/giorgio-armani-milano-per-amore/,"Found on the venue's ""past"" listing page. opening date read from a sentence, not a date field: ""September 24, 2025, to January 11, 2026""."
brera,La grande pittura italiana,2025-05-24,2025-07-27,"La Pinacoteca di Brera e il Comune di Arcore presentano una privata raccolta di dipinti, realizzati da maestri del secondo Novecento, provenienti da una vasta operazione di confisca di 52 opere, condotta da Corte d’Appello, Carabinieri, Guardia di Finanza e Nucleo Polizia Economico – Finanziaria di Milano. La Pinacoteca di Brera, in collaborazione con il Comune di Arcore, presenta una mostra eccezionale che riunisce per la prima volta 25 dipinti di maestri del secondo Novecento, selezionati nell’ambito di una significativa operazione di confisca condotta da Corte d’Appello, Carabinieri, Guardia di Finanza e Nucleo di Polizia Economico-Finanziaria di Milano. Frutto di un’attenta selezione a cura della Soprintendenza di Milano, le opere esposte fanno parte di un nucleo più ampio di 52 opere sottoposte a sequestro, oggi in fase di assegnazione a sei prestigiose istituzioni museali italiane: Pinacoteca di Brera, Museo del Novecento (Milano), Complesso Monumentale della Pilotta (Parma), Galleria Civica d’Arte Moderna e Contemporanea (Torino), Galleria Internazionale d’Arte Moderna “Ca’ Pesaro” (Venezia) e Galleria Nazionale d’Arte Moderna e Contemporanea (Roma). La mostra si configura come un viaggio nella pittura italiana (e non solo) dagli anni ’40 ai primi anni 2000, articolato in nuclei tematici e cronologici: dalle figure dal vero di Guttuso e de Pisis, alle sperimentazioni astratte di Tancredi, Dorazio e Afro; dalle strutture simboliche e segni grafici di Tobey, Capogrossi, Scialoja e Licata, fino ai giochi iconografici di Novelli. Un caso virtuoso di cooperazione tra istituzioni pubbliche, quello sancito dal protocollo d’intesa firmato nel 2024 da Brera e Comune di Arcore, che ha reso Villa Borromeo sede di custodia per tutte le opere confiscate, sotto la vigilanza scientifica della Pinacoteca. La mostra è un’occasione rara per scoprire opere mai viste prima, restituite alla collettività e in procinto di entrare stabilmente nelle collezioni pubbliche del Paese. Un",https://pinacotecabrera.org/en/news/mostra/la-grande-pittura-italiana/,"Found on the venue's ""past"" listing page."
brera,Buon Compleanno Linus,2025-06-03,2025-09-09,"1965–2025: 60 anni di fumetto d’autore a Milano. Una mostra-evento che ripercorre sei decenni di storia della rivista linus, tra tavole originali, copertine iconiche e un omaggio speciale ad Altan, nel 50° anniversario della Pimpa e di Cipputi. a cura di Elisabetta Sgarbi, Marcello Garofalo con la collaborazione di Igort Il Cortile d’Onore della Pinacoteca di Brera si apre al mondo del fumetto d’autore con la mostra Buon Compleanno linus. 1965–2025: 60 anni di fumetto d’autore a Milano. Con un omaggio ad Altan. L’iniziativa, parte del programma de La Milanesiana, ideata e diretta da Elisabetta Sgarbi, celebra i sessant’anni di linus, la rivista che ha rivoluzionato il panorama culturale italiano e internazionale, portando il fumetto a nuovi livelli di espressione artistica e intellettuale. Nata a Milano nell’aprile del 1965, linus è stata una vera e propria fucina di cultura pop e pensiero critico. Tra le sue pagine hanno trovato spazio non solo i celebri Peanuts di Charles M. Schulz – a cui si deve anche la scintilla originaria del progetto – ma anche personaggi entrati nell’immaginario collettivo: da Popeye di Segar a Valentina di Guido Crepax, da Corto Maltese di Hugo Pratt a Mafalda di Quino, fino a eroi contemporanei come Dylan Dog di Tiziano Sclavi e Zerocalcare. Curata da Elisabetta Sgarbi e Marcello Garofalo, con la collaborazione di Igort e l’allestimento firmato da Luca Volpatti, la mostra si propone come un vero e proprio “viaggio nella storia d’Italia”, accompagnato dal segno grafico e dalla voce spesso irriverente del fumetto. Dai fondatori Giovanni Gandini, Umberto Eco e Oreste del Buono fino all’attuale direzione di Sgarbi e Igort, il percorso espositivo racconta decenni di cultura attraverso disegni, copertine e documenti d’archivio.",https://pinacotecabrera.org/en/news/mostra/buon-compleanno-linus/,"Found on the venue's ""past"" listing page."
khm,Canaletto & Bellotto,2026-03-24,2026-09-06,"Explore Venice, London, and Vienna through the eyes of Canaletto and Bellotto, two of the eighteenth century’s most celebrated city painters. Discover how these Venetian masters created views that are scientifically precise and yet also dramatic compositions – works crafted to captivate an international audience. The famous city views of Giovanni Antonio Canal (better known as Canaletto) and his nephew Bernardo Bellotto (who often called himself Canaletto as well, to emphasize his connection to his celebrated uncle) take centre stage in the upcoming exhibition at the Kunsthistorisches Museum. With the help of optical devices, such as the camera obscura, these two Venetian painters surveyed European cities with scientific precision, yet creatively transformed what they saw into grand pictorial scenes. Both artists painted spectacular views of their hometown, Venice, but they both left the lagoon city to pursue their careers abroad: Canaletto moved to London, while Bellotto worked in Dresden and Vienna. Featuring major international loans – many of which have never before been exhibited in Austria – the exhibition invites you to rediscover the eighteenth-century city and two artists whose careers mirror a Europe shaped by mobility, war, and uncertainty.",https://www.khm.at/en/exhibitions/canaletto-bellotto,"Found on the venue's ""current"" listing page."
khm,Head and Shoulders. Coins in Fashion,2025-11-11,,"Coin images are among the smallest portraits in the world. Making use of extremely confined space, they show finely detailed half-length likenesses, usually in profile. The small size of coin portraits frequently calls for highly symbolic imagery. The hairstyles, garments, and accessories that are depicted go beyond being aesthetically pleasing add-ons: they reflect the Zeitgeist and open a window into the cultures of bygone ages. More than a hundred coin portraits are on show from a cultural history perspective in the exhibition Head & Shoulders, illustrating several millennia of fashion and lifestyle. Like small time capsules, coins and medals preserve the elaborate hairstyles, magnificent beards, and intricate head coverings of each period. The exhibition travels through more than 2,400 years of fashion history with the help of over 100 coins. Coins were minted in large amounts and were in daily use. A coin portrait was therefore the image that was most frequently seen by a ruler’s subjects. Hence, the way the sovereigns styled themselves carried particular importance.",https://www.khm.at/en/exhibitions/head-and-shoulders-coins-in-fashion,"Found on the venue's ""current"" listing page. Also listed on the venue's ""upcoming"" page. No closing date found anywhere on the venue's pages."
khm,My Story – Ancient Female Portraits and Their Afterlife,,2026-09-20,"The special presentation Vitrine EXTRA, which periodically showcases different ancient objects as temporary additions to the permanent exhibition of the Kunsthistorisches Museum's Collection of Greek and Roman Antiquities arrow_outward , focuses in its eighth edition on ancient portraits of women and their afterlife. Two very different, previously unexhibited female portraits offer insights into current research, which helps us restore the lost history of many objects. The Collection of Greek and Roman Antiquities at the Kunsthistorisches Museum contains around 250 Roman marble portraits, many of which have undergone numerous alterations and additions. In many cases, these date back as far as the sixteenth century and illustrate what was expected of ancient sculptures at the time, and how works of art were adapted to the tastes and purposes of the period. Ancient portraits often bring to life, in a strikingly vivid and immediate way, people who lived long ago. In our special exhibition, we let these sculptures speak for themselves. They tell us about their appearance and the important role played by an often underestimated detail: the hairstyle. It is through this that key questions in portrait research can be explored – from dating to the identity of the subjects. At the heart of the exhibition are two portraits of women. One is a marble bust, which probably depicts the deified Julia (61–89 CE) (image below), daughter of Emperor Titus and niece of Emperor Domitian of the Flavian dynasty. She wears a distinctive hairstyle with curls above her forehead, behind which a metal diadem was presumably concealed, a feature that points to her social rank and the era. Collection of Greek and Roman Antiquities, Hochparterre Maria-Theresien-Platz, 1010 Vienna Google Maps arrow_outward",https://www.khm.at/en/exhibitions/my-story-ancient-female-portraits-and-their-afterlife,"Found on the venue's ""current"" listing page. Also listed on the venue's ""upcoming"" page. No opening date published while this exhibition is running."
khm,Crime Scene Ephesus,2026-10-20,2027-03-29,"A mysterious tomb, an unexplained murder, a world in turmoil – in Ephesus, one of the most magnificent cities of the ancient world, Cleopatra’s sister Arsinoë was murdered under circumstances that remain unexplained. What role did the big players of the time – Cleopatra, Julius Caesar, Mark Anthony, and Augustus – play in it? Embark on your own investigation and discover the world of antiquity on the threshold of the Roman Imperial period. This exhibition by the Kunsthistorisches Museum is being held at the Neue Hofburg / Weltmuseum Wien. At the beginning of the 20th century, Austrian archaeologists discovered an octagonal tomb structure in Ephesus and a skeleton preserved inside it. To this day, it remains unclear who was buried in the so called “Octagon.” Based on this spectacular discovery, Crime Scene Ephesus combines archaeology, history, and the latest scientific knowledge to create a fascinating cultural and historical panorama. Alongside the “global players” of this era – Cleopatra, her allies (and lovers) Caesar and Mark Antony, and her adversary Augustus – it offers a glimpse into an age of turmoil, splendor, and cultural achievements that continue to fascinate to this day.",https://www.khm.at/en/exhibitions/crime-scene-ephesus,"Found on the venue's ""upcoming"" listing page."
khm,Bernini - Painter and Sculptor,2026-12-02,2027-04-04,"An exhibition by the Kunsthistorisches Museum in the Palais Lobkowitz The focus of the exhibition at Palais Lobkowitz is the Portrait of an Old Man, which was previously attributed to an anonymous painter. However, recent research suggests that the painter was none other than Gian Lorenzo Bernini. Known as the designer of St Peter’s Square in Rome and for his masterful sculptures, the Italian Baroque artist Bernini was one of the most outstanding artists of his time. This new discovery from the Kunsthistorisches Museum’s collection is all the more spectacular given that only a few of his once numerous portrait paintings have survived. Around ten prominent international loans invite visitors to rediscover the great artist from a surprising and hitherto little-noticed perspective. Theatermuseum, Palais Lobkowitz Lobkowitzplatz 2, 1010 Wien Google Maps arrow_outward",https://www.khm.at/en/exhibitions/bernini-painter-and-sculptor,"Found on the venue's ""upcoming"" listing page."
khm,Prime Time – Travelling with a Roman Portable Sundial,2026-09-25,2027-03-14,"The special presentation Vitrine EXTRA, which periodically showcases different ancient objects as temporary additions to the permanent exhibition of the Kunsthistorisches Museum's Collection of Greek and Roman Antiquities arrow_outward , focuses in its ninth edition on a Roman Portable Sundial. This is how we learn how portable sundials worked and just how accurately – or inaccurately! – they were able to tell the time. Even in ancient times, people used the sun to measure time. A rod (gnomon) cast a shadow whose length and position varied depending on the time of day, the position of the sun, and the season. However, reading the time from a pocket sundial required more than just a gnomon and the sun. What could interchangeable discs featuring a grid of lines and place names such as Alexandria have to do with it? From 20 October, our major special exhibition Crime Scene Ephesus: Cleopatra and Rome at the Neue Hofburg/Weltmuseum Wien takes you on a journey to ancient Alexandria, Ephesus and Rome.",https://www.khm.at/en/exhibitions/prime-time-travelling-with-a-roman-portable-sundial,"Found on the venue's ""upcoming"" listing page."
moma,[current/upcoming page],,,,https://www.moma.org/calendar/exhibitions,"The venue's ""current/upcoming"" listing page could not be read: the venue’s site refused us (HTTP 403). Marker row, not an exhibition."
moma,[past page],,,,https://www.moma.org/calendar/exhibitions/history,"The venue's ""past"" listing page could not be read: the venue’s site refused us (HTTP 403). Marker row, not an exhibition."
brit,[current/upcoming page],,,,https://www.britishmuseum.org/exhibitions-events,"The venue's ""current/upcoming"" listing page loaded but no exhibitions could be read from it. Marker row, not an exhibition."
brit,[past page],,,,https://www.britishmuseum.org/exhibitions-events/past-exhibitions,"The venue's ""past"" listing page could not be read: the venue’s site refused us (HTTP 403). Marker row, not an exhibition."
dellav,Transforming Energy: Marina Abramović,2026-05-06,2026-10-18,"Internationally renowned artist Marina Abramović will make history in 2026 as the first living female artist to be honored with a major exhibition at the Gallerie dell’Accademia in Venice. Transforming Energy, presented on the occasion of the 61st Venice Biennale, will be open from May 6, 2026, and remain on view until October 18, 2026. The exhibition marks the artist’s 80th birthday and establishes a profound dialogue between her pioneering performance art and the Renaissance masterpieces that have shaped Venice’s cultural identity. Curated by Shai Baitel, Artistic Director of the Modern Art Museum (MAM) Shanghai, in close collaboration with the artist, the exhibition unfolds both in the permanent collection galleries and in the temporary exhibition spaces—an absolute first in the institution’s history—placing Abramović’s work at the very heart of Venetian heritage. At the heart of Transforming Energy lies the encounter between past and present, the material and the immaterial, body and spirit. Visitors are invited to experience a series of interactive “Transitory Objects”—beds and stone structures embedded with crystals—by lying down, sitting, or standing on them, activating what Marina Abramović defines as a “transmission of energy.” Iconic works such as Imponderabilia (1977), Rhythm 0 (1974), Light/Dark (1977), Balkan Baroque (1997), and Carrying the Skeleton (2008) are presented alongside projections of historical performances, while new creations produced for the occasion highlight her long-standing exploration of endurance, vulnerability, and transformation.",https://www.gallerieaccademia.it/en/exhibition/transforming-energy-marina-abramovic/,"Found on the venue's ""current"" listing page. opening date read from a sentence, not a date field: ""6 May 2026-18 October 2026""."
dellav,TransLucent — The Form of Light,2026-09-10,2026-11-22,"Starting on 10 September, the Gallerie dell'Accademia di Venezia will present Leiko Ikemura. TransLucent — The Form of Light, an exhibition dedicated to the glass sculptures of Leiko Ikemura, one of the most acclaimed contemporary artists on the international art scene. The works are displayed throughout the museum's historic galleries in dialogue with masterpieces from the permanent collection, ranging from Paolo Veneziano and Vittore Carpaccio to Titian and Giambattista Tiepolo. The exhibition brings Ikemura's contemporary artistic research into conversation with the Venetian painting tradition, creating a journey of iconographic, symbolic, and spiritual connections. Building on her extensive experience in painting and sculpture, Leiko Ikemura explores the expressive possibilities of glass, reaffirming the interdisciplinary nature of her artistic practice. The transparency and almost immaterial quality of glass become the medium for exploring universal themes such as transformation, fragility, and transcendence. Her interest in glass emerged during the years of the Covid-19 pandemic, when the luminosity and evanescent nature of this material took on a profound symbolic meaning for the artist. Beyond its technical properties, her works evoke light taking form, suggesting a presence suspended between the visible and the invisible. The exhibition brings together female figures, hybrid creatures, fantastical animals, and sleeping faces—recurring motifs in Ikemura's poetic universe. Nature, humanity, and imagination merge into a delicate and visionary visual language. These works engage in dialogue with the paintings in the Gallerie dell'Accademia's collection, revealing unexpected affinities around themes of motherhood, metamorphosis, contemplation, life, death and transcendence. The exhibition also includes a new work created specifically for Venice in collaboration with a Murano glass furnace, conceived as a tribute to the lagoon's centuries-old glassmaking traditio",https://www.gallerieaccademia.it/en/exhibition/leiko-ikemura-translucent-the-shape-of-light/,"Found on the venue's ""current"" listing page. opening and closing date read from a sentence, not a date field: ""10 set 2026 - 22 nov 2026""."
tate-modern,FRIDA: THE MAKING OF AN ICON,2026-06-25,2027-01-03,"Step into the life and legacy of Frida Kahlo: revolutionary artist and global icon Discover the extraordinary story of how Frida Kahlo became one of the most influential artists of all time, a cultural phenomenon, and an internationally recognised commercial icon. Frida: The Making of an Icon will showcase over 30 of Kahlo’s most iconic works that introduce her ‘many selves’ – the dedicated wife, the intellectual, the modern artist, and the political activist. Alongside treasured garments, jewellery, photographs and memorabilia, there are over 200 works by her contemporaries and the artists she inspired from later generations, celebrating her lasting impact on those who continue to reimagine and reclaim her remarkable story. The show will culminate by exploring ‘Fridamania’. Kahlo’s transformation into a global brand will feature more than 200 commercial objects that encompass her art, image, style and persona.",https://www.tate.org.uk/whats-on/tate-modern/frida-kahlo-the-making-of-an-icon,"Found on the venue's ""current/upcoming"" listing page. Also listed on the venue's ""recently opened"" page. Also listed on the venue's ""recently opened"" page. Also listed on the venue's ""recently opened"" page. opening date read from a sentence, not a date field: ""25 June 2026 - 3 January 2027""."
tate-modern,Julio Le Parc: Light. Colour. Action.,2026-06-08,2027-05-03,"Discover seven decades of joyful works by Argentinian artist Julio Le Parc, which turns visitors into active participants Playful and mesmerising, this immersive exhibition celebrates the visionary work of Julio Le Parc. Featuring his striking interactive installations, shimmering light sculptures, and large-scale geometric paintings, the show spans an extraordinary career from the late 1950s to the 2020s. He is best known for his pioneering kinetic sculptures, which use light, movement and mirrored surfaces to surprise and draw in the viewer. Le Parc wanted to make viewers feel active, with their acts of looking and experiencing bringing each artwork to life; to make more democratic art that everyone can easily enjoy. The show also explores the depth and diversity of Le Parc’s talent, with trailblazing installation art plus canvases and works on paper experimenting with colour combinations and dynamic visual effects.",https://www.tate.org.uk/whats-on/tate-modern/julio-le-parc,"Found on the venue's ""current/upcoming"" listing page. Also listed on the venue's ""recently opened"" page. Also listed on the venue's ""recently opened"" page. opening date read from a sentence, not a date field: ""8 June 2026 - 3 May 2027""."
tate-modern,Ana Mendieta,2026-07-14,2027-01-17,"Experience the powerful work of Ana Mendieta, whose legacy changed the course of contemporary art This major exhibition dedicated to Ana Mendieta presents many of her iconic works alongside newly remastered films, early paintings, and late sculptural pieces, many of which have never been seen in the UK before. The show will continue outside the gallery walls, embracing Mendieta’s deep relationship with the natural world. Mendieta is best known for her Silueta Series, exploring the presence and absence of the human body, using a number of natural materials including fire, water and flowers. These ephemeral works were recorded as photographs and films. Active in the 1970s and early 80s, the Cuban-born American artist posed profound questions throughout her work around displacement and identity, which remain highly relevant today.",https://www.tate.org.uk/whats-on/tate-modern/ana-mendieta,"Found on the venue's ""current/upcoming"" listing page. Also listed on the venue's ""recently opened"" page. opening date read from a sentence, not a date field: ""14 July 2026 - 17 January 2027""."
tate-modern,Light and Magic: The Birth of Art Photography,2026-10-14,2027-02-21,"Light and Magic is the first major exhibition to explore pictorialism as a global movement. Discover how artists became pioneers of the darkroom, transforming our understanding of photography and image making. Bringing together over 200 rare prints by over 80 artists from Seoul to Sydney, New York to Cape Town and Brazil to Singapore, this truly international exhibition takes a fresh and inclusive look at the history of photography. Featuring never-before seen works from around the world alongside pieces from Tate’s Collection, Light and Magic highlights the vast and varied artistic possibilities of photography as a medium. All Tate Modern entrances are step-free. You can enter via the Turbine Hall and into the Natalie Bell Building on Holland Street, or into the Blavatnik Building on Sumner street. There are lifts to every floor of the Blavatnik and Natalie Bell buildings. Alternatively you can take the stairs.",https://www.tate.org.uk/whats-on/tate-modern/light-and-magic,"Found on the venue's ""current/upcoming"" listing page. Also listed on the venue's ""recently opened"" page."
tate-modern,Monet: Painting Time,2027-02-25,2027-06-27,"Enjoy the exquisite works of one of history’s best-loved artists Tate Modern’s first ever exhibition focusing exclusively on Claude Monet brings together breathtaking paintings from lenders across the globe, including rarely seen works from private collections. Based mainly in France, Monet lived through an era which saw the rise of railways, industrialisation, the modern city, and the adoption of standardised timekeeping. Drawing on new research, the show explores how Monet responded to these seismic changes through his work. The exhibition centres on Monet’s profound and evolving relationship with time. We see how he echoed the rapid pace of modern life by capturing the fleeting, instantaneous ‘impressionist’ moment, through works such as Arrival of the Normandy Train, Gare Saint-Lazare (1877). We are also shown, in celebrated series such as Poplars on the Epte (1891–1897), Monet’s attempts, through variations of the same subject, to capture a specific, transient instant in time.",https://www.tate.org.uk/whats-on/tate-modern/monet,"Found on the venue's ""current/upcoming"" listing page. Also listed on the venue's ""recently opened"" page."
tate-modern,Ink,2027-04-22,2027-08-30,"Ink is Tate’s first ever exhibition dedicated to the enduring and profoundly philosophical practice of ink painting. Serving as an introduction to this beautiful, intricate artform, the show highlights key ideas within the ink tradition, including its sense of historical continuity and relationship to the natural world. Organised around three themes ‘Life’, ‘the Garden’, and ‘Breath’, the exhibition features around 80 works. While ink painting is widely practiced across East Asia and its diasporas, the show focuses on key artists in mainland China, Hong Kong and Taiwan who helped reinvent it for the twentieth century. Each found new ways to honour the tradition while pushing it forward - boldly experimenting, yet staying true to its core principles. By tracing the connections between these artists, Ink reveals a vibrant regional network and challenges familiar Western narratives of modern art, including ideas of originality, expressionism and the avant-garde. Ink is presented in the Eyal Ofer Galleries. Research supported by Hyundai Tate Research Centre: Transnational in partnership with Hyundai Motor. Research supported by Hyundai Tate Research Centre: Transnational",https://www.tate.org.uk/whats-on/tate-modern/ink,"Found on the venue's ""current/upcoming"" listing page. Also listed on the venue's ""recently opened"" page."
tate-modern,Baya,2027-06-10,2027-10-17,"Witness the bold and beautiful works of leading Algerian artist Tate Modern presents the UK’s first ever solo exhibition of the work of Algerian artist Baya (Mahieddine). Featuring more than 100 of her vivid gouache watercolours, alongside unique ceramic sculptures, this show traces Baya’s groundbreaking impact across cultural landscapes in North Africa and Europe during the 20th century. Forging an artistic and cultural identity in newly independent Algeria, Baya’s geometric patterns and bold colours were rooted in the creative and natural surroundings of her homeland, as well as its storytelling and musical traditions. Throughout her life, she defied attempts to categorise her work in terms like ‘surrealist’ or ‘naive’, instead claiming her distinctly modernist approach as simply ‘Baya-ism’. Baya’s work has been influential on generations of international artists and thinkers, including figures such as Pablo Picasso and André Breton. This exhibition shines a spotlight on her practice, showcasing her extraordinary work on its own terms. It builds on new research to explore the complexity and experimentation at the heart of this hugely significant artist’s career.",https://www.tate.org.uk/whats-on/tate-modern/baya,"Found on the venue's ""current/upcoming"" listing page. Also listed on the venue's ""recently opened"" page."
tate-modern,Nalini Malani,2027-07-01,2028-01-09,"Witness the powerful work of leading contemporary artist Nalini Malani Surveying the incredible six-decade career of contemporary artist Nalini Malani, this exhibition is characterised by its ability to evoke both beauty and discomfort. As a global storyteller based in Mumbai, Malani’s work is deeply influenced by her own lived experience as a child refugee of India’s Partition. Her practice centres on rewriting Western and Eastern history, myths and literature in a way that prompts viewers to question the world around them. With this exhibition, Malani addresses the complexity of our times and reveals the hopeful conviction that guides her practice: ‘The future is female, there is no other way’. Known in India since the late sixties for her pioneering multidisciplinary approach, Malani gained international recognition with signature monumental multi-media works and installations such as Mother India: Transactions in the Construction of Pain, and In Search of Vanished Blood. These works will be presented in the show alongside her recent iPad animation series Can You Hear Me?",https://www.tate.org.uk/whats-on/tate-modern/nalini-malani,"Found on the venue's ""current/upcoming"" listing page. Also listed on the venue's ""recently opened"" page."
tate-modern,Lynda Benglis,2027-09-30,2028-03-05,"Immerse yourself in the electrifying, rule-shattering world of Lynda Benglis Lynda Benglis is renowned for challenging conventions and reinventing materials. This approach is already evident in her celebrated ‘pours’, first made in the late 1960s, when she mixed latex and Day-Glo pigments and poured them directly onto the floor to dramatic effect. Over the following decades, Benglis has continued to push the boundaries of form and material across video, photography, sculpture, and installation, working with substances as varied as polyurethane foam, bronze, ceramic, paper and glitter, to create an oeuvre as surprising as it is radical. Tate Modern will present more than 50 works spanning the late 1960s to the present, showcasing the inventive aesthetic that has cemented the American artist's role as one of the most influential artists of our time. The exhibition is organised by the Kunstmuseum Basel, in collaboration with Tate Modern and the Louisiana Museum of Modern Art.",https://www.tate.org.uk/whats-on/tate-modern/lynda-benglis,"Found on the venue's ""current/upcoming"" listing page. Also listed on the venue's ""recently opened"" page."
tate-modern,Edvard Munch,2027-11-11,2028-04-23,"Edvard Munch once described his famous painting series The Frieze of Life as ‘impressions from the life of the soul’. Through powerful images, Munch explored feelings we all recognise - love, loss, and loneliness in a changing world. This compelling new exhibition, organised in collaboration with the MUNCH museum, looks at Munch’s ‘soul paintings’ through the lens of cinema and visual storytelling. With unique input from contemporary filmmakers and academics, the exhibition will bring unprecedented insight into his radical tales of identity and desire. The exhibition includes key works from The Frieze of Life, alongside large-scale paintings, prints, photographs, Munch’s experimental film and rare archival material. By exploring universal themes of passion, pain, and inner turmoil, the show reveals why Munch’s work still feels so relevant in an era shaped by online sharing, self-expression and emotional honesty. Exhibition organised by Tate Modern in collaboration with MUNCH.",https://www.tate.org.uk/whats-on/tate-modern/edvard-munch,"Found on the venue's ""current/upcoming"" listing page. Also listed on the venue's ""recently opened"" page."
tate-modern,Gathering Ground,2025-01-29,2027-03-07,"Explore the power of art to inspire change in today’s ecological crisis Bringing together art from across Tate’s Collection, this exhibition highlights the connection between environmental and social justice, inviting us to reimagine our relationships with the natural world and each other. Artists Outi Pieski, Abbas Akhavan, Bruce Conner, Zheng Bo, Joydeb Roaja, Abel Rodriguez, Munem Wasif, Minerva Cuevas and Carolina Caycedo feature, as well as a new commission by Abbas Zahedi. Through their work, these artists honor Indigenous knowledge, nurture queer multispecies relations and document issues such as displacement and destruction of land and waterways. Set in a former oil and coal power station, Gathering Ground offers a shared space to reflect on our role in creating a more equal world. At a critical moment in our history, this powerful exhibition asks: how can we be good Ancestors for future generations?",https://www.tate.org.uk/whats-on/tate-modern/gathering-ground,"Found on the venue's ""current/upcoming"" listing page. Also listed on the venue's ""recently opened"" page. opening date read from a sentence, not a date field: ""29 January 2025 - 7 March 2027""."
tate-modern,Hyundai Commission: Tarek Atoui,2026-10-13,2027-04-11,"Tarek Atoui to create exciting new work for Tate Modern’s iconic Turbine Hall Tarek Atoui is an artist and composer celebrated for his innovative performances and installations that explore and challenge perceptions of sound. Drawing on his extensive research into music history, instrumentation and production, Atoui creates multisensory environments that blend music, technology, sculpture and performance. Central to his practice is the invention of intricately engineered instruments, made in collaboration with other artists, composers and makers, which double as sculptural objects. Tarek Atoui’s site-specific work for Tate Modern’s Turbine Hall will be the 11th in the series of commissions supported by Hyundai Motor. Over the past decade, the annual Hyundai Commission has welcomed over 19 million visitors. Each year an artist is invited to create a new work in the vast industrial space of the Turbine Hall, reshaping public perceptions of contemporary art. Hyundai Commission is in partnership with Hyundai Motor. Supported by the Tarek Atoui Supporters Circle and Tate Americas Foundation.",https://www.tate.org.uk/whats-on/tate-modern/tarek-atoui,"Found on the venue's ""current/upcoming"" listing page."
tate-modern,Hyundai Commission 2027,,,"Experience the world-renowned Hyundai Commission in the iconic Turbine Hall Since Tate Modern opened in 2000, the Turbine Hall has hosted some of the most memorable and ambitious works of our time. Each year, an invited artist creates a new site-specific work for the vast industrial space of the Turbine Hall, transforming how audiences encounter contemporary art. Over the past decade, the annual Hyundai Commission has welcomed over 19 million visitors. Each year an artist is invited to create a new work in the vast industrial space of the Turbine Hall, reshaping public perceptions of contemporary art. The Hyundai Commission 2027 will be the 12th in the series. The commissioned artist will be announced in 2027. The Hyundai Commission is made possible through the partnership between Tate and Hyundai Motor. Founded in 2014 as the longest initial commitment from a corporate partner in Tate’s history, the partnership has since been extended until 2036, supporting artists to realise some of the most ambitious installations of the past decade.",https://www.tate.org.uk/whats-on/tate-modern/hyundai-commission-2027,"Found on the venue's ""current/upcoming"" listing page. No closing date found anywhere on the venue's pages."
tate-britain,JAMES McNEILL WHISTLER,2026-05-21,2026-09-27,"Experience the captivating world of rule-breaking American artist James McNeill Whistler A truly global figure, Whistler re-wrote the rules of what it meant to be an artist. He pioneered new and innovative techniques, creating astonishingly beautiful, ethereal visions of modern life that would earn him a place as one of the most influential artists of the 19th and 20th centuries. This retrospective – the first major European exhibition of Whistler’s work in 30 years – brings together the artist’s world-famous paintings alongside rarely, or never seen, works. It includes exquisite portraits, drawings, prints, and designs, from as early as his teens in St. Petersburg to the enigmatic late self-portraits. The exhibition presents both a boldly experimental artist and cosmopolitan celebrity, disrupting the conventions of Victorian society in pursuit of truth, beauty, and progress.",https://www.tate.org.uk/whats-on/tate-britain/whistler,"Found on the venue's ""current/upcoming"" listing page. Also listed on the venue's ""recently opened"" page. Also listed on the venue's ""recently opened"" page. opening date read from a sentence, not a date field: ""21 May - 27 September 2026""."
tate-britain,The 90s: Art and Fashion,2026-10-08,2027-02-14,"Explore a decade characterised by its bold creativity and rebellious spirit Curated by fashion industry game changer Edward Enninful OBE, whose lived experience of the decade informs the exhibition The 90s: Art and Fashion examines a defining period in which a groundswell of creativity changed the face of British culture. As Britain began to emerge from recession, a new dawn of optimism, freedom, and rebellion was ushered in, epitomised by a new generation of diverse creative talent. Seen through Edward Enninful’s eyes, this sense of opportunity resulted in art, design, fashion and photography fusing into one potent cultural force, signalling an audacious renewal of British spirit. The exhibition explores how long-held hierarchies were dismantled, with high art and pop culture feeding into one another, and reflects both the energy and the challenges of the decade, looking at the enduring influence of key figures who emerged during this time. The 90s: Art and Fashion brings together photography, fashion, art and design, including iconic images by photographers including Juergen Teller, David Sims and Corinne Day. These are shown alongside the work of artists like Steve McQueen, Damien Hirst, Sarah Lucas, and Yinka Shonibare, as well as fashion film and music culture, including collections by decade defining designers Vivienne Westwood, Alexander McQueen, and John Galliano.",https://www.tate.org.uk/whats-on/tate-britain/the-90s,"Found on the venue's ""current/upcoming"" listing page. Also listed on the venue's ""recently opened"" page."
tate-britain,Vanessa Bell & Duncan Grant: Inside Bloomsbury,2026-11-12,2027-04-11,"Explore the vivid world of the Bloomsbury Group’s famous artistic duo This major exhibition features the work of two of the most celebrated British artists of the twentieth century. Vanessa Bell & Duncan Grant: Inside Bloomsbury delves into the extraordinary relationship between the artists, while tracing their remarkable creative partnership that spanned more than 50 years. The exhibition explores Bell and Grant’s legacy as core members of the famed Bloomsbury Group. The group’s commitment to living lives centred around freedom and radical experimentation had a significant influence on the course of art, literature, and societal thought in Britain. The exhibition features over 300 works, including vivid portraits, still lives, landscape paintings, decorative works on furniture, ceramics, textiles, and much more. A once-in-a-lifetime restaging of the artists' studio, relocated for the exhibition from their Sussex home, Charleston, is an unmissable highlight. As well as emphasising Bell and Grant’s shared creative endeavours, visitors will see how the artists also forged their own paths. This joyful exhibition celebrates their extraordinary artistic partnership, and the enduring impact these two remarkable artists had on British Art.",https://www.tate.org.uk/whats-on/tate-britain/vanessa-bell-and-duncan-grant,"Found on the venue's ""current/upcoming"" listing page. Also listed on the venue's ""recently opened"" page."
tate-britain,"Commission 2026: Zineb Sedira: When Words Fall Silent, Cinema Speaks",2026-05-13,2027-01-17,"Explore Zineb Sedira's monumental and intimate installation, bridging the political and the poetic British-French-Algerian artist Zineb Sedira (b.1963) will undertake the next Tate Britain Commission, creating a major new site-specific work for the neo-classical Duveen Galleries at the heart of Tate Britain. On view until 17 January 2027, this will be Sedira’s largest commission in the UK to date and the latest in a series inviting leading contemporary artists to respond to this unique architectural context. Over the past three decades, Zineb Sedira has developed a powerful and multifaceted artistic practice spanning photography, performance, video, and installation. Sedira's work draws on personal encounters within the Algerian diaspora of Africa. Taking inspiration from family archives and the history of cinema, she bridges the political and the poetic, thoughtfully exploring themes of memory, migration and trauma. Her installations invite audiences to consider the emotional and geographical dimensions of displacement, while critically examining dominant historical narratives. By keeping histories alive, her storytelling becomes both an act of resistance and a gesture of connection, affirming her place as a significant and influential voice in today’s cultural landscape. Zineb Sedira said: “Taking on the Tate Britain Commission feels both monumental and intimate. It’s about bringing the weight of history into dialogue with the living pulse of the Pan-African experience. It gives me the opportunity to imagine new stories, new energies, and new meanings.”",https://www.tate.org.uk/whats-on/tate-britain/zineb-sedira,"Found on the venue's ""current/upcoming"" listing page. opening date read from a sentence, not a date field: ""13 May 2026 - 17 January 2027""."
tate-britain,Art Now: Mohammed Z Rahman,2026-06-05,2026-11-08,"A new body of paintings exploring notions of home and love, displayed alongside Tate works, The Lovers and The Spaghetti House Mohammed Z Rahman’s Art Now display, Never the Same, is staged in two theatrical ‘acts’, conjuring painterly worlds inspired by love letters, songs, poems, recipes, dreams and memories, with a Tate collection work providing an entry point into each. Act One addresses home, play and joy, starting with The Spaghetti House 2024, a painting based on a story the artist created in collaboration with their six-year-old niece. The Lovers 2024 will bring visitors into Act Two. The painting depicts six people in a close embrace, interpreted either as laying down or as standing and dancing. Inspired by the eponymous tarot card, it explores the transformative powers of love and connection. Rahman builds on this work to explore love in its many forms, from sorrow to celebration, in paintings made for the exhibition. In one work, a figure weeps on a bed surrounded by the belongings of ex-lovers, while elsewhere, a humble crate is transformed into a box of chocolates, gifted as an act of love.",https://www.tate.org.uk/whats-on/tate-britain/art-now-mohammed-z-rahman,"Found on the venue's ""current/upcoming"" listing page. opening date read from a sentence, not a date field: ""5 June - 8 November 2026""."
tate-britain,Sonia Boyce,2027-03-24,2027-08-22,"Experience the powerful and playful work of a ground-breaking British artist Tate’s first survey of Sonia Boyce’s forty-year career unfolds across large-scale installations, photography, collage, drawing, film and sculpture, celebrating a practice shaped by fierce experimentation and a refusal to conform. This multi-sensory show traces Boyce’s collaborative and improvisational techniques, inviting visitors on a playful journey into profound questions of collective memory, authorship, and the boundaries between private and public experiences. Celebrated works are reimagined for the exhibition and shown in dialogue with installations never shown before in the UK. Highlights include the Devotional series - Boyce’s living, ever-growing archive created in conversation with the public, and the most extensive presentation to date of her early pastel drawings and collages. Emerging in the 1980s within the British Black Arts Movement, Boyce went on to pioneer photographic, performance and participatory practice. An artist, academic and educator, Boyce gained global recognition when she represented Great Britain at the 2022 Venice Biennale and was awarded the prestigious Golden Lion.",https://www.tate.org.uk/whats-on/tate-britain/sonia-boyce,"Found on the venue's ""current/upcoming"" listing page."
tate-britain,Thomas Gainsborough,2027-05-20,2027-10-10,"Step into the glamorous world of Britain’s best loved society portraitist Marking the 300th anniversary of his birth, this landmark exhibition celebrates Thomas Gainsborough’s considerable influence on British art and examines his legacy today. The first major survey exhibition of his work in over 20 years, it brings together 120 paintings and drawings in a once-in-a-generation tribute to this much-loved, quintessentially Georgian artist. Reflecting the full range and variety of Gainsborough’s practice, this exhibition explores the contrast between the glamour and polish of the society portraits that made his name, and the creative chaos in which he worked behind the scenes. It also examines the importance of his wife and daughters to his life and work. The spirit of his studio space, where he experimented with the innovative techniques that elevated him above his peers, will be brought to life along with his passion for music and theatre that is so palpable throughout his work.",https://www.tate.org.uk/whats-on/tate-britain/thomas-gainsborough,"Found on the venue's ""current/upcoming"" listing page."
tate-britain,David Hockney,2027-10-07,2028-02-20,"2027 would have marked the 90th birthday of one of Britain’s most celebrated artists, David Hockney. Throughout 2025 and into 2026, Tate Britain was working on a major project with the artist to mark this milestone anniversary. Following David Hockney’s death in June 2026, Tate Britain is honoured to present the culmination of that project: an exhibition charting seven decades of the artist’s work, focusing on the joys and complexities of love and friendship. Visitors will discover the crucial role that family, friends, and lovers played in Hockney’s visual storytelling, and how the artist’s engagement with intimacy, vulnerability and human connection informed the evolution of his art. Featuring over 200 works, the exhibition spans the full breadth of Hockney’s extraordinary career. It ranges from trailblazing 1960s explorations of queer love and desire to tender depictions of his parents, and recent works exploring private moments in Hockney’s home and studio. The exhibition will also delve into Hockney’s close relationships with fellow artists as they play out through creative dialogues.",https://www.tate.org.uk/whats-on/tate-britain/david-hockney,"Found on the venue's ""current/upcoming"" listing page."
tate-britain,The Tudors,2027-11-18,2028-04-23,"Tate’s first presentation of Tudor works in 30 years, this exhibition brings an entirely fresh perspective on the development of art in this profoundly transformative period. Made up of around 150 works, the exhibition presents exceptional oil paintings, miniatures, works on paper, sculptures, decorative art, and more. Highlights include key works by leading artists such as Hans Holbein, Nicholas Hilliard, and Isaac Oliver, and rooms dedicated to iconic portraits of Henry VIII and Elizabeth I. Bringing Tudor art to a new generation, this exhibition is underpinned by brand new scientific and technical research, with revelations casting a whole new light on our understanding of art from this time. The Tudor period is often viewed as the age that witnessed the birth of modern Britain, and in turn, that of British painting. The show explores the lives of artists working at the time, examining their journeys from unknown, anonymous figures to celebrated individuals. It will consider questions of art patronage – what was painted and for whom - and will probe how art, and portraiture in particular, reflected both individual as well as national ambitions and concerns.",https://www.tate.org.uk/whats-on/tate-britain/the-tudors,"Found on the venue's ""current/upcoming"" listing page."
wallace,Grayson Perry: Delusions of Grandeur,2025-03-28,2025-10-26,"Explore the largest contemporary exhibition ever held at the museum. Grayson Perry: Delusions of Grandeur presented over 40 new works by Sir Grayson Perry (1960). In the largest contemporary exhibition ever held at the museum, visitors encountered ceramics, tapestries, and works on paper, displayed alongside masterpieces from the collection that had helped shape Perry’s vision for this landmark show. Delusions of Grandeur interrogated the very nature of craft-making and our drive for perfectionism. Intricate handcrafted objects sat alongside works made with digital technology – comparing an object that might take thousands of hours to create with one made in a click. Through these contrasting approaches, Perry invited viewers to contemplate questions of authenticity and the artist’s role in the future. As part of this exploration, Delusions of Grandeur focused on ‘outsider art,’ featuring works by Aloïse Corbaz and Madge Gill. Sparked by the discovery that Madge Gill (1882–1961) had exhibited at the Wallace Collection in 1942, the life and work of these outsider artists unlocked Perry’s own response, drawing upon his childhood experiences.",https://www.wallacecollection.org/explore/past-exhibitions/grayson-perry-delusions-of-grandeur/,"Found on the venue's ""current/upcoming"" listing page. Also listed on the venue's ""past"" page. Also listed on the venue's ""past"" page."
wallace,Swords of Lucknow,2025-11-26,2026-03-22,"Nearly a metre long and richly decorated with enamel and gold, these five swords revealed the splendour of eighteenth and nineteenth century Lucknow, a flourishing centre of power, artistry and cultural exchange. They reflected the court of the Nawabs of Awadh, rulers of Iranian Shia heritage who presided over a diverse population and fostered a culture of luxury and ceremony. Swords such as these signified prestige, loyalty and masculine identity, serving as status symbols as well as weapons, and were also exchanged as diplomatic gifts. Acquired by Sir Richard Wallace and the 4th Marquess of Hertford in the later nineteenth century, these swords also told a story of European collecting at a time when military officers and dealers brought South Asian arms to the market. This free display reinterpreted part of the museum's Asian, African and Ottoman collections, informed by new research for a catalogue published in February 2026.",https://www.wallacecollection.org/explore/past-exhibitions/swords-of-lucknow/,"Found on the venue's ""current/upcoming"" listing page. Also listed on the venue's ""past"" page. Also listed on the venue's ""past"" page."
wallace,Caravaggio's Cupid,2025-11-26,2026-04-12,"Victorious Cupid, on special loan from the Gemäldegalerie in Berlin and never-before-seen in public in the UK, was the centrepiece of this exhibition. It was presented with two ancient Roman sculptures that, more than four hundred years ago, belonged to the same distinguished collection. All three works belonged to Marchese Vincenzo Giustiniani (1564–1637), one of the most celebrated collectors of his day. In his grand palazzo near the Pantheon in Rome, Caravaggio's Cupid was displayed with other works by Raphael, Titian and Giorgione, as well as an extensive gallery of classical sculpture. Life-size and painted from nature, Cupid stands with wings spread, arrows in hand and with a playful smile, surrounded by the fallen symbols of human achievement. This free exhibition invited visitors to enter the world of 17th-century Rome, where artists, scholars and collectors debated the merits of painting and sculpture. The exhibition recreated the spirit of Giustiniani's palace, bringing together ancient sculpture and Caravaggio's startling vision in the way his guests would once have experienced it. Explore the exhibition further with our free audio guide, available on Bloomberg Connects.",https://www.wallacecollection.org/explore/past-exhibitions/caravaggios-cupid/,"Found on the venue's ""current/upcoming"" listing page. Also listed on the venue's ""past"" page. Also listed on the venue's ""past"" page."
wallace,Winston Churchill: The Painter,2026-05-23,2026-11-29,"Sir Winston Churchill (1874 – 1965) was one of the great statesmen of the twentieth century – the UK’s Prime Minister during the Second World War, and a Member of Parliament for 62 years. He was also a passionate and prolific painter. In painting, he found respite from public pressures, and a lifelong source of joy. The first major retrospective of Sir Winston Churchill’s paintings since his death, this exhibition brings together more than 50 of his works. More than half are from private collections, rarely accessible to the public. Happy are the painters, for they shall not be lonely. Light and colour, peace and hope, will keep them company to the end. Encounter sombre wartime scenes and radiant Mediterranean views, carefully composed still-lifes and portraits, luminous Moroccan cityscapes, and deeply personal paintings of Chartwell, Churchill’s beloved home and garden.",https://www.wallacecollection.org/whats-on/exhibitions-displays/winston-churchill-the-painter/,"Found on the venue's ""current/upcoming"" listing page. opening and closing date read from a sentence, not a date field: ""Skip to main content Winston Churchill: The Painter Tickets Shop Search Visit What's On Explore Learn Join and Support Winston Churchill: The Painter 23 May - 29 November 2026 Exhibition Galleries Admission charge, members go free Book tickets Join today to enjoy free admission to all our exhibitions. Sir Winston Churchill (1874 - 1965) was one of the great statesmen of the twentieth century - the UK’s Prime Minister during the Second World War, and a Member of Parliament for 62 years. He was also a passionate and prolific painter. In painting, he found respite from public pressures, and a lifelong source of joy. The first major retrospective of Sir Winston Churchill’s paintings since his death, this exhibition brings together more than 50 of his works. More than half are from private collections, rarely accessible to the public. Happy are the painters, for they shall not be lonely. Light and colour, peace and hope, will keep them company to the end. Winston S. Churchill, 'Painting as a Pastime' Encounter sombre wartime scenes and radiant Mediterranean views, carefully composed still-lifes and portraits, luminous Moroccan cityscapes, and deeply personal paintings of Chartwell, Churchill’s beloved home and garden. During Churchill’s lifetime, some were exhibited at the Royal Academy, or given as tokens of friendship or diplomatic gifts. But most were painted purely for the pleasure and challenge of the creative process. WINSTON CHURCHILL: THE PAINTER Discover a different side to one of the 20th century's greatest statesman. Play trailer The audio guide is packed with curator commentary and features excerpts narrated by Sir Gary Oldman. Click here to listen to the guide in your device’s web browser or scan the QR code at the exhibition entrance. Don’t forget your headphones to make the most of your visit. Speaking of guides, pick up our free family activity trail and get creative in the exhibition! Explore and learn together through drawing, writing and discussion. Want to explore more deeply? Join us for talks, tours and creative workshops, during the day and after hours, as we delve into Winston Churchill’s artistic practice and influences, art as an expression of soft power, and more. See What's On The relationship between Churchill and the Wallace Collection dates back to the Second World War. In 1942, the museum hosted the Artists Aid Russia exhibition, a fundraiser supported by his wife Clementine Churchill. Discover this extraordinary moment in the Wallace Collection’s history in our free display The Wallace Collection at War. Please note filming is not allowed inside the exhibition space during opening hours and large bags cannot be accommodated. Contact us to find out about filming before the museum opens to the public. This exhibition was made possible by: David and Molly Lowell Borthwick with the International Churchill Society Generously supported by the Blavatnik Family Foundation and Jake and Hélène Marie Shafran. We are thankful to Michael and Angela Cronk, Kathryn Uhde and other donors for their additional support of the exhibition. The Wallace Collection is grateful to the Friends of Churchill: The Painter and, in particular, to Marilyn and Lawrence Friedland, the Zarnegin family (Beverly Hills, CA) and an anonymous donor. Lead Sponsor: Corient Exhibition Sponsor: Hallmark Associate Sponsor: Sotheby's Supported by the Richard Green Gallery, London. The catalogue was generously supported by The Elizabeth Cayzer Charitable Trust. Background Image: Sir Winston Churchill, Cap d’Ail, Alpes-Maritimes C489, 1952. Royal Academy of Arts, London. © Churchill Heritage Ltd. Photo: ©Royal Academy of Arts, London; photographer: John Hammond. Return to Exhibitions and Displays Connect with us A world of art direct to your inbox Sign up to our newsletter The Wallace Collection Hertford House, Manchester Square, London W1U 3BN Made by Numiko About Us Contact Us Venue Hire Join the Team Press Governance Privacy and Cookies Cookie Settings Copyright and Images Accessibility Statement""."
wallace,The Wallace Collection at War,2026-04-15,2026-10-25,"Learn more about the Wallace Collection at war in our free display. In 1942, with the museum's treasures evacuated for safety, Hertford House became an unlikely stage for cultural diplomacy. Two exhibitions transformed the empty galleries into a forum for Anglo-Soviet friendship at a critical moment in the conflict. Artists Aid Russia brought together over 900 works by living artists, from Augustus John to Jacob Epstein, with proceeds supporting Clementine Churchill's Red Cross Aid to Russia Fund. Twenty-Five Years of Progress, designed by Ernő Goldfinger, filled the galleries with bold photomontages and banners celebrating Soviet achievements and Allied unity. Launched by Soviet Ambassador Ivan Maisky and his wife Agniya, these exhibitions reveal how art, propaganda and architecture were mobilised to strengthen wartime alliances.",https://www.wallacecollection.org/whats-on/exhibitions-displays/the-wallace-collection-at-war/,"Found on the venue's ""current/upcoming"" listing page. opening and closing date read from a sentence, not a date field: ""15 April-25 October 2026""."
wallace,Metamorphoses: Porcelain Sculpture by Rachel Kneebone,2026-09-23,2027-04-25,"Discover Rachel Kneebone's striking sculptures in our free display. With the Wallace Collection's decorative interiors as her backdrop, acclaimed artist Rachel Kneebone places nine white porcelain sculptures throughout the galleries. Two of these sculptures, Bower and Temple, are created especially for the display and shown here for the first time. The Wallace Collection has long been a rich resource for me; a place of pleasure, delight and instruction. The works I am placing are responses to the Collection, to forge connections and contrasts within the space. This free display reveals how Kneebone's contemporary sculptures find unexpected kinship with the Collection's historic treasures. Finished with a clear gloss glaze, her surreal, tangled forms invite the viewer to tease out connections between her arresting white sculptures and the masterpieces of the museum.",https://www.wallacecollection.org/whats-on/exhibitions-displays/metamorphoses-porcelain-sculpture-by-rachel-kneebone/,"Found on the venue's ""current/upcoming"" listing page. opening and closing date read from a sentence, not a date field: ""23 September 2026-25 April 2027""."
wallace,Cosimo I de’ Medici: Art and Dynasty,2026-11-18,2027-03-21,"Discover Cosimo I de' Medici's world of art and power in our upcoming free display. Cosimo I de' Medici (1519-1574) rose from Duke of Florence to become the first Grand Duke of Tuscany, one of the most powerful rulers of Renaissance Italy. From a monumental wine cooler bearing his personal emblem to a ceremonial sword linking him to the mythical hero Hercules, the objects on display reveal how he built and sustained that power. This free display draws on the museum's collection to show how Cosimo used art to strengthen his authority, impress his court, and secure his family's legacy. For the display, the Wallace Collection's Portrait of Eleonora of Toledo has been newly conserved. Eleonora of Toledo (1522-1562) married Cosimo in 1539 and played an active role in government, as well as shaping the fashions and cultures of the Florentine court.",https://www.wallacecollection.org/whats-on/exhibitions-displays/cosimo-i-de-medici-art-and-dynasty/,"Found on the venue's ""current/upcoming"" listing page. opening and closing date read from a sentence, not a date field: ""18 November 2026-21 March 2027""."
wallace,Marie-Antoinette: An Eye for Beauty,2026-02-02,2026-03-31,"Few figures fired the imagination quite like Marie-Antoinette (1755–1793). Born an archduchess at the glittering Austrian court, her destiny was decided by her marriage to the future Louis XVI of France. She soon attuned herself to the French vogue and the glamour of life at Versailles, while also cultivating a discerning eye for the beautiful. Once crowned queen, she used her almost limitless wealth and influence to commission interiors and artworks of unparalleled refinement, right up until the dawn of revolution. The Wallace Collection cared for some of the world's greatest works of art associated with the ill-fated queen. Visitors discovered a selection of these during a special two-month trail, which offered a tantalising glimpse into her sumptuous, lost world.",https://www.wallacecollection.org/explore/past-exhibitions/marie-antoinette-an-eye-for-beauty/,"Found on the venue's ""past"" listing page."
wallace,Keeping Time: Clocks by Boulle,2024-11-27,2025-03-02,"For the first time, the Wallace Collection brought together clocks by André-Charles Boulle (1642–1732), the most famous cabinetmaker to have worked for the court of the Sun King, Louis XIV. Five exceptional timepieces told the story of how Boulle took advantage of scientific discoveries to create unique clock designs in glittering baroque style, the influence of which spread across the world and centuries. The clocks were the work of many hands, involving leading artists and craftspeople from all over 18th-century Paris. Many of Boulle’s contemporaries also drew on the concept of time in their work. This theme was explored in a complementary display in the museum’s Billiard Room, which united two magnificent artworks: The Dance to the Music of Time by Nicolas Poussin (1594–1665) and The Borghese Dancers by Henri Perlan (1597–1656) and François Anguier (1604–1669).",https://www.wallacecollection.org/explore/past-exhibitions/keeping-time-clocks-by-boulle/,"Found on the venue's ""past"" listing page."
wallace,Flora Yukhnovich and François Boucher: The Language of the Rococo,2024-06-05,2024-11-03,"Flora Yukhnovich (1990), celebrated for her large-scale, semi-abstract oil paintings, gave the language of the Rococo new life. Two new paintings by the artist, made in response to two exceptional paintings by the celebrated 18th-century French painter François Boucher (1703-1770), occupied gilt frames at the top of our grand staircase. Boucher's paintings were displayed in our Housekeeper’s Room out of their frames, on white walls, like contemporary works of art. Theatrical and tongue-in-cheek, they were prime examples of the Rococo, a decorative and exuberant style favoured across the arts by royal and aristocratic patrons in France and elsewhere from the 1730s. Flora Yukhnovich and François Boucher: The Language of the Rococo prompted visitors to reconsider preconceptions, explore how we could connect with the Rococo today and examine the impact of display on art interpretation and historical re-evaluation. Dive deeper with our series of short films examining key themes that were featured in the display.",https://www.wallacecollection.org/explore/past-exhibitions/flora-yukhnovich-and-francois-boucher-the-language-of-the-rococo/,"Found on the venue's ""past"" listing page."
wallace,"Ranjit Singh: Sikh, Warrior, King",2024-04-10,2024-10-20,"Our major exhibition, Ranjit Singh: Sikh, Warrior, King, explored the life of the great Sikh leader Ranjit Singh (1780–1839). With an unwavering sense of destiny, Ranjit Singh conquered the Punjab, an area that today encompasses Pakistan, following a period of anarchy caused by decades of Afghan invasions. By the early 19th century, he emerged as the undisputed Maharaja, establishing the influential Sikh Empire. Ranjit Singh's leadership led to a golden age marked by thriving trade, flourishing arts, and a formidable army. His story was shared through nearly 100 stunning artworks, including jewellery and weaponry from the Sikh Empire drawn from major private and public collections. The exhibition featured historic objects from his court, courtiers, and family, including items owned by the Maharaja and the most famous of his 30 wives, Maharani Jind Kaur. Ranjit Singh: Sikh, Warrior, King showcased our remarkable collection of Sikh arms and armour alongside other Sikh artworks for the first time.",https://www.wallacecollection.org/explore/past-exhibitions/ranjit-singh-sikh-warrior-king/,"Found on the venue's ""past"" listing page."
