venue_code,title,start_date,end_date,summary,url,notes,swept_at
ng,Renoir and Love,2026-10-03,2027-01-31,Explore the themes of 'Renoir and Love' further in the catalogue that accompanies the exhibition.,https://www.nationalgallery.org.uk/exhibitions/renoir-and-love,"Found on the venue's ""current/upcoming"" listing page.",2026-10-04T14:55:11.826Z
ng,Yinka Shonibare and Thomas Gainsborough: A Conversation,2026-10-15,2027-02-07,"Past meets present as one of Britain’s most celebrated works is playfully reimagined A richly dressed husband and wife sit in the English countryside. Their wealth shines through. This painting from 1750 is one of Britain’s most well-known works, showing off two people – and their privilege. But what happens when this fashionable couple and their land are ripped from the scene? British-Nigerian artist Yinka Shonibare does just that, reimagining Gainsborough’s famous piece in his own way. Through striking sculpture, Shonibare removes the heads of the people in the painting and clothes them in West African textiles.",https://www.nationalgallery.org.uk/exhibitions/yinka-shonibare-and-thomas-gainsborough-a-conversation,"Found on the venue's ""current/upcoming"" listing page.",2026-10-04T14:55:11.826Z
ng,Van Eyck: The Portraits,2026-11-21,2027-04-11,"Prepare for your visit by ordering the exhibition catalogue, featuring new research on van Eyck’s technique.",https://www.nationalgallery.org.uk/exhibitions/van-eyck-the-portraits,"Found on the venue's ""current/upcoming"" listing page.",2026-10-04T14:55:11.826Z
ng,Catharina van Hemessen: Signature Works,2027-03-04,2027-05-30,"The year is 1551. A talented young artist sits at the easel in her hometown of Antwerp, painting a small portrait with quiet power. After completing the work, she adds the words: ‘Catharina de Hemessen was painting [this] 1551’. In a time when few women worked as artists, Catharina van Hemessen proudly painted her name onto her artworks. This remarkable detail allows us to identify her work as a painter over 450 years later. Today, van Hemessen is the only 16th-century Flemish woman painter who is known to have signed her paintings. In March 2027, the National Gallery will host the first UK exhibition devoted to this pioneering painter. Through a collection of masterful small-scale paintings, the exhibition will show the defining moment a woman artist stepped into the spotlight. Visit 'Catharina van Hemessen: Signature Works’ for free and uncover this pivotal chapter in the history of art.",https://www.nationalgallery.org.uk/exhibitions/catharina-van-hemessen,"Found on the venue's ""current/upcoming"" listing page.",2026-10-04T14:55:11.826Z
ng,German Expressionism: Modern Painting 1900–1918,2027-03-18,2027-08-01,"Across Germany’s major cities, a new generation of artists emerged between 1900 and 1918 to change the rules of painting. They were the German Expressionists. Made up of two pioneering groups – Die Brücke (The Bridge) and Der Blaue Reiter (The Blue Rider) – these young artists painted raw emotions on canvas with a new intensity. Die Brücke was formed by a group of self-taught artists. Rebelling against conservative society, they lived and worked together in the bohemian corners of Dresden and other cities, before moving to Berlin, Germany’s rapidly modernising capital. For them, colour became a way to defy tradition and express themselves in new ways. Der Blaue Reiter came together in Munich around the painters Wassily Kandinsky and Gabriele Münter. The group divided their time between the bustling Munich streets and the lush landscapes around rural Murnau, 40 miles south of the city. There, the lakes and mountains fed their creative vision, full of bright colours and striking shapes.",https://www.nationalgallery.org.uk/exhibitions/german-expressionism-modern-painting-1900-1918,"Found on the venue's ""current/upcoming"" listing page.",2026-10-04T14:55:11.826Z
ng,Monet and Renoir: Painting Side by Side,2026-07-27,2026-09-22,"In the summer of 1869, Monet and Renoir – then young, ambitious artists and close friends – set up their easels side by side at La Grenouillère, a fashionable riverside resort just outside Paris. Working 'en plein air’ (out-of-doors), the artists painted the same lively scene of fashionable Parisians at leisure – though their artworks reveal remarkably different approaches. For the first time in nearly twenty years, the National Gallery is reuniting two of these celebrated paintings created at La Grenouillère, side by side once more. Look closely at each brushstroke and compare the artists' individual Impressionist style and witness a close friendship that helped shape one of the most influential movements in Western art.",https://www.nationalgallery.org.uk/exhibitions/monet-and-renoir-painting-side-by-side,"Found on the venue's ""past"" listing page. Opening date taken from the site's structured data, not its visible page.",2026-10-04T14:55:11.826Z
ng,Waldmüller: Landscapes,2026-07-02,2026-09-20,"Discover the breathtaking landscapes of one of Austria’s greatest painters, Ferdinand Georg Waldmüller (1793–1865). Stroll through forests, scale rugged peaks and marvel at majestic skies across Austria and Sicily. Take in the great trees of Vienna’s Prater Park, the magnificent lakes and mountains of the Salzkammergut region and the tranquil hills and ruins of Sicily. Pause, reflect and wonder at pictures alive with intense colour and light. See why Waldmüller’s work can be compared to the Pre-Raphaelites. Admire the precise brushstrokes which shape each leaf, twig and flower. Explore how he found beauty in nature’s imperfections, through his images of aged trunks and bare branches. Find serenity in the heart of London at this first-ever exhibition dedicated to Waldmüller's landscapes. Exhibition organised by the National Gallery, London in partnership with the Belvedere, Vienna",https://www.nationalgallery.org.uk/exhibitions/waldm%C3%BCller-landscapes,"Found on the venue's ""past"" listing page.",2026-10-04T14:55:11.826Z
ng,Take One Picture 2026,2026-06-04,2026-08-31,"As part of our annual Take One Picture programme, children from across the UK have made artworks inspired by ‘A Regatta on the Grand Canal’ by Canaletto. The painting shows a colourful boat race taking place in Venice. Crowds of people cheer on the gondolas as they race towards the finish line. Children have made a wide range of imaginative projects, all coming from their own questions and ideas about the painting. Who is going to win the race? What’s under the water? Why do the boats look like dragons? This year’s exhibition features artworks from 35 primary schools and is on display in the Roden Centre for Creative Learning.",https://www.nationalgallery.org.uk/exhibitions/take-one-picture-2026,"Found on the venue's ""past"" listing page.",2026-10-04T14:55:11.826Z
ng,Zurbarán,2026-05-02,2026-08-23,"Enter the spellbinding world of visionary Spanish painter Francisco de Zurbarán. Spend time with his paintings, celebrated for their vivid naturalism and deep emotional power. Move between soaring altarpieces and exquisite still lifes in the first major UK exhibition of this great artist from Baroque Seville. A peer of Murillo and Velázquez, Zurbarán stands out for his drama, mystery and vision. From the rind of a lemon to the timeless gaze of a saint, he finds an intensity in the ordinary. Strong light and deep shadow bring real faces, soft fabrics, fresh fruit and flowers to life. His paintings unite stillness, focus and faith.",https://www.nationalgallery.org.uk/exhibitions/past/zurbaran,"Found on the venue's ""past"" listing page.",2026-10-04T14:55:11.826Z
ng,Stubbs: Portrait of a Horse,2026-03-12,2026-05-31,"Step into the world of George Stubbs, the visionary British painter. Marvel at his monumental portrait of a rearing racehorse, ‘Scrub’. In the 1750s, Stubbs spent 18 months in a remote barn in Horkstow, Lincolnshire. Hidden away, he devoted his time to studying and drawing the anatomy of horses. What resulted was the most thorough study on the subject for over a hundred years. Incredibly, Stubbs’s pictures of horses are still some of the most accurate ever painted, all while capturing their unique characters. In this exhibition, you’ll meet one of these horses, Scrub. Painted by Stubbs around 1762, we see Scrub rearing in a landscape backdrop — notably without a rider.",https://www.nationalgallery.org.uk/exhibitions/past/stubbs-portrait-of-a-horse,"Found on the venue's ""past"" listing page.",2026-10-04T14:55:11.826Z
ng,Wright of Derby: From the Shadows,2025-11-07,2026-05-10,"In an interplay of light and darkness, Joseph Wright of Derby conjures sublime pictures of discovery and learning. 'Wright of Derby: From the Shadows' is the first major exhibition dedicated to the British artist’s ‘candlelight’ paintings. We celebrate and look again at his most admired works. Illuminated faces gather around a variety of objects – from classical sculptures and scientific instruments to bones, bladders and animals. Through his unflinching scenes of people watching, Wright of Derby proposes moral questions about acts of looking. The strong light and deep shadows create drama, reminding us of great painters from earlier centuries like Caravaggio. Challenging the traditionally held view of Wright of Derby as a figurehead of the Enlightenment, this exhibition contributes to the ongoing re-evaluation of the artist, portraying him not merely as a ‘painter of light’. More than virtuoso scenes of dramatic light and shade, Wright of Derby used the night-time to explore deeper and more sombre themes, including death, melancholy, morality, scepticism and the sublime.",https://www.nationalgallery.org.uk/exhibitions/past/wright-of-derby-from-the-shadows,"Found on the venue's ""past"" listing page.",2026-10-04T14:55:11.826Z
ng,ming wong: Dance of the sun on the water | Saltatio solis in aqua,2026-01-15,2026-04-06,"Saint Sebastian is a figure who has inspired artists across generations. A Roman soldier who secretly converted to Christianity, he was persecuted for his faith by being shot with arrows. There are 14 depictions of Saint Sebastian in the National Gallery’s collection, by artists from the Pollaiuolo brothers to Gerrit van Honthorst. Our 2025 Artist in Residence, Ming Wong, continues this tradition with a new short film and installation based on the story of his martyrdom. Wong’s film, called ‘Dance of the sun on the water | Saltatio solis in aqua’, draws on paintings of Saint Sebastian and the landmark film ‘Sebastiane’ (1976) by British filmmaker Derek Jarman, setting the story inside the National Gallery itself. Like Jarman, Wong brings together objects and ideas from different periods of history. The film features a variety of references from the Renaissance to the present to reimagine the life of this iconic saint.",https://www.nationalgallery.org.uk/exhibitions/past/the-national-gallery-artist-in-residence-ming-wong,"Found on the venue's ""past"" listing page.",2026-10-04T14:55:11.826Z
ng,Edwin Austin Abbey: By the Dawn’s Early Light,2025-11-20,2026-02-15,"From Philadelphia to Gloucestershire, hear the story of a great American artist and his finest painting. See Edwin Austin Abbey’s huge study for ‘The Hours’, the celestial scene that decorates the ceiling of the House of Representatives Chamber, Pennsylvania State Capitol, Harrisburg. His most important work, created late in his career, it was to be his last. A friend of John Singer Sargent, Royal Academician, successful artist and illustrator – Abbey, born 1852 in Philadelphia, left the US in 1878 for the UK, where he would live for the rest of his life. He produced ‘The Hours’ in his Gloucestershire studio, then the largest art studio in Europe, from where both the study and mural were shipped to the US. Abbey’s career spanned an age of renewal in America, one of national expression, optimism and ambition that drove new, grand public architectural commissions like the State Capitol building and inspired literature and the arts.",https://www.nationalgallery.org.uk/exhibitions/past/edwin-austin-abbey-by-the-dawn-s-early-light,"Found on the venue's ""past"" listing page.",2026-10-04T14:55:11.826Z
ng,Radical Harmony: Helene Kröller-Müller's Neo-Impressionists,2025-09-13,2026-02-08,"See paintings by artists including Seurat, Van Gogh, Signac and Pissarro Connect the dots as you experience the world's most significant collection of Neo-Impressionist art. When critics first saw Georges Seurat’s new style of painting, they thought it might bring about the death of painting itself. But what was it about artists like Paul Signac, Anna Boch, Jan Toorop and Henri-Edmond Cross, that ruffled so many feathers? Neo-Impressionists painted in small dots of pure colour. Viewed from a distance, the colours blend to create nuanced tones and an illusion of light. Now known as pointillism, this technique simplified form and played with colour in an entirely new way, verging on the edge of abstraction.",https://www.nationalgallery.org.uk/exhibitions/past/radical-harmony-neo-impressionists,"Found on the venue's ""past"" listing page.",2026-10-04T14:55:11.826Z
ng,Millet: Life on the Land,2025-08-07,2025-10-19,"The sower, the woodcutter, a shepherd girl. These are the subjects that made French artist Jean-Francois Millet famous. Marking the 150th anniversary of his death, this is an opportunity to see some of Millet’s best-loved paintings and drawings. Born into a farming family in Normandy, Millet moved to the village of Barbizon in 1849 where he put the people who spent their life working on the land, often the poorest of the poor in 19th-century France, at the heart of his work. He knew these people and his realistic, unsentimental approach to painting them was completely new. See his iconic 'L’Angelus' (1859) from the Musée d’Orsay, Paris, a painting typical of the dignified way he captured the working people of his age. A husband and wife stand with their heads bowed. Lit by an almost ethereal, filtered light, they’ve stopped working in the fields to say the Angelus prayer.",https://www.nationalgallery.org.uk/exhibitions/past/millet-life-on-the-land,"Found on the venue's ""past"" listing page.",2026-10-04T14:55:11.826Z
ng,Take One Picture 2025,2025-06-11,2025-08-31,"See the painting 'The Courtyard of a House in Delft' by Pieter de Hooch through the eyes of a child. Take One Picture is the National Gallery's programme for primary schools. Each year, children make and exhibit artworks in response to one painting in our collection. This year’s painting, by 17th-century Dutch artist de Hooch, has inspired a wide range of projects, from wicker sculptures and cardboard houses to clay tiles and baked apple pies! Presented across three sites in and around the National Gallery, this year's exhibition can be enjoyed as artwork displays and as a digital augmented reality trail.",https://www.nationalgallery.org.uk/exhibitions/past/take-one-picture-2025,"Found on the venue's ""past"" listing page.",2026-10-04T14:55:11.826Z
ng,José María Velasco: A View of Mexico,2025-03-29,2025-08-17,"See the first UK exhibition of Mexico’s much-loved artist, José María Velasco. Velasco, working in Mexico in the 19th century, was a man of many interests. He was fascinated by advances in geology, the archaeology of his home country, the study of local flora, and the increasing presence of industrialisation. He painted the sweeping landscapes of the Valley of Mexico, the home of modern-day Mexico City, with exquisite detail. His impressive panoramic views of the valley reveal allusions to Mexico's historic past and its rapidly modernising present. Velasco was keenly aware of his country’s industrialisation, capturing expanding train lines and factories alongside botanically accurate studies of plants. His scientific eye inspired his art, and his love of geology is clear to see in his detailed depictions of rocks and volcanoes.",https://www.nationalgallery.org.uk/exhibitions/past/velasco,"Found on the venue's ""past"" listing page.",2026-10-04T14:55:11.826Z
ng,The Carracci Cartoons: Myths in the Making,2025-04-10,2025-07-06,"Two artist brothers from Bologna in northern Italy, Annibale and Agostino Carracci, visit Rome in 1594. They are about to take on a huge commission – to decorate rooms in the great Farnese Palace. A private family residence, its owner, Odoardo Farnese newly elected cardinal aged just 20, had inherited great wealth. Having finished the cardinal’s study, in 1597 they start work on the palace’s vast gallery. How to prepare? Two huge charcoal drawings on paper tell us this story. They are preparatory drawings for the hall’s monumental fresco. The word cartoon comes from the Italian ‘cartone’ meaning a large sheet of paper. As well as being a vital part of the creative process, they are works of art in their own right. Alive with mythical sea creatures, gods and goddesses, putti and crashing waves, the drawings reflect the inspiration the Carracci brothers found in Rome’s antique sculptures and recent works by their predecessors, Michelangelo and Raphael. Remarkable survivors of art in the making, the cartoons offer a window into the brothers’ ideas, creative process and technique.",https://www.nationalgallery.org.uk/exhibitions/past/the-carracci-cartoons-myths-in-the-making,"Found on the venue's ""past"" listing page.",2026-10-04T14:55:11.826Z
ng,"Siena: The Rise of Painting, 1300 ‒1350",2025-03-08,2025-06-22,"Step into Siena. It’s the beginning of the 14th century in central Italy. A golden moment for art, a catalyst of change. Artists Duccio, Simone Martini and the brothers Pietro and Ambrogio Lorenzetti are forging a new way of painting. They paint with a drama that no one has seen before. Faces show emotion. Bodies move in space. Stories flow across panels in colourful scenes. We bring to life a vibrant city of artists collaborating, learning and looking. After centuries of separation, we reunite scenes that once formed part of Duccio’s monumental 'Maestà' altarpiece. Panels from Simone Martini’s glittering Orsini polyptych come together for the first time in living memory. This local artistic phenomenon made waves internationally. Gilded glass, illuminated manuscripts, ivory Madonnas, rugs and silks show Siena’s creative energy spilling over between painters, metalworkers, weavers and carvers across Europe.",https://www.nationalgallery.org.uk/exhibitions/past/siena-the-rise-of-painting,"Found on the venue's ""past"" listing page.",2026-10-04T14:55:11.826Z
ng,Parmigianino: The Vision of Saint Jerome,2024-12-05,2025-03-09,"Witness one of the most visionary artists of the Renaissance at work and rediscover his masterpiece that pushed art in a new direction. This exhibition explores the creation of Parmigianino’s 'The Madonna and Child with Saints', also known as ‘The Vision of Saint Jerome’. It returns to public display for the first time in 10 years following conservation. Born in the Northern Italian city of Parma, after which he was nicknamed, Girolamo Francesco Maria Mazzola (1503‒1540) was a child prodigy. He drew constantly. At age 21 he moved to Rome, where he impressed the Pope and was praised as a ‘Raphael reborn’. This altarpiece was his first major work there. In 1527, the Sack of Rome erupted around him while he finished the painting. According to legend, looting Imperial soldiers invading his studio were so amazed by it that they let him continue.",https://www.nationalgallery.org.uk/exhibitions/past/parmigianino-the-vision-of-saint-jerome,"Found on the venue's ""past"" listing page.",2026-10-04T14:55:11.826Z
ng,Discover Constable & The Hay Wain,2024-10-17,2025-02-02,"Find out what lies behind the making of 'The Hay Wain' and its iconic status in British art. Through paintings including George Morland’s building storm and the atmospheric light of William Mulready’s farrier shop, we look at how Constable’s contemporaries created rural scenes. William Blake’s mystic works take us into the realm of the spiritual landscape while we experience the poetic and political landscape through contemporary poetry and prints. We bring together sketches of the scene the artist made over twenty years before producing the finished work in his London studio. When early 19th-century visitors saw Constable’s 'Hay Wain' some found his truthful vision of the Suffolk landscape to be quite radical. Today, over 200 years later, the painting is considered a traditional image of the English countryside. This status has led artists and activists to reinterpret, edit, and react to the painting, particularly in light of our changing climate.",https://www.nationalgallery.org.uk/exhibitions/past/discover-constable-and-the-hay-wain,"Found on the venue's ""past"" listing page.",2026-10-04T14:55:11.826Z
ng,Van Gogh: Poets and Lovers,2024-09-14,2025-01-19,"Be blown away by Van Gogh’s most spectacular paintings in our once-in-a-century exhibition. Walk with a pair of lovers beneath a starry night. Look up at swirling clouds and cypress trees swaying in the wind. Stay a little while in Van Gogh’s favourite park, the ‘Poet’s Garden’, or under a shady tree in Saint-Rémy. We’re bringing together your most loved of Van Gogh’s paintings from across the globe, some of which are rarely seen in public. They will be paired together with his extraordinary drawings. Over just two years in the south of France, Van Gogh revolutionised his style in a symphony of poetic colour and texture. He was inspired by poets, writers and artists. We look at this time in Arles and Saint-Rémy as a decisive period in his career. His desire to tell stories produced a landscape of poetic imagination and romantic love on an ambitious scale.",https://www.nationalgallery.org.uk/exhibitions/past/van-gogh-poets-and-lovers,"Found on the venue's ""past"" listing page.",2026-10-04T14:55:11.826Z
ng,NG Stories: Making a National Gallery,2024-10-04,2025-01-12,"Immerse yourself in 200 years of extraordinary National Gallery stories. From a resident family of 14 and an intrepid travelling agent to ground-breaking scientists and a wartime pianist, NG Stories tells the history of the National Gallery through the people who made us what we are today. There’s a slate mine in Wales where paintings were safely stored during the Second World War. A guard dog who became a member of staff. And a Keeper’s family, with 14 children, who lived in the building and kept diaries. You’ll discover some of the untold personal stories of the Gallery and the special memories we have been privileged to help create for our visitors. From childhood adventures to life-changing first art encounters, our visitors have always been at the heart of what we do.",https://www.nationalgallery.org.uk/exhibitions/past/ng-stories,"Found on the venue's ""past"" listing page.",2026-10-04T14:55:11.826Z
ng,Hockney and Piero: A Longer Look,2024-08-08,2024-10-27,"David Hockney, in his own words, has always been a looker. Throughout his career, Hockney has found inspiration in the work of other artists. He never tires of looking at paintings. For him, there’s magic in it every time, whether that’s enjoying a picture in a gallery or a much-loved poster at home. This very personal show brings together two Hockney paintings, one showing his mother and father and the other depicting his friend, curator Henry Geldzahler. They are displayed with the thread that ties them together, Piero della Francesca’s ‘The Baptism of Christ’. ‘My Parents’ and ‘Looking at Pictures on a Screen’ both include images of paintings from the National Gallery, a place Hockney knows and has loved throughout his long career. The artists whose portraits and landscapes line the walls are to him, his contemporaries. Their paintings inspire him today as much as any other influence on his work. The exhibition, part of our Bicentenary celebrations, is a chance to slow down, to take in what’s in front of us and enjoy life-enhancing art in the Gallery. Just like Hockney’s parents and friend Geldzahler, let’s take a longer look.",https://www.nationalgallery.org.uk/exhibitions/past/hockney-and-piero-a-longer-look,"Found on the venue's ""past"" listing page.",2026-10-04T14:55:11.826Z
ng,Discover Degas & Miss La La,2024-06-06,2024-09-01,"Degas’s 'Miss La La at the Cirque Fernando' takes centre stage in this exhibition that sheds light on this work with newly discovered information about the painting and its sitter. This radical Impressionist masterwork records an extraordinary moment and features a remarkable figure – the circus artist Miss La La, or Anna Albertine Olga Brown (1858‒1945). In 1879 Degas made the talented aerialist the subject of one of his most original and arresting paintings, capturing her in one of her most striking and perilous acts. Suspended from a rope held between her teeth by a leather mouthpiece, Miss La La is hoisted up towards the ceiling of the Cirque Fernando Featuring new material, from rare, previously untraced drawings of her by Degas, to entirely unpublished photographic portraits of Miss La La, the exhibition turns the spotlight on her, and on the painting, telling their story for the first time at the Gallery.",https://www.nationalgallery.org.uk/exhibitions/past/discover-degas-and-miss-la-la,"Found on the venue's ""past"" listing page.",2026-10-04T14:55:11.826Z
ng,Take One Picture 2024,2024-08-01,2024-09-01,"As part of our annual Take One Picture programme, primary school children from across the UK have made works inspired by Henri Rousseau’s 'Surprised!' The painting shows a tiger in a jungle storm, crouching low in long grass as rain lashes the foliage and lightning flashes overhead – but who or what is surprised? Children have made a wide range of works in response to the painting. Some were fascinated by the tiger, leading to projects about camouflage and animal eyes. Others focused on the plants, inspiring them to research and recreate rainforest foliage. Many children were concerned about habitat loss affecting tigers, which inspired them to use recycled materials and raise money for conservation charities. This year’s exhibition is part of the Gallery’s Free Festival of Art outside on Trafalgar Square, where you can also take part in creative activities inspired by Rousseau’s Surprised! and the children’s projects.",https://www.nationalgallery.org.uk/exhibitions/past/take-one-picture-2024,"Found on the venue's ""past"" listing page.",2026-10-04T14:55:11.826Z
ng,The Last Caravaggio,2024-04-18,2024-07-21,"May 1610. Caravaggio is in Naples working on the last picture he'd ever paint. Two months later, he died in mysterious circumstances. But it was during his final tumultuous years that Caravaggio made some of his most striking works. His characteristic style includes tightly cropped scenes and dramatic lighting. He used real models with dirty feet and grimy fingernails. Few paintings are better placed to tell the story of Caravaggio’s final years than his last-known work, 'The Martyrdom of Saint Ursula' (1610, Gallerie d’Italia, Naples). The painting is coming to London for the first time in 20 years.",https://www.nationalgallery.org.uk/exhibitions/past/the-last-caravaggio,"Found on the venue's ""past"" listing page.",2026-10-04T14:55:11.826Z
rijks,Carel Visser in the Rijksmuseum Gardens,2026-06-05,2026-10-25,"This summer, the Rijksmuseum Gardens are home to the work of Carel Visser, the most influential Dutch sculptor of the twentieth century.",https://www.rijksmuseum.nl/en/whats-on/exhibitions/carel-visser,"Found on the venue's ""current/upcoming"" listing page. Opening date read from a sentence, not a date field: ""5 June to 25 October (year taken from the listing page)"".",2026-10-04T14:56:26.832Z
rijks,In the Rijksmuseum print cabinets,,2026-11-29,"With more than 750,000 prints and drawings, the Rijksmuseum's collection is one of the largest in the world. Because of the fragility of the material, we rotate the selection in the print cabinets every six month, allowing us to share new stories each time. This presentation focuses on Roman street art, social satire and Japanese fairy tales. There is also a cabinet dedicated to the Van Eeghen Drawing Book, a unique 17th-century drawing book recently gifted to the museum.",https://www.rijksmuseum.nl/en/whats-on/exhibitions/in-the-rijksmuseum-print-cabinets,"Found on the venue's ""current/upcoming"" listing page. No opening date published while this exhibition is running.",2026-10-04T14:56:26.832Z
rijks,WORN,2026-03-27,2027-03-21,"In this intimate fashion presentation, 24 worn, altered and reused garments take centre stage. Signs of wear, repair and craftsmanship tell their story: from 17th-century embroidered mules to a dress worn for generations by the Six family.",https://www.rijksmuseum.nl/en/whats-on/exhibitions/worn,"Found on the venue's ""current/upcoming"" listing page. Opening date read from a sentence, not a date field: ""27 March 2026 to 21 March 2027"".",2026-10-04T14:56:26.832Z
rijks,20th-century Galleries,,2026-11-09,"Every six months we present new spotlight displays in the 20th-century galleries of the Rijksmuseum. This edition highlights the drawings of Madelon Vriesendorp, Charley Toorop’s artistic circle, and the influence of photography on 20th-century advertising.",https://www.rijksmuseum.nl/en/whats-on/exhibitions/new-displays-in-the-20th-century-galleries,"Found on the venue's ""current/upcoming"" listing page. No opening date published while this exhibition is running.",2026-10-04T14:56:26.832Z
rijks,Willem de Kooning at work,2026-10-09,2027-01-17,"One hundred years ago, Willem de Kooning left the Netherlands for a new life in New York, where he became one of the most influential artists of the 20th century. This autumn, he returns, with a major retrospective of his drawings, complemented by a selection of celebrated paintings and sculptures. Alongside the exhibition, two of his most iconic paintings will be displayed in the Gallery of Honour. This exhibition is made possible through the generous support of The Willem de Kooning Foundation, The Friends Lottery, Ammodo Art, Art Mentor Foundation Lucerne, Blockbusterfonds, Rijksmuseum International Circle, Rijksmuseum Friends and the Ministry of Education, Culture and Science.",https://www.rijksmuseum.nl/en/whats-on/exhibitions/willem-de-kooning-at-work,"Found on the venue's ""current/upcoming"" listing page. Closing date read from a sentence, not a date field: ""9 October 2026 until 17 January 2027"".",2026-10-04T14:56:26.832Z
rijks,Document Netherlands: New Energy,2026-10-09,2027-01-17,"Kadir van Lohuizen photographs the energy transition on and around the North Sea From offshore wind farms in the open sea to heavily secured data centers, the energy transition is taking place on a scale that is almost impossible to comprehend, largely beyond our view. Photographer and filmmaker Kadir van Lohuizen shows how the North Sea and the surrounding countries are changing at a breakneck speed due to the rising demand for energy. The exhibition is made possible in part by Floor Fonds/Rijksmuseum Fonds and Rijksmuseum NEXT.",https://www.rijksmuseum.nl/en/whats-on/exhibitions/document-netherlands-new-energy,"Found on the venue's ""current/upcoming"" listing page. Closing date read from a sentence, not a date field: ""9 October 2026 till 17 January 2027"".",2026-10-04T14:56:26.832Z
rijks,Drawing!,2027-02-12,2027-05-23,"Around 1600, the art of drawing experienced a true revolution in the Northern Netherlands. A group of artist friends, including Hendrick Goltzius, Jacques de Gheyn II, and Abraham Bloemaert, found each other in their drive for innovation. Together they brought the art of drawing to unprecedented heights.",https://www.rijksmuseum.nl/en/whats-on/exhibitions/draw,"Found on the venue's ""current/upcoming"" listing page. Closing date read from a sentence, not a date field: ""12 February till 23 May 2027"".",2026-10-04T14:56:26.832Z
rijks,Ed van der Elsken: Up Close,2026-06-19,2026-09-13,"A cyclist cheekily sticking out her tongue, tough youths on Amsterdam's Nieuwendijk, young women in miniskirts. From The Netherlands to Cuba and Japan, Ed van der Elsken chased the same unfiltered energy. Different streets, a different time - and yet you recognise it. From his first steps as a photojournalist to the design of his final photo book With handwritten notes, contact prints, experiments from the darkroom Who was the man behind the camera? A journey through his work and life",https://www.rijksmuseum.nl/en/whats-on/exhibitions/past/ed-van-der-elsken-up-close,"Found on the venue's ""past"" listing page.",2026-10-04T14:56:26.832Z
rijks,Fiep Westendorp,2026-06-19,2026-09-13,"150 drawings by the illustrator who gave post-war Netherlands a visual language all of its own Jip and Janneke, Pim and Pom, Pluk van de Petteflet. This summer the Rijksmuseum brings together some 150 original drawings by illustrator Fiep Westendorp. From early sketches to the illustrations that have stayed with generations of children.",https://www.rijksmuseum.nl/en/whats-on/exhibitions/past/fiep-westendorp,"Found on the venue's ""past"" listing page.",2026-10-04T14:56:26.832Z
rijks,Metamorphoses,2026-02-06,2026-05-25,"Passion, desire, lust, jealousy, cunning and deceit. The Rijksmuseum takes you on a journey into one of the greatest and most important sources of inspiration for artists: The Metamorphoses by the poet Ovid.",https://www.rijksmuseum.nl/en/whats-on/exhibitions/metamorphoses,"Found on the venue's ""past"" listing page.",2026-10-04T14:56:26.832Z
rijks,Fake!,2026-02-06,2026-05-25,"At a time when AI is becoming increasingly sophisticated, you may ask yourself: when is a photograph real or fake? Yet images have been manipulated, often with surprising ease, since the very beginnings of photography. In FAKE! you will explore 50 historical images from our collection that reveal creative and deceptive visual illusions.",https://www.rijksmuseum.nl/en/whats-on/exhibitions/fake,"Found on the venue's ""past"" listing page.",2026-10-04T14:56:26.832Z
rijks,"Suit Yourself | 100 years of menswear, 1750-1850",2025-03-22,2026-03-15,"The intimate spotlight exhibition Suit Yourself presents the exuberant finery worn by flamboyant Dutch men in the 18th and 19th centuries, made with striped velvet, floral embroidery and rich silk fabrics.",https://www.rijksmuseum.nl/en/whats-on/exhibitions/suit-yourself-or100-years-of-menswear-1750-1850,"Found on the venue's ""past"" listing page.",2026-10-04T14:56:26.832Z
rijks,Occupied City: A city portrait of Amsterdam through the eyes of artist Steve McQueen,2025-09-12,2026-01-25,"The Rijksmuseum presents two versions of Steve McQueen’s 34-hour video artwork, Occupied City.",https://www.rijksmuseum.nl/en/whats-on/exhibitions/steve-mcqueen-occupied-city,"Found on the venue's ""past"" listing page.",2026-10-04T14:56:26.832Z
rijks,At Home in the 17th Century,2025-10-17,2026-01-11,"What was life really like in the 17th century? That’s the museum’s most-asked question. Now, the time has come to find out. At Home in the 17th Century offers an up-close experience of daily life 400 years ago. Immerse yourself in a full day of the 17th century as you walk among the nine diorama-style displays that make up this exhibition — packed with personal stories and unique objects.",https://www.rijksmuseum.nl/en/whats-on/exhibitions/past/thuis-in-de-17de-eeuw,"Found on the venue's ""past"" listing page.",2026-10-04T14:56:26.832Z
rijks,Document Nederland: Tina Farifteh Photographs Asylum,2025-11-01,2026-01-11,"The subject of asylum is in the news almost every day. All sorts of people are talking about it: from politicians, media commentators and human rights and aid organisations to members of the public who take one side or another. For Document Nederland, the Rijksmuseum’s annual photographic commission, the artist Tina Farifteh documents the Dutch asylum system.",https://www.rijksmuseum.nl/en/whats-on/exhibitions/past/document-nederland-tina-farifteh,"Found on the venue's ""past"" listing page. Opening and closing dates read from a sentence, not a date field: ""1 November 2025 to 11 January 2026"".",2026-10-04T14:56:26.832Z
rijks,Isamu Noguchi: In the Rijksmuseum gardens,2025-05-28,2025-10-26,"In Isamu Noguchi’s world, sculpture is everywhere. So what does his world look like? Discover his playful sculptures this summer at the free outdoor exhibition in the gardens of the Rijksmuseum.",https://www.rijksmuseum.nl/en/whats-on/exhibitions/past/isamu-noguchi-in-de-rijksmuseumtuinen,"Found on the venue's ""past"" listing page.",2026-10-04T14:56:26.832Z
rijks,Crossings,2025-07-04,2025-10-12,Discover how colonial and contemporary perspectives converge in photographs from the Indian subcontinent. Past meets present in the Crossings exhibition.,https://www.rijksmuseum.nl/en/whats-on/exhibitions/crossings,"Found on the venue's ""past"" listing page.",2026-10-04T14:56:26.832Z
rijks,Fiona Tan: Monomania,2025-07-04,2025-09-14,Internationally acclaimed artist Fiona Tan is given carte blanche at the Rijksmuseum. Step into the world of Monomania.,https://www.rijksmuseum.nl/en/whats-on/exhibitions/fiona-tan-monomania,"Found on the venue's ""past"" listing page.",2026-10-04T14:56:26.832Z
rijks,Asian Bronze,2024-09-27,2025-01-12,"From Shiva and the Buddha to wine casks and weapons. Everything about bronze triggers your senses. For centuries, this material has played a central role in the traditions of Asia. Now you too can experience the beauty of bronze art at last.",https://www.rijksmuseum.nl/en/whats-on/exhibitions/past/asian-bronze,"Found on the venue's ""past"" listing page.",2026-10-04T14:56:26.832Z
rijks,Festival Frenzy,2024-09-27,2025-01-12,"Across the Netherlands, major music festivals draw vast, exuberant crowds. In this series, Eddo Hartmann photographs the individual festivalgoer, both one with the throng and lost against the backdrop of the Dutch events industry.",https://www.rijksmuseum.nl/en/whats-on/exhibitions/past/document-nederland,"Found on the venue's ""past"" listing page.",2026-10-04T14:56:26.832Z
rijks,Lee Ufan,2024-05-28,2024-10-27,"Korean artist Lee Ufan describes his work as ‘art of the encounter’. Find time this summer for your very own calm encounter with Lee Ufan’s sculptures, among the hustle and bustle of museum square.",https://www.rijksmuseum.nl/en/whats-on/exhibitions/past/lee-ufan,"Found on the venue's ""past"" listing page.",2026-10-04T14:56:26.832Z
rijks,Point of View,2024-07-05,2024-09-01,"Did all 17th-century children wear dresses? Why did women have to fight so hard to wear trousers? And what does the size of your desk say about your gender? Point of View explores how ideas around gender have been visualised through the ages, and shows they are constantly changing.",https://www.rijksmuseum.nl/en/whats-on/exhibitions/past/point-of-view,"Found on the venue's ""past"" listing page.",2026-10-04T14:56:26.832Z
rijks,Stop motion,2024-07-05,2024-09-01,De fotocamera bleek iets te kunnen wat het menselijk oog niet kon: een snelle beweging volgen en analyseren. Wat bleek: de paardengalop was altijd verkeerd weergegeven door kunstenaars.,https://www.rijksmuseum.nl/nl/zien-en-doen/tentoonstellingen/afgelopen/stop-motion,"Found on the venue's ""past"" listing page.",2026-10-04T14:56:26.832Z
rijks,Express yourself,,,Discover youth culture as seen through the lenses of Gerard Wessel and André Bogaerts. This unique glimpse into teenage lifestyles juxtaposes the wild expressiveness of the nightlife scene captured in Wessel’s photos with Bogaerts’ intimate portraits of teens on the cusp of adulthood – all shot in the period from 1981 to 2012.,https://www.rijksmuseum.nl/en/whats-on/exhibitions/past/express-yourself,"Found on the venue's ""past"" listing page. The venue's page shows only ""16 Feb - 9 June"" for this exhibition's dates — no year is published anywhere.",2026-10-04T14:56:26.832Z
rijks,Richard Long,,,"Every year, the Rijksmuseum holds an outdoor exhibition, this year featuring Richard Long. Richard Long is famous for his subtle interventions in the landscape at some of the most remote locations around the world. Entrance is free to all in the Rijksmuseum gardens.",https://www.rijksmuseum.nl/en/whats-on/exhibitions/past/richard-long,"Found on the venue's ""past"" listing page. No closing date found anywhere on the venue's pages.",2026-10-04T14:56:26.832Z
rijks,Mission Masterpiece,,,,https://www.rijksmuseum.nl/en/whats-on/exhibitions/past/mission-masterpiece,"Found on the venue's ""past"" listing page. The venue's own link to this exhibition is broken (HTTP 404). No closing date found anywhere on the venue's pages.",2026-10-04T14:56:26.832Z
rijks,Women on Paper,,,,https://www.rijksmuseum.nl/en/whats-on/exhibitions/past/women-on-paper,"Found on the venue's ""past"" listing page. No description could be found on this exhibition's own page. No closing date found anywhere on the venue's pages.",2026-10-04T14:56:26.832Z
rijks,CLARA AND CRAWLY CREATURES,,,,https://www.rijksmuseum.nl/en/whats-on/exhibitions/past/clara-and-crawly-creatures,"Found on the venue's ""past"" listing page. No description could be found on this exhibition's own page. No closing date found anywhere on the venue's pages.",2026-10-04T14:56:26.832Z
rijks,XXL Paper,,,"How do you exhibit a 23-metre long painted landscape? A 16-metre-long print of a funeral procession? Or a life-size design for a 12-metre high church window? These are some of the largest works on paper in our collection. With their size and fragility, they are rarely if ever on display. But now they are!",https://www.rijksmuseum.nl/en/whats-on/exhibitions/past/xxl-paper,"Found on the venue's ""past"" listing page. No closing date found anywhere on the venue's pages.",2026-10-04T14:56:26.832Z
rijks,Modern Japanese Lacquer,,,"The shimmering golden branches of a willow tree, a vigilant praying mantis standing atop an aubergine, sunlight falling on a flower: discover the spectacular detail and beauty of Japanese lacquer this summer.",https://www.rijksmuseum.nl/en/whats-on/exhibitions/past/modern-japanese-lacquer,"Found on the venue's ""past"" listing page. No closing date found anywhere on the venue's pages.",2026-10-04T14:56:26.832Z
rijks,REVOLUSI!,,,"Diplomats, freedom fighters, victims, liberators. Everyone has a different view. REVOLUSI! is about the Indonesian struggle for independence (1945-‘49), seen through the eyes of people who experienced it. More than 20 personal stories tell us how the ideal of a free Indonesia is fervently pursued; how it is fought over, how it is negotiated, how it is propagated and how the revolution determines human lives.",https://www.rijksmuseum.nl/en/whats-on/exhibitions/past/revolusi,"Found on the venue's ""past"" listing page. No closing date found anywhere on the venue's pages.",2026-10-04T14:56:26.832Z
rijks,Vincent Mentzel,,,"For years, Vincent Mentzel (1945) has been one of the most iconic photographers in the Netherlands. He literally gave shape to the news. During his career photojournalism has changed: from a less important medium to a powerful and independent one with artistic possibilities. Come and see this development through Mentzel's photos.",https://www.rijksmuseum.nl/en/whats-on/exhibitions/past/vincent-mentzel,"Found on the venue's ""past"" listing page. No closing date found anywhere on the venue's pages.",2026-10-04T14:56:26.832Z
rijks,Henk Wildschut,,,,https://www.rijksmuseum.nl/en/whats-on/exhibitions/past/henk-wildschut,"Found on the venue's ""past"" listing page. The venue's own link to this exhibition is broken (HTTP 404). No closing date found anywhere on the venue's pages.",2026-10-04T14:56:26.832Z
rijks,Ellsworth Kelly,,,"This summer it will be impossible to miss the immense sculptures in the outdoor exhibition Ellsworth Kelly in the Rijksmuseum Gardens. Kelly was one of the most important American artists of the second half of the 20th century. Nine of his sculptures will be displayed in our gardens, and all of them are appearing in the Netherlands for the first time.",https://www.rijksmuseum.nl/en/whats-on/exhibitions/past/ellsworth-kelly,"Found on the venue's ""past"" listing page. The venue's page shows only ""Until 24 October"" for this exhibition's dates — no year is published anywhere.",2026-10-04T14:56:26.832Z
rijks,Slavery,,,"This exhibition about slavery takes the form of personal and real-life stories rather than abstract concepts. There are stories from Brazil, Suriname, and the Caribbean, and from South Africa and Asia.",https://www.rijksmuseum.nl/en/whats-on/exhibitions/past/slavery,"Found on the venue's ""past"" listing page. No closing date found anywhere on the venue's pages.",2026-10-04T14:56:26.832Z
rijks,Ed van der Elsken,,,,https://www.rijksmuseum.nl/en/whats-on/exhibitions/past/ed-van-der-elsken,"Found on the venue's ""past"" listing page. The venue's own link to this exhibition is broken (HTTP 404). No closing date found anywhere on the venue's pages.",2026-10-04T14:56:26.832Z
rijks,The Strength of Dutch Museum Collections,,,"With the grateful support of the Rembrandt Association and the Turing Foundation, forty-five museums in the Netherlands are this year staging special presentations of artworks from their permanent collection that merit extra attention. As one of the participating museums, the Rijksmuseum has chosen to showcase two radiant portraits by Piero di Cosimo.",https://www.rijksmuseum.nl/en/whats-on/exhibitions/past/strength-of-dutch-museum-collections,"Found on the venue's ""past"" listing page. The venue's page shows only ""Until 15 December"" for this exhibition's dates — no year is published anywhere.",2026-10-04T14:56:26.832Z
rijks,The best Italian drawings,,,"Works by great Italian masters such as Raphael, Michelangelo, Carracci, Barocci, Canaletto, Tiepolo and Piranesi are now being exhibited at the Rijksmuseum in a display of drawings from the museum’s Print Room collection.",https://www.rijksmuseum.nl/en/whats-on/exhibitions/past/highlights-of-italian-drawing,"Found on the venue's ""past"" listing page. The venue's page shows only ""Until 18 November"" for this exhibition's dates — no year is published anywhere.",2026-10-04T14:56:26.832Z
acq,Contemporary Masters: From Barceló to Wittenberg – Acquavella Palm Beach,2026-09-24,2026-11-16,"Featuring work by Miquel Barceló, Vija Celmins, Jacob El Hanani, Jon Joanis, Yuka Kashihara, Joel Mesler, Jennifer Rochlin, Tom Sachs, and Nicole Wittenberg.",https://www.acquavellagalleries.com/exhibitions/contemporary-masters-from-barcelo-to-wittenberg,"Found on the venue's ""all (current/upcoming/past)"" listing page.",2026-10-04T14:54:59.137Z
acq,Matisse: The Pursuit of Harmony,2026-04-09,2026-05-22,"“I made sculpture because what interested me in painting was the clarification of my ideas. I changed medium and worked in clay as a respite from painting when I had done absolutely all that I could for the moment. Which is to say that it was always for the purpose of organization. It was done to give order to my feelings, to seek a method that completely suited me. When I found it in sculpture, it helped me in painting.” Acquavella Galleries is pleased to present Matisse: The Pursuit of Harmony, an exhibition featuring fifty paintings, works on paper, and sculpture by Henri Matisse on loan from museums, foundations, and private collections. On view from April 9 through May 22, 2026, the exhibition traces Matisse’s investigation of form in two and three dimensions, from paintings and sculptures made at the start of the 20th century through the next five decades of his career. Although Acquavella has dealt in exceptional works by Matisse for over sixty years, this marks the gallery’s first exhibition devoted to the French artist since 1973. Henri Matisse (1869–1954) is widely regarded as the unparalleled modernist master of color, having revolutionized art with his luminous palette and lyrical color harmonies, but his experimentation with form was equally central to his artistic pursuits. In each chapter of his career, Matisse worked to refine and essentialize his approach to form and the figure. In his own words: “A work of art must be harmonious in its entirety: any superfluous detail would replace some other essential detail in the mind of the spectator.” Simplified, rhythmic forms, often inspired by the graceful, flowing lines of the arabesque, were integral to Matisse’s lifelong pursuit of harmony and balance in his art. The presentation begins with two early sculptures, The Serf (1900–04) and Madeleine I (1901), and his closely related painting Male Model (1900) and drawing Study for Madeleine (c. 1901). Of the more than eighty sculptures Matisse created, more",https://www.acquavellagalleries.com/exhibitions/matisse2,"Found on the venue's ""all (current/upcoming/past)"" listing page.",2026-10-04T14:54:59.137Z
acq,Soft Reins: From Degas to Fordjour,2026-02-06,2026-04-06,"The exhibition brings together an expansive dialogue of artists, from Impressionist and modern masters to leading contemporary figures including Jules de Balincourt, Fernando Botero, Will Cotton, Giorgio de Chirico, Edgar Degas, Raoul Dufy, Derek Fordjour, Lucian Freud, Marino Marini, Tomokazu Matsuyama, Joel Mesler, Sarah Miska, Pablo Picasso, Roy Lichtenstein, Robert Longo, Tom Otterness, Susan Rothenberg, Laurie Simmons, Hank Willis Thomas, and Summer Wheat. Acquavella Galleries is pleased to present Soft Reins, a group exhibition exploring the enduring significance of the horse as a powerful symbol and artistic muse, highlighting how the animal has inspired art, mythology, and storytelling throughout art history. Guest curated by the artist Tomokazu Matsuyama, Soft Reins will be on view at Acquavella’s Palm Beach gallery from February 6 through March 22, 2026. An opening reception and panel discussion will also be held at the gallery on the evening of February 6th. The title Soft Reins refers to a dynamic between a horse and its rider: when drawing gently on the reins, the horse responds naturally and without resistance. This intuitive ability and connection between horse and rider mirrors the dynamic between the artist and muse, presenting the horse as an enigmatic source of inspiration across cultures and histories. By presenting a diverse array of artists and media, Soft Reins underscores the horse's lasting impact on the artistic imagination. It highlights its capacity to convey profound messages across distinct cultures and eras, making it a dynamic subject for ever-changing times. The exhibition brings together an expansive dialogue of artists, from Impressionist and modern masters to leading contemporary figures including Jules de Balincourt, Fernando Botero, Will Cotton, Giorgio de Chirico, Edgar Degas, Raoul Dufy, Derek Fordjour, Lucian Freud, Marino Marini, Tomokazu Matsuyama, Joel Mesler, Sarah Miska, Pablo Picasso, Roy Lichtenstein, Robert Longo, Tom",https://www.acquavellagalleries.com/exhibitions/soft-reins,"Found on the venue's ""all (current/upcoming/past)"" listing page.",2026-10-04T14:54:59.137Z
acq,Masters of Modernism: From Gauguin to Warhol,2025-12-13,2026-02-02,"Works on view by Pierre Bonnard, Georges Braque, Paul Cézanne, Jean Dubuffet, Paul Gauguin, Alberto Giacometti, Fernand Léger, Brice Marden, Henri Matisse, Joan Miró, Édouard Vuillard, Andy Warhol, and Zao Wou-Ki.",https://www.acquavellagalleries.com/exhibitions/masters-of-modernism,"Found on the venue's ""all (current/upcoming/past)"" listing page.",2026-10-04T14:54:59.137Z
acq,Nicole Wittenberg: All the Way,2025-10-16,2025-12-05,"“I think good paintings are moving images, because they’re not static. Great paintings move.” To read Sarah Messerschmidt's catalogue essay, please click here. Acquavella Galleries is pleased to present All the Way, Nicole Wittenberg’s second solo exhibition with the gallery and her first at Acquavella’s New York location. The exhibition will be on view from October 16 through December 5, 2025. A reception for the artist will be held the evening of Wednesday, October 29, from 5:00 to 7:00 pm. Wittenberg’s return to Acquavella this fall follows the artist’s three solo museum exhibitions over this summer: Maison La Roche, Fondation Le Corbusier, Paris; the Ogunquit Museum of American Art, Ogunquit, Maine; and the Center for Maine Contemporary Art, Rockland, Maine. Several works from Wittenberg’s museum exhibitions in Rockland and Ogunquit will appear in All the Way. All the Way explores painting’s ability to capture the sensation of a singular moment extended over time. Nicole Wittenberg's painting practice takes scenes, elements, and encounters with the natural world as its subject matter. Her landscapes and twisting florals explore the medium’s ability to capture temporal moments as impressions that retain the energy of the experience.",https://www.acquavellagalleries.com/exhibitions/nicole-wittenberg2,"Found on the venue's ""all (current/upcoming/past)"" listing page.",2026-10-04T14:54:59.137Z
acq,Yuka Kashihara: Stardust,2025-10-15,2025-12-08,"""Everything is connected, and everything is one. Painting, for me, is a way of knowing who I am. Tracing that history back, it became clear to me that I, too, am made of stardust; and that realization felt profoundly natural. The primeval landscapes I have encountered in my life, too, if traced back far enough, were once stardust."" Acquavella Galleries is pleased to present Stardust, a solo exhibition of fifteen paintings by the Japanese artist Yuka Kashihara in its Palm Beach gallery, on view from October 15 through December 8, 2025. This suite of acrylic and oil paintings on canvas marks a continuation of the artist’s interest in imagining the otherworldly, while looking even farther to the cosmos. Her work is often sparked by instigating moments and views observed while traveling or walking, which she then blends with conjured vistas. In her new paintings, Kashihara explores our connection with the ancient and cosmic, combining the two ideas by exploring the origin of all organic matter, beginning deep in space. Kashihara cites Marcus Chown’s book, The Magic Furnace, as an inspiration for her new work. He states: “Every atom in our bodies has an extraordinary history. Our blood, our food, our books, our clothes–everything contains atoms forged in blistering furnaces deep inside stars, which were blown into space by those stars’ cataclysmic explosions and deaths…The birth of every atom was marked by cosmic events on an enormous scale, against a backdrop of unimaginable heat and cold, brightness and darkness, space and time.” The artist’s newest body of work draws on this idea of celestial kinship.",https://www.acquavellagalleries.com/exhibitions/yuka-kashihara2,"Found on the venue's ""all (current/upcoming/past)"" listing page.",2026-10-04T14:54:59.137Z
acq,Miquel Barceló,2025-04-24,2025-05-30,"""Painting is an urge that swallows you whole. You don't know exactly where you're going. You lose yourself completely and you end up doing something you had forgotten, or something you wanted to do without knowing how you got there. A miracle that repeats itself differently each time. It's a primitive thing, a vital thing. I felt it right away when I was painting beside my mother at twelve years old."" Acquavella Galleries is pleased to present Miquel Barceló, the renowned Spanish artist’s fourth solo exhibition with the gallery. The exhibition presents over two dozen new paintings and a selection of recent ceramic works, featuring the artist’s signature use of layered materiality, vivid color, and richly textured surfaces. The exhibition is on view April 24 to May 30, 2025 at Acquavella’s New York location. Over the past four and a half decades, the Spanish artist Miquel Barceló (b. 1957) has explored a diverse range of media, including painting, works on paper, ceramic, bronze sculpture, large-scale installation, and performance. In addition to his deep-rooted connection to Spain and his native Mallorca, Barceló draws inspiration from his global travels, continuously experimenting with new materials and techniques influenced by ancient and contemporary cultural traditions. Throughout his practice, the artist’s fascination with the natural world has been central, resulting in textured canvases filled with earthly materiality, tactile surfaces, and compositions inspired by the effects of light and ever-changing colors of the sea. In his latest series of paintings, Barceló deepens his engagement with organic subject matter, drawing inspiration from the sea surrounding Mallorca, where he lives and works in addition to Paris. In densely layered surfaces, Barceló’s new “still life” paintings feature scenes filled with tropical fish, crabs, shells, crustaceans, and marine vegetation that emerge from layers of muted chromatic grays in brilliant hues of red and blue. Traces",https://www.acquavellagalleries.com/exhibitions/miquel-barcelo4,"Found on the venue's ""all (current/upcoming/past)"" listing page.",2026-10-04T14:54:59.137Z
acq,Joani Tremblay: All the Wild That Remains,2025-04-17,2025-06-15,"""In a more general sense, my work is about our ideas around place as a whole and the sense of multiple and yet simultaneously layered experiences of landscape we all have. We all have false memories of places we have never been to, may that be the rock formations of Arizona, Niagara Falls or the idea of the California sun washing colors. We are in an age where nature is pictured in everything from films and photographs to theme park attractions, computer games, and advertisements, from pages to screens to physical spaces and back again. These simulations and reproductions of diverse landscapes get combined with our own memory of places and create these vaguely familiar places we have never been too, or an odd feeling of knowing somewhere when it is our first time setting foot there."" Exhibition Preview: Wednesday, April 16th, from 6-7:30pm in Palm Beach. Acquavella Palm Beach is pleased to present All the Wild That Remains, Joani Tremblay’s first solo exhibition with the gallery and her first in Palm Beach. The exhibition features several new paintings that span two signature bodies of work including large-scale landscapes and intimate flower paintings. Working between her studios in Montreal, Canada and the Mojave Desert in California, Tremblay continues her exploration of our personal and collective relationship with the natural world. All the Wild That Remains will be on view from April 17 through June 15, 2025 at Acquavella Galleries’ Palm Beach location. Tremblay’s work explores both the physical experience of nature and our perception of it, which is often mediated through its ubiquitous representation in media, informing what the artist describes as “painting from a constructed idea of place.” Eschewing traditional approaches to landscape painting, Tremblay begins each work by assembling source materials and images culled from online sources, as well as through field observation, texts, and memory, to create digital collages that evolve through many iteration",https://www.acquavellagalleries.com/exhibitions/joani-tremblay,"Found on the venue's ""all (current/upcoming/past)"" listing page.",2026-10-04T14:54:59.137Z
acq,Postwar Abstraction: Movement and Form,2025-02-28,2025-04-13,"""In every work of art, there is a balance between control and spontaneity. It is this delicate dance that creates a sense of tension and energy.” Palm Beach, FL – Acquavella Galleries is pleased to present Postwar Abstraction: Movement and Form, a group exhibition exploring the breadth of abstract art in the second half of the 20th century from artists Carl Andre, John Chamberlain, Willem de Kooning, Richard Diebenkorn, Ellsworth Kelly, Kenneth Noland, Jackson Pollock, Jean Paul Riopelle, and David Smith. The ten featured artists pursued and pushed abstraction in new directions, resulting in their spearheading movements like Abstract Expressionism, Color Field painting, and Minimalism. When placed in dialogue with one another in this exhibition, these works show the overlap of ideas and concepts that informed the artists and these movements. The exhibition has a particularly strong concentration of abstract sculpture, with the earliest example being David Smith’s Parrot’s Circle (1958). Constructed of welded steel, its geometric composition is rendered into a nearly two-dimensional silhouette. Smith’s use of welding and torch cutting allowed for improvisation and spontaneity outside of traditional forms of sculpture-making. The artist’s fluid approach also lends a collaged quality to his work, breaking down the rigid distinctions between sculpture, painting, and drawing. Two untitled works by Smith, a work on paper from 1954 and a painting from 1957, illustrate the ease with which he incorporated painting or drawing into his sculptures, giving them what is now considered his signature planar sensibility.",https://www.acquavellagalleries.com/exhibitions/postwar-abstraction,"Found on the venue's ""all (current/upcoming/past)"" listing page.",2026-10-04T14:54:59.137Z
acq,Portraiture: From Cassatt to Warhol (New York),2025-01-21,2025-04-04,"New York, NY – Acquavella Galleries is pleased to present Portraiture: From Cassatt to Warhol, a group exhibition exploring portraiture, with paintings and sculptures spanning over a century and different styles of representation, from Impressionism to today. Artists include Francis Bacon, Billy Al Bengston, Pierre Bonnard, Dominic Chambers, Jean Dubuffet, Nicole Eisenman, Lucian Freud, Alberto Giacometti, Damian Loeb, Henri Matisse, Joan Miró, Chris Ofili, Tom Sachs, Wayne Thiebaud, Édouard Vuillard, Andy Warhol, and Hannah Wilke. The exhibition opened at the gallery’s Palm Beach location November 20th, 2024, and will open in New York January 21st, 2025. Portraiture: From Cassatt to Warhol brings together works that delve into the techniques and methods that artists have utilized to represent their subjects in portraiture. Showing works by artists across the spectrum of the Impressionist, modern, and contemporary periods, the exhibition reflects the disparate ways of seeing and portraying, with a particular focus on the relationship between painter and model. Through these varying perspectives, the simulacrum undergoes shifts and transformations that illustrate the breadth of portraiture while delving into the genre’s inherent intimacy. Among the selection of artworks is Andy Warhol’s iconic Self-Portrait (Fright Wig) (1986). Created during the penultimate year of Warhol’s life, the silkscreen painting ranks among the artist’s most recognized and familiar images. Self-Portrait (Fright Wig) is complemented by an earlier self-portrait by the artist, Self-Portrait (1964), offering two starkly different representations of the artist at different moments in his life. Created at the outset of his career, the 1964 painting marks a starting point for Warhol’s career-long engagement with the construction of identity as it pertained to composing his public persona. The 1986 work, from his final series of portraits, continues Warhol’s enduring conflict between self and icon,",https://www.acquavellagalleries.com/exhibitions/portraiture-from-cassatt-to-warhol,"Found on the venue's ""all (current/upcoming/past)"" listing page. The same exhibition is also shown at Palm Beach.",2026-10-04T14:54:59.137Z
acq,Harumi Klossowska de Rola: Sacred Woods,2025-01-11,2025-02-23,"“My main inspiration is about wild animals, or plants or trees; they’re not domesticated in my work. I look through my mother’s eyes, through animism… Nature is cruel, but we’ve utterly separated ourselves from the natural world, where we were surrounded by species more powerful than ours. It’s important for us today to get reacquainted with nature and with fear, to help make us aware that animals are just as important as we are.” Acquavella Galleries Palm Beach is pleased to present Harumi Klossowska de Rola: Sacred Woods, its first solo exhibition of the Swiss-based artist Harumi Klossowska de Rola. Titled Sacred Woods, the exhibition features new and recent sculptures that explore the artist’s reverential fascination with the beauty of the natural and untamed world. Inspired by the grace and majesty of the animal kingdom, the show includes over a dozen sensitively rendered animals crafted out of bronze, alabaster, or wood; each sculpture is ennobled with a sense of spirit, physicality, and emotion. Sentient and animate, her artworks function as living, totemic entities, creating a bridge between nature and mankind. The passage of time and a rich sense of history is integral to Harumi’s work. Her handcrafted sculptures incorporatematerials layered with age and history, embracing how mediums such as bronze will evolve and oxidize over time. With an exquisite attention to detail and surface, they feature rich patinas, often highlighted with passages of gold leaf. Each exquisitely rendered sculpture begins with extensive preparatory drawings and modeling before the artist arrives at the final form. To make her sculptures, Harumi collaborates closely with skilled foundry artisans, often at the Fonderie de Coubertin in Saint-Rémy-lès-Chevreuse or the Fonderie Patrick Laroche in Paris, where many of the sculptures are cast. Klossowska’s command of material and her keen attention to detail across her artistic practice is evident in each object. Drawing inspiration from",https://www.acquavellagalleries.com/exhibitions/harumi-klossowska-de-rola,"Found on the venue's ""all (current/upcoming/past)"" listing page.",2026-10-04T14:54:59.137Z
acq,Portraiture: From Cassatt to Warhol (Palm Beach),2024-11-22,2025-01-05,"A group exhibition exploring portraiture, with paintings, works on paper, and sculptures by include Billy Al Bengston, Pierre Bonnard, Mary Cassatt, Dominic Chambers, Willem de Kooning, Jean Dubuffet, Nicole Eisenman, Lucian Freud, Alberto Giacometti, Henri Laurens, Henri Matisse, Joan Miró, Pablo Picasso, Man Ray, Susan Rothenberg, Tom Sachs, Wayne Thiebaud, Édouard Vuillard, Andy Warhol, Hannah Wilke, and Dustin Yellin. Acquavella Galleries is pleased to present Portraiture: From Cassatt to Freud, a group exhibition exploring portraiture, with paintings and sculptures spanning over a century and different styles of representation, from Impressionism to today. Artists include Billy Al Bengston, Pierre Bonnard, Mary Cassatt, Dominic Chambers, Willem de Kooning, Jean Dubuffet, Nicole Eisenman, Lucian Freud, Alberto Giacometti, Henri Laurens, Henri Matisse, Joan Miró, Pablo Picasso, Man Ray, Susan Rothenberg, Tom Sachs, Wayne Thiebaud, Édouard Vuillard, Andy Warhol, Hannah Wilke, and Dustin Yellin. The exhibition will open at the gallery’s Palm Beach location November 20, 2024, and travel to New York in January of 2025. Portraiture: From Cassatt to Freud brings together works that delve into the techniques and methods that artists have utilized to represent their subjects in portraiture. Showing works by artists across the spectrum of the Impressionist, modern, and contemporary periods, the exhibition reflects the disparate ways of seeing and portraying, with a particular focus on the relationship between painter and model. Through these varying perspectives, the simulacrum undergoes shifts and transformations that illustrate the breadth of portraiture while delving into the genre’s inherent intimacy. Among the selection of artworks is Andy Warhol’s iconic Self-Portrait (Fright Wig) (1986). Created during the penultimate year of Warhol’s life, the silkscreen painting ranks among the artist’s most recognized and familiar images. Self-Portrait (Fright Wig) is complement",https://www.acquavellagalleries.com/exhibitions/portraiture,"Found on the venue's ""all (current/upcoming/past)"" listing page. The same exhibition is also shown at New York.",2026-10-04T14:54:59.137Z
acq,Tom Sachs: Bronze,2024-11-07,2024-12-13,"""Picasso: the word is synonymous with art. For years, I’ve studied so many systems. McDonald’s, architecture of Le Corbusier and the Bauhaus, military-industrial systems. For me, it was a way of trying to understand Picasso the way I would understand a battleship or a skyscraper. To understand how something is made. So, working with Picassos and understanding them is a way of taking them apart."" New York, NY (October 7, 2024) – Acquavella Galleries is pleased to present our fifth solo exhibition with Tom Sachs. Titled Bronze, the exhibition features new and recent bronze sculptures by the artist and will be on view at our New York gallery from November 7—December 13, 2024. In this exhibition, Sachs continues his formal investigation and exploration of the modernist canon. Guided by the iconoclastic spirit and wit of Marcel Duchamp’s iconic “readymades,” Sachs employs his signature bricolage technique to reimagine sculptures by Pablo Picasso and Constantin Brâncuși. Drawing on an interplay between technical production and quotidian materials, these sculptures question traditional conceptions of what constitutes a work of art. Previous bodies of work have also engaged the annals of modernism, including Sachs’s take on Piet Mondrian’s abstractions in the 1990s, recreated out of duct tape and plywood; foamcore interpretations of Le Corbusier's housing complexes in the aughts; and, more recently, the reimagining of Picasso’s paintings, particularly from the so-called “war years” period between 1937 and 1945. Bronze features twelve sculptures, each constructed from a bricolage of found, everyday objects, which have been cast in bronze and painted with enamel. Drawing from Picasso’s sculpted oeuvre, Sachs’s new works are in dialogue with sculptures the Spanish artist created from the 1930s through the early 1950s, many of which were also assemblage sculptures constructed out of found materials.",https://www.acquavellagalleries.com/exhibitions/tom-sachs3,"Found on the venue's ""all (current/upcoming/past)"" listing page.",2026-10-04T14:54:59.137Z
acq,Jacob El Hanani: Drawing on Canvas,2024-09-10,2024-10-18,"“It is a personal challenge to bring drawing to the extreme and see how far my eyes and fingers can go.” New York, NY­­–July 24th, 2024– Acquavella Galleries is pleased to present Drawing on Canvas, an exhibition of new and recent works by the artist Jacob El Hanani. In his fifth solo exhibition with the gallery, El Hanani displays a masterful dedication to the craft that he has honed over the past 50 years. Constructing abstract pen and ink drawings that involve the artist applying thousands of marks by hand, El Hanani continues his trademark practice in Drawing on Canvas while incorporating his recent shift from working on paper to working on gessoed canvas on a much larger scale. The subtle, amorphous surfaces of these canvases upon closer inspection reveal dense webs of lines and patterns, built from repeated, rudimentary marks—often simple lines or circles. As the elemental forms grow into increasingly complex patterns, the entire canvas transforms into something much more than a summation of its parts. Day by day, El Hanani slowly creates these drawings over the course of months, his ceaseless labor equally as impressive as the resulting artworks. El Hanani’s work is informed by the meditative rigor found in the Jewish practices and traditions in which he was raised. Most clearly, the artist is in dialogue with micrography, an ancient art of calligrams that once decorated Hebrew Bibles and religious manuscripts. Like these historic drawings, each small mark on El Hanani’s canvases is a gesture in storytelling and world-building.",https://www.acquavellagalleries.com/exhibitions/jacob-el-hanani,"Found on the venue's ""all (current/upcoming/past)"" listing page.",2026-10-04T14:54:59.137Z
acq,"James Rosenquist at MoMA: F-111 on view in The Werner and Elaine Dannheisser Gallery, Fourth Floor",2012-01-26,,"For installation website with interactive features, please visit: http://www.moma.org/explore/f111",https://www.acquavellagalleries.com/exhibitions/james-rosenquist-at-moma,"Found on the venue's ""all (current/upcoming/past)"" listing page. No closing date found anywhere on the venue's pages.",2026-10-04T14:54:59.137Z
lgd,Inma Barrero: MOTHERS,2026-09-17,2026-10-17,"On September 17, 2026, Lévy Gorvy Dayan will open Inma Barrero: MOTHERS, the artist’s first exhibition with the gallery. The presentation brings together eight large-scale sculptures, each on view for the first time, that represent a different maternal presence informed by prehistoric, ancient, and modern worlds across global continents. The sculptures come together to create, in Barrero’s words, a “chorus” of mother figures, “bearing witness and answering one another across the room.” The basis of Barrero’s work is the handmade ceramic bead, with hundreds of beads joining to create a single sculpture. The beads take their inspiration from divine and universal sources, from the artist’s memories of her grandmother’s rosary to Greek komboloi (worry beads), and Buddhist prayer beads, which she encountered while living and working in Kyoto. To form the beads, she employs unconventional combinations of porcelain, earthenware, and terracotta, as well as soils from Japan, Mexico, and Spain to “unite different sources of earth in the figure of the mother.” She merges these with different glazing techniques and links or “weaves” the beads with metal wire, an homage to two forms of ceramic repair—the Spanish lañado, which restores ceramics with metal bindings or lañas—and the Japanese kintsugi, which mends breakages with lacquer dusted with powdered metals, such as gold.",https://www.levygorvydayan.com/exhibitions/inma-barrero-mothers,"Found on the venue's ""current and past"" listing page.",2026-10-04T14:54:53.823Z
lgd,Wangari Mathenge: Re-membering,2026-09-17,2026-10-24,"Lévy Gorvy Dayan is delighted to announce Wangari Mathenge: Re-membering, the artist’s first solo exhibition with the gallery, opening on the ground floor of 19 East 64th Street on September 17, 2026. Probing how culture, memory, and landscape are made and unmade, the presentation will mark Wangari Mathenge’s first public exhibition of sculpture and will debut five paintings. The exhibition’s title Re-membering derives from the artist’s series of the same name, which she began in the fall of 2024. It was inspired by Ngugi wa Thiong’o’s 2009 book Something Torn and New: An African Renaissance—which focuses on the critical impacts of colonialism and slavery on the experience of diasporic and continental Africans, as well as strategies of resistance and recovery. The first part of Mathenge’s project involved extensive study of Kenyan colonial literature and cultural objects from 1900 to 1963—the year of Kenya’s independence from the United Kingdom—to examine and interrogate how history and her own cultural identity had been formed. Her research resulted in the first cycle of canvases (dated 2025) in the series, featuring colorful overhead views of lone figures in states of contemplation, surrounded by accumulated books, objects, and textiles.",https://www.levygorvydayan.com/exhibitions/wangari-mathenge-re-membering,"Found on the venue's ""current and past"" listing page.",2026-10-04T14:54:53.823Z
lgd,Pierre Soulages: Paintings on Paper,2026-09-17,2026-10-24,"Lévy Gorvy Dayan is pleased to announce Pierre Soulages: Paintings on Paper, which will feature more than twenty of the French artist’s works on paper, the majority of which have never been exhibited before. We are honored to collaborate on this presentation with the artist’s widow, Colette Soulages, to reveal the importance of the medium to Pierre Soulages’s groundbreaking oeuvre. Paintings on Paper marks the sixth solo exhibition of Soulages’s work presented by Dominique Lévy during her decades-long relationship with the artist and his estate. The medium of paper is foundational to Soulages’s artistic practice, dating back to the mid-1940s. Paper was his first support, and he evolved his body of paintings on paper alongside and independently to his canvases; the paper works often anticipating developments he would bring to his oil compositions. Arguably, the artist’s works on paper are the purest form of his painterly expression. Rendered in walnut stain, gouache, and ink, they express his unconstrained creativity. Unlike his canvases, Soulages did not need to determine the format of his paintings on paper in advance and wait for a stretcher to be prepared. Instead, on the paper support, he could immediately capture his, in his words, “inner imperative.” Further, Soulages gravitated to the swift rhythm of working on paper; the fluidity of his pigments and the absorptive nature of his support requiring rapid decision-making and denying opportunities for changes or corrections.",https://www.levygorvydayan.com/exhibitions/pierre-soulages-paintings-on-paper,"Found on the venue's ""current and past"" listing page.",2026-10-04T14:54:53.823Z
lgd,Thomas Houseago: Death's Sacred Mirror,2026-06-04,2026-09-19,"Lévy Gorvy Dayan is thrilled to announce Thomas Houseago: Death’s Sacred Mirror, opening June 4 in London. Curated by Houseago in the spirit of a cabinet of curiosities, the exhibition will unveil new sculptures by the artist alongside a selection of objects—ranging from Egyptian, Greek, and Aztec artifacts to works by Joseph Beuys, Louise Bourgeois, Jacob Epstein, Lucio Fontana, Henri Gaudier-Brzeska, Julia Isídrez, Jacques Lipchitz, Henri Matisse, Marisa Merz, Meret Oppenheim, James ‘Son Ford’ Thomas, and Günther Uecker. Titled after the obsidian mirrors of Aztec culture—an example of which will be on display—Death’s Sacred Mirror takes the visitor on a journey through the sculptural histories important to Houseago’s own practice. A new edition of Houseago’s Crystal No. 1 (2026) anchors the presentation. The work represents the artist’s examination of themes such as beauty, grace, and femininity, complementing his career-long exploration of towering masculine figures. “Sculpture,” Houseago has said, “is a very brutal commitment. You’re forced to look back and marvel at what was done...” In Death’s Sacred Mirror, Houseago’s sculptures find resonance in artworks and antiquities that span millennia—revealing his never-ending search for timeless aspects of the sculptural medium and his ongoing investigations of its legacies and possibilities. Antiquities included in Thomas Houseago: Death’s Sacred Mirror are presented in collaboration with Rupert Wace and Charles Ede Ltd, London.",https://www.levygorvydayan.com/exhibitions/thomas-houseago-death-s-sacred-mirror,"Found on the venue's ""current and past"" listing page.",2026-10-04T14:54:53.823Z
lgd,Armig Santos: Baladas,2026-04-16,2026-06-13,"Lévy Gorvy Dayan is delighted to announce the gallery’s first solo exhibition Baladas with Puerto Rican artist Armig Santos, opening on April 16, 2026. The exhibition will debut a series of canvases that explore the artist’s personal and pastoral relationship to the islands of Puerto Rico, drawing upon historical, archival, and ecological sources of inspiration. With the exhibition’s title, Santos nods to José Luis González’s 1978 novel Balada de otro tiempo (Ballad of Another Time), which remains a significant representation of traditional farming—or campesino—culture in Puerto Rico. Remarking on his new body of work, Santos states, “Every painting is a ballad to Puerto Rico in its own way. The works are reminders of the past but also a way to understand what is happening now.”",https://www.levygorvydayan.com/exhibitions/armig-santos,"Found on the venue's ""current and past"" listing page.",2026-10-04T14:54:53.823Z
lgd,The Adventure of Domenico Gnoli,2026-03-18,2026-05-23,"Lévy Gorvy Dayan is delighted to announce The Adventure of Domenico Gnoli, the largest exhibition of works by the artist in the United States in more than five decades, following his celebrated 1969 solo presentation at Sidney Janis Gallery, New York. Featuring paintings, drawings, etchings, notebooks, and letters, the survey represents a critical continuation of Gnoli’s legacy in America, subsequent to his major 2021–22 retrospective at the Fondazione Prada, Milan. We are proud to organize this exhibition in collaboration with Gnoli’s widow, Yannick Vu, and the artist’s estate—as well as to present works from the artist’s sister, Mimì Gnoli, and major private collections. In his brief yet prolific life, Domenico Gnoli (1933–1970) established himself as a master of perception, creating a body of paintings unparalleled in their composition and meticulous detail. Born in Rome, he began his career as an illustrator and set and costume designer, working and traveling across the world while arriving to his mature style as a painter in 1964. His late paintings picture everyday objects— including clothing, hair, beds, and sofas—enlarged, fragmented, and suspended. The canvases are at once absorbing and uncanny, revealing secrets of contemporary life yet unconsidered.",https://www.levygorvydayan.com/exhibitions/the-adventure-of-domenico-gnoli,"Found on the venue's ""current and past"" listing page.",2026-10-04T14:54:53.823Z
lgd,Mark Bradford: Thievery by Servants,2026-02-19,2026-04-11,"We are pleased to announce that Thievery by Servants (2013) by Mark Bradford is now on view on the fifth floor of the New York gallery through April 11, 2026. Monumental in scale, Thievery by Servants comprises 50 panels across nearly 30 feet—in a bold interplay of paper, text, and color that demonstrates the artist’s provocative repositioning of abstraction in the twenty-first century. The work is a crucial example of Bradford’s Merchant Poster series, initiated circa 2005. In this body of work, Bradford repurposes a particular form of local advertisement—collected from the streets of his neighborhood in South Los Angeles—that promotes among other things, small business offerings, quick cash, legal services, and housing. He sources these materials, which take the forms of billboards, flyers, newsprint, posters, and handmade signs, and reflect the specific needs of local communities, from the windows of small shops, fences, telephone poles, and wood scaffolding. Layering such posters and other found papers in his studio, Bradford creates dense surfaces that are carved into and sanded down, exposing underlying strata and textural relationships. In the resulting works, the surface text often becomes intentionally obfuscated, allowing other material traces to come to the foreground and the ephemeral nature of shifting social currents.",https://www.levygorvydayan.com/exhibitions/mark-bradford-thievery-by-servants,"Found on the venue's ""current and past"" listing page.",2026-10-04T14:54:53.823Z
lgd,Winter Installation,2026-01-21,2026-02-21,"Beginning January 21 in New York, Lévy Gorvy Dayan will feature a rotating installation of painting and sculpture from Pop art to the present.",https://www.levygorvydayan.com/exhibitions/winter-installation,"Found on the venue's ""current and past"" listing page.",2026-10-04T14:54:53.823Z
lgd,Juanita McNeely,2026-01-20,2026-04-25,"On January 20, 2026, Lévy Gorvy Dayan opens an exhibition of Juanita McNeely’s revolutionary oeuvre, marking the first solo presentation of the late New York painter in London. Spanning paintings and works on paper from the 1960s to the 2010s, the exhibition charts five decades of her uncompromising practice, defined by a fearless and provocative approach to the human body. A foundational feminist voice, McNeely worked amid shifting artistic, social, and political backdrops with visceral clarity and force. The works on view reflect her lifelong commitment to breaking taboos and speaking out about women’s experiences—touching on the highs and lows of pleasure and pain, sexuality, bodily functions, and disability. Inviting a timely revisitation of McNeely’s life and practice, the exhibition recognizes a historical visionary whose work remains urgently contemporary.",https://www.levygorvydayan.com/exhibitions/juanita-mcneely-london,"Found on the venue's ""current and past"" listing page.",2026-10-04T14:54:53.823Z
lgd,La mort de l'amour,2025-10-09,2025-12-20,"Lévy Gorvy Dayan is proud to announce La mort de l’amour and Ménage à trois, two provocative and unprecedented exhibitions uniting the visionary work of Leonor Fini (1907–1996) and contemporary Polish artist Aleksandra Waliszewska (b. 1976). Opening October 9, 2025, this marks the first major presentation of a large ensemble of paintings by Fini in London since 1967—a rare opportunity to rediscover her subversive legacy alongside one of today’s most compelling painters. On the first floor of the gallery’s storied Mayfair townhouse (formerly the Empress Club), La mort de l’amour will feature important paintings by Fini and Waliszewska in dialogue. On the ground floor, Ménage à trois will present Fini and Waliszewska alongside Stanislao Lepri (1905–1980), whose work expands on their shared themes while also constituting a meaningful connection to Fini. Lepri was one of Fini’s two great loves, and she lived with him in a polyamorous relationship for four decades. These presentations crucially underscore the agency of two women artists whose iconographies center on female desire and human mortality. Organized by Victoria Gelfand-Magalhaes (President, Europe) and curated by feminist art historian Alison M. Gingeras, La mort de l’amour and Ménage à trois invite viewers to witness a transgressive dialogue that blurs the boundaries between reality, fantasy, and delirium. Join us at 11 am on October 9 for a conversation between curator Alison M. Gingeras and Surrealist specialist Professor Alyce Mahon, discussing the artists and works on display.",https://www.levygorvydayan.com/exhibitions/la-mort-de-l-amour,"Found on the venue's ""current and past"" listing page.",2026-10-04T14:54:53.823Z
lgd,Ziva Jelin,2025-09-25,2025-11-01,"On September 25, 2025, Lévy Gorvy Dayan will open Ziva Jelin, debuting new paintings by the artist on the gallery’s fifth floor. Across her oeuvre, Ziva Jelin portrays her immediate environment through a lens of intimate experience and memory. Conveying personally resonant images, her landscapes and domestic scenes depict her lifelong home and surroundings in Be’eri, Israel—including pastoral vistas of neighboring buildings, trees and flora, streetlamps, and winding lanes. Jelin’s figuration is attended by abstract pours and cascades of thinned, aqueous paint—bringing together indeterminacy and chance, and gravity and time, with her representations of place.",https://www.levygorvydayan.com/exhibitions/ziva-jelin,"Found on the venue's ""current and past"" listing page.",2026-10-04T14:54:53.823Z
lgd,Downtown/Uptown: New York in the Eighties,2025-09-18,2025-12-13,"Lévy Gorvy Dayan is delighted to announce the exhibition Downtown/Uptown: New York in the Eighties organized in collaboration with Mary Boone and opening on September 18 in New York. The presentation will feature significant paintings, sculptures, photographs, and works on paper by artists Jean-Michel Basquiat, Ross Bleckner, Francesco Clemente, Eric Fischl, Guerrilla Girls, Peter Halley, Keith Haring, Jeff Koons, Barbara Kruger, Louise Lawler, Sherrie Levine, Sally Mann, Robert Mapplethorpe, Cady Noland, Ricky Powell, Richard Prince, David Salle, Kenny Scharf, Julian Schnabel, Andres Serrano, Cindy Sherman, Haim Steinbach, Tseng Kwong Chi, Andy Warhol, David Wojnarowicz, and Christopher Wool. The 1980s New York art scene was a locus of experimentation and creativity. As Boone states, “The ’80s was about discovery and new ideas. There was a feeling of possibility and fluidity, supported by an engaged arts community.” With the city as a catalyst, artists—both emerging and established—probed art history, politics, current events, and visual and consumer culture, and conceived new forms of representation. The works in Downtown/Uptown: New York in the Eighties represent the diverse and groundbreaking art created during, and in response to, this epochal time—while also highlighting the community shared by the featured artists.",https://www.levygorvydayan.com/exhibitions/downtown-uptown,"Found on the venue's ""current and past"" listing page.",2026-10-04T14:54:53.823Z
lgd,Francesco Clemente: Self-Portraits in the Bardo,2025-06-26,2025-09-27,"Lévy Gorvy Dayan will present Francesco Clemente’s Self-Portraits in the Bardo­—a significant series from his recent practice on view for the first time. Here, in eight vivid and visionary canvases, the artist fuses self-portraiture with an exploration of imagery found in traditional Tibetan Buddhist representations of the bardo. The bardo is a central concept in Tibetan Buddhism, describing a liminal state of consciousness associated with the moment between death and rebirth. On each canvas, Clemente creates a contrast between his grisaille self-portrait in the foreground and the richly hued background, where the deities of the bardo manifest in kaleidoscopic arrangements of form and color. Expressions of humanity and contemporary life, the paintings speak to the pursuit of spiritual guidance and deliverance—and to Clemente’s belief in art as a unique vehicle for insight and enlightenment. Self-Portraits in the Bardo marks the gallery’s third solo presentation of Clemente in London, and the first in the new space at the Empress Club, 35 Dover Street. The exhibition will be accompanied by an essay by Sir Norman Rosenthal.",https://www.levygorvydayan.com/exhibitions/francesco-clemente-self-portraits-in-the-bardo,"Found on the venue's ""current and past"" listing page.",2026-10-04T14:54:53.823Z
lgd,Austyn Weiner: Half Way Home,2025-05-08,2025-07-25,"Lévy Gorvy Dayan is thrilled to announce Half Way Home by Los-Angeles based artist Austyn Weiner, opening on May 8, 2025. Weiner’s debut solo exhibition with the gallery will comprise three monumental paintings that form an immersive installation, representing the emotional, physical, and spiritual odyssey she traversed over the past year. Using her pre-pandemic abstract landscape The Last First Symphony (2020) as a starting point, the exhibition was inspired in late 2023 by Claude Monet’s elliptical rooms of Water Lilies at the Musée de l’Orangerie in Paris, which were formative to Weiner. Wanting to create her own space of reflection and solace, she embarked on an ambitious room-sized installation of paintings. Yet shortly thereafter, the artist experienced incalculable loss in the span of a few months with the deaths of her father, her closest friend, and her grandmother. The large-scale works became the theater for processing her emotions, and for her experience of desolation and resilience. The ensuing panels capture the marks of this struggle, radiating the artist’s emotional realities of pain, sorrow, and longing as they evolved during the yearlong period; by her own admission, “this is the longest I have worked on a surface.”",https://www.levygorvydayan.com/exhibitions/half-way-home,"Found on the venue's ""current and past"" listing page.",2026-10-04T14:54:53.823Z
lgd,"The Human Situation: Marcia Marcus, Alice Neel, Sylvia Sleigh",2025-04-10,2025-06-21,"Lévy Gorvy Dayan is delighted to announce The Human Situation: Marcia Marcus, Alice Neel, Sylvia Sleigh. The exhibition, conceived by Saara Pritchard, will mark the first focused presentation of Marcia Marcus (1928–2025), Alice Neel (1900–1984), and Sylvia Sleigh (1916–2010), who each worked in New York City and shared in its artistic circles in the dynamic decades of the 1960s, 1970s, and 1980s. During this period, they portrayed mutual sitters, exhibited together, and participated in public discussions. Their representations of loved ones, friends, and acquaintances are distinctive in form and style, yet share in their evocation of the human spirit, capturing Sleigh’s reflection “The human situation adds a certain poignancy to portraits...”",https://www.levygorvydayan.com/exhibitions/the-human-situation-marcia-marcus-alice-neel-sylvia-sleigh,"Found on the venue's ""current and past"" listing page.",2026-10-04T14:54:53.823Z
lgd,Danielle Orchard and Aristide Maillol,2025-03-14,2025-04-26,"Lévy Gorvy Dayan is thrilled to announce an exhibition of sculptures by Aristide Maillol (1861–1944) in conversation with new paintings by Danielle Orchard (b. 1985), created on the occasion of the exhibition. Staging a dialogue between painting and sculpture that is beyond time, the exhibition will represent visions of form, volume, and line, explored through the female figure. Central to the practices of both artists is the woman as muse. Here, in scenes domestic and natural, Orchard depicts physical and psychological insights gained in her experiences as a new mother—an infant shares each composition with her female protagonists. Maillol often said, “I invent nothing, no more than the apple tree can pretend to have invented its apples.” His works and those of Orchard are both marked by the impulse towards, in the words of art historian John Rewald, “the expression of truth and the balance of forms.”",https://www.levygorvydayan.com/exhibitions/danielle-orchard-and-aristide-maillol,"Found on the venue's ""current and past"" listing page.",2026-10-04T14:54:53.823Z
lgd,Auras: Portraits of Women by British Artists,2025-03-06,2025-06-08,"Opening March 6, Lévy Gorvy Dayan presents Auras, an exhibition exploring connections and divergences between two generations of British figurative painters through their portrayals of women. Among the works included are images of friends and lovers, models and muses, empowered individuals and anonymous enigmas—articulated in ways that range from forceful realism to the symbolic and allegorical. The exhibition includes paintings by Frank Auerbach, Lucian Freud, David Hockney, R. B. Kitaj, Leon Kossoff, and Paula Rego alongside works by contemporary artists Jenny Saville, Alison Watt, and Lynette Yiadom-Boakye.",https://www.levygorvydayan.com/exhibitions/auras-portraits-of-women-by-british-artists,"Found on the venue's ""current and past"" listing page.",2026-10-04T14:54:53.823Z
lgd,Alison Watt,2025-03-06,2025-06-08,"On March 6, Lévy Gorvy Dayan opens Alison Watt, a presentation of new works by the artist to coincide with her solo exhibition at Pitzhanger Manor & Gallery in Walpole Park, West London. Watt’s still life paintings are distinguished by a deft realism informed by perception, memory, and art historical research. The paintings on view at Lévy Gorvy Dayan and Pitzhanger form part of a series that engages with the life and collection of Sir John Soane (1753–1837), one of the foremost architects of the British Regency era. Soane is known for his eclectic collection of paintings, sculptures, and architectural fragments, as well as models, books, drawings, and furniture, part of which remains on-site at Pitzhanger, his main residence between 1804 and 1810.",https://www.levygorvydayan.com/exhibitions/alison-watt,"Found on the venue's ""current and past"" listing page.",2026-10-04T14:54:53.823Z
lgd,Michelangelo Pistoletto: To Step Beyond,2025-01-16,2025-03-29,"On January 16, 2025, Lévy Gorvy Dayan presented the significant solo exhibition Michelangelo Pistoletto: To Step Beyond, organized in collaboration with Galleria Continua. This major presentation featured painting and sculpture spanning the Italian artist’s groundbreaking practice from the early 1960s to the present, illuminating the radicality of his evolving oeuvre. Pistoletto once wrote, “If art is life’s mirror, then I am the mirror maker.” Ever advancing the bounds of his artmaking, Pistoletto engages developments in technology, society, and the environment to consider contemporary existence while also looking to the future.",https://www.levygorvydayan.com/exhibitions/michelangelo-pistoletto-to-step-beyond,"Found on the venue's ""current and past"" listing page.",2026-10-04T14:54:53.823Z
lgd,Andy Warhol: Ten Portraits of Jews of the Twentieth Century,2024-11-14,2025-02-22,"Opening on November 14, Lévy Gorvy Dayan will exhibit a rare and complete group of ten unique collages belonging to Andy Warhol’s series Ten Portraits of Jews of the Twentieth Century (1980). On view on the fifth floor of the gallery’s Beaux-Arts townhouse at 19 East 64th Street, the vibrant and multifaceted works are demonstrative examples of the artist’s physical process and his compositional method. Arrayed together, the total body of ten collages provides a potent counter to Warhol’s famous remark of 1963—“I want to be a machine”—revealing insights into his haptic and experimental artmaking, and the decisive evolution of his renowned Pop portraits.",https://www.levygorvydayan.com/exhibitions/andy-warhol-ten-portraits-of-jews-of-the-twenteith-century,"Found on the venue's ""current and past"" listing page.",2026-10-04T14:54:53.823Z
lgd,Francesco Clemente: Summer Love in the Fall,2024-10-29,2024-12-21,"On October 29, Lévy Gorvy Dayan opened Francesco Clemente: Summer Love in the Fall, marking the venerated artist’s first exhibition at the gallery’s Beaux-Arts townhouse at 19 East 64th Street. Here, across multiple floors, Clemente debuted recent large-scale paintings in oil, watercolors, and frescoes, demonstrating his engagement with form and material—and melding artistic influences from India, West Africa, Egypt, and Italy to classical Greece and Rome. The subject of his new work is grounded in introspection and personal connection, echoing the expression penned by William Blake, “Love, the human form divine.” Created during the warm and lush summer months, Clemente’s representations in oil of amorous love and the erotic impulse are intimate yet universal, addressing physical and emotional connection. His earthen, pared-down palette emphasizes metallic hues of gold and silver, while also referencing the pictorial traditions of the Italian trecento and Renaissance—the dry grays of Giotto and the cool greens of Fra Angelico. The paintings are populated with figurative iconography, including that of angels, and resonant themes of spirituality and sexuality.",https://www.levygorvydayan.com/exhibitions/francesco-clemente,"Found on the venue's ""current and past"" listing page.",2026-10-04T14:54:53.823Z
lgd,"Enchanted Alchemies: Magic, Mysticism, and the Occult in Art",2024-10-01,2024-12-21,"On October 1, 2024, Lévy Gorvy Dayan opened Enchanted Alchemies, an exhibition exploring themes of magic, mysticism, and the occult in art. The exhibition places historical figures such as Gertrude Abercrombie, Eileen Agar, Leonora Carrington, Elda Cerrato, Ithell Colquhoun, Leonor Fini, and Monica Sjöö in dialogue with contemporary practitioners, including Francesco Clemente, Chitra Ganesh, Alejandro Jodorowsky, Bharti Kher, Linder, and Goshka Macuga. Featuring over 50 works by 27 artists spanning painting, sculpture, ceramic, watercolor, and collage—some newly created—Enchanted Alchemies brings together a range of expressive approaches to magic and mystical thinking. On November 12, the display evolved into phase II, reflecting the transformative and alchemical themes of the artists' works. On October 6, 2024, a panel discussion relating to the exhibition was held at the 1 Hotel Mayfair at 4 PM. It was moderated by renowned art critic Louisa Buck, and featured the artist Linder and writer Irenosen Okojie. The panel was chaired by Rachel Thomas, Chief Curator of the Hayward Gallery.",https://www.levygorvydayan.com/exhibitions/enchanted-alchemies-magic-mysticism-and-the-occult-in-art,"Found on the venue's ""current and past"" listing page.",2026-10-04T14:54:53.823Z
lgd,Thomas Houseago: Night Sea Journey,2024-09-09,2024-10-19,"On September 9, 2024, Lévy Gorvy Dayan opened Thomas Houseago: Night Sea Journey, a major exhibition that sees the artist pushing boundaries—material and psychological—as he sprawls intricate visions across three floors of the gallery’s Beaux-Arts townhouse. Night Sea Journey marks Houseago’s first exhibition in New York City in ten years. It showcases new paintings and sculptures that realize the artist’s recent battles with trauma, from which he emerged with a greater understanding of his powers. The result is a raw odyssey from darkness to light that culminates in a symphonic room-spanning tapestry on the gallery’s skylit top floor, created en plein air in Malibu, like the rest of the exhibition. Night Sea Journey included a film on Houseago directed by Andrew Dominik and produced by Saul Germaine, PJ van Sandwijk, and Paul Kahil.",https://www.levygorvydayan.com/exhibitions/thomas-houseago-2024,"Found on the venue's ""current and past"" listing page.",2026-10-04T14:54:53.823Z
lgd,Material States: Yves Klein and Günther Uecker,2024-06-20,2024-09-12,"On June 20, 2024, Lévy Gorvy Dayan opened Material States: Yves Klein and Günther Uecker, an exhibition exploring connections between Yves Klein (1928–1962) and Günther Uecker (b. 1930). Titans of Europe’s postwar avant-garde, Klein and Uecker developed radically alternative visual languages at a time when artistic traditions were increasingly questioned and dismantled. The artists’ lives converged in manifold ways, and, in January 1962, Klein married Uecker’s sister Rotraut, rendering the two family. Material States included major works by each artist, including Uecker’s poignant Hommage à Yves Klein II, created the same year as Klein’s untimely death at the age of 34.",https://www.levygorvydayan.com/exhibitions/material-states,"Found on the venue's ""current and past"" listing page.",2026-10-04T14:54:53.823Z
lgd,Joel Mesler: Kitchens are good rooms to cry in,2024-06-06,2024-07-26,"Lévy Gorvy Dayan was excited to announce the opening of Joel Mesler: Kitchens are good rooms to cry in on June 6, 2024. This major presentation marked the artist’s fourth exhibition with the gallery and the first in New York, comprising new paintings, sculptures, and installations across two floors of the Beaux-Arts townhouse at 19 East 64th Street. With Kitchens are good rooms to cry in, Mesler examined and shared his personal journey from his youth in Los Angeles to the present day—achieved through an installation in three vignettes, each relating to childhood, adulthood, and midlife. Through a dazzling display of work across media, Mesler expounded on the insights of his earned experience, as well as the questions yet to be answered, in a presentation that was at once intimate and exuberant, reflective and bold. On July 2, 2024, Mesler’s solo exhibition at the gallery was joined by his public installation, Pool Party, at the Rink at Rockefeller Center, presented by Rockefeller Center and Art Production Fund. Pool Party activated multiple locations throughout Rockefeller Center, centering at the Rink with the creation of a patterned pool as well as the artist’s sculptural floats, inflatables, and beach balls.",https://www.levygorvydayan.com/exhibitions/joel-mesler-kitchens-are-good-rooms-to-cry-in,"Found on the venue's ""current and past"" listing page.",2026-10-04T14:54:53.823Z
lgd,Alison Watt: Breathing In,2024-05-09,2024-07-26,"Lévy Gorvy Dayan was delighted to present Breathing In, the first United States exhibition for the celebrated British painter Alison Watt, whose still lifes married contemporary concepts with the painterly language of classic European portraiture. Opening May 9, 2024, Breathing In featured a host of new and never-before-seen paintings and coincided with Lévy Gorvy Dayan’s presentation of Watt’s significant canvas Peale (2018) at the Independent Art Fair. Watt’s paintings luxuriated in the details from art historical portraiture that served as encapsulations of the sitter’s character, with special emphasis on fabrics and the stories told by their creases. White predominated in her paintings, though like her inanimate subjects, it was given profound dimension through her explorations of its reflective intricacies. The overall effect Watt achieved was one of absent presence. “The still life can be very intimate,” Watt has said. “And because of its close connection to us, how we view it is continually being redefined. It continues to evolve because it reflects us. So, by its very nature, it is linked to the portrait. The still life is a portrait without likeness.”",https://www.levygorvydayan.com/exhibitions/alison-watt-breathing-in,"Found on the venue's ""current and past"" listing page.",2026-10-04T14:54:53.823Z
lgd,Yves Klein and the Tangible World,2024-04-11,2024-05-25,"On April 11, 2024, Lévy Gorvy Dayan opened Yves Klein and the Tangible World, an exhibition devoted to the engagement of the body in the visionary French artist’s oeuvre. Curated in collaboration with the Yves Klein Foundation, the presentation brought together nearly 30 examples of Yves Klein’s Anthropométries (1960–62) and Peintures de feu (Fire Paintings, 1961–62), as well as Sculpture tactile (Tactile Sculpture, conceived c. 1957) in the first focused juxtaposition of these works. Klein’s paintings affirm his conviction that art should exude life. His Anthropométries and Peintures de feu exemplify this ethos, possessing traces of living flesh and imprinted memories of fire, water, earth, and air. Klein once wrote, “The link between spirit and matter is energy. The combined mechanism of these three elements generates our tangible world, which is claimed to be real but is in fact ephemeral.” Through direct physical contact and alchemy, energy is captured and transferred in the works on view, binding the soul and the material support. On the occasion of the exhibition Yves Klein and the Tangible World, Lévy Gorvy Dayan presented a performance of Klein’s Monotone-Silence Symphony at St. James’ Church, New York, on Wednesday, May 1, at 6:30 pm. Sculpture tactile will be activated every Thursday and Saturday from 2 pm to 6 pm. Please be aware that this schedule is subject to change.",https://www.levygorvydayan.com/exhibitions/yves-klein-and-the-tangible-world,"Found on the venue's ""current and past"" listing page. Closed before the 1 July 2024 lookback; kept by your one-time exception.",2026-10-04T14:54:53.823Z
borghese,METAMORPHOSES OVID AND THE ARTS,2026-06-23,2026-10-11,"From June 23 to September 20, 2026, with an extraordinary extension through October 11, Galleria Borghese hosts Metamorphoses. Ovid and the Arts, a major exhibition project developed in collaboration with the Rijksmuseum, Amsterdam. Curated by Francesca Cappelletti and Frits Scholten, the exhibition was conceived through a shared scholarly dialogue between the two institutions. Following its Dutch presentation, which will close on 25 May, the project will travel to Rome in June, where it will be presented in an autonomous and original configuration. Taking Ovid’s Metamorphoses – one of the foundational and most enduring texts of the Western imagination – as its point of departure, the project explores the theme of transformation as a universal principle and as a key to interpreting the cosmos, matter, and the human condition. Ovid’s poem thus becomes the gateway to a worldview grounded in change, in the instability of forms, and in the permeability of boundaries between the human, the natural, and the divine. The spaces of Galleria Borghese constitute a particularly privileged context for the development of this exhibition project. The very foundation of the villa fuori Porta Pinciana is rooted in the symbolic universe of the Metamorphoses, making this site not only suitable but intrinsically connected to the theme of the exhibition. Cardinal Scipione Borghese commissioned the construction of the Casino nobile to house part of his collection, conceiving the architecture as a cultural device capable of weaving together myth, art, and self-representation within a coherent system of meanings. This vocation was further reinforced in the eighteenth century through the restorations commissioned by Marcantonio IV Borghese and entrusted to Antonio Asprucci, who reorganised the interiors by placing sculptures at the centre of the rooms and integrating them within a decorative programme inspired by the Metamorphoses, thereby shaping a context in which the presence of Ovid bec",https://galleriaborghese.cultura.gov.it/en/exhibition/metamorphoses/,"Found on the venue's ""current"" listing page. Opening and closing dates read from a sentence, not a date field: ""June 23 to September 20, 2026"". Closing date extended from 20 Sep 2026 to 11 Oct 2026: ""extension through October 11"".",2026-10-04T14:57:14.954Z
borghese,[upcoming page],,,,https://galleriaborghese.cultura.gov.it/en/mostre/future/,"The venue's ""upcoming"" listing page loaded but no exhibitions could be read from it. Marker row, not an exhibition.",2026-10-04T14:57:14.954Z
borghese,RETURN TO GALLERIA BORGHESE. GIOVAN FRANCESCO PENNI AND RAPHAEL’S WORKSHOP,2026-03-17,2026-05-10,"From March 17 to May 10, 2026, Galleria Borghese will host an exhibition curated by Lucia Calzona, dedicated to the “homecoming” of a precious allegory, the Allegory of Good Hope, attributed to Giovan Francesco Penni and acquired at auction on May 14, 2025. This acquisition is part of a project, strongly championed by the museum, to recompose and restore the original appearance of its collection through a careful and rigorous process of reconstructing the museum’s historical and collecting identity. With Return to Galleria Borghese, alongside the exhibition Marcello Provenzale of Cento: A Genius of Baroque Mosaic in the Rome of the Borghese , the museum resumes its program of “dossier exhibitions.” These are research projects focused on a selected number of works from the collection, designed to explore crucial turning points in its history and restore its original character to the public, refocusing attention on a central chapter of its collecting legacy through history, attributions, and critical rediscovery. The arched panel, whose Borghese provenance is documented in 17th-century inventories as a work by Raphael—to whom Penni was a close collaborator—is displayed in the very room that houses Renaissance painting and the masterpieces of the great Umbrian and Tuscan master, marking a reunification awaited for over two centuries. The allegory is presented alongside Charity, its original pendant, now in a private collection. The reconstruction of this diptych, which was separated at the end of the 18th century, provides an opportunity to reinterpret a decisive passage in the collection’s history, from its first mentions in inventories to the Ottley sales (1797–1799), which dispersed numerous works under the pressure of Napoleonic events. Alongside the dialogue between the two panels, the exhibition explores the figure of Giovan Francesco Penni, a key protagonist in the dissemination of Raphael’s style in early 16th-century Rome. The presence of the Adoration of the",https://galleriaborghese.cultura.gov.it/en/exhibition/return-to-the-galleria-borghese/,"Found on the venue's ""past"" listing page. Opening and closing dates read from a sentence, not a date field: ""March 17 to May 10, 2026"".",2026-10-04T14:57:14.954Z
borghese,MARCELLO PROVENZALE FROM CENTO. A GENIUS OF BAROQUE MOSAIC IN BORGHESE ROME,2026-03-17,2026-05-10,"On March 17, and running until May 10, 2026, Galleria Borghese inaugurates the exhibition Marcello Provenzale from Cento: A Genius of Baroque Mosaic in Borghese Rome. Produced in collaboration with the Pinacoteca Civica “il Guercino” in Cento—where the exhibition will move in a different configuration from October 2, 2026, to January 10, 2027—the show brings back to center stage the figure of Marcello Provenzale, a leading figure in the rebirth of mosaic in the Rome of Paul V and one of the most significant moments in the revival of this practice between the 16th and 17th centuries. On the 450th anniversary of the artist’s birth, Galleria celebrates a key protagonist of artistic culture in Borghese Rome, a central figure in the transformation of mosaic into a modern language within the climate of the Counter-Reformation. With Marcello Provenzale from Cento, and the exhibition Return to Galleria Borghese: Giovan Francesco Penni and Raphael’s Workshop, the museum resumes its program of “dossier exhibitions.” These research projects, dedicated to a selected number of works from the collection, are designed to explore crucial turning points in its history and restore its original character to the public, refocusing attention on a central chapter of its collecting legacy through history, attributions, and critical rediscovery. Born in Cento in 1576 and trained as a painter, Provenzale specialized in mosaic art in Rome, participating in the construction sites of St. Peter’s Basilica starting in 1600. Working in the Clementine Chapel and on the decoration of the dome, he distinguished himself by his ability to translate the pictorial qualities of color and light into glass tesserae. Thanks to his skill, Pope Paul V entrusted him with prestigious commissions, including the execution of the Borghese coat of arms in the nave of St. Peter’s and the restoration of Giotto’s Navicella (1617–1618). In 1616, the pontiff officially recognized him for the invention of “a new way of m",https://galleriaborghese.cultura.gov.it/en/exhibition/marcello-provenzale-from-cento/,"Found on the venue's ""past"" listing page. Opening and closing dates read from a sentence, not a date field: ""March 17, and running until May 10, 2026"".",2026-10-04T14:57:14.954Z
borghese,ZANABAZAR AT THE GALLERIA BORGHESE. FROM MONGOLIA TO THE GLOBAL BAROQUE,2026-01-20,2026-02-22,"From 20 January to 22 February 2026, the Galleria Borghese, in collaboration with the Asian Art Museum of Turin, will host two extraordinary works by the Mongolian artist Zanabazar, presenting an unprecedented dialogue between East and West under the sign of “global baroque.” In the century of Gian Lorenzo Bernini, the absolute genius of European Baroque – sculptor, painter, and architect, whose ideal home is today the Galleria Borghese thanks to the patronage of Cardinal Scipione Borghese – Asia, too, saw the rise of a figure of comparable stature: Zanabazar (1635–1723). Born in the heart of the Asian steppe, within one of the largest empires ever built by humankind, Eshidorji belonged to the noble lineage of Genghis Khan. Renowned by his spiritual name, Zanabazar, he was recognized as Öndör Gegeen, “His Holiness the Enlightened One”: the first Khutuktu Jetsundamba, the title of the highest religious authority of the Gelug school of Tibetan Buddhism in Mongolia, venerated as the reincarnation of one of the original five hundred disciples of the Buddha. An exceptionally charismatic spiritual leader, Zanabazar was also a brilliant linguist and, above all, the greatest Mongolian sculptor of the early modern period. To him and to his disciples we owe works profoundly inspired by travels and periods of residence in Tibetan monasteries, revered as sacred objects in places of worship and in the temples he founded throughout Mongolia. Among these, the representations of the Taras stand out for their exceptionally high aesthetic value: female manifestations of the Buddha, deities associated with protection, liberation, and the inner states of being. Zanabazar succeeded in spreading Buddhism in Mongolia on an unprecedented scale, making it accessible to ordinary believers. His aim was to create sculptures capable of speaking directly to the eye and the soul: natural, harmonious forms, “warm to the eye,” as the Mongols would describe them. Bernini and Zanabazar left an indeli",https://galleriaborghese.cultura.gov.it/en/exhibition/zanabazar-at-the-galleria-borghese-from-mongolia-to-the-global-baroque/,"Found on the venue's ""past"" listing page. Opening and closing dates read from a sentence, not a date field: ""20 January to 22 February 2026"".",2026-10-04T14:57:14.954Z
borghese,WANGECHI MUTU – BLACK SOIL POEMS,2025-06-10,2025-09-14,"From June 10 to September 14, 2025, Galleria Borghese presents, for the first time within the residence of Cardinal Scipione, a solo exhibition by Kenyan-American artist Wangechi Mutu, titled Black Soil Poems, curated by Cloé Perrone. Like the recently concluded exhibition dedicated to the Baroque poet Giovan Battista Marino, this project also stems from the museum’s ongoing interest in poetry. Conceived as a site-specific intervention, it unfolds throughout the museum’s interior galleries, its façade, and the Secret Gardens. It challenges classical tradition through suspensions, fragmented forms, and newly imagined mythologies, establishing a multilayered dialogue between the artist’s contemporary language and the symbolic institutional authority. The title evokes the dual nature of Mutu’s practice: poetic and mythological, yet deeply connected to contemporary social and material contexts. “Black soil” — rich and malleable under the rain, almost like clay — appears across multiple geographies, including the Secret Gardens of the Galleria Borghese, which resonate with the artist’s imagination. From this soil, the sculptures seem to emerge, as if molded by a primordial force, giving shape to stories, myths, memories, and poems. The metaphor underscores the generative and transformative power of her work: rooted in materiality, yet open to multiple future interpretations. Wangechi Mutu’s intervention introduces a new vocabulary into the historical and symbolic architecture of the Galleria Borghese. Through sculpture, installation, and moving image, the artist proposes an innovative approach to the museum space — one that challenges hierarchy, permanence, and fixed meaning. Her works question the visual weight and authority of the collection through strategies of suspension, fluidity, and fragmentation. In doing so, the museum is no longer presented as a static container of objects, but as a living organism, in continuous transformation, shaped by loss, adaptation, and",https://galleriaborghese.cultura.gov.it/en/exhibition/black-soil-poems/,"Found on the venue's ""past"" listing page. Opening and closing dates read from a sentence, not a date field: ""June 10 to September 14, 2025"".",2026-10-04T14:57:14.954Z
borghese,POETRY AND PAINTING IN THE 17TH CENTURY. GIOVAN BATTISTA MARINO AND THE MARVELOUS PASSION.,2024-11-19,2025-02-09,"With Poetry and Painting in the 17th Century. Giovan Battista Marino and the Marvelous Passion, the exhibition scheduled from November 19, 2024, to February 9, 2025, the Galleria Borghese explores, through an original project, the connections between poetry and painting, sacred and profane, literature, art, and power in the early 17th century. Following the path offered by the texts of Giovan Battista Marino (1569-1625), the exhibition traces a journey through the great Renaissance and Baroque art, from Titian to Tintoretto, from Correggio to the Carracci, from Rubens to Poussin, celebrating the greatest Italian poet of the 17th century and his 'marvelous' passion for painting. Curated by Emilio Russo, Patrizia Tosini, and Andrea Zezza, the exhibition focuses on the golden age of the Baroque in painting and literature, a period during which the relationship between the two arts finds perhaps its highest expression in the life and works of the poet. Known for his poem Adone (1623), centered on the love story between Adonis and Venus, Giovan Battista Marino is also the author of La Galeria (1619), a collection of 624 poetic compositions dedicated to an equal number of works of art, divided between Paintings and Sculptures, Fables and Histories. This collection was crafted with a play of reflections and a continuous expressive challenge between poetic texts and works of art, real or imaginary. The life and literary production of Giovan Battista Marino are closely tied to the masters and masterpieces of early 17th-century figurative art, with whom he came into contact in the intellectual circles and most important courts of the time: that of Matteo di Capua in Naples, of Pope Clement VIII Aldobrandini in Rome, of Giovan Carlo Doria and Giovan Vincenzo Imperiali in Genoa, and of Carlo Emanuele I in Turin. In these environments, surrounded by rich collections, the poet established direct relationships with artists such as Cavalier d'Arpino, Bernardo Castello, Caravaggio,",https://galleriaborghese.cultura.gov.it/en/exhibition/poetry-and-painting-in-the-17th-century-giovan-battista-marino-and-the-marvelous-passion/,"Found on the venue's ""past"" listing page. Opening and closing dates read from a sentence, not a date field: ""November 19, 2024, to February 9, 2025"".",2026-10-04T14:57:14.954Z
borghese,LOUISE BOURGEOIS. UNCONSCIOUS MEMORIES,,,"Louise Bourgeois. Unconscious Memories is the first exhibition dedicated to a woman contemporary artist at the Galleria Borghese, and the first Roman exhibition of work by the French-American artist, who was one of the most influential of the last century. Conceived by Cloé Perrone and curated with Geraldine Leardi and Philip Larratt-Smith, the exhibition, produced in collaboration with The Easton Foundation and the Academy of France – Villa Medici, focuses on Bourgeois’ great contribution to sculpture and the deep connection between her artistic practice and the Galleria Borghese. Louise Bourgeois. Unconscious Memories interweaves the artist’s personal memory with the collective memory of the public museum: the exhibition route passes through several rooms of the Museum, the Aviary and the Meridiana Garden, a place that Bourgeois explored with admiration during her first visit to Rome in 1967. About 20 sculptural works will be in dialogue with the unique architecture of the Casino Borghese and its collection, focusing on themes of metamorphosis, memory, and the expression of emotional and psychological states. These themes, also explored by artists in the Borghese collection, are invigorated by Bourgeois’ contemporary lens, which offers new perspectives on the human experience, thanks in part to her extraordinary diversity of forms, material, and scale, allowing her to express a range of emotional states. Louise Bourgeois’ (1911, Paris – 2010, New York) seven decade-long artistic career significantly advanced critical discussions of contemporary art, incorporating the themes of psychoanalysis and feminism that have since become central. In the 1960s, after a period of intense psychoanalysis, she began working with biomorphic forms, experimenting with latex, plaster, wax and other materials. In the early 1990s she presented her first group of Cells, self-contained structures, some resembling rooms, composed of sculpted elements, found objects, and items she had kept",https://galleriaborghese.cultura.gov.it/en/exhibition/louise-bourgeois-unconscious-memories/,"Found on the venue's ""past"" listing page. The venue's page shows only ""June / 2024"" for this exhibition's dates — no day is published, only the month and year.",2026-10-04T14:57:14.954Z
frick,"Siena: The Art of Bronze, 1450–1500",2026-10-15,2027-01-18,"Siena: The Art of Bronze, 1450–1500 is the first exhibition to focus on Siena as a center of artistic excellence and technical innovation in bronze sculpture during the Italian Renaissance. The show brings together nearly forty works in bronze, including statues, reliefs, candelabra, medals, and more—many of which have never been exhibited outside of Tuscany—by some of the most influential sculptors in this period, among them Donatello, Vecchietta, and Francesco di Giorgio. Building on popular past presentations of bronze sculpture at the Frick, the exhibition invites visitors to appreciate the medium’s beauty and versatility while learning about the complex technical and political challenges that the Sienese bronzeworkers faced. The Art of Bronze is presented in the Ronald S. Lauder Exhibition Galleries and is organized by Giulio Dalvit, the Frick’s Associate Curator, who will also author an accompanying catalogue alongside a team of international contributors.",https://www.frick.org/exhibitions/siena,"Found on the venue's ""current/upcoming"" listing page. Opening and closing dates read from a sentence, not a date field: ""October 15, 2026 to January 18, 2027"".",2026-10-04T14:59:10.688Z
frick,Kent Monkman: Officer and Laughing Girl,2026-11-12,2027-02-22,"This fall, in its intimate Cabinet Gallery, The Frick Collection will present an installation of new paintings by the contemporary artist Kent Monkman (b. Canada, 1965), whose practice explores historic European art and narratives from an Indigenous perspective. For this project, Monkman takes inspiration from Officer and Laughing Girl (ca. 1657), one of the Frick’s three paintings by the seventeenth-century Dutch artist Johannes Vermeer, to probe the ways in which it and other artworks of its time represented the effects of global trade and colonization. With his characteristic humor, style, and deeply researched iconography, Monkman deploys his alter ego—the time-traveling, shapeshifting, gender-fluid Miss Chief—to imagine an evolution of Indigenous and European encounters over the last five centuries, with their attendant cultural, technological, and environmental changes. After experiencing the installation, visitors will be able to proceed to the nearby South Hall, in the permanent collection galleries, to view the beloved work by Vermeer that prompted the series. The exhibition, which will travel from the Frick to the Beaverbrook Art Gallery in Fredericton, New Brunswick, Canada, will be accompanied by a bilingual English–Canadian French catalogue featuring texts by Monkman, Aimee Ng, the Frick's Peter Jay Sharp Chief Curator, and Emma Hassencahl-Perley, Curator of Indigenous Art at the Beaverbrook.",https://www.frick.org/exhibitions/monkman,"Found on the venue's ""current/upcoming"" listing page. Opening and closing dates read from a sentence, not a date field: ""November 12, 2026 to February 22, 2027"".",2026-10-04T14:59:10.688Z
frick,Painting with Fire: Susanne de Court and the Art of Enamel,2027-04-08,2027-07-12,"In the spring of 2027, The Frick Collection will present the first exhibition ever dedicated to the French enameler Susanne de Court. Active around 1600, De Court is a significant yet enigmatic figure in the creation of painted enamels—one of the distinctive art forms of the French Renaissance, treasured over the centuries for its durability, lively religious and mythological subjects, and jewel-like colors. With nearly one hundred surviving works, De Court is the only woman known to have made enamels in her era and is widely believed to have been the only woman to lead a workshop in Limoges, the center of enamel production in France. This exhibition will bring together, for the first time, around fifty of De Court’s signed works, inviting visitors to discover the artist’s practice and some of the finest examples of her extraordinary output. The works on display will showcase her distinctive techniques—notably her layering of exquisite red, green, and blue translucent enamel over small pieces of foil—and will illustrate the range and complexity of De Court’s oeuvre, from luxurious vessels and plates to large ensembles and small objects, such as purses and plaques for watches or mirrors. Three works from the Frick’s permanent collection will anchor the exhibition: a pair of saltcellars featuring scenes from the myth of Orpheus, acquired by Henry Clay Frick in 1916 from the estate of J. P. Morgan, and an oval medallion depicting Apollo and the Muses, a gift to the museum from Alexis Gregory in 2021. The remaining pieces are drawn from public and private collections in the United States and across Europe. The enamels will be complemented by a selection of prints by major sixteenth-century engravers from which De Court drew inspiration for narratives and compositions, creating a rare opportunity to study her works alongside contemporary sources. Painting with Fire: Susanne de Court and the Art of Enamel is organized by Marie-Laure Buku Pongo, the Frick’s Associate Curat",https://www.frick.org/exhibitions/de_court,"Found on the venue's ""current/upcoming"" listing page. Opening and closing dates read from a sentence, not a date field: ""April 8, 2027 to July 12, 2027"".",2026-10-04T14:59:10.688Z
frick,Vilhelm Hammershøi: Pictures from Home,2027-11-11,2028-02-14,"This presentation, the first major North American exhibition devoted to Vilhelm Hammershøi’s work in more than a decade, will focus exclusively on the artist's most celebrated paintings—his series of enigmatic, evocative, and meticulously observed views of the interior of his apartment at Strandgade 30 in Copenhagen. Some forty of the approximately sixty-five interiors he produced in that apartment, his residence between 1898 and 1909, will be featured, including several rarely seen works from distinguished private collections. Opening first at The Art Institute of Chicago , the exhibition will demonstrate how Strandgade 30 functioned simultaneously as Hammershøi’s home, studio, and recurring artistic subject. It examines the hermetic world he created there—a carefully circumscribed environment that became a site of endless formal and perceptual possibilities. Central themes of the show include the artist’s manipulation of spatial ambiguity; his handling of light, shadow, and temporality; the shifting presence of household objects as they migrated between rooms; and the role of his wife, Ida, as the sole figure featured in several compositions. The paintings will be arranged in groupings that highlight Hammershøi’s sustained engagement with repetition, variation, and seriality, encouraging a nuanced understanding of his compositional strategies. The exhibition will thus prompt reconsideration of the notion of home, both at the turn of the twentieth century and today. At The Frick Collection, the Gilded Age mansion’s domestic interiors offer an intimate setting for Hammershøi’s painted spaces. The Frick’s three paintings by the seventeenth-century Dutch master Johannes Vermeer, on view in the permanent collection galleries, will draw attention to one of Hammershøi’s key inspirations. Hammershøi made several visits to the Netherlands and studied masterworks by Vermeer and his contemporaries. His own quiet interiors—with their restrained palettes, carefully structured",https://www.frick.org/exhibitions/hammershoi,"Found on the venue's ""current/upcoming"" listing page. Opening and closing dates read from a sentence, not a date field: ""November 11, 2027 to February 14, 2028"".",2026-10-04T14:59:10.688Z
frick,Ruffles & Ribbons: Fashion Plates from the Time of Marie Antoinette,2026-04-01,2026-08-03,"Organized in conjunction with Gainsborough: The Fashion of Portraiture, this Cabinet installation presents twenty-four hand-colored engravings that depict French fashion in the late eighteenth century. These engravings, known as fashion plates, are selected from Gallerie des modes et costumes français (1778–87), the largest and most influential series of such plates at the time. Featuring over four hundred images created by talented designers and engravers in Paris, Gallerie des modes inspired many competitors and counterfeits across Europe. Its success anticipated the arrival of true fashion magazines, such as Cabinet des modes (1785–93). Catering to an increasingly fashion-conscious public, Gallerie des modes shows a wide range of poufs, headwear, jewelry and ensembles worn by French people from various walks of life. Touted as “d’après nature” (drawn from life), these images were presented as accurate representations of the diverse fashions that flourished under the reign of Louis XVI and Marie Antoinette. No complete set of Gallerie des modes survives today. Many were discarded when fashions changed, and others could have been destroyed during the French Revolution due to their association with the decadence of the ancien régime. The Frick Art Research Library has an impressive collection of three hundred and seventy original prints, a selection of which are on view at the Frick for the first time. Ruffles & Ribbons: Fashion Plates from the Time of Marie Antoinette is organized by Yifu Liu, the Frick’s 2024–26 Anne L. Poulet Curatorial Fellow, and is accompanied by an illustrated catalogue.",https://www.frick.org/exhibitions/ruffles,"Found on the venue's ""past"" listing page. Opening and closing dates read from a sentence, not a date field: ""April 1, 2026 to August 3, 2026"".",2026-10-04T14:59:10.688Z
frick,Gainsborough: The Fashion of Portraiture,2026-02-12,2026-05-25,"Gainsborough: The Fashion of Portraiture explores the relationship between works by period-defining English artist Thomas Gainsborough and fashion, a concept and industry that touched nearly every aspect of British society in the eighteenth century. The artist’s painted images were subject to the same forces of fashion as the people they depict. Like the cut and cloth of a jacket, the shape, size, and facture of a painted portrait could be avant-garde or passé. In Gainsborough’s world, the trappings, trade, and power of fashion were everywhere—from magazines to tailor shops, from the opera to promenades—and his portraits were at the heart of it all. The museum’s first special exhibition dedicated to the artist—and the first devoted to Gainsborough’s portraiture ever held in New York—this show brings together over two dozen of Gainsborough’s most spectacular portraits from across North America and the United Kingdom, representing each stage of his four-decade career. Technical investigations conducted in collaboration with conservators at The Metropolitan Museum of Art, the J. Paul Getty Museum, and the Yale Center for British Art will also shed light on Gainsborough’s artistic process and materials, exploring connections between his practice and goods that fueled the fashion industry—from dyes, pigments, and cosmetics to textiles and jewelry. This exhibition is organized by Aimee Ng, the Frick’s Peter Jay Sharp Chief Curator, and is complemented by a richly illustrated catalogue and robust calendar of programs.",https://www.frick.org/exhibitions/gainsborough,"Found on the venue's ""past"" listing page. Opening and closing dates read from a sentence, not a date field: ""February 12, 2026 to May 25, 2026"".",2026-10-04T14:59:10.688Z
frick,To the Holy Sepulcher: Treasures from the Terra Sancta Museum,2025-10-02,2026-01-05,"This groundbreaking exhibition presented more than forty rare objects from the Church of the Holy Sepulcher. Largely unknown to the public until their recent rediscovery, the opulent works range from liturgical objects in gem-encrusted gold and silver to richly decorated vestments in velvet, damask, and other luxurious materials. These treasures were donated by European Catholic monarchs and Holy Roman Emperors in the seventeenth and eighteenth centuries to the church in Jerusalem, the religious center of the Christian faith, and have been safeguarded and used ever since by the Franciscan friars who maintain the site. The works represent the pinnacle of European goldsmithing and textile design of the era, much of which has otherwise been lost or severely damaged. Before the opening of the new Terra Sancta Museum, these items from its holdings traveled to several institutions in Europe and North America, including the Frick—the exhibition’s first venue in the United States. The exhibition was organized by Xavier F. Salomon, the Frick’s Deputy Director and Peter Jay Sharp Chief Curator, along with Jacques Charles-Gaffiot and Benoît Constensoux. Commented Salomon, “This exhibition presents a completely unique opportunity for visitors, building on the Frick’s successful past presentations highlighting masters of European decorative arts. Displayed for the first time in the United States, the exquisite objects in this show are rare survivals, as similar objects were often severely damaged, melted down, or otherwise lost—nothing like them survives in the countries in which they were created. We are deeply grateful for this collaboration with the Custody of the Holy Land as we look ahead to the opening of the Terra Sancta Museum, which will offer a more permanent public display of these treasures.” For his work on the exhibition, occurring over a period of years, Salomon has been awarded the Cross of Merit (Crucem Ex Merito) by the Equestrian Order of the Holy Sepulcher of",https://www.frick.org/exhibitions/holy_sepulcher,"Found on the venue's ""past"" listing page. Opening and closing dates read from a sentence, not a date field: ""October 2, 2025 to January 5, 2026"".",2026-10-04T14:59:10.688Z
frick,Flora Yukhnovich's Four Seasons,2025-09-03,2026-03-09,"Taking inspiration from the French Rococo, Italian Baroque, and Abstract Expressionist movements, Flora Yukhnovich (b. England, 1990) creates work that is at once modern and timeless by translating historic compositions into contemporary abstractions. Using the Frick’s Four Seasons by François Boucher as a point of departure, Yukhnovich’s site-specific mural covers the walls of the museum’s Cabinet. This project is accompanied by the publication of a new volume in the Frick’s acclaimed Diptych series, which highlights a single masterpiece from the permanent collection by pairing complementary essays by a curator and a contemporary artist, musician, or other cultural luminary. This volume, which will come out later in the fall, will feature a text by Yukhnovich and an essay by Xavier F. Salomon, the Frick’s Deputy Director and Peter Jay Sharp Chief Curator, on the significance of Boucher’s beloved series.",https://www.frick.org/exhibitions/yukhnovich,"Found on the venue's ""past"" listing page. Opening and closing dates read from a sentence, not a date field: ""September 3, 2025 to March 9, 2026"".",2026-10-04T14:59:10.688Z
frick,Vermeer’s Love Letters,2025-06-18,2025-08-31,The unprecedented installation of paintings united in the exhibition Vermeer’s Love Letters pairs the Frick’s Mistress and Maid with special loans of the Rijksmuseum’s Love Letter and the National Gallery of Ireland’s Woman Writing a Letter with Her Maid. Their presentation together in a single gallery for the first time offers visitors an opportunity to consider Vermeer’s treatment of the theme of letters as well as his depiction of women of different social classes.,https://www.frick.org/exhibitions/vermeer_love_letters,"Found on the venue's ""past"" listing page. Opening and closing dates read from a sentence, not a date field: ""June 18, 2025 to August 31, 2025"".",2026-10-04T14:59:10.688Z
frick,Porcelain Garden: Vladimir Kanevsky at The Frick Collection,2025-04-17,2025-11-17,"Coinciding with the reopening of its newly renovated and enhanced home on Fifth Avenue, The Frick Collection presented a series of commissioned works by sculptor Vladimir Kanevsky (born 1951, Ukraine). Known for his life-like porcelain flowers, Kanevsky's sculptures have been exhibited in museums around the world, including the State Hermitage Museum, St. Petersburg, and Hillwood Estate, Museum and Gardens in Washington, D.C. Kanevsky's opulent creations are meant to evoke the beautiful live bouquets displayed throughout the museum when it first opened to the public in 1935.",https://www.frick.org/exhibitions/kanevsky,"Found on the venue's ""past"" listing page. Opening and closing dates read from a sentence, not a date field: ""April 17, 2025 to November 17, 2025"".",2026-10-04T14:59:10.688Z
frick,Highlights of Drawings from The Frick Collection,2025-04-17,2025-08-11,"A display of works on paper from the Frick's permanent collection inaugurated the new Cabinet gallery. These sheets are rarely on view due to their sensitivity to light. The selection of twelve works range from sketches to highly finished independent works of art by artists such as Pisanello, Rubens, Goya, and Degas, spanning the fifteenth through nineteenth centuries and complementing the museum's holdings of paintings, sculpture, and decorative arts.",https://www.frick.org/exhibitions/highlights_drawings,"Found on the venue's ""past"" listing page. Opening and closing dates read from a sentence, not a date field: ""April 17, 2025 to August 11, 2025"".",2026-10-04T14:59:10.688Z
menil,Terry Winters: Vitalized Geometry,2026-09-25,2027-04-04,"Terry Winters: Vitalized Geometry presents 44 prints and works on paper by the American artist Terry Winters, who draws inspiration from mathematical systems and structures of the natural world. Celebrating two groups of gifts to the Menil and organized in close consultation with the artist, the career-spanning presentation explores the importance of printmaking to Winters’s practice and its dialogue with other forms of making. Each medium is an instrument. Almost in a musical sense, meant to be played; and each affects the developing imagery. How they look, how they feel, and what they mean is conditioned by the materials and procedures. Media is used to embody an image actual size, as vitalized geometry—hopefully with a sense of life. Terry Winters: Vitalized Geometry is curated by Sophie Asakura, Curatorial Associate, The Menil Collection. Two gifts to the museum will be displayed in an exhibition tracing nearly four decades of the artist's works",https://www.menil.org/exhibition/terry-winters-vitalized-geometry,"Found on the venue's ""current"" listing page.",2026-10-04T14:56:03.951Z
menil,Fragility,2026-09-10,2027-01-24,"This display highlights paper itself—and its incongruous and variable characteristics—as an artistic material. Included are works that present a range of processes, as well as paper sculptures and found papers that imbue a finished work with an additional sense of history and place. Among the artists featured in the exhibition, Lee Krasner relentlessly critiqued her own art, often destroying drawings only to reconstitute them as abstract collages. Ann Hamilton also brought papers together in surprising ways. In her collaborative work poche, 2014, she stitched soft wool between sheets of handmade paper to reflect on the pocket as both storage and protection for the body. Zarina grieved the loss of her husband and her native India by painstakingly puncturing paper with a needle to form intricate compositions. Featured artists include Lynda Benglis, James Lee Byars, Gene Charlton, N. Dash, Robert Fried, Ann Hamilton (in collaboration with Dieu Donné), Mona Hatoum, Jim Hodges, Hong Hong, Čestmír Kafka, Lee Krasner, Tony Lewis, Sol LeWitt, Brice Marden, Robert Rauschenberg, Mimmo Rotella, Susan Rothenberg, Amy Sillman, Adriena Šimotová, Kiki Smith, Leon Polk Smith, John Sparagana, Richard Tuttle, and Zarina. Fragility is curated by Kelly Montana, Associate Curator, Menil Drawing Institute.",https://www.menil.org/exhibition/fragility,"Found on the venue's ""current"" listing page.",2026-10-04T14:56:03.951Z
menil,Wall Drawing Series: Jitish Kallat,2026-09-10,2027-08-08,"Jitish Kallat's site-specific wall drawing grows out of his sustained engagement with Project A119, a partly declassified 1958 plan by the United States Air Force to detonate a nuclear bomb on the moon. In Wall Drawing / Redux: A119, Kallat introduces enlarged images derived from his previous work Accordion of Drawings / Project A119 / Early Intuitions, 2025, in which delicate watercolor graphics evoke an unrealized episode of ambition, secrecy, and violence during the Cold War. The process of creating the work began with the printing of all 190 declassified pages of the document onto the Menil Drawing Institute's 36-foot wall, forming a dense field of text and graphics. The wall was then sheathed in laminated glass that echoes an architectural detail of the building itself. Magnified and transferred across the glass, the watercolor images overlap with the archival text. The glass is treated with PDLC film, a material, a material whose transparency can be regulated electrically. Across nine panels, a slow gradient moves through changing states, with each cycle lasting roughly 500 seconds; the approximate time it takes sunlight to travel from the Sun to the Moon and return to us as moonlight. As transparency shifts, images emerge, dissolve, and reappear, while the documents move in and out of legibility. The changing surface moves between redaction and reappearance. Kallat describes this as “a constant shift between the condition of wall and that of window.” These ruptures also become apertures into the Project A119 document beneath. Wall Drawing Series: Jitish Kallat is curated by Edouard Kopp, John R. Eckel, Jr. Foundation Chief Curator, Menil Drawing Institute. The series began in 2018 as part of the Institute’s commitment to seeking new approaches to the form and language of drawing. Past participants include Marc Bauer, Mel Bochner, Roni Horn, Marcia Kure, Gladys Nilsson, Ronny Quevedo, and Jorinde Voigt.",https://www.menil.org/exhibition/wall-drawing-series-jitish-kallat,"Found on the venue's ""current"" listing page.",2026-10-04T14:56:03.951Z
menil,John Akomfrah: The Hour Of The Dog,2026-04-24,2026-10-11,"John Akomfrah: The Hour Of The Dog is an immersive, six-channel video installation by the British artist Sir John Akomfrah. The work, co-commissioned by the Menil Collection and the Baltimore Museum of Art (BMA), explores the history of youth-led Civil Rights–era activism in the American South from 1954 to 1963, and how the participants fought for racial equity through nonviolent marches, protests, boycotts, and voter registration efforts. Runtime: 51 minutes. The Hour Of The Dog begins every hour on the hour. The final screening each day starts at 6 p.m. Activism is not confined to what happens in the streets; it’s bound up with who and how we remember, who and how we mourn, and how we dream forward. John Akomfrah: The Hour Of The Dog is co-curated by Michelle White, Senior Curator, The Menil Collection, and Cecilia Wichmann, BMA Curator and Department Head of Contemporary Art, with Oscar Flores-Montero, BMA Curatorial Assistant of Contemporary Art.",https://www.menil.org/exhibition/john-akomfrah-the-hour-of-the-dog,"Found on the venue's ""current"" listing page.",2026-10-04T14:56:03.951Z
menil,Southern Outsider Artists,2026-05-06,2026-12-13,"In the main building hallway galleries, explore an installation of work by self-taught artists from the American South. The display includes paintings by Thornton Dial and Johnnie Swearingen, and assemblage sculptures by Hawkins Bolden, David Butler, and Bessie Harvey.",https://www.menil.org/exhibition/southern-outsider-artists,"Found on the venue's ""current"" listing page.",2026-10-04T14:56:03.951Z
menil,How to Make an Exhibition: The Story of Jermayne MacAgy,2026-12-11,2027-07-18,"This exhibition honors the impact and legacy of the late San Francisco- and Houston-based curator, art historian, and museum director Jermayne MacAgy (1914–1964), who was renowned for her dynamic and groundbreaking installations and innovative approach to curating. MacAgy was among a vanguard of professionals in the 20th century who transformed the art museum into a site of conversation and learning. Working closely with Menil Collection founders John and Dominique de Menil from the mid-1950s until her death a decade later, she deeply impacted the future museum. She encouraged the couple to build a teaching collection and publicly exhibit their art using display techniques that encouraged curiosity and engagement. Dominique de Menil once recalled that MacAgy’s installations created an “atmospheric miracle, which set the work of art in such a light that it would shine and talk to anyone who would care to listen.” How to Make an Exhibition: The Story of Jermayne MacAgy is curated by Michelle White, Senior Curator. Johnson; Dillon Kyle and Sam Lasseter; Susan and Francois de Menil; Betty Moody; Fan and Peter Morris; Carol and David Neuberger; Leslie and Shannon Sasser; MaryRoss Taylor; Wawro-Gray Family Foundation; Morris A. Weiner and Leslie Field; and the City of Houston through Houston Arts Alliance.",https://www.menil.org/exhibition/how-to-make-an-exhibition-the-story-of-jermayne-macagy,"Found on the venue's ""upcoming"" listing page.",2026-10-04T14:56:03.951Z
menil,"D’MBA: Beauty, Desire, and Collecting an African Mask",2027-05-14,2027-11-07,"D’MBA: Beauty, Desire, and Collecting an African Mask is a focused research and exhibition project examining the large wood headdresses commonly referred to as d’mba, nimba, or yamban among the Baga, Nalu, and neighboring peoples living in Guinea, West Africa. Worn and performed by men for ceremonies and public celebrations that mark significant moments in the cycle of life, the d’mba headdress is the sculptural embodiment of female personhood, sustenance (agricultural and maternal), physical beauty, and generational continuity. During the mid-20th century, at the height of the international market for African art in the United States, the d’mba became one of the objects most coveted by collectors. D’MBA unites for the first time a significant group of headdresses on loan from several art museums in the United States, including Art Institute of Chicago, Baltimore Museum of Art, Davis Museum at Wellesley College, National Museum of African Art, and Yale University Art Gallery. The exhibition of these headdresses, which were acquired during the late 1950s by prominent collectors in the United States, occasions a rare opportunity to pursue a thorough study of these icons of African art at the intersections of mask-making, colonial art education, independence-era cultural politics and religious iconoclasm in Guinea, and the international art market. Concurrently, in the museum’s galleries of African art, the Menil will present Baga Nimba, 2020. The seven-foot tall, gold leaf sculpture by Houston-based Nigerian artist Adeniyi Olagunju Haastrup epitomizes the Pan-African and Diasporic significance of the d’mba headdress from Guinea and its reinvention as a global art form. D’MBA: Beauty, Desire, and Collecting an African Mask is curated by Paul R. Davis, Curator of Collections, The Menil Collection.",https://www.menil.org/exhibition/d-mba-beauty-desire-and-collecting-an-african-mask,"Found on the venue's ""upcoming"" listing page.",2026-10-04T14:56:03.951Z
menil,Sedona Surreal: Max Ernst and Dorothea Tanning in the American Southwest,2027-09-17,2028-03-12,"In 1946, Max Ernst and Dorothea Tanning left New York City, then the center of the Euro-American art world, for Sedona, Arizona. Over the next ten years, they created some of the most significant works of their careers in this small desert town. Sedona Surreal will reunite the paintings, sculptures, and other artworks that they made there, exploring the construction of artistic modernism far from a large urban center. It will be the first museum exhibition devoted to Ernst and Tanning’s pivotal time in the Southwest. Sedona Surreal: Max Ernst and Dorothea Tanning in the American Southwest is curated by Natalie Dupêcher, Associate Curator of Modern Art, The Menil Collection.",https://www.menil.org/exhibition/sedona-surreal-max-ernst-and-dorothea-tanning-in-the-american-southwest,"Found on the venue's ""upcoming"" listing page.",2026-10-04T14:56:03.951Z
menil,Photography from The Menil Collection: Curated by Wendy Watriss,2025-12-12,2026-08-16,"Photography from The Menil Collection: Curated by Wendy Watriss is a presentation of documentary-style photographs that underscore how images can ignite conversation about diverse social realities. The exhibition features work by Larry Burrows, Henri Cartier-Bresson, Bruce Davidson, Danny Lyon, and Charles Moore, among other significant practitioners in the 20th century who explored varied approaches to capturing everyday moments, from the mundane to the monumental. The photographs on display were selected by Houston-based photographer and award-winning photojournalist Wendy Watriss. With her late husband, photographer Fred Baldwin, Watriss cofounded FotoFest, a contemporary arts organization whose biennial, city-wide celebration of international photography, established in 1986, transformed Houston’s cultural landscape, globally elevating the medium’s significance. Photography from The Menil Collection: Curated by Wendy Watriss is presented in celebration of the 40th anniversary of the Fotofest biennial in 2026. Wendy Watriss is an esteemed Houston-based photographer, curator, and photojournalist. She was the first woman to win the World Press Feature Award and the Leica Oskar Barnack Award, for her 1982 photo essay on Agent Orange published in Life. In the late 1960s, Watriss began her career as a freelance photographer and writer for publications like Newsweek and the New York Times. With her late husband, photographer Fred Baldwin, she co-founded FotoFest. In 1986 the organization hosted its first biyearly city-wide celebration of international photography and transformed Houston’s cultural landscape, elevating the medium’s significance globally. Watriss served as the Artistic Director of FotoFest for 26 years, curating and organizing more than sixty international and US exhibitions. She has received numerous awards, and her photographs are found in collections internationally, including the Museum of Fine Arts Houston; Amon Carter Museum of American Art, Fort W",https://www.menil.org/exhibition/photography-from-the-menil-collection-curated-by-wendy-watriss,"Found on the venue's ""past"" listing page.",2026-10-04T14:56:03.951Z
menil,The Gift of Drawing: Cy Twombly,2026-03-27,2026-08-09,"This presentation featured 27 works from a gift to the museum by the Cy Twombly Foundation. The works highlighted in the exhibition covered 30 years of the artist’s activity, from the 1950s to the 1980s and featured a broad range of materials, from graphite to oil paint; techniques such as drawing and collage; and themes that are fundamental to his entire practice, such as classical antiquity, eroticism, and nature. The works in this show, a number of which were on view for the first time, included a series of abstract landscapes from the 1980s, two untitled works from 1970 that resemble the artist’s “blackboard paintings” on view at the Cy Twombly Gallery, and Narcissus, 1975, a collage of paper, with oil, charcoal, and wax crayon on paper with the title of the work written in large capital letters across the bottom. The Gift of Drawing: Cy Twombly was curated by Edouard Kopp, John R. Eckel, Jr. Foundation Chief Curator, Menil Drawing Institute. A selection of works gifted to the museum by the Cy Twombly Foundation will open at the Menil Drawing Institute on March 27, 2026",https://www.menil.org/exhibition/the-gift-of-drawing-cy-twombly,"Found on the venue's ""past"" listing page.",2026-10-04T14:56:03.951Z
menil,Wall Drawing Series: Gladys Nilsson,2025-09-05,2026-08-09,"Gladys Nilsson’s site-specific work titled Drawing presented fantastical, hybrid beings all surrounding one monumental figure engaged in the act of drawing. A complex, garland-like arrangement of black-and-white characters soared overhead, entangled with one another, while the bystanders below, set apart by gentle color-toning, observed the scene. The bustling composition was marked by deft and fluid lines using a candy-colored palette of crayon, graphite, and acrylic paint and marker pens. Nilsson’s whimsical creation embodied her distinctive sense of humor and levity while taking viewers on a journey through the peculiar beauty of the human experience. Everything I’m interested in looking at usually involves the figure in one way or another. I’m always collecting interactions between folks that occur in daily life, and these filter into my work. The title of the piece is simply ‘Drawing.’ The idea is that the main figure is contained in this space, creating these figures, which take a life of their own. Born in Chicago in 1940, Gladys Nilsson studied painting at the School of the Art Institute of Chicago. Since 1966, Nilsson’s work has been the subject of over 50 solo exhibitions, including sixteen at Phyllis Kind Gallery (1970–1979, 1981–1983, 1987, 1991, and 1994, Chicago and New York), and two at The Candy Store (1971 and 1987, Folsom, California). Her work also has been featured in many important museum exhibitions, such as: Human Concern/Personal Torment (1969, Whitney Museum of American Art); Who Chicago? (1981, Camden Art Center, London); Parallel Visions: Modern Artists and Outsider Art (1992, Los Angeles County Museum of Art); Chicago Imagists (2011, Madison Museum of Contemporary Art, Wisconsin); and What Nerve! Alternative Figures in American Art, 1960 to the Present (2014, Museum of Art, Rhode Island School of Design, Providence). Nilsson is represented in the collections of major museums around the world, including: the Art Institute of Chicago; the L",https://www.menil.org/exhibition/wall-drawing-series-gladys-nilsson,"Found on the venue's ""past"" listing page.",2026-10-04T14:56:03.951Z
menil,From the Sea,2025-08-20,2026-05-03,"In the main building's hallway galleries, explore an installation of artworks related to the sea.",https://www.menil.org/exhibition/from-the-sea,"Found on the venue's ""past"" listing page.",2026-10-04T14:56:03.951Z
menil,Robert Rauschenberg: Fabric Works of the 1970s,2025-09-19,2026-03-01,"On the occasion of the one hundredth birthday of American artist Robert Rauschenberg (1925–2008), the Menil Collection presented an exhibition that looked at the artist’s expressive and conceptual use of fabric as a sculptural medium. Robert Rauschenberg: Fabric Works of the 1970s focused on three groups of works from the 1970s that presented his use of cloth: Venetians, 1972–73, Jammers, 1975–76, and Hoarfrosts, 1974–76. It also explored how Rauschenberg’s attention to textiles relates to his career-long interest in the intersection of art with choreography, theater, and the body. This exhibition is curated by Michelle White, Senior Curator, The Menil Collection. This exhibition was organized with support from the Robert Rauschenberg Foundation. The Menil Collection joined an international roster of institutions commemorating the artist’s 100th birthday. Offodile II; Leslie and Shannon Sasser; Bill Stewart and Johanna Brassert; Mark Wawro and Melanie Gray; and the City of Houston through Houston Arts Alliance. The exhibition is organized for the one hundredth birthday of the Texas-born artist in collaboration with the Robert Rauschenberg Foundation.",https://www.menil.org/exhibition/robert-rauschenberg-fabric-works-of-the-1970s,"Found on the venue's ""past"" listing page.",2026-10-04T14:56:03.951Z
menil,Lines of Resolution: Drawing at the Advent of Television and Video,2025-10-04,2026-02-08,"Lines of Resolution: Drawing at the Advent of Television and Video explored the relationship between drawing, television, and video from the late 1950s into the 1980s. Personal electronics became widely available during this era and soon made their way into artists’ studios. These electric screens became a source of artistic imagery, a surface for inscription, and a device that could be manipulated to generate entirely new kinds of drawing. This exhibition featured works by twenty-five artists, including drawings, video, mixed media sculpture, and an immersive installation. Exhibited artists included Anne Bean, Teresa Burga, Jaime Davidovich, Walter De Maria, Catherine Elwes, Dov Eylath, Anna Bella Geiger, Sanja Iveković, K.O. Götz, Philip Guston, Joan Jonas, Suzy Lake, Mario Merz, Dennis Oppenheim, Nam June Paik, Letícia Parente, Howardena Pindell, Adrian Piper, Sigmar Polke, Robert Rauschenberg, Ulrike Rosenbach, Gerry Schum, Richard Serra, Mimi Smith, Nina Sobell, and Ursula Wevers. This exhibition was co-curated by Dr. Anna Lovatt, Associate Professor of Art History at Southern Methodist University, and Kelly Montana, Associate Curator, Menil Drawing Institute. The exhibition at the Menil Drawing Institute explores the relationship between drawing, television, and video from the late 1950s into the 1980s.",https://www.menil.org/exhibition/lines-of-resolution-drawing-at-the-advent-of-television-and-video,"Found on the venue's ""past"" listing page.",2026-10-04T14:56:03.951Z
menil,The Space Between Looking and Loving: Francesca Fuchs and the de Menil House,2025-05-23,2025-11-02,"In 1970, John de Menil wrote to German classical archeologist Dr. Werner Fuchs (1927–2016) seeking to identify the subject of a Roman male torso in his collection. Forty-nine years later, Francesca Fuchs’s discovery of black-and-white photographs depicting the marble torso in her father’s personal effects in Oxford, England, led the Houston-based painter to find the original letter in the museum archives. This exhibition was the artist’s response to the unanswered letter and unexpected familial connection. Featuring new work by Fuchs and selections from the museum’s collection and archives, the exhibition explored the affective power and relational histories of objects in domestic settings, especially those of the de Menil house in Houston, Texas. Born in London and raised in Münster, Germany, Francesca Fuchs moved to Houston in 1996 as a fellow for the Core Program at the Museum of Fine Arts, Houston. During her thirty-year career in Houston and internationally, Fuchs’s work has been a process of honing extended reflections on the nature of everyday objects and illuminating their fundamental truths. Her portraits of objects are re-paintings of paintings, prints, photographs that resist and reconsider their accepted signals of cultural importance, particularly as they relate to the intimacies of life. Fuchs’s work has been included in exhibitions organized by the Institute of Contemporary Art, London; The Whitechapel Art Gallery, London; The Modern Art Museum of Fort Worth; Contemporary Arts Museum Houston; Art Museum of Southeast Texas, Beaumont; The Museum of Fine Arts, Houston; The Suburban, Oak Park, Illinois. In 2018, Art League Houston recognized Fuchs as Texas Artist of the Year. The Space Between Looking and Loving: Francesca Fuchs and the de Menil House was curated by Paul R. Davis, Curator of Collections, The Menil Collection.",https://www.menil.org/exhibition/the-space-between-looking-and-loving-francesca-fuchs-and-the-de-menil-house,"Found on the venue's ""past"" listing page.",2026-10-04T14:56:03.951Z
menil,What drawing can be: four responses,2025-03-21,2025-08-10,"Four artists stretch the boundaries of drawing and offer new characterizations of what drawing can be. This exhibition featured site-specific installations by Jillian Conrad, Teresita Fernández, Tony Lewis, and Constantin Luser. Each artist had an individual gallery space to explore the experimental potential of the medium, its boundaries, and its connections with other arts, such as sculpture and architecture. Drawings that expand beyond a sheet of paper have a rich history within the 20th century. Examples include Alexander Calder and his wire sculptures from the 1930s and artists of the 1960s, like Dorothea Rockburne and Sol LeWitt, who pushed the parameters of the medium to include text, folded papers, and wall drawings. Eluding labels and limitations, whether they be in terms of material, scale, or ephemerality, the artists in this exhibition will reveal the continuing relevance, agility, and vitality of drawing and how it remains a rich and generative area of investigation. Jillian Conrad (b. 1970) explores questions of materiality and intangibility. Her sculptures and works on paper often engage aspects of the landscape and everyday materials with the goal of locating thresholds between the visible and invisible. Conrad lives and works in Houston. Teresita Fernández (b. 1968) is known for her public installations and large-scale sculptures. Her art offers an expansive view of the landscape, forefronting questions of geography, cartography, cosmology, and political states. Fernandez lives and works in Brooklyn.",https://www.menil.org/exhibition/what-drawing-can-be-four-responses,"Found on the venue's ""past"" listing page.",2026-10-04T14:56:03.951Z
menil,Wall Drawing Series: Ronny Quevedo,2024-09-13,2025-08-10,"Wall Drawing Series: Ronny Quevedo featured a site-specific work by New York-based artist Ronny Quevedo (b. 1981). The 36-foot triptych, C A R A A C A R A, 2024, explored the relationship between origin, transfer, and translation, with each panel of the composition indicating a different step in the artist’s process. Quevedo uses drawing, particularly schematic renderings, in his practice to explore the visual languages of abstraction, cartography, cosmology, and sport from across the Americas. The artist builds upon these interests with interconnected diagrams and markings spread across his works to express the complex relationships between body, home, field, globe, and celestial spaces. The title, C A R A A C A R A, or “face-to-face"" in English, derives from the pattern paper Quevedo uses in his work—the “face,” or visible side of the fabric in sewing patterns. More abstractly, the artist sees it as a sense of encountering or confrontation that results when cultures or worlds collide. By using dressmaker wax paper as his foremost material, Quevedo can reproduce images in a way that shows the transformation from the initial drawing to its conclusion, while simultaneously connecting with his mother’s history as a seamstress. The first panel of the work was created by smoothing dressmaker wax paper against the surface and imprinting marks by pressing into the wall. For the second panel, that same paper was pressed against the wall using heat, suffusing the surface with blue pigmented wax. In the third panel, the creased and eroded paper is applied directly onto the surface of the wall. Using mica and layers of chalk to intensify the piece, Quevedo echoes the movements and markings created in the initial two panels to form a visual allegory of what we inherit from the past, how it shapes our present, and what we will pass down to the future. Ronny Quevedo received his BFA from Cooper Union in 2003 and his MFA from the Yale School of Art in 2013. From 2012 to 2014, he",https://www.menil.org/exhibition/wall-drawing-series-ronny-quevedo,"Found on the venue's ""past p2"" listing page.",2026-10-04T14:56:03.951Z
menil,Joe Overstreet: Taking Flight,2025-01-24,2025-07-13,"Joe Overstreet: Taking Flight was the first major museum exhibition in thirty years devoted to the work of this pioneering abstract painter. Renowned for his innovative approach to non-representational painting, American artist Joe Overstreet (1933–2019) consistently sought to intertwine abstraction and social politics. This presentation included his landmark Flight Pattern series of radially suspended paintings from the early 1970s, as well as related bodies of work from the 1960s and 1990s. Overstreet made a significant contribution to postwar art, positioning abstraction as an expansive tool for exploring the idea of freedom and the Black experience in the United States. Joe Overstreet: Taking Flight was organized by Natalie Dupêcher, Associate Curator of Modern Art, The Menil Collection, in collaboration with the artist’s estate. Houston museum highlights three defining series in the artist’s career.",https://www.menil.org/exhibition/joe-overstreet-taking-flight,"Found on the venue's ""past p2"" listing page.",2026-10-04T14:56:03.951Z
menil,Tacita Dean: Blind Folly,2024-10-11,2025-04-19,"Tacita Dean: Blind Folly was the first major museum survey in the United States of work by British European visual artist Tacita Dean (b. 1965). The exhibition, organized in close collaboration with Dean, spotlighted her career-defining approach to creating art through unmediated and chance-based drawing processes across a variety of mediums, from film to printmaking. Blind Folly, the show’s title, reflects Dean’s desire to let the behavior of her mediums dictate the results of her work. For the artist, the playful and old-fashioned phrase connoting foolishness, “blind folly,” represents the role chance and fate play in the creative act. The exhibition included new works inspired by the artist’s time in Houston, some following her residency at the Menil’s Cy Twombly Gallery, alongside Dean’s monumental blackboard drawings and groups of rarely shown drawings from her studio on paper, found postcards, and albumen photographs. A separate gallery presented a rotating group of her 16mm films. Claes Oldenburg Draws Blueberry Pie This intimate portrait of the American Pop artist Claes Oldenburg (1929–2022) celebrates the act and pleasure of drawing. One of several films by Dean that examines the creative practice of other artists, it captures the virtuosic draughtsman at work in his Manhattan studio.",https://www.menil.org/exhibition/tacita-dean-blind-folly,"Found on the venue's ""past p2"" listing page.",2026-10-04T14:56:03.951Z
menil,Out of Thin Air: Emerging Forms,2024-09-20,2025-01-26,"Out of Thin Air: Emerging Forms examined drawing as a meditative process that invites the gradual appearance of indeterminate images. Selected from the Menil’s permanent collection, this display of artworks dating from the late 1930s to the present share a visual language of emerging forms. Not fully resolved or strictly defined, the works in this exhibition are open, suggestive images that seem as though they are still in the process of becoming. Artists have embraced this type of practice for myriad reasons that range from an unlocking of the subconscious to an exploration of nature’s most complex systems, including vast cosmic realms and immaterial energies. Artists represented include Lee Bontecou, John Cage, Gustavo Díaz, Hiroyuki Doi, Sonia Gechtoff, Alan Saret, and Hedda Sterne, among others. On view for the first time at the Menil were a group of drawings by the American artist Gregory Masurovsky (1929-2009), whose delicate marks coalesce into transient swarms, vibrations, or cloud formations on the verge of materializing. Consider the artworks in this exhibition as portals, each its own point of entry to personal reflection. Notice how mindful looking can be an introspective, even revelatory encounter, one that parallels the act of drawing.",https://www.menil.org/exhibition/out-of-thin-air-emerging-forms,"Found on the venue's ""past p2"" listing page.",2026-10-04T14:56:03.951Z
menil,Fragments of Memory,2024-09-20,2025-01-26,"Fragments of Memory, a selection of works from the Menil’s permanent collection, explored the ways in which the past imbues present experiences. In their drawings, the featured artists take up commonplace embodiments of personal and collective memory, such as scrapbooks, snapshots, notes, relics, and odes, to reimagine how we might access fraught memories and contested histories. Memories are incomplete renditions of the past—composites built from slivers of recollections that reveal the emotions behind moments. The drawings presented in this exhibition were created from the mid-20th century to the recent years and represent different ways that artists reanimate the past and propose new understandings of our present. Works displayed from Luc Tuymans (b. 1958) and Jasper Johns (b. 1930) explore how memory fragments as time passes, while pieces by artists like Sari Dienes and Gael Stack layer objects and imagery from their family and friends, presenting a picture of consciousness.",https://www.menil.org/exhibition/fragments-of-memory,"Found on the venue's ""past p2"" listing page.",2026-10-04T14:56:03.951Z
menil,"Longing, Grief, and Spirituality: Art Since 1980",2023-06-15,2024-10-10,"Featuring works created over the past forty years, many of which are owned by the Menil, this display presented artists’ response to the precariousness of life through the expression of grief, spirituality, and longing. Artworks included Kara Walker’s powerful 40-foot-long silhouette work, Freedom Fighters for the Society of Forgotten Knowledge, Northern Domestic Scene, 2005; Andy Warhol’s expansive late painting, The Last Supper, 1985; Mel Chin’s monumental sculpture Our Strange Flower of Democracy, 2005, on special loan from the artist; and a major recent acquisition by Nari Ward, Say Can You See, 2021. The installation highlighted a myriad of artistic approaches to political issues of the past decades. Longing, Grief, and Spirituality: Art Since 1980 was curated by Michelle White, Senior Curator.",https://www.menil.org/exhibition/longing-grief-and-spirituality-art-since-1980,"Found on the venue's ""past p2"" listing page.",2026-10-04T14:56:03.951Z
menil,Wall Drawing Series: Marc Bauer,2023-09-22,2024-08-18,"Swiss artist Marc Bauer (b. 1975) was commissioned to create the fifth installment of the ephemeral wall drawing series at the Menil Drawing Institute. This 36-foot-wide charcoal and pastel mural, titled RESILIENCE, Drawing the Line, 2023, combines powerful imagery from art history with contemporary references to create a thought-provoking narrative. Fascinated by how images circulate through society, Bauer uses sources ranging from personal family albums to cable and social news streams which he reconfigures into a prismatic view of history, culture, and politics. He likens this process to a kind of witnessing, a deliberate and deeply personal way of seeing and understanding the world. For this piece, Bauer layered images of manmade disaster and patriarchal violence alongside depictions of resistance, aid, and affection. His images evoke political battles over climate justice, humane migration policy, and the rights of marginalized communities. The work evolved over its yearlong display with the artist returning to alter the drawing.",https://www.menil.org/exhibition/wall-drawing-series-marc-bauer,"Found on the venue's ""past p2"" listing page.",2026-10-04T14:56:03.951Z
menil,Janet Sobel: All-Over,2024-02-23,2024-08-11,"Janet Sobel: All-Over focused on the abstract paintings made by Janet Sobel (1893–1968) during the 1940s. Short-lived but meteoric, her career began in 1943, when leading New York dealers, collectors, and other artists took up her work, culminating in her first solo show at New York’s Puma Gallery in 1944, and another solo show at Peggy Guggenheim’s Art of This Century Gallery in 1946. Acclaimed for her skillful use of color and densely layered compositions that spilled to the edges of the support, Sobel pioneered what became known as “all-over” abstraction. American critic Clement Greenberg later called her paintings “the first really all-over effect that I had seen.” Organized with the support of the Sobel family, this exhibition marked the first time her major paintings have been reunited in over sixty years. A selection of works on paper further expanded the exhibition by demonstrating her approach to drawing, with a series of parallel linear strokes that knit foreground and background together into dense, interlocking patterns. Janet Sobel: All-Over was curated by Natalie Dupêcher, Associate Curator of Modern Art, The Menil Collection. The exhibition was organized with the support of the Sobel family.",https://www.menil.org/exhibition/janet-sobel-all-over,"Found on the venue's ""past p2"" listing page.",2026-10-04T14:56:03.951Z
menil,Ruth Asawa Through Line,2024-03-22,2024-07-21,"Ruth Asawa Through Line was the first exhibition to focus on the artist’s lifelong drawing practice. Widely recognized as a sculptor, Ruth Asawa (1926–2013) drew daily, referring to the act as her “greatest pleasure and the most difficult.” For her, drawing played a foundational role as she experimented with diverse materials and processes to develop a distinct visual language. Through drawing, Asawa explored the world around her and the boundaries of the medium itself, turning everyday encounters into moments of profound beauty, endowing ordinary objects with new aesthetic possibilities. Drawing emerged as a cornerstone of Asawa’s artistic quest in San Francisco, and later became a key component of her role as an arts educator and community leader in the Bay Area. The exhibition presented drawings, collages, watercolors, and sketchbooks alongside stamped prints, paperfolds, and copper-foil works, showing the breadth of Asawa’s innovative practice. Many of the more than one hundred works from public and private collections have not been previously exhibited. Organized thematically, the presentation begun with foundational lessons that the artist absorbed and built upon at Black Mountain College in the late 1940s. Subsequent sections examine the function of repetition and the development of specific motifs and approaches—from the Greek meander to paper folded in structural patterns—and how they recur and change throughout her career. Surveying the artist’s impressive range and expansive approach, Ruth Asawa Through Line offered an unparalleled window into Asawa’s resourceful approach to drawing, with her particular attention to materials, line, surface, and space. Ruth Asawa Through Line was co-curated by Edouard Kopp, John R. Eckel, Jr. Foundation Chief Curator, Menil Drawing Institute and Kim Conaty, Steven and Ann Ames Curator of Drawings and Prints, Whitney Museum of American Art, with Kirsten Marples, Curatorial Associate, Menil Drawing Institute, and Scout Hutc",https://www.menil.org/exhibition/ruth-asawa-through-line,"Found on the venue's ""past p2"" listing page.",2026-10-04T14:56:03.951Z
va,Schiaparelli: Fashion Becomes Art,2026-03-28,2026-11-15,"The UK’s first exhibition on Elsa Schiaparelli spans the 1920s to today, celebrating the innovative designer's influence. It traces the fashion house’s groundbreaking origins and its evolution under current creative director Daniel Roseberry.",https://www.vam.ac.uk/exhibitions/schiaparelli,"Found on the venue's ""current/upcoming"" listing page. Opening and closing dates taken from the site's structured data, not its visible page.",2026-10-04T14:56:40.392Z
va,"Rising Voices: Contemporary Art from Asia, Australia and the Pacific",2026-05-16,2027-01-10,"Rising Voices offers an unparalleled view of the Asia Pacific region’s dynamic creative landscape. Foregrounding First Nations perspectives and diverse artistic approaches, the exhibition features rare works by over 40 pioneering creatives.",https://www.vam.ac.uk/exhibitions/rising-voices-contemporary-art-from-asia-australia-and-the-pacific,"Found on the venue's ""current/upcoming"" listing page. Opening and closing dates taken from the site's structured data, not its visible page.",2026-10-04T14:56:40.392Z
va,"Constantinople to Istanbul: One City, Two Empires",2026-11-07,2027-05-09,"A major UK-first exhibition exploring 1,600 years of extraordinary art and design, offering a compelling new perspective on a city defined by artistic excellence across more than a millennium.",https://www.vam.ac.uk/exhibitions/constantinople-to-istanbul-one-city-two-empires,"Found on the venue's ""current/upcoming"" listing page. Closing date taken from the site's structured data, not its visible page.",2026-10-04T14:56:40.392Z
va,Punk to Pop,2027-03-13,2028-01-02,"This exhibition explores how a generation of radical artists united by a punk DIY spirit respond to austerity and political turbulence, sparking a cultural change that dovetails with technology and the richness of a multicultural society.",https://www.vam.ac.uk/exhibitions/punk-to-pop,"Found on the venue's ""current/upcoming"" listing page. Closing date taken from the site's structured data, not its visible page.",2026-10-04T14:56:40.392Z
va,Sculpture in Clay,2027-05-29,2028-02-06,"This exhibition will reveal how clay and ceramic have expanded the possibilities of sculpture, presenting clay as a potentially radical, avant-garde medium that allows artists to reinterpret, subvert, and challenge conventional ceramic practice.",https://www.vam.ac.uk/exhibitions/sculpture-in-clay,"Found on the venue's ""current/upcoming"" listing page. Closing date taken from the site's structured data, not its visible page.",2026-10-04T14:56:40.392Z
va,Chintz,2027-09-18,2028-06-04,"Spanning four centuries of creativity, this exhibition re-discovers the story of chintz, a South Indian fabric created by hand-drawing designs on cotton – one of the most coveted, copied and contentious fabrics in history.",https://www.vam.ac.uk/exhibitions/chintz,"Found on the venue's ""current/upcoming"" listing page. Closing date taken from the site's structured data, not its visible page.",2026-10-04T14:56:40.392Z
va,Adobe Creative Residents On Display,2025-12-02,2026-11-01,"A display of the works of Ciara Neufeldt, Jess Starns and Michael Akuagwu. The display explores each artist’s creative journey, their connections with different communities and how their experiences at the V&A changed their ways of working.",https://www.vam.ac.uk/exhibitions/the-adobe-creative-residents-on-display,"Found on the venue's ""current/upcoming"" listing page. Opening and closing dates taken from the site's structured data, not its visible page.",2026-10-04T14:56:40.392Z
va,Urushi Now: Contemporary Japanese Lacquer,2026-04-30,2027-04-30,"Urushi (lacquer) has been used in Japan for over 7,000 years. For centuries, lacquer-making techniques developed locally while reflecting cross-cultural influences from Asia. This display highlights the diversity of 21st-century artistic expression.",https://www.vam.ac.uk/exhibitions/urushi-now-contemporary-japanese-lacquer,"Found on the venue's ""current/upcoming"" listing page. Opening and closing dates taken from the site's structured data, not its visible page.",2026-10-04T14:56:40.392Z
va,Lost Music Venues,2026-05-30,2027-10-30,"Featuring around 50 ‘lost’ performance spaces from the 1980s to 2010s, this display celebrates music venues as centres of creativity, shining a light on both their cultural contribution and the challenges they face as a sector.",https://www.vam.ac.uk/exhibitions/lost-music-venues,"Found on the venue's ""current/upcoming"" listing page. Opening and closing dates taken from the site's structured data, not its visible page.",2026-10-04T14:56:40.392Z
va,The Burberry Trench: Crafting an Icon,2026-09-21,2027-01-03,"This free display offers a concise history of the Burberry trench coat from its origins as practical outerwear and military attire to a world-renowned icon of fashion, rooted in a contemporary British sensibility and celebrated globally.",https://www.vam.ac.uk/exhibitions/the-burberry-trench-crafting-an-icon,"Found on the venue's ""current/upcoming"" listing page. Opening and closing dates taken from the site's structured data, not its visible page.",2026-10-04T14:56:40.392Z
va,American Photographs,2025-06-14,2027-05-16,The V&A's collection of photography from the United States – one of the largest outside North America – reveals the breadth of the country's photographic traditions and the central role of image-making in American life.,https://www.vam.ac.uk/exhibitions/american-photographs,"Found on the venue's ""current/upcoming"" listing page. Opening and closing dates taken from the site's structured data, not its visible page.",2026-10-04T14:56:40.392Z
va,Dimensions: Contemporary Chinese Studio Crafts,2025-10-28,2027-09-26,"In the 1980s, Chinese artists began to reimagine craft as a medium for artistic expression. This display explores the dimensions of studio craft practice in China today, and the innovations which have grown from China's longstanding craft tradition.",https://www.vam.ac.uk/exhibitions/dimensions-contemporary-chinese-studio-crafts,"Found on the venue's ""current/upcoming"" listing page. Opening and closing dates taken from the site's structured data, not its visible page.",2026-10-04T14:56:40.392Z
va,Bharti Kher at the V&A,2026-07-20,2027-01-24,"British Indian artist Bharti Kher is internationally recognised for her sculptures which explore the body, womanhood, mythology and cultural identity. This display brings her work into conversation with the V&A’s historic collections.",https://www.vam.ac.uk/exhibitions/bharti-kher-at-the-va,"Found on the venue's ""current/upcoming"" listing page. Opening and closing dates taken from the site's structured data, not its visible page.",2026-10-04T14:56:40.392Z
va,Sacred Treasures from Kyiv,2026-09-14,2027-09-17,"Reflecting centuries of devotion and craftsmanship, this display offers a rare chance to experience sacred art from one of the world’s most significant religious and cultural sites, showcasing the Lavra’s enduring artistic and cultural legacy.",https://www.vam.ac.uk/exhibitions/sacred-treasures-from-kyiv,"Found on the venue's ""current/upcoming"" listing page. Opening and closing dates taken from the site's structured data, not its visible page.",2026-10-04T14:56:40.392Z
va,Henri Cartier-Bresson Self-Published PhotoBook Award Shortlist,2026-09-21,2027-01-11,"Visitors to this display can read and handle the shortlisted books for the Henri Cartier-Bresson Self-Published PhotoBook Award, which recognises artists who conceive, produce, and distribute their books outside traditional publishing circuits.",https://www.vam.ac.uk/exhibitions/henri-cartier-bresson-self-published-photobook-award-shortlist,"Found on the venue's ""current/upcoming"" listing page. Opening and closing dates taken from the site's structured data, not its visible page.",2026-10-04T14:56:40.392Z
va,Samuel Palmer and Modern Art,2026-10-10,2027-09-26,"A display marking 200 years since Samuel Palmer’s visionary Shoreham period and 100 years since the V&A’s landmark exhibition, which introduced his unique watercolours of rural England to modern British artists including Paul Nash and Eric Ravilious.",https://www.vam.ac.uk/exhibitions/samuel-palmer-and-modern-art,"Found on the venue's ""current/upcoming"" listing page. Closing date taken from the site's structured data, not its visible page.",2026-10-04T14:56:40.392Z
louvre,Zurbarán: 1598–1664,2026-10-07,2027-01-25,"Francisco de Zurbarán, along with Diego Velázquez and Bartolomé Esteban Murillo, is considered one of the greatest Spanish painters of the 17th century. At first considered a Caravaggista with a focus on monastic ascetism, he was gradually recognised in the 20th century as a prodigious colourist and celebrated for his distinctive personal style, which married a simple treatment of volumes with striking naturalism. Though Zurbarán has been the subject of numerous exhibitions over the last ten years, the last large-scale international presentation to focus on his work had been the joint exhibition Zurbarán, mounted by the Metropolitan Museum of Art and the Grand Palais in 1987–1988. Now, the National Gallery, London, the Musée du Louvre and the Art Institute of Chicago have joined forces to offer their visitors a retrospective that allows them to revisit Zurbarán’s paintings (or discover them for the first time), to better understand his work and to stand in awe of the modernity and visual power of his compositions. This is not an exhaustive monographic exhibition, but rather an ambitious selection of the finest paintings, complemented by historical and cultural markers, where visitors can marvel at Zurbarán’s technique and its audacity of form and iconography. The visit, organised into seven parts, will analyse the various facets of Zurbarán’s painted oeuvre both chronologically and thematically, aiming to do justice to the whole of his long career, and occasionally stepping outside of this timeline to compare a group of similar works. The Louvre’s exhibition will place great importance on the monumental paintings, commissioned by Andalusian monasteries, on which Zurbarán’s fame was built, as well as portraits and still lifes, with a special place reserved for the brief career of his son, Juan de Zurbarán (1620–1649). A number of these works, dating from the late 19th and early 20th centuries, will highlight the significant influence Zurbarán exerted on later avant-g",https://www.louvre.fr/en/exhibitions-and-events/exhibitions/zurbaran,"Found on the venue's ""current/upcoming"" listing page.",2026-10-04T14:57:28.222Z
louvre,"Sculpting Colour: Masterpieces from the Museo Nacional de Escultura, Valladolid",2026-10-07,2027-01-25,"‘Sculpting Colour’, presented at the same time and in the same space as the exhibition on the painter Francisco de Zurbarán (1598–1664), and with collaboratively designed scenography, invites visitors to take a close, comparative look at 17th-century Spanish sculpture. The majority of the works to be displayed are religious sculptures of stunning naturalism in polychrome wood, allowing visitors to better understand the cultural and religious context in which the great Spanish painters of the same period (such as Zurbarán, Velázquez and Murillo) produced their works – a period in which painting and sculpture were closely linked. The highlight of the exhibition will be an entire loaned paso – a traditional processional float of five life-size sculpted and painted figures from the early 17th century. This monumental ensemble by Gregorio Fernández, a major sculptor then active in Valladolid, will be presented at eye level so visitors can have a close look. The visit will unfold along a number of thematic axes: the veneration of relics and the role of intercessory saints; the dressing of statues; depictions of the sufferings of Christ and of the Virgin Mary; private devotion; and the Immaculate Conception. In so doing, the exhibition will allow visitors to explore the sculptures’ various uses and meanings and to gain a deeper understanding of their materiality, their regional and stylistic variations, and the personalities of the major sculptors of the time. Active from Castile to Andalusia, they include Gregorio Fernández, Alonso Cano, Juan de Mesa, José de Mora, Pedro de Mena, Jerónimo Francisco García and Miguel Jerónimo García, José de Arce, as well as Pedro Roldán and Luisa Roldán – one of the rare female artists with a career so successful it carried her all the way to the royal court of Spain. In addition to the paso entitled Road to Calvary – one of the most significant loans of the exhibition, never before seen in France – works displayed will include Gregorio F",https://www.louvre.fr/en/exhibitions-and-events/exhibitions/sculpting-colour,"Found on the venue's ""current/upcoming"" listing page.",2026-10-04T14:57:28.222Z
louvre,Louvre Photo,2026-11-04,2027-05-03,"The Louvre opened just a few decades before the invention of photography. Combining reality and the world of imagination, journeying through both time and space, the museum would go on to become a wellspring of inspiration for those who practised this new art form. This exhibition ‘Louvre Photo’ takes the Louvre as a model, a subject, a source of inspiration and a starting point for reinvention. Through more than 300 photos of the Louvre – its artworks, its exhibition galleries and its open spaces, as well as visitors both famous and anonymous, museum workers, hidden nooks and behind-the-scenes corridors – ‘Louvre Photo’ invites visitors to explore and uncover, taking a step back and offering a new look at the museum, the institution and its collections – sometimes with a touch of humour and subversiveness. ‘Louvre Photo’ covers the long period spanning from the invention of photography until today, from the first photographers to those invited to photograph the museum in modern times – most recently Robert Polidori. This was a period characterised by momentous events, like the Paris Commune, the First and Second World Wars, and the expansion of tourism and diplomatic relations during the Trente Glorieuses, the thirty-year span of economic prosperity that France enjoyed from 1945 to 1975. In that same time, the Louvre’s history was marked by several milestones, such as its transformation from a palace into a museum under the Second Empire, the displacement and then return of its artworks during the First and Second World Wars, and the Grand Louvre works of the 1980s. ‘Louvre Photo’ limits its subject to a single setting, delimited by the walls of the palace and the gates of the Tuileries Garden. The exhibition will bring out the Louvre’s wealth of photographic archives from its curatorial departments and active documentary records, as well as collections from various French institutions, including the National Archives, the Médiathèque du Patrimoine et de la Photogr",https://www.louvre.fr/en/exhibitions-and-events/exhibitions/louvre-photo,"Found on the venue's ""current/upcoming"" listing page.",2026-10-04T14:57:28.222Z
louvre,Primeval Waters: Lessons from Mesopotamia,2026-05-20,2027-03-15,"Crossed by the only two biblical ‘rivers of paradise’ known today, whose importance and danger may have inspired the Flood myth, ancient Mesopotamia was also the place where irrigation was first invented and developed. These early experiments in mastering water through artificial transformations of the natural environment led to the invention and development of the earliest known hydraulic structures (canals, bridges, aqueducts, pipe systems, artificial lakes and more) in Mesopotamia. These resulted in wide-ranging changes to the land and its inhabitants, whose long-term consequences, both positive and negative, will be explored in the exhibition. This exhibition draws from the extensive collection of the Department of Near Eastern Antiquities, which lends itself well to this subject, and winds through the department’s galleries to raise the issue of water within the Near Eastern antiquities collection and to explore what environmental lessons can be drawn there in both the past and the present. Ariane Thomas, Director of the Department of Near Eastern Antiquities, Musée du Louvre Barbara Couturaud and Grégoire Nicolet, Department of Near Eastern Antiquities, Musée du Louvre",https://www.louvre.fr/en/exhibitions-and-events/exhibitions/primeval-waters,"Found on the venue's ""current/upcoming"" listing page.",2026-10-04T14:57:28.222Z
louvre,Affinities: Islamic Art Wonders in the Department of Decorative Arts,2026-06-24,2026-12-06,"Affinities are bonds of both kinship and closeness – a fitting term to evoke the relationship between the Departments of Islamic Art and of the Decorative Arts. These works have not only circulated between East and West since the Middle Ages; their techniques and decoration have served as sources of inspiration for European decorative arts. For over a century, Islamic art was displayed in the Department of Decorative Arts – a dialogue we are proposing to rekindle today by exploring three subjects: light, colour and sculpture. Inviting visitors to wander through the decorative arts galleries, Affinities weaves a tale of great technical and aesthetic innovations in the Islamic world, as well as the fascination they engendered in Europe and in French art collections. Some 50 objects from the Department of Islamic Art, made of a wide range of materials, dating from the 9th to the 17th century and hailing from all regions of the Islamic world, allows visitors to explore the enchantment created by materials and the wonder elicited by objects in the region. They are in fact linked to wonders – ‘Aja’īb in Arabic, designating the wonders of nature and of the visual arts. This exhibition is taking place in the context of the Department of Islamic Art closing for refurbishment, enabling the public to access some of the most important pieces of the Islamic art collection. Annabelle Collinet, Researcher and Collection Manager, Department of Islamic Art",https://www.louvre.fr/en/exhibitions-and-events/exhibitions/affinities,"Found on the venue's ""current/upcoming"" listing page.",2026-10-04T14:57:28.222Z
louvre,Michel Lacoste’s donation to the musée du Louvre: Precious metalwork from Pierre Mangot to Jean-Élisée Puiforcat,2026-06-26,2027-01-11,"Thanks to the generosity of Michel Lacoste, a hundred precious metalwork pieces entered the collection of the Musée du Louvre in November 2025 through a planned donation of present assets. These varied artworks demonstrate the technical skill and refinement that characterised precious metalworks in France from the 16th to the 18th century. Over the course of six months, an exceptional exhibition in room 605 of the Department of Decorative Arts will present them alongside the Louvre’s collection of silver- and ceramic ware. These hundred works represent about a quarter of the collection amassed since the 2000s by Michel Lacoste, whose passion for precious metalwork was initiated by his maternal grandmother’s gift of the Puiforcat collection sales catalogue. Planned in 1955, this major auction never occurred, as the Greek shipping magnate Stavros Niarchos purchased a vast majority of the lots on offer to deed them subject to usufruct to the Musée du Louvre. Now wishing to share his passion for this type of artwork with the general public, to gift these pieces to future generations and to do his part in enriching the national collections, Michel Lacoste is giving part of his collection to the Musée du Louvre. This choice appeared as evident as the museum is home to the majority of the Puiforcat collection. Of the hundred pieces, one is from the 16th century, 22 from the 17th, 76 from the 18th and one from the 20th. This gift comes to significantly increase the 17th century collection, supplementing it with pieces both from Paris and other French regions, and brings into the museum several master metalworkers such as Jean-Baptiste Chéret, Pierre-François Bonnestrenne and Joseph-Théodore Vancombert for the first time, while completing the existing opus of some of the great master such as Nicolas Delaunay, Claude II Ballin, François-Thomas Germain and Jacques-Nicolas Roëttiers, to cite but a few. Anne Foray-Carlier, Senior Heritage Curator, Department of Decorative Arts.",https://www.louvre.fr/en/exhibitions-and-events/exhibitions/michel-lacoste-s-donation-to-the-musee-du-louvre,"Found on the venue's ""current/upcoming"" listing page.",2026-10-04T14:57:28.222Z
louvre,Hosts at the Louvre,2026-09-24,2026-12-14,,https://www.louvre.fr/en/exhibitions-and-events/exhibitions/hosts-at-the-louvre,"Found on the venue's ""current/upcoming"" listing page. This exhibition's own page could not be read: the venue’s site refused us (HTTP 403).",2026-10-04T14:57:28.222Z
louvre,Martin Schongauer: The beautiful immortal,2026-04-08,2026-07-20,"Martin Schongauer was one of the most popular Germanic artists of the late Middle Ages – and one of the major figures of this period. Born in Colmar around 1445, Schongauer died in Alt-Breisach in 1491. He was the master of a painting workshop but was best known, even during his lifetime, for his engraving work. While his father and brothers were goldsmiths, he did not practise their craft; it is however likely that he learned to handle the burin in his father’s workshop, a delicate art that he brought to the height of perfection. The exhibition presents a wide selection of his drawings and engravings and, for the first time, a near-complete collection of his paintings (altarpieces and easel paintings), including the 1473 Madonna of the Rose Bower, his only painting on panel whose date of creation is known. His works reveal a well-read artist with a penchant for fine, inventive storytelling and a skilful eye for natural subjects. Martin Schongauer’s engravings were widely circulated and appealed to generations of artists. Artworks from every discipline are brought together in the second half of the exhibition, hailing from all over the European continent and dating up to the start of the 17th century, attesting to the wide-ranging reception his work enjoyed. Pantxika Béguerie De Paepe, Honorary Curator of the Musée Unterlinden. Hélène Grollemund, Musée du Louvre.",https://www.louvre.fr/en/exhibitions-and-events/exhibitions/martin-schongauer,"Found on the venue's ""past"" listing page.",2026-10-04T14:57:28.222Z
louvre,Michelangelo Rodin: Living bodies,2026-04-15,2026-07-20,"Michelangelo and Rodin, in making the body the central subject of their artworks, showed that they both perceived it as animated by an intense inner life. Michelangelo and Rodin, two unrivalled masters of Western sculpture, engage in a dialogue across the centuries. Their works, emblematic of the strength of the body and the depth of the soul, are here brought together for the first time, revealing a continuum between the two artists, marked by clear divisions. Organised into five sections – Two Legendary Artists; Nature and Antiquity: Reinventing the Model; Non Finito; Bodies and Souls; and Energy and Life –, the exhibition associates marble, bronze, plaster, terracotta and cast works with a rich pictorial production. The exhibition route highlights the issues of form and concept that drove the same ambition in both artists: to make manifest the body’s inner energy. The body is thus revealed as the membrane that envelops the soul, a living thing weathering time and movement. We also explore the historic uses of motion in sculpture: how did the reinvention of antiquity and the ways bodies were used foreshadow the divisions of the 20th century? Calling attention to the connections, borrowings and reinterpretations to be found in the works of Michelangelo and Rodin, the exhibition gives a close reading of the myths surrounding these two masters and proposes a new perspective on sculpture not as the making of forms, but as a laboratory for breaking new artistic ground.",https://www.louvre.fr/en/exhibitions-and-events/exhibitions/michelangelo-rodin,"Found on the venue's ""past"" listing page.",2026-10-04T14:57:28.222Z
louvre,The Carracci Drawings: The Making of the Farnese Gallery,2025-11-05,2026-02-02,"Completed at the very beginning of the 17th century, a decorative interior in the heart of the Palazzo Farnese — the current seat of the French Embassy in Italy — would come to be regarded as one of the greatest masterpieces of Western painting. The work in question is the gallery decorated by Annibale Carracci, his brother Agostino, and their students. The Farnese Gallery drew admiration far and wide and inspired the work of many artists due to the beauty of its frescoes as well as that of its preparatory drawings. The Musée du Louvre is moving the Farnese Gallery to Paris, where the most extraordinary collection of preparatory drawings ever assembled will recreate the gallery in the manner of a jigsaw puzzle. The immersive exhibition design reproducing the gallery’s vault will also include a second ceiling: that of the Camerino, a small room Annibale Carracci was given to test his designs. The exhibition aims to give visitors a closer look at the engaging character of the work’s key architect, Annibale Carracci. The Farnese Gallery drawings and other sheets Annibale completed before leaving for Rome will highlight the 34-year-old artist’s determination to bring about a stylistic and intellectual revival. Never before had so many drawings for a painted interior been preserved, from the rapid sketch outlining the artist's initial ideas to the large cartoon measuring several metres per side, which contains a full-scale drawing of the fresco. Victor Hundsbuckler, Curator, Department of Prints and Drawings, Musée du Louvre.",https://www.louvre.fr/en/exhibitions-and-events/exhibitions/the-carracci-drawings,"Found on the venue's ""past"" listing page.",2026-10-04T14:57:28.222Z
louvre,Jacques-Louis David,2025-10-15,2026-01-26,"David is a towering figure. Considered the father of the French School, revered for breathing new life into painting, he produced imagery that to this day inhabits the collective imagination: from The Death of Marat to Napoleon Crossing the Alps and The Coronation of Napoleon, his paintings are the filter through which we picture the great moments of the French Revolution and the Napoleonic Empire, while his portraits bring to life the society of this period. To mark the bicentennial of his death in exile in Brussels in 1825, the Musée du Louvre is offering a new perspective on a figure and body of work of extraordinary richness and diversity. The exhibition shines a light on the inventive force and expressive power of the art of Jacques-Louis David (1748–1825), whose paintings are more intensely charged with feeling than is belied by their extreme rigour. The exhibition spans the long career of an artist who witnessed six different political regimes and actively participated in the French Revolution. It gathers 100 works on special loan, including the imposing, incomplete Tennis Court Oath (Château de Versailles, long-term loan from the Musée du Louvre), and the original version of his masterpiece, the celebrated Death of Marat (Royal Museums of Fine Arts of Belgium, Brussels). A project of such ambition could only be undertaken at the Louvre, which holds the largest existing collection of the artist's paintings and drawings – including, first and foremost, his very large canvasses. The last major monographic exhibition devoted to David was held at the Louvre and the Château de Versailles in 1989 for bicentennial commemorations of the French Revolution.",https://www.louvre.fr/en/exhibitions-and-events/exhibitions/jacques-louis-david,"Found on the venue's ""past"" listing page.",2026-10-04T14:57:28.222Z
louvre,The Met at the Louvre: Near Eastern Antiquities in Dialogue,2024-02-29,2025-12-14,"The Louvre’s Department of Near Eastern Antiquities is hosting ten major works from New York’s Metropolitan Museum of Art, whose Department of Ancient Near Eastern Art is currently closed for renovation. The Louvre and The Met have created a unique dialogue between these two collections, which is displayed in the Louvre’s permanent galleries. These ‘special guest’ artworks from The Met, dating from between the late 4th millennium BC and the 5th century AD, show some remarkable connections with the Louvre’s collection. In some cases, a pair of objects has been reunited for the first time, while in others, pieces complement each other by virtue of specific historical features of their respective collections. Representing Central Asia, Syria, Iran and Mesopotamia, this dialogue between collections is (re)introducing visitors to these extraordinary, age-old works of art and the stories they tell.",https://www.louvre.fr/en/exhibitions-and-events/exhibitions/the-met-at-the-louvre,"Found on the venue's ""past"" listing page. Also listed on the venue's ""past 2025"" page.",2026-10-04T14:57:28.222Z
louvre,A Passion for China: The Adolphe Thiers Collection,2025-05-14,2025-08-25,"A relatively little-known fact: Chinese art can be found at the Louvre. The Department of Decorative Arts holds more than 600 Chinese works, most of which come from the collections of Adolphe Thiers and Adèle de Rothschild and from the royal collections. Among them, some veritable treasures are to be found. A number of these were highlighted by recent research among the collection of Adolphe Thiers, who was a journalist, historian, and a major political figure in the 19th century (as deputy, minister, president of the council and, ultimately, president of the French Republic). The exhibition aims to reveal these exceptional works to the general public, putting them in the historical, diplomatic and cultural context of their creation and their acquisition by Thiers for his collection. It explores Thiers’s little-known passion for China. The exhibition will present over 170 works dating mainly from the 18th and 19th centuries: scrolls, album pages, engravings, prints, porcelains, jades, lacquers, and precious objets d’art in ivory, bronze, or wood inlaid with gems and mother-of-pearl. The first part of the exhibition will present Adolphe Thiers, his particular vision of art, his collecting practices and his passion for the Renaissance. The second part, the heart of the exhibition, will present the full collection of Chinese art. Thiers, in view of publishing a work on Chinese art, concurrently collected books, documents and objets d’art related to the subject. The exhibition highlights the major themes of his collection: ancient and contemporary history, images of China (landscapes, architecture and dress), some staples of Chinese culture (language, literature and the literati), the ‘Three Teachings’ (Buddhism, Taoism and Confucianism), Chinese porcelain (of which he was an expert of renown), and, finally, imperial art. The collection holds a number of masterpieces in this last area, including an exceptional scroll, the Qingming shanghe tu created for the Qianlong emp",https://www.louvre.fr/en/exhibitions-and-events/exhibitions/a-passion-for-china,"Found on the venue's ""past"" listing page. Also listed on the venue's ""past 2025"" page.",2026-10-04T14:57:28.222Z
louvre,LOUVRE COUTURE: Art and Fashion: Statement Pieces,2025-01-24,2025-08-24,"Although we have known since the days of Paul Cézanne that ‘the Louvre is the book from which we learn to read’, this inexhaustible wellspring of inspiration has also nourished one of contemporary art’s liveliest domains: the world of fashion. More and more, research and monographs dedicated to the greats of fashion have boldly begun to trace aesthetic family trees, establishing these figures in a historical and artistic context. The pattern is not merely one of disruptions, with various degrees of radical innovation, or of seasonal changes, but also one of echoes and evocations. The threads weaving their way between the work of great fashion figures and the world of art are almost endless, and the history of art as expressed by the Musée du Louvre, in the depth of its collections and in the ways it reflects the tastes of days gone by, is an equally vast terrain of influences and sources. In consideration of the Louvre’s encyclopaedic immensity, this exhibition follows a methodological approach geared towards exploring the history of decorative styles, art professions and ornamentation through the galleries of the Department of Decorative Arts, where textiles are omnipresent – though generally in tapestries and other décor items rather than in articles of clothing. Over a nearly 9,000-square-metre space, 65 designs are displayed, along with a number of accessories, newly illuminating the close historical dialogue that continues to take place between the world of fashion and the department’s greatest masterpieces, from Byzantium to the Second Empire. Each of these garments and accessories is on special loan from the most iconic fashion houses, both long-standing and recent, in Paris and throughout the world. The pieces will not be displayed aimlessly throughout the Department of Decorative Arts, but rather will serve as an occasion to highlight existing parallels: the department owes part of its collection to the generosity of great fashion figures, from Jacques Douc",https://www.louvre.fr/en/exhibitions-and-events/exhibitions/louvre-couture,"Found on the venue's ""past"" listing page. Also listed on the venue's ""past 2025"" page.",2026-10-04T14:57:28.222Z
louvre,Mamluks: 1250-1517,2025-04-30,2025-07-28,"The Musée du Louvre marks a European first with a major exhibition on the Mamluk sultanate (1250–1517), aiming to address this golden age of the Islamic Near East in all its scope and richness by examining it from a transregional perspective. The Mamluks, freed slave-soldiers of primarily Turkish (and later Caucasian) origin, built their legend on their warrior prowess. From 1250 to 1517, the Mamluk sultanate conquered the last bastions of the Crusaders, fought and repulsed the Mongol threat, survived Timur’s invasions and kept its threatening Turkmen and Ottoman neighbours at bay before succumbing to the latter’s expansionism. It encompassed a vast territory including Egypt, Bilad al-Sham (Syria, Libya, Israel/Palestine, Jordan), part of eastern Anatolia and the Hejaz region of Arabia, which includes Mecca and Medina. But the history of the Mamluk sultanate cannot be reduced to its conquests and feats of arms. Its culture, as complex and multifaceted as its society, was part of a little-known and singularly fluid medieval era. A world in which sultans mingled with emirs and rich civil elites, all actively engaged in artistic patronage. A pluralistic society in which women as well as Christian and Jewish minorities had a place. Another ‘Middle Kingdom’ where Europe, Africa and Asia converged and in which people and ideas circulated, as did merchandise and artistic repertoires. Structured in five sections (the Mamluks, their society, their cultures, their connections with the rest of the world and their art), the exhibition presents nearly 260 works, a third of which are from the Louvre and the Musée des Arts Décoratifs, featured beside prestigious national and international loans. Textiles, objets d’art, manuscripts, paintings, ivories, stone and wood interior décors reveal a teeming artistic, literary, religious and scientific world. The sultanate was then the cultural heart of the Arab world and the heir to a number of grand traditions. Mamluk visual culture would",https://www.louvre.fr/en/exhibitions-and-events/exhibitions/mamluks,"Found on the venue's ""past"" listing page. Also listed on the venue's ""past 2025"" page.",2026-10-04T14:57:28.222Z
louvre,The Experience of Nature: Art in Prague at the Court of Rudolf II,2025-03-19,2025-06-30,"The Holy Roman Emperor Rudolf II (1552–1612), a great patron of the arts and sciences, was one of the European rulers most keenly interested in the study of nature. He summoned scientists and artists from throughout Europe to his court, where they worked in close proximity to each other within the castle walls, turning Prague into a veritable laboratory, a place of experimentation, in a propitious climate of intellectual and religious tolerance. The first part of the exhibition will present this convergence of scientific and artistic perspectives on nature, particularly acute at the Prague court. It was characterised, first of all, by a new approach, which was both direct and observational. Artists participated actively in the earliest stirrings of empiricism, not only in producing scientific instruments that were as aesthetically pleasing as they were innovative, but also in recording the world of plants and animals through their drawings, a major contribution to the inventory of living species then being undertaken in the natural sciences. Like their scientist peers, they were interested in the hidden forces at work in nature, which they expressed through the device of allegory. All shared the same humanist culture, generally acquired through books and inherited from antiquity. Yet the coherent system described in these earlier works did not stand up to the attentive observation of an impermanent, capricious natural world. The second part of the exhibition will show how this curiosity about the forms of nature, common to both scientists and artists, contributed to the renewal of artistic creation in Prague. New practices such as drawing en plein air came into vogue, and this direct experience of nature encouraged artists to experiment with new materials and subjects, including many that had previously been considered unworthy of being used or depicted. A taste developed for new artistic techniques imitating the singularity of natural forms and evoking the instabil",https://www.louvre.fr/en/exhibitions-and-events/exhibitions/the-experience-of-nature,"Found on the venue's ""past"" listing page. Also listed on the venue's ""past 2025"" page.",2026-10-04T14:57:28.222Z
louvre,A New Look at Cimabue: At the Origins of Italian Painting,2025-01-22,2025-05-12,"For the first time, the Musée du Louvre is dedicating an exhibition to Cimabue, one of the most important artists of the 13th century. The exhibition is the product of two ‘Cimabue-centric’ events of great importance for the museum: the restoration of the Maestà and the acquisition of a heretofore-unseen Cimabue panel, rediscovered in France in 2019 and listed as a French National Treasure: Christ Mocked. These two paintings, whose restoration was completed in 2024, provide the starting point for this exhibition, which, by bringing together some forty works, aims to illuminate the extraordinary richness and undeniable innovation of Cimabue’s art. Cimabue was one of the first to open Western painting to naturalism, seeking to represent the world, objects and bodies as they truly existed. With him, the conventions of representation inherited from Eastern art, so highly valued until this period, gave way to an inventive art of painting seeking to evoke a three-dimensional space, bodies in volume shaped by subtle shading, articulated limbs, natural postures and human emotions. After an introductory section dedicated to the context of painting in Tuscany – and specifically Pisa – in the mid-13th century, a good deal of the visit focuses on the Louvre’s Maestà; innovations appearing in this painting have led certain art historians to consider it ‘the founding act of Western painting’. Restoration has made visible not only the variety and subtlety of its colours, but many details that had been masked by previous overpaintings, showing the fascination that the East, both Byzantine and Islamic, evoked in Cimabue and his patrons. The crucial question of the relationship between Cimabue and Duccio is then addressed. The visit continues with a section constructed around Cimabue’s eight-panel diptych, of which the Louvre has brought together for the first time the only three panels known today. The narrative vitality and liberty deployed by Cimabue in this work of shimmering col",https://www.louvre.fr/en/exhibitions-and-events/exhibitions/a-new-look-at-cimabue,"Found on the venue's ""past"" listing page. Also listed on the venue's ""past 2025"" page.",2026-10-04T14:57:28.222Z
louvre,"Guillon-Lethière, ""born in Guadeloupe""",2024-11-13,2025-02-17,"This show, co-organised by the Clark Art Institute in Williamstown (Massachusetts) and the Musée du Louvre, will be the first major monographic exhibition on an artist who has largely faded from view but was counted among the ‘great authorities of his day’ (Charles Blanc). Guillaume Guillon-Lethière was born in Guadeloupe. His mother was a freed slave of African origin, his father a white French royal official. Guillaume studied first in Rouen and then in Paris during the ancien régime and went on to enjoy a brilliant career: director of the French Academy in Rome (1807–1816), elected member of the Institut de France in 1818 and professor at the École des Beaux-Arts from 1819 onwards. He was also a great collector and artistic advisor to Lucien Bonaparte. His artwork reflects his experience of the political upheaval of the period and the succession of political regimes in France from the Revolution to the July Monarchy. Most of his paintings and drawings focus on ancient history. He began his career in a period dominated by the neoclassical style of Jacques-Louis David; his continuation in the classical vein led to his fall from favour in the late 1820s, as the upcoming generation of Romantic artists began taking over. The Louvre’s collection includes two huge paintings by Guillon-Lethière, both measuring almost eight metres in width and inspired by classical heroism: Brutus Condemning his Sons to Death, finished in Rome in 1811, and The Death of Virginia (1828).",https://www.louvre.fr/en/exhibitions-and-events/exhibitions/guillon-lethiere-born-in-guadeloupe,"Found on the venue's ""past"" listing page. Also listed on the venue's ""past 2025"" page.",2026-10-04T14:57:28.222Z
louvre,Figures of the Fool: From the Middle Ages to the Romantics,2024-10-16,2025-02-03,"The exhibition examines the omnipresence of fools in Western art and culture at the end of the Middle Ages, and attempts to parse the meaning of these figures, who would seem to play a key role in the advent of modernity. The fool may make us laugh, with his abundance of frivolous antics, but he also harbours a wealth of hidden facets of an erotic, scatological, tragic or violent nature. Capable of the best and of the worst, the fool entertains, warns or denounces; he turns societal values on their head and may even overthrow the established order. Within the newly renovated Hall Napoléon, this exhibition, which brings together over 300 works from 90 French, European and American institutions, brings us on a one-of-a-kind journey through Northern European art (English, Flemish, Germanic, and above all French), illuminating the profane aspects of the Middle Ages and revealing a fascinating era of surprising complexity. The exhibition explores the disappearance of the figure of the fool with the Enlightenment and the triumph of reason, and its resurgence at the end of the 18th century and all throughout the 19th. The fool then became a figure with which artists identified, wondering: ‘What if I were the fool?’ Élisabeth Antoine-König, Senior Curator in the Department of Decorative Arts, and Pierre-Yves Le Pogam, Senior Curator in the Department of Sculptures, Musée du Louvre the Cercle des Mécènes du Louvre, the Fondation Etrillard, the New York Medieval Society.",https://www.louvre.fr/en/exhibitions-and-events/exhibitions/figures-of-the-fool,"Found on the venue's ""past"" listing page. Also listed on the venue's ""past 2025"" page.",2026-10-04T14:57:28.222Z
louvre,"A new look at Watteau: An actor with no lines: Pierrot, known as Gilles",2024-10-16,2025-02-03,"""The Louvre’s enigmatic painting par excellence."" These are the words that the painter and writer Bernard Dufour used to describe Pierrot, long known as Gilles, by Antoine Watteau (1684–1721). Though this strange character, dressed in white from top to toe, cuts a familiar, even iconic figure, this is a work of absolute originality. From its history to its composition, from its format to its iconography, everything about this piece captivates and intrigues. Its origins remain unknown; the first confirmed mention of its existence only dates back to 1826. Interpreting this painting, inspired by the world of theatre and particularly by Pierrot, the most famous comedy character of this period, is also a difficult task. Thanks to recent conservation work carried out at the Centre for Research and Restoration of Museums of France (C2RMF), which has restored the painting to its former glory, the Musée du Louvre is finally able to give it the monographic exhibition it so richly deserves. The exhibition will explore this mysterious masterpiece, placing it back into the context of theatre life at the start of the 18th century and of the artworks produced by Watteau and his contemporaries. It will also touch on the fascination that Gilles has inspired all the way to the present day, influencing creators of all backgrounds from Fragonard to Picasso to Nadar, from André Derain to Marcel Carné. Each of these painters, authors, actors, photographers and filmmakers made a talented attempt at solving its captivating riddle. The exhibition presents sixty-five works (paintings, drawings, engravings, books, photographs and film excerpts), including seven paintings by Watteau, thanks to the support of various French, European and American museums, including the Bibliothèque Nationale de France, the Gemäldegalerie in Berlin, the Wallace Collection and the National Gallery of Art in Washington, D.C. Standing as an eternally blank page in spite of countless interpretations, Pierrot is stil",https://www.louvre.fr/en/exhibitions-and-events/exhibitions/a-new-look-at-watteau,"Found on the venue's ""past"" listing page. Also listed on the venue's ""past 2025"" page.",2026-10-04T14:57:28.222Z
louvre,Masterpieces from the Torlonia collection,2024-06-26,2025-01-06,,https://www.louvre.fr/en/exhibitions-and-events/exhibitions/masterpieces-from-the-torlonia-collection,"Found on the venue's ""past"" listing page. Also listed on the venue's ""past 2025"" page. This exhibition's own page could not be read: the venue’s site refused us (HTTP 403).",2026-10-04T14:57:28.222Z
louvre,Olympism,2024-04-24,2024-09-16,,https://www.louvre.fr/en/exhibitions-and-events/exhibitions/olympism,"Found on the venue's ""past"" listing page. This exhibition's own page could not be read: the venue’s site refused us (HTTP 403).",2026-10-04T14:57:28.222Z
louvre,[past 2024 page],,,,https://www.louvre.fr/en/exhibitions-and-events/past-exhibitions?date=2024,"The venue's ""past 2024"" listing page could not be read: the venue’s site refused us (HTTP 403). Marker row, not an exhibition.",2026-10-04T14:57:28.222Z
capo,I Segni dei Tempi. Carlo Maria Mariani a Capodimonte,2026-04-16,2026-09-08,"È come se, nel dipingere quest’opera nel 2019, Mariani avesse predeterminato e predestinato il suo approdo finale a Napoli e Capodimonte” La donazione del dipinto di Carlo Maria Mariani I Segni dei Tempi (2019) al Museo e Real Bosco di Capodimonte da parte della Fondazione Carlo Maria Mariani (New York), è accompagnata da una mostra omaggio (16 aprile -14 luglio, prorogata all’8 settembre 2026) dedicata all’artista definito “l’ultimo degli antichi e il primo dei contemporanei” a cura di Antonio Martino e Andrea Viliani (sala 6, I piano). “La mostra estiva di Capodimonte – dichiara il Direttore del Museo e Real Bosco di Capodimonte, Eike Schmidt – raccolta nelle dimensioni ma densa di significato, celebra la generosissima donazione della tela I Segni dei Tempi (The Signs of the Times, 2019), destinata all’istituzione napoletana dalla Carlo Maria Mariani and Carol Lane Mariani Foundation di New York e la iscrive entro un orizzonte di significato più ampio grazie alla presenza di altre sette opere dell’artista, accostate a una raffinata selezione di oggetti provenienti dalle collezioni del museo. La mostra trae insieme lo spunto e il titolo dal dipinto donato, un’opera che può dirsi esemplare della visione artistica di Mariani, in quanto riunisce le due figure sulle quali la sua riflessione si è esercitata con maggiore continuità e profondità: Raffaello e Marcel Duchamp. Da questo confronto Mariani ha tratto un linguaggio del tutto personale, nel quale l’eredità formale del classicismo rinascimentale, barocco e settecentesco si congiunge all’intensità filosofica e intellettuale che, sulla scia del grande artista franco-americano e campione di scacchi, sarebbe venuta a segnare l’arte concettuale. Inserendo lo Scolabottiglie di Duchamp (1914) entro uno spazio pittorico e figurativo desunto dalla pergola illusionistica della Loggia di Amore e Psiche di Raffaello (1517-1518), nella Villa Farnesina di Agostino Chigi, allora ancora collocata in un contesto suburbano, Mariani",https://capodimonte.cultura.gov.it/mostra/i-segni-dei-tempi-carlo-maria-mariani-a-capodimonte/,"Found on the venue's ""all (current/upcoming/past)"" listing page. Opening and closing dates read from a sentence, not a date field: ""16 aprile all’8 settembre 2026"".",2026-10-04T14:59:06.175Z
capo,Emilio Isgrò. Canto Napoli,2026-04-10,2026-09-29,"Omaggio del Maestro alla Canzone Napoletana con cancellature inedite di venticinque partiture da ‘O sole mio a Voce ‘e notte Museo e Real Bosco di Capodimonte dal 10 aprile al 29 settembre 2026 a cura di Eike Schmidt Per vedere, devi sollevare il velo, operando uno sforzo, perché l’arte non è mai del tutto facile, ha sempre bisogno di una decifrazione – Emilio Isgrò Canto Napoli è la mostra che Emilio Isgrò dedica alla città di Napoli, un progetto inedito curato da Eike Schmidt, Direttore del Museo e Real Bosco di Capodimonte, presentato dal 10 aprile al 29 settembre nelle sale 81-83-84 del secondo piano. Artista concettuale e pittore – ma anche poeta, scrittore, drammaturgo e regista – il Maestro Emilio Isgrò (Barcellona Pozzo di Gotto, 1937) è uno tra i maggiori protagonisti dell’arte contemporanea internazionale. A partire dagli anni Sessanta sviluppa la pratica della Cancellatura come gesto poetico e critico, riflessione sul linguaggio, sulla memoria e sui processi della conoscenza. Questa tecnica divenuta ormai suo metodo distintivo applicato su materiali testuali di grande varietà (dai Promessi Sposi a La Bibbia, dall’Odissea alla Costituzione italiana fino alla prossima ‘cancellazione’ dell’Enciclica Laudato si’ iniziata con Papa Francesco e proseguita con Leone XIV), è qui rivolta per la prima volta alla musica napoletana. Il corpus delle partiture di alcuni tra i più celebri brani del repertorio partenopeo è sottoposto così a una rigorosa operazione di Cancellatura sulla cui superficie si posano insetti, come attratti dalla dolcezza di melodia, armonia, ritmo e versi, custoditi nelle partiture. Le complesse e deliziose figure retoriche che attraversano la canzone napoletana diventano così traccia e fondamento di un ulteriore segno che l’artista vi sovrappone con rinnovata intensità poetica. Non tutte le parole (e le celebri frasi che hanno fatto sognare, e amare, intere generazioni dall’Ottocento ad oggi) sono infatti cancellate da Isgrò: il risultato final",https://capodimonte.cultura.gov.it/mostra/emilio-isgro-canto-napoli/,"Found on the venue's ""all (current/upcoming/past)"" listing page. Opening and closing dates read from a sentence, not a date field: ""10 aprile al 29 settembre 2026"".",2026-10-04T14:59:06.175Z
capo,“Metamorfosi” di Bertozzi & Casoni,2025-12-05,,"“Metamorfosi” di Bertozzi & Casoni Le porcellane e la Reggia tra storia, dialoghi e contraddizioni Inaugurazione mostra 5 dicembre 2025 ore 11,00 Napoli, Museo e Real Bosco di Capodimonte I piano, Appartamenti Reali Il 5 dicembre 2025 il Museo e Real Bosco di Capodimonte presenta Bertozzi & Casoni. Metamorfosi, a cura di Eike Schmidt e Diego Galizzi. La mostra, visitabile fino al 24 aprile 2026, si sviluppa nelle sale degli Appartamenti reali al primo piano del Museo, dal Salottino Pompeiano all’elegante Salone delle Feste. Protagonisti originali e visionari della scultura contemporanea, Bertozzi & Casoni (Giampaolo Bertozzi, 1957 – Stefano Dal Monte Casoni, 1961–2023) avviarono la loro ricerca artistica ispirati dalla celebre mostra Civiltà del Settecento, realizzata nel 1980 al Museo di Capodimonte. A oltre quarant’anni di distanza da quel primo e significativo incontro con le maggiori espressioni dell’arte del Settecento napoletano, tornano a Capodimonte con la mostra Metamorfosi, una selezione di circa venti opere, tra prestiti da collezioni private e inediti realizzati appositamente per Capodimonte, in particolare Rocco (2025) – opera scelta come immagine-guida della mostra e che apre il percorso espositivo, inserita nel suggestivo Salottino pompeiano – e la colorata e strabordante opera Fenicottero degli stracci (2025), rivisitazione in ceramica policroma della nota Venere di Michelangelo Pistoletto. Il Direttore Eike Schmidt ha dichiarato: ”Celebriamo con questo percorso originalissimo, che ci accompagnerà negli appartamenti reali fino ad aprile, il legame straordinario di Bertozzi & Casoni con il Museo di Capodimonte, alle radici di una attività artistica di livello internazionale ispirata proprio nel 1980 da un viaggio a Napoli di due ragazzi talentuosi e dalla visita alla celebre mostra Civiltà del 700. E forse non poteva essere diversamente perchè i due geniali artisti, formatisi nella celebre scuola faentina, in oltre 40 anni di lavoro apprezzato in tutt",https://capodimonte.cultura.gov.it/mostra/metamorfosi-di-bertozzi-casoni/,"Found on the venue's ""all (current/upcoming/past)"" listing page. Opening date read from a sentence, not a date field: ""Dal 5 dicembre 2025"". No closing date found anywhere on the venue's pages.",2026-10-04T14:59:06.175Z
capo,Nicola Samorì. Classical collapse,2025-11-28,2026-06-09,"NICOLA SAMORÌ | CLASSICAL COLLAPSE Museo e Real Bosco di Capodimonte, Napoli 28 novembre 2025 – 10 marzo 2026 – prorogata al 9 giugno 2026 Pinacoteca Ambrosiana, Milano 27 novembre 2025 – 10 marzo 2026 Milano e Napoli, la Pinacoteca Ambrosiana e il Museo e Real Bosco di Capodimonte: due città e due istituzioni museali dalla storia e dalle identità profondamente distinte si uniscono in un unico progetto congiunto, Classical Collapse, dell’artista Nicola Samorì. Il progetto travalica la logica della “doppia mostra” per proporsi come un’operazione culturale unitaria, pensata fin dall’origine per essere declinata in due luoghi tra loro e in dialogo. Curata da Demetrio Paparoni, Alberto Rocca (Direttore della Pinacoteca Ambrosiana.) ed Eike Schmidt (Direttore del Museo e Real Bosco di Capodimonte), questa esposizione – al Museo e Real Bosco di Capodimonte dal 28 novembre 2025 al 1 marzo 2026 (prorogata fino al 9 giugno 2026) e alla Pinacoteca Ambrosiana dal 27 novembre 2025 al 13 gennaio 2026 (prorogata fino al 10 marzo) – si configura come un ponte tra Nord e Sud, tra antico e contemporaneo, tra il passato della grande tradizione pittorica e plastica e la sua reinvenzione nel presente. “Samorì affronta la tradizione visiva occidentale attraverso un processo di scavo e riscrittura. Queste non sostituiscono il gesto dell’artista, ma lo amplificano. La sua opera, oltre che per l’impianto formale, attrae per la profondità concettuale, che trasforma ogni atto di riscrittura in una sfida che destabilizza l’apparente immutabilità del classico. In un tempo in cui la tradizione rischia di essere ridotta a superficie consolatoria o, all’opposto, rifiutata come forma obsoleta, Classical Collapse propone un’alternativa radicale: il patrimonio come campo di tensione, luogo di conflitto produttivo, spazio critico per l’allenamento dello sguardo”, afferma Demetrio Paparoni. “La grande mostra personale di Nicola Samorì, nelle due sedi di Napoli e Milano simbolicamente unisce il Meridio",https://capodimonte.cultura.gov.it/mostra/nicola-samori-classical-collapse/,"Found on the venue's ""all (current/upcoming/past)"" listing page. Opening and closing dates read from a sentence, not a date field: ""28 novembre 2025 - 10 marzo 2026"". Closing date extended from 10 Mar 2026 to 9 Jun 2026: ""prorogata al 9 giugno 2026"".",2026-10-04T14:59:06.175Z
capo,Capodimonte ricorda Mimmo Jodice,,,"Capodimonte ricorda Mimmo Jodice Venerdì 21 novembre ore 11:00 Inaugurazione sala celebrativa Il Museo e Real Bosco di Capodimonte rende omaggio a Mimmo Jodice ( Napoli 29 marzo 1934 – 27 ottobre 2025), uno dei più grandi protagonisti della fotografia contemporanea internazionale con una sala commemorativa (n.16, primo piano) inaugurata dal Direttore Eike Schmidt, da Angela e Barbara Jodice, e dal curatore Fabio Speranza. Le immagini esposte sono selezionate dalla serie Transiti (2008), opera composta da 21 polittici fotografici per un totale di 55 stampe, entrata nelle collezioni di Capodimonte con altri lavori di Jodice (Omaggio a Rodin, Avanguardia a Napoli, Eden, La città invisibile). Queste opere, insieme all’archivio documentale del Maestro, costituiranno il nucleo fondante della Casa della Fotografia “Mimmo Jodice”, un centro di cultura e promozione fotografica intitolato al maestro, di prossima apertura nella palazzina Cataneo (area est del Real Bosco). Mimmo Jodice, Transiti, stampe True Black Fine-Art Giclée su Photo-Rag 100% cotone, serie limitata di 5 edizioni Transiti testimonia il forte legame di Jodice con le istituzioni culturali della sua città. Commissionata per il cinquantesimo anniversario dell’apertura al pubblico del Museo, l’opera sintetizza due momenti fondamentali della sua ricerca artistica: la predilezione per le vedute urbane, paesaggi e luoghi metafisici della memoria e il rinnovato interesse, dopo l’impegno sociale degli anni settanta, per la figura umana, il ritratto, il volto e il rapporto con la tradizione pittorica e dell’arte classica. La composizione in dittici e polittici crea un ‘dialogo visivo’ tra epoche, tra pittura e fotografia, tra sacro e quotidiano, accostando frammenti di dipinti dei grandi maestri presenti nel Museo (Tiziano, Artemisia Gentileschi, Jusepe de Ribera, Luca Giordano) a volti di uomini, donne e scugnizzi della Napoli contemporanea. Jodice suggerisce così una continuità e, al tempo stesso, una cesura tra pas",https://capodimonte.cultura.gov.it/mostra/capodimonte-ricorda-mimmo-jodice/,"Found on the venue's ""all (current/upcoming/past)"" listing page. No exhibition name could be read from this link. Web address suggests: ""Capodimonte Ricorda Mimmo Jodice"". Name read from the exhibition's own page; the listing linked it by image only. The venue's page shows only ""21 novembre"" for this exhibition's dates — no year is published anywhere.",2026-10-04T14:59:06.175Z
capo,Sogno mediterraneo. Sergio Vacchi,2025-11-06,2026-01-27,"Mostra “Sogno mediterraneo. Sergio Vacchi” Napoli, Museo e Real Bosco di Capodimonte 6 novembre 2025 – 27 gennaio 2026 Un artista fra i più originali del secondo Novecento italiano, un autentico poeta delle immagini Cento anni fa nasceva Sergio Vacchi (Castenaso, Bologna, 1º aprile 1925 – Siena, 15 gennaio 2016) uno dei più originali e significativi artisti del Novecento italiano che dall’informale e dal naturalismo passa a un linguaggio personalissimo, non incasellabile in alcuna definizione di scuola, denso di riferimenti storici, mitologici e sociali. A sessant’anni dal suo debutto napoletano, il Museo e Real Bosco di Capodimonte gli dedica l’omaggio “Sogno mediterraneo. Sergio Vacchi”, per il centenario della nascita dell’artista, con opere rappresentative della sua produzione dal 1959 al 2006. Scelte insieme alla Fondazione Vacchi, le opere esposte per l’occasione rivelano la forza dirompente dell’originalissima mente dell’artista, un visionario spesso largamente in anticipo sui tempi. La mostra napoletana è accompagnata da un catalogo edito da Forma e aperto dal saggio di Eike Schmidt intitolato ‘Da Adamo ed Eva a Federico II di Hohenstaufen Sergio Vacchi a Napoli 1965-1967’ . In questo 2025 cadono anche le celebrazioni dei 2500 anni dalla fondazione di Napoli, oggi più che mai sulla ribalta internazionale nel ribadire il carattere aperto, cosmopolita di questa metropoli mediterranea e il suo ruolo storicamente all’avanguardia: la mostra del maestro bolognese è quindi l’occasione per ripercorrere anni fondamentali della vita culturale partenopea nel secolo scorso. “La piccola ma concentrata esposizione che offriamo oggi a Capodimonte – scrive Schmidt nel suo saggio – vuole ricordare soprattutto il ruolo di Sergio Vacchi in città nel momento più decisivo per la svolta contemporanea della scena artistica di Napoli e riavvicinarlo al vivacissimo e sperimentale panorama attuale, attraverso alcune delle opere più pregnanti della sua fase successiva“. La mostra, che",https://capodimonte.cultura.gov.it/mostra/sogno-mediterraneo-sergio-vacchi/,"Found on the venue's ""all (current/upcoming/past)"" listing page. Opening and closing dates read from a sentence, not a date field: ""6 novembre 2025 - 27 gennaio 2026"".",2026-10-04T14:59:06.175Z
capo,NAFRICA-MASCHERE (Memorie & Identità / Uomini o Maschere),2025-10-16,2026-01-06,"MOSTRA NAFRICA-MASCHERE (Memorie & Identità / Uomini o Maschere) A cura di SIMON NJAMI Una mostra sull’eredità coloniale italiana, l’identità, la memoria e la potenza trasformativa dell’arte contemporanea Apertura al pubblico: 16 ottobre 2025 Ingresso libero tutti i giorni / dalle 11:00 alle 16:00 tranne la domenica, i festivi e i mercoledì Sede: Museo e Real Bosco di Capodimonte, Napoli A cura di: Simon Njami Testi: Simon Njami Nell’ambito delle celebrazioni Napoli2500 con la direzione artistica di Laura Valente, il Comune e il Museo e Real Bosco di Capodimonte, diretto da Eike Schmidt, ospiteranno la mostra NAFRICA–MASCHERE a cura di Simon Njami e prodotta da Andrea Aragosa per Black tarantella. L’appuntamento è realizzato in collaborazione con il Ministero della Cultura, Dipartimento Valorizzazione Patrimonio Culturale; l’Università Federico II di Napoli; l’Università L’Orientale e MUCIV, Museo delle Civiltà. La mostra affronta le radici irrisolte del colonialismo italiano in Africa, interrogando il rapporto tra memoria, identità e i linguaggi dell’arte contemporanea. Si ripercorre, da un lato, l’influenza che la scultura africana ebbe sui movimenti artistici del primo Novecento e, dall’altro, la narrazione coloniale che ha profondamente segnato la storia culturale italiana. Dalla Biennale di Venezia del 1922, dove furono mostrati per la prima volta manufatti di “arte primitiva”, alle grandi esposizioni coloniali di Napoli (1934 al Maschio Angioino e 1940 alla Mostra d’Oltremare), il percorso mette in luce il modo in cui “l’ideologia coloniale” si è servita delle arti per consolidare il proprio immaginario. Elemento centrale della mostra NAFRICA-MASCHERE è il lavoro di una figura controversa come l’antropologo fiorentino Lidio Cipriani, i cui viaggi documentati tra il 1923 e il 1927 verso il Corno d’Africa – attraverso fotografie, testi e calchi facciali policromi – rivelano la costruzione scientifica e culturale dell’ “altro”, del “diverso”, del “Negro”. Questi",https://capodimonte.cultura.gov.it/mostra/nafrica-maschere-memorie-identita-uomini-o-maschere/,"Found on the venue's ""all (current/upcoming/past)"" listing page. Opening and closing dates read from a sentence, not a date field: ""16 ottobre 2025 al 6 gennaio 2026"".",2026-10-04T14:59:06.175Z
capo,L’Ospite bergamasca Lucina Brembati di Lorenzo Lotto. Capodimonte è di Moda – Percorsi nella storia del Costume,2025-10-02,2026-01-13,"Lucina Brembati di Lorenzo Lotto è L’Ospite Bergamasca (2 ottobre 2025- 13 gennaio 2026) Capodimonte è di Moda – Percorsi nella storia del Costume Primo appuntamento con Silvia Malaguzzi “Una dama e il suo pittore. Il mistero dei gioielli’ È il ritratto di Lucina Brembati di Lorenzo Lotto (1521 – ca. 1523), capolavoro dell’Accademia Carrara di Bergamo, il nuovo ‘ospite’ del Museo e Real Bosco di Capodimonte (2 ottobre- 6 gennaio, prorogato fino al 13 gennaio). Dopo Courbet, Rubens, Baglione, Carracci e Caravaggio (prosegue l’esposizione dell’Ecce Homo ritrovato di Madrid fino al 2 novembre accanto alla Flagellazione) nuovo appuntamento con la serie di preziose mostre che pongono in dialogo opere che sono capisaldi della storia dell’arte con il patrimonio di Capodimonte. Il celebre ritratto dell’elegantissima gentildonna bergamasca, la cui identità fu scoperta dagli storici risolvendo un enigma contenuto nel quadro, sarà esposto nella sala 61 (al secondo piano del museo) insieme a capolavori della collezione Farnese di Capodimonte, scelti proprio perché testimoniano la moda e il costume di quel periodo, opulenta e carica di significato. L’arrivo a Napoli dell’Ospite bergamasca è anche l’occasione per presentare un nuovo ciclo di incontri dal titolo ‘Capodimonte è di moda- Percorsi nella storia del costume’ che ospiterà fino a dicembre 2025 tre tra le maggiori studiose internazionali sul tema della storia della gioielleria, della pellicceria, dei tessuti e degli abiti femminili del ‘500. “Invitare a Capodimonte ‘Lucina Brambati’ e immaginare un viaggio nella storia del costume è stato immediato e coinvolgente – spiega Eike Schmidt, direttore del Museo e Real Bosco di Capodimonte. Intanto esponendo intorno all’opera, identitaria della città di Bergamo e raramente prestata, i nostri ritratti di Antea e di Galeazzo Sanvitale, di Parmigianino, insieme a quello di Bernardo de’ Rossi, che è anche, al momento il più precoce ritratto eseguito da un giovane Lotto. Per approfon",https://capodimonte.cultura.gov.it/mostra/lospite-bergamasca-lucina-brembati-di-lorenzo-lotto-capodimonte-e-di-moda-percorsi-nella-storia-del-costume/,"Found on the venue's ""all (current/upcoming/past)"" listing page. Opening and closing dates read from a sentence, not a date field: ""2 ottobre 2025- 13 gennaio 2026"".",2026-10-04T14:59:06.175Z
capo,"La Pietà di Gricci, il modellatore del Re. Nuova acquisizione di Capodimonte. Tra terracotta e porcellana",2025-08-07,2025-11-11,"“La Pietà di Gricci, il modellatore del Re. Nuova acquisizione di Capodimonte. Tra terracotta e porcellana” Il Direttore Schmidt: “Emozionante riportare a Napoli un tassello importante della storia della Real Fabbrica” Un tassello importante dell’identità di Capodimonte torna a casa per completare la storia della Real Fabbrica di Porcellana fondata da Carlo di Borbone nel 1743: è un piccolo ma straordinario capolavoro la Pietà di Giuseppe Gricci, il modellatore del Re, pezzo rarissimo in terracotta che gli studiosi hanno identificato circa un ventennio fa sul mercato internazionale dell’arte. “E’ stato emozionante riportare quest’opera a Napoli, dove fu realizzata, ed ammirarla da vicino – dichiara Eike Schmidt, direttore del Museo e Real Bosco di Capodimonte – Nelle collezioni pubbliche cittadine non è conservato alcun bozzetto in terracotta ascrivibile, come questo, alla mano del celebre capo-modellatore della Real Fabbrica. Il modello in creta plasmato da Gricci è, infatti, lo stadio dell’opera in cui più immediatamente è possibile cogliere il segno e la cultura figurativa di questo grande artista fiorentino, che Carlo di Borbone volle con sé, prima a Napoli e poi a Madrid. Abbiamo voluto condividere subito questa acquisizione con i tanti visitatori che nel periodo estivo affollano il Museo e Real Bosco. Con un piccolo allestimento che vuole essere una preziosa anticipazione del nuovo allestimento delle porcellane atteso tra pochi mesi“. “La Pietà di Gricci, il modellatore del Re. Nuova acquisizione di Capodimonte. Tra terracotta e porcellana” è il titolo dell’allestimento, fino al 28 ottobre (prorogato fino al 11 novembre). In questa occasione la nuova terracotta del Museo e Real Bosco viene messa a confronto con la Pietà con il San Giovanni Evangelista in porcellana del Museo Duca di Martina, sempre del Gricci. Giuseppe Gricci Pietà, 1744-1745 circa Terracotta con tracce di policromia Napoli, Museo e Real Bosco di Capodimonte Acquisto 2025 Real Fabbrica della P",https://capodimonte.cultura.gov.it/mostra/la-pieta-di-gricci-il-modellatore-del-re-nuova-acquisizione-di-capodimonte-tra-terracotta-e-porcellana/,"Found on the venue's ""all (current/upcoming/past)"" listing page. Opening and closing dates read from a sentence, not a date field: ""7 agosto 2025 al 11 novembre 2025"".",2026-10-04T14:59:06.175Z
capo,Capodimonte doppio Caravaggio. L’Ecce Homo e La Flagellazione di Cristo,2025-07-24,2025-11-03,"Dopo quattro secoli il capolavoro ritrovato a Madrid torna a Napoli dove fu dipinto. Schmidt: Qui un dialogo unico con un Ospite davvero speciale. È la nostra proposta per omaggiare Napoli 2500. Dal 24 luglio al 3 novembre “Capodimonte Doppio Caravaggio” è un’occasione unica per ammirare l’Ecce Homo di Madrid, l’ultimo capolavoro ad essere entrato nel corpus del pittore, eccezionalmente in dialogo accanto alla Flagellazione di Cristo (1571-1610). Caravaggio (Michelangelo Merisi), Flagellazione di Cristo, 1607; olio su tela, Napoli, Museo e Real Bosco di Capodimonte (proprietà del Fondo Edifici di Culto, Ministero dell’Interno) Caravaggio (Michelangelo Merisi), Ecce Homo, 1606-07 ca. o 1609 ca., olio su tela, Icon Trust Giovedì 24 luglio è stata inaugurata dal direttore Eike Schmidt alla presenza del Sindaco di Napoli Gaetano Manfredi, l’esposizione‘Capodimonte doppio Caravaggio’: fino al 2 novembre l’Ecce Homo di Caravaggio, dipinto a Napoli quattro secoli fa e riscoperto nel 2021 a Madrid, è l’Ospite speciale del Museo e Real Bosco di Capodimonte, in dialogo con il capolavoro la Flagellazione di Cristo. Entrambe le opere furono realizzate nei soggiorni napoletani del Merisi (1606/1607 e 1609) e sono ora esposte nella sala 62 in un confronto di grande suggestione che pone accanto la celebre pala d’altare della Chiesa di San Domenico (di proprietà del Fondo Edifici di Culto in consegna al museo dal 1972 per ragioni di tutela) e il dipinto perduto, appartenuto a un viceré di Napoli – Garcia Avellaneda y Haro – alla metà del Seicento. ‘Capodimonte Doppio Caravaggio’ vuole essere anche un omaggio alle celebrazioni per i 2500 anni della città ed è un’iniziativa promossa in collaborazione con il Comune di Napoli. La Flagellazione di Cristo, dopo il successo della grande mostra romana per il Giubileo (‘Caravaggio 2025’, 7 marzo – 20 luglio), è subito rientrata infatti al Museo e Real Bosco di Capodimonte, portando con sé un ospite d’eccezione: l’Ecce Homo spagnolo, dipinto",https://capodimonte.cultura.gov.it/mostra/capodimonte-doppio-caravaggio-lecce-homo-e-la-flagellazione-di-cristo/,"Found on the venue's ""all (current/upcoming/past)"" listing page. Opening and closing dates read from a sentence, not a date field: ""24 luglio al 3 novembre 2025"".",2026-10-04T14:59:06.175Z
capo,L’Ospite bolognese. L’Annunciazione di Ludovico Carracci,2025-03-25,2025-06-15,"L’Annunciazione di Ludovico Carracci è l’Ospite bolognese, in prestito dalla Pinacoteca Nazionale di Bologna. Il Direttore Eike Schmidt: “Primavera del Museo con mostre agili e confronti pensati per esaltare il nostro patrimonio”. Il 25 marzo, giorno nel quale la Chiesa Cattolica celebra l’Annunciazione del Signore, il Museo e Real Bosco di Capodimonte presenta ‘L’Ospite bolognese. Ludovico Carracci (1555-1619)’ con la Annunciazione (1584, olio su tela, 182,5×221) in prestito dalla Pinacoteca Nazionale di Bologna fino al 15 giugno. “Dopo Rubens e Baglione ecco il terzo atteso ospite del mese di marzo che arricchisce ancora di più l’offerta della primavera dell’arte a Capodimonte: Ludovico Carracci, al quale dedichiamo la sala 6 – spiega Eike Schmidt, Direttore del Museo e Real Bosco – I visitatori troveranno la sua celebre Annunciazione in dialogo con due opere di Capodimonte, dello stesso periodo e sul medesimo fondamentale tema iconografico, una di Scipione Pulzone e l’altra di Francesco Curia. Una gradita formula quella dell’Ospite che testimonia il costante dialogo con importanti istituzioni italiane e internazionali e che ben si adatta, in concomitanza dei lavori nella Reggia, all’esigenza di mostre agili, coinvolgenti, e confronti pensati per esaltare il nostro patrimonio” Ludovico Carracci, Annunciazione, 1584 olio su tela in prestito dalla Pinacoteca Nazionale di Bologna Nell’opera ‘ospite’, in visita da Bologna, la Vergine intenta a leggere un libro di preghiere, è interrotta da un angelo che le porge un giglio e le annuncia che Dio si è incarnato in lei. L’inginocchiatoio in legno, la cesta di vimini con il cucito e il letto sulla destra, così come le linee del pavimento in cotto che segnano la fuga prospettica, alludono a un evento miracoloso che avviene in un ambiente scarno, simile a un’umile dimora della Bologna del tempo. Le torri cittadine si intravedono anche attraverso la finestra aperta da cui irrompe la colomba dello Spirito Santo. È con un preci",https://capodimonte.cultura.gov.it/mostra/lospite-bolognese-lannunciazione-di-ludovico-carracci/,"Found on the venue's ""all (current/upcoming/past)"" listing page. Opening and closing dates read from a sentence, not a date field: ""25 marzo 2025 al 15 giugno 2025"".",2026-10-04T14:59:06.175Z
capo,Ospiti d’eccezione. Pieter Paul Rubens ‘San Sebastiano curato dagli angeli’ e Giovanni Baglione ‘Amor sacro e Amor profano’,2025-03-11,2025-07-15,"Rubens a Capodimonte: dall’11 marzo in mostra ‘San Sebastiano curato dagli angeli’ (1601-1602, olio su tela, 155,5 x 119,5 cm) uno dei capolavori delle Gallerie Nazionali di Arte Antica di Roma custodito dalla Galleria Corsini. L’opera di Pieter Paul Rubens (Siegen, 28 giugno 1577 – Anversa, 30 maggio 1640), è in dialogo con alcune potenti raffigurazioni del martirio del Santo nelle collezioni del Museo e Real Bosco di Capodimonte (sala 61): i dipinti di Domenico Cresti detto il Passignano, Bartolomeo Schedoni, Andrea Vaccaro, Mattia Preti. Pieter Paul Rubens (Siegen, 28 giugno 1577 – Anversa, 30 maggio 1640) San Sebastiano curato dagli angeli’ (1601-1602, olio su tela), Gallerie Nazionali di Arte Antica di Roma custodito dalla Galleria Corsini Giovanni Baglione (Roma, 1573 circa –30 dicembre 1643) Amor sacro e Amor profano’ (1602, Olio su tela), Gallerie Nazionali di Arte Antica di Roma custodito da Palazzo Barberini Da Palazzo Barberini, altra sede delle Gallerie, in prestito (allestito nella sala 62) anche ‘Amor sacro e Amor profano’ di Giovanni Baglione (1602, Olio su tela, 240 x 143 cm), pittore e biografo, noto anche come anti-Caravaggio (Roma, 1573 circa –30 dicembre 1643), protagonista della celebre rivalità con il Merisi, che portò a processo per ingiurie nella Roma del primo ‘600. “L’arrivo di questi due capolavori rientra in un significativo scambio con le Gallerie Nazionali di Arte Antica – spiega Eike Schmidt direttore del Museo e Real Bosco di Capodimonte – sarà l’occasione per i frequentatori di Capodimonte, soprattutto per i cittadini che vengono al museo regolarmente, di ammirare questi dipinti, raramente prestati, in un diverso contesto e per giunta a Napoli. Un dialogo che stimolerà nuove riflessioni e paragoni, nel caso del San Sebastiano di Rubens con un allestimento dal punto di vista iconografico che è un vero e proprio compendio seicentesco sul tema. Mi piace ricordare che il capolavoro di Baglione torna a Napoli esattamente dopo 40 anni dall",https://capodimonte.cultura.gov.it/mostra/ospiti-deccezione-pieter-paul-rubens-san-sebastiano-curato-dagli-angeli-e-giovanni-baglione-amor-sacro-e-amor-profano/,"Found on the venue's ""all (current/upcoming/past)"" listing page. Opening and closing dates read from a sentence, not a date field: ""11 marzo 2025 al 15 luglio 2025"".",2026-10-04T14:59:06.175Z
capo,Gaia Fugazza. Sete,2025-01-31,2025-03-18,"Il Museo e Real Bosco di Capodimonte e il Polo delle Arti Caselli Palizzi di Napoli presentano l’opera dell’artista Gaia Fugazza con la mostra personale Sete e la performance Acque dentro. Il progetto è a cura di Valter Luca De Bartolomeis e Sara Dolfi Agostini, e in collaborazione con i professori e gli studenti del Polo delle Arti. “Capodimonte si apre alla creatività giovane e performativa - dichiara Eike Schmidt direttore del Museo e Real Bosco - ospitando una artista dal respiro internazionale nel quadro delle storiche sinergie con il Polo delle Arti Caselli Palizzi. E lo fa nel segno della Porcellana, un tema che declineremo in varie forme nel 2025 nel nostro percorso verso l’apertura della grande sezione dedicata a questa arte identitaria”. L’evento conclude un progetto di residenza dell’artista presso l’Istituto ad Indirizzo Raro “Giovanni Caselli”, ubicato all’interno del parco di Capodimonte, nel medesimo antico edificio che fu sede della prima Real Fabbrica della Porcellana, fondata nel 1743 e oggi parte del Polo delle Arti Caselli Palizzi diretto da Valter Luca De Bartolomeis. La residenza, che ha portato l’artista a Napoli tra il 2023 e il 2024, si è focalizzata sulla lavorazione della porcellana in terzo fuoco e sulla sua ibridazione con altri materiali. La mostra Sete e la performance Acque dentro sono parte di un progetto artistico che esplora un’intelligenza diffusa del corpo attraverso un immaginario che va da elementi marini ad agenti atmosferici, dai bisogni fisici a quelli sociali. Concepito in due parti, il progetto è un acceleratore di stimoli tattili, visivi e concettuali che mettono in relazione dimensione individuale e collettiva. In mostra si trovano due serie di opere a muro in porcellana, le prime realizzate nei colori vivaci del terzo fuoco; le altre contaminate con vetro o trafitte da ossa di calamaro. Le ossa di calamaro sembrano piume di plastica e, come le sculture a forma di becchi di polpo della performance, sono forse testimoni d",https://capodimonte.cultura.gov.it/mostra/gaia-fugazza-sete/,"Found on the venue's ""all (current/upcoming/past)"" listing page. Opening and closing dates read from a sentence, not a date field: ""31 gennaio 2025 al 18 marzo 2025"".",2026-10-04T14:59:06.175Z
capo,L’Ospite francese. Gustave Courbet ‘Les Demoiselles des bords de la Seine (été),2024-11-07,2025-02-23,"Gustave Courbet con ‘Les Demoiselles des bords de la Seine (été) è l’Ospite francese al Museo e Real Bosco di Capodimonte, in visita dal Petit Palais, Musée des Beaux-Arts de la Ville de Paris. Il Direttore Eike Schmidt: “Nuovo spazio di dialogo con i musei internazionali. Un prestito di grande significato culturale anche per la citta di Napoli”. Gustave Courbet con il suo celebre dipinto ‘Les Demoiselles des bords de la Seine (été)’ è l’ospite francese al Museo e Real Bosco di Capodimonte, in visita dal Petit Palais, Musée des Beaux-Arts de la Ville de Paris. Olio su tela di grandi dimensioni (cm 174X206), l’opera del maggior esponente del realismo francese, è in mostra, per la prima volta a Napoli, nella sala 6 dal 7 novembre al 23 febbraio 2025. Dichiara il Direttore del Museo e Real Bosco di Capodimonte Eike Schmidt: “Con questo allestimento si apre un nuovo spazio dedicato al dialogo tra Capodimonte e gli altri musei internazionali che porterà a Napoli opere significative della storia dell’arte mondiale. Come nel caso del nostro ‘Ospite francese’, un dipinto che fece molto discutere la società dell’epoca per il soggetto moderno e il realismo nel tema, allora nuovo, dei piaceri e degli svaghi all’aperto. ‘Les Demoiselles des bords de la Seine (été)’ è davvero un prestito di grande significato culturale non solo per il Museo e Real Bosco di Capodimonte ma anche per la città: sono infatti tanti gli artisti napoletani dell’Ottocento che, nelle proprie opere, mostrano il fascino esercitato su di loro dall’arte e dalla personalità stessa di Courbet”. Courbet, Gustave (10.06.1819-31.12.1877), Les demoiselles des bords de la Seine (été), 1857. Olio su tela. CC0 Paris Musées / Petit Palais, Musée des Beaux-Arts de la Ville de Paris ‘Les Demoiselles des bords de la Seine (été)’ presentato al Salon parigino nel 1857 suscitò subito grande scalpore per la sensualità del suo messaggio: in una calda giornata estiva due giovani donne, probabilmente due prostitute, riposano dis",https://capodimonte.cultura.gov.it/mostra/lospite-francese-gustave-courbet-les-demoiselles-des-bords-de-la-seine-ete/,"Found on the venue's ""all (current/upcoming/past)"" listing page. Opening and closing dates read from a sentence, not a date field: ""7 novembre 2024 al 23 febbraio 2025"".",2026-10-04T14:59:06.175Z
capo,Giuseppe Pirozzi. L’atelier dello scultore,2024-09-16,2025-01-06,"La mostra antologica “Giuseppe Pirozzi. L’atelier dello scultore”, aprirà le porte ai visitatori dal 16 settembre 2024 al 6 gennaio 2025 all’interno del Cellaio, edificio storico situato all’interno del Museo e Real Bosco di Capodimonte, Napoli. La mostra, attraverso l’esposizione al pubblico di circa 80 opere, intende rappresentare i momenti salienti della lunga attività dello scultore. L’esposizione, a cura di Maria Tamajo Contarini e Luciana Berti, presenterà una selezione di opere scultoree, tra cui bronzi, gessi, terracotte, disegni, stampe e preziose sculture-gioiello in argento fuso a cera persa. Il progetto mira a ricreare l’esperienza della visita all’atelier dello scultore, offrendo un dialogo intimo con le opere e un percorso cronologico che copre il periodo dagli anni Cinquanta a oggi, evidenziando l’evoluzione delle tecniche e dei materiali utilizzati dall’artista. Le opere, provenienti dall’atelier dell’artista e da varie collezioni museali e private, garantiscono un percorso antologico completo. La mostra è stata realizzata con la collaborazione dell’artista e della figlia Francesca Pirozzi, che, in stretta collaborazione con i curatori del Museo e Real Bosco di Capodimonte, hanno contribuito alla selezione delle opere e dei materiali di archivio. Dichiara l’artista prof. Giuseppe Pirozzi: Sono molto contento del riconoscimento che questa mostra rappresenta all’interno del contesto cittadino e in questo museo di prestigio. Il luogo scelto: il Cellaio, è un edificio integrato perfettamente nel Bosco, questo rispecchia il mio lavoro perché da sempre la natura ha fatto parte delle mie opere. Capodimonte è un luogo a me molto caro perché ho abitato qui vicino, mia moglie insegnava all’Istituto Caselli e il mio studio è stato per un lungo periodo a villa Fagella, nei pressi del Bosco, dove c’erano molte residenze d’artista. Associo Capodimonte all’ex Soprintendente Raffaello Causa che, accanto all’arte antica, ha saputo valorizzare i giovani artisti. Infat",https://capodimonte.cultura.gov.it/mostra/giuseppe-pirozzi-latelier-dello-scultore/,"Found on the venue's ""all (current/upcoming/past)"" listing page. Opening and closing dates read from a sentence, not a date field: ""16 settembre 2024 al 6 gennaio 2025"".",2026-10-04T14:59:06.175Z
capo,Gian Maria Tosatti. Damasa,2023-12-02,,"Mai, infine, ho sentito come allora (forse a causa del vuoto del mare e del mondo) l’acuto odore dolce-amaro dei gerani rosa. Anna Maria Ortese. Il Porto di Toledo In questa stanza ci ritroviamo anche noi a sognare, a immaginare un omaggio alla pioggia, alle grate fognarie, alle piccole strade, alla cenere, al vuoto e al silenzio della povertà e delle domeniche… Un giusto riconoscimento che Tosatti ci offre per la grande artista che Napoli ha incantato e annientato». Sylvain Bellenger Presentata il 2 dicembre 2023 l’opera Damasa di Gian Maria Tosatti, installazione allestita permanentemente nella sala 82 della Reggia, acquisita in collezione grazie al sostegno del PAC 2022-2023 – Piano per l’Arte Contemporanea, promosso dalla Direzione Generale Creatività Contemporanea del Ministero della Cultura. Realizzata ed esposta a Napoli per la prima volta nel 2017, Damasa è l’installazione ambientale ideata come casa dell’anima di Anna Maria Ortese, la principale autrice che la città ha avuto nel suo Novecento letterario. Il titolo dell’opera deriva dal nome che la scrittrice diede a uno dei personaggi del romanzo sperimentale Il porto di Toledo, nel quale riconosciamo il suo alter-ego. Accogliendo la volontà dell’artista di non esporre l’opera lontano da Napoli, Sylvain Bellenger, nel doppio ruolo di Direttore del Museo di Capodimonte e di curatore del progetto, ha destinato la sala 82, al secondo piano della Reggia, all’esposizione permanente dell’installazione, restituendo uno spazio reale e al contempo visionario alla scrittrice e infrangendo l’esilio che ha lungamente relegato Ortese, morta in solitudine a centinaia di chilometri di distanza, sognando ancora la sua città. Grazie a questa acquisizione, Damasa trova la sua dimora d’elezione in una delle sale del museo significativamente affacciata verso il porto, situata in continuità con la Sezione di Arte contemporanea, lungo il percorso espositivo dedicato al Seicento. Alla presentazione del 2 dicembre 2023 hanno parte",https://capodimonte.cultura.gov.it/mostra/gian-maria-tosatti-damasa/,"Found on the venue's ""all (current/upcoming/past)"" listing page. Opening date read from a sentence, not a date field: ""Dal 2 dicembre 2023"". No closing date found anywhere on the venue's pages.",2026-10-04T14:59:06.175Z
capo,Oltre Caravaggio. Un nuovo racconto della pittura a Napoli,2022-03-31,,"“PER UN ORGANISMO [IL MUSEO] CHE CONTIENE IL PASSATO, MA SI CONFRONTA CONTINUAMENTE COL PRESENTE, CREDO CHE VERAMENTE LA PIÙ GROSSA CONTRADDIZIONE SIA LA PRETESA DI RIMANERE IMMOBILE” A. LUGLI, L’EDUCAZIONE ESTETICA, 1978 La mostra “Oltre Caravaggio. Un nuovo racconto della pittura a Napoli” (dal 31 marzo 2022 ), a cura di Stefano Causa, docente di Storia dell’arte moderna e contemporanea presso l’Università degli studi di Napoli “Suor Orsola Benincasa” e Patrizia Piscitello, responsabile Ufficio mostre e prestiti del Museo e Real Bosco di Capodimonte si sviluppa nelle 24 sale del secondo piano del Museo e Real Bosco di Capodimonte, diretto da Sylvain Bellenger. In esposizione 200 opere provenienti tutte dalle collezioni permanenti del museo, senza prestiti esterni. Una mostra, realizzata in collaborazione con le associazioni Amici di Capodimonte Ets e American Friends of Capodimonte, che si propone di rilanciare il dibattito presentando un’altra lettura del ‘600 napoletano, diventato per amatori e storici il secolo di Caravaggio. L’invenzione del Seicento Il ’600 napoletano è una ‘invenzione’ recente. È stato riscoperto e definito meno di un secolo fa dallo storico d’arte Roberto Longhi (1890-1970). Secondo lo studioso, il naturalismo di Caravaggio sarebbe la spina dorsale dell’arte napoletana. Gli studi seicenteschi sul Sud derivano, quasi senza eccezione, dalle sue proposte formulate in una serie di saggi che sono stati pubblicati essenzialmente nel secondo decennio del secolo scorso. Caravaggio (Michelangelo Merisi), Flagellazione di Cristo, 1607, olio su tavola, Napoli, chiesa di San Domenico Maggiore, proprietà Ministero dell’Interno, Fondo Edifici di Culto (in temporanea consegna dal 1972) Dall’inaugurazione della Pinacoteca di Capodimonte nel 1957 fino ad ora, l’esposizione dei dipinti del ’600 napoletano è stata in gran parte il risultato di quest’analisi. La realtà è più complessa e i curatori della mostra, Stefano Causa e Patrizia Piscitello, sulla base d",https://capodimonte.cultura.gov.it/mostra/oltre-caravaggio-un-nuovo-racconto-della-pittura-a-napoli/,"Found on the venue's ""all (current/upcoming/past)"" listing page. Opening date read from a sentence, not a date field: ""DAL 31 MARZO 2022"". No closing date found anywhere on the venue's pages.",2026-10-04T14:59:06.175Z
capo,Yeesookyung. Whisper Only to You,,,"Yeesookyung. Whisper Only to You (11.10.2019-13.01.2020) Madre · museo d’arte contemporanea Donnaregina, a cura di Sabrina Rastelli e Andrea Viliani Museo e Real Bosco di Capodimonte, a cura di Sabrina Rastelli, Paola Giusti e Maria Rosaria Sansone La Fondazione Donnaregina per le arti contemporanee e il Museo e Real Bosco di Capodimonte presentano Whisper Only to You, la prima mostra personale dell’artista sud-coreana Yeesookyung (Seoul, 1963) in due istituzioni pubbliche italiane, nata da un’idea di Sylvain Bellenger e Andrea Viliani con Sabrina Rastelli, curata da Sabrina Rastelli e Andrea Viliani per il Madre · museo d’arte contemporanea Donnaregina, e da Sabrina Rastelli, Paola Giusti e Maria Rosaria Sansone per il Museo e Real Bosco di Capodimonte. Il percorso espositivo, che si sviluppa attraverso le sale dei due musei, comprende opere create con differenti mezzi e materiali, quali scultura, installazione e video, e nuove produzioni, che l’artista ha realizzato accostando i frammenti settecenteschi della Real Fabbrica di Porcellana di Capodimonte. Grazie anche alla collaborazione con l’Istituto ad indirizzo raro Caselli-De Sanctis, Yeesookyung ha inoltre tenuto un laboratorio formativo durante il suo periodo di residenza a Napoli. Per il progetto, la Fondazione Donnaregina per le arti contemporanee ha ricevuto il sostegno del Korean Art Abroad 2019, promosso dal Ministero della Cultura, dello Sport e del Turismo della Corea del Sud, e da Korea Arts Management Service. Il potere della fragilità Yeesookyung con la sua prima mostra a Napoli ci ha fatto capire una cosa fondamentale, una cosa che la storia non ha mai potuto capire cioè il potere della fragilità. La porcellana e la sua storia a Napoli e nell’Europa settecentesca fino a oggi con le mostre di Capodimonte e del museo Madre illustra precisamente questa storia. Una storia che attraversa la storia dell’umanità e delle civiltà umane. Yeesookyung è un’artista visiva la cui pratica include l’utilizzo di div",https://capodimonte.cultura.gov.it/mostra/yeesookyung-whisper-only-to-you/,"Found on the venue's ""all (current/upcoming/past)"" listing page. No closing date found anywhere on the venue's pages.",2026-10-04T14:59:06.175Z
uffizi,At Palazzo Pitti the 20th century showcased in 40 dreamlike dresses: the new arrangement at the museum of Costume and Fashion,,,"A century of fashion, from the liveliness of the Charleston to the daz-zling '80s of Enrico Coveri, passing through the breathtaking creations of Elsa Schiaparelli, Yves Saint Laurent, Pierre Cardin and Roberto Capucci. The new arrangement by the Museum of Costume and Fash-ion at Palazzo Pitti narrates this story through 40 dresses, emblematic of the world's finest tailoring (many of which have never been show-cased), engaging elegantly with works by 20th-century painting mas-ters such as Galileo Chini, Felice Casorati, and Alberto Burri. Exactly one year after the Gallery's complete renovation and subse-quent total reopening, the twentieth-century selection is displayed in rotation to present the public with a new enchanting chapter in cos-tume history. Boasting a collection of 15,000 historical garments and accessories from the eighteenth century to the present day, the Muse-um of Costume and Fashion has decided to refresh its exhibits each year. This will enable extraordinary, previously unseen, and carefully restored attire to be brought out from storage in rotation for the public to enjoy. The rooms dedicated to seventeenth and eighteenth-century fashion and Medici clothes remain unchanged. The first of the new spaces, dedicated to the ‘Charleston fashion’ be-tween avant-garde and exoticism, opens the new selection: Galileo Chini's remarkable Triptych turns the room into a dramatic scene remi-niscent of Puccini, with the dress worn by the painter's wife at the premiere of Turandot at Milan's Teatro La Scala on 25 April 1926. Additional exquisite dresses crafted from fine silks and adorned with decorative motifs inspired by China, Japan, and India illustrate how Orientalism was closely linked with the flappers' desire for emancipa-tion and experimentation—young women of the era who defied con-vention.",https://www.uffizi.it/en/events/nuovo-allestimento-museo-moda-2025,"Found on the venue's ""current"" listing page. Also listed on the venue's ""past 2025"" page. No closing date found anywhere on the venue's pages.",2026-10-04T14:57:37.443Z
uffizi,"At the Pitti Palace, the “very best” of the king’s furniture",,,"The very best of three centuries (from the 17th to the 19th) of royal furnishings, recounted through the evolving interior decoration styles of three dynasties – the Medici, Lorraine, and Savoy –, has been concentrated in a selection exhibiting 16 genuine furniture masterpieces that also outline the Palace’s cultural history. On the first floor of the former sovereign residence of the Pitti Palace, the Palatine Gallery’s Niche Room now offers a complete anthology of royal furniture. Decorative armchairs, vases from the Manufacture de Sèvres and others imported from China, Giovanni Socci’s legendary mechanical writing desk, a kneeling stool made by Leonardo van der Vinne and adorned with precious stones, and a unique stipo providing a perfect scale reproduction of the Pitti Palace: all these items, through their shapes and decorations, speak to the visitor about how the sovereigns’ tastes and “domestic” aesthetics changed over time. The visitor is thoroughly initiated in the Palace’s heritage of furniture and the decorative arts – that is, in the discovery of an inheritance that, although among the most important of its kind in Europe, is still virtually unknown. Today, while very little remains of the Renaissance decor at Pitti, thousands of items bear witness to the Baroque period, to 17th century Neo-Classicism, and to Savoy eclecticism. Of the objects on display in the Niche Room, visitors can admire the virtuoso 17th-century works of intarsia and “commesso” – that is, the inlay of gemstones from Botteghe Granducali degli Uffizi, the grand ducal workshops. With the rise of the Lorraines, the court’s taste – also in furnishings – adapted to the new European styles, abandoning the decorative flamboyance of Baroque for the lightness of oriental lacquer and sinuously-shaped furniture. With Ferdinand III, certain environments in the Pitti Palace were transformed in accordance with the dictates of the Neo-Classical style; under French rule, Elisa Baciocchi, Napoleon’s",https://www.uffizi.it/en/events/the-king-s-furniture,"Found on the venue's ""current"" listing page. Also listed on the venue's ""past 2025"" page. No closing date found anywhere on the venue's pages.",2026-10-04T14:57:37.443Z
uffizi,Sarmi’s Genius. A new exhibition at the Museum of Costume and Fashion,2026-06-18,2026-12-31,"Audrey Hepburn, Marilyn Monroe, Marlene Dietrich, Barbra Streisand, the Duchess of Windsor. During the golden years of Fifth Avenue, the 20th century’s most famous women placed their look in the hands of Ferdinando Sarmi, a fashion designer who succeeded in giving American high society a touch of Italian flair. From 18 June to 31 December 2026, the Museum of Costume and Fashion at Palazzo Pitti will celebrate the designer with the exhibition Ferdinando Sarmi New York – Un viaggio nella moda da Firenze alla Fifth Avenue (“Ferdinando Sarmi New York – A journey in fashion from Florence to Fifth Avenue”), staged in the ballroom and adjacent rooms. The exhibition, the first of its kind, displays a selection of the designer’s iconic gowns, placed alongside items from the Fondo Sarmi holding at the Museum of Costume and Fashion as well as period accessories that recreate the cultural and worldly climate of New York of the 1950s and 1960s. Exhibition dedicated to Ferdinando Sarmi at Museum of Costume and Fashion",https://www.uffizi.it/en/events/il-genio-di-sarmi-nuova-mostra-al-museo-del-costume,"Found on the venue's ""current"" listing page.",2026-10-04T14:57:37.443Z
uffizi,[upcoming page],,,,https://www.uffizi.it/en/event-category/exhibitions/upcoming,"The venue's ""upcoming"" listing page loaded but no exhibitions could be read from it. Marker row, not an exhibition.",2026-10-04T14:57:37.443Z
uffizi,Wax upon a time. The Medici and the arts of ceroplastics,2025-12-18,2026-04-12,"The story of the masterpieces of ancient wax sculpture is the guiding thread of the new Uffizi exhibition, ‘Cera una volta. I Medici e le arti della ceroplastica’. The exhibition is being hosted from 18 December 2025 to 12 April 2026 in the new spaces built in recent months and now specially set up on the Gallery’s ground floor. Curated by Valentina Conticelli, Andrea Daninos and Simone Verde, this is the very first exhibition dedicated to the Florentine collections of wax sculpture from the 16th and 17th centuries. As the title says, it aims to shed light on an incredible lost creative field: that of the production of wax images, always living since ancient times in the popular sensibility and destined to experience a particular renewal of interest among the ranks of fine arts in Medici Florence from the 15th to the late 17th centuries. Soft and neutral, if fashioned by the skilled hands of Renaissance sculptors, it could bring substance to faces and bodies in the form of everlasting images. With the Baroque culture, obsessed as it was with the passage of time, this organic material born from bees, which due to its malleable nature imitates the characteristics of the skin like no other, comes into its own in giving shape to the living body and its dissolution. Production of it was widespread but largely lost. Not only due to the substantial perishability of the material, but above all for the resistance of critics in welcoming its creations among the so-called ‘major arts’: a cultural phenomenon which greatly favoured their loss. The aim of ‘Cera una volta’ is therefore to make wax sculpture better known – still today confined to a sort of unconscious realm of art history – at the moment of its greatest splendour, when, having reached very high forms of virtuosity, it was avidly sought for noble collections; and to highlight how, even in this field, the Medici were avant-garde collectors, capable of fully understanding the value of these types of object and protect",https://www.uffizi.it/en/events/wax-upon-a-time,"Found on the venue's ""past 2025"" listing page.",2026-10-04T14:57:37.443Z
uffizi,Florence and Europe. Arts of the Eighteenth Century at the Uffizi,,,"Masterpieces by Goya, Tiepolo, Canaletto, Le Brun, Liotard, Mengs and many other masters; spectacular views of iconic places of the Grand Tour in Italy; the monumental Mystic Marriage of St. Catherine by French painter Pierre Subleyras, restored live on display before the public's eyes; the sensual curiosities of the Cabinet of Erotic Antiquities reconstructed according to the fashion of the Age of Enlightenment. The Uffizi Galleries bring the 18th century back to life with an impressive exhibition titled ""Florence and Europe. Arts of the Eighteenth Century at the Uffizi”, curated by the director Simone Verde and the head of Eighteenth-Century Painting Alessandra Griffo, and set up in the airy frescoed rooms on the ground floor of the museum. A careful selection of around 150 works, including paintings, sculptures, furniture, porcelain, prints, and a large tapestry, many exhibited for the first time in the Gallery, and others that have not been accessible for more than ten years due to the museum's extension works. The aim of the exhibition is to recount, through art, an era of crucial changes for Western thought, aesthetics, and taste, and also for the Uffizi itself, which, in the 18th century, was completely transformed from a dynastic treasure chest of royal collections into a modern museum, the first in the world. It was precisely at this time, in fact, that the pact established by the last Medici descendant, Anna Maria Luisa, certifying the end of the dynasty in 1737, bound the boundless store of works to Florence ""for the ornament of the State""; and it was Pietro Leopoldo, Grand Duke of Tuscany, who in 1769 allowed citizens, on the feast day of Florence's patron saint, St. John (24 June), to visit the museum freely. Structural changes intertwined with the great wave of political, cultural, and aesthetic transformations throughout Europe, which the Grand Dukes in Florence managed to intercept with the Uffizi Galleries, transforming the city and the museum into",https://www.uffizi.it/en/events/florence-and-europe,"Found on the venue's ""past 2025"" listing page. The venue's page shows only ""24 June"" for this exhibition's dates — no year is published anywhere.",2026-10-04T14:57:37.443Z
uffizi,1925-1955 Fashion in the Spotlight. The origins of Made in Italy,2025-06-18,2025-11-02,"From 18 June to 2 November 2025, the Museum of Fashion and Costume of Pitti Palace will host in four rooms “Fashion in the Spotlight 1925–1955. The origins of Made in Italy”, an exhibition promoted by the Ministry of Culture, organized and created by Archivio Luce Cinecittà in collaboration with the Uffizi Galleries and curated by Fabiana Giacomotti. The exhibition aims to reconstruct thirty fundamental years in the history of Italian fashion, before its definitive international affirmation. Over fifty items of clothing, accessories and audiovisual and photographic contributions articulate the exhibition path, designed to tell how Italian fashion was defined – between textile innovation, aesthetic research, excellent craftsmanship and commercial strategies – well before the famous fashion show in the Sala Bianca of Pitti Palace in 1952. A narrative that develops over a time span between 1925 and 1955, intertwining little-known episodes with legendary names, so as to provide a new look at the roots of Made in Italy. At the heart of the exhibition is the extraordinary heritage of the Luce Archives, with an important core of photographs and films, many of which are unpublished. The garments and accessories on display come partly from prestigious museums (such as the Boncompagni Ludovisi Museums, Palazzo Madama) and partly from corporate or private archives, such as the Massimo Cantini Parrini Collection, present with a considerable number of pieces. ""With this exhibition project, hosted in one of the cities that best tell the world about the exceptionality and greatness of Italian creativity and art, we intend to highlight one of its greatest expressions, fashion. The exhibition is intended as an original historical snapshot of the evolution and affirmation of a sector that has always been synonymous with vision and whose unique creations, the fruit of expert hands, have made and continue to make the flagship of Made in Italy. A national heritage whose importance is we",https://www.uffizi.it/en/events/1925-1955-fashion-the-origins-of-made-in-italy,"Found on the venue's ""past 2025"" listing page. Closing date extended from 28 Sep 2025 to 2 Nov 2025: ""extended to02/11/2025"".",2026-10-04T14:57:37.443Z
uffizi,The Witch by Salvator Rosa displayed in Pitti Palace,2025-01-11,2025-02-09,"The Witch by the tormented and original 17th-century painter Salvator Rosa, becomes part of the Uffizi collection. Soon it will be welcomed in the Gallery, in the rooms of the 17th-century masters; however, immediately after the Christmas holidays, it will have its own special exhibition moment in the White Hall of the Pitti Palace.",https://www.uffizi.it/en/events/the-witch-by-salvator-rosa-displayed-in-pitti-palace,"Found on the venue's ""past 2025"" listing page. Opening and closing dates read from a sentence, not a date field: ""11 January to 9 February 2025"".",2026-10-04T14:57:37.443Z
uffizi,"Stanislao Pointeau. A Tuscan ""macchiaiolo""of French descent. An exhibition dedicated to Prof. Carlo Del Bravo",2024-10-26,2025-02-16,"Terre degli Uffizi returns to San Casciano with a monographic exhibition devoted, for the very first time, to the Franco-Florentine painter Stanislao Pointeau and to the role he played in the birth and development of the Macchiaolo style in Florence and in Tuscany. The exhibition at the Museo Giuliano Ghelli, due to run from 26 October to 16 February, is entitled “Stanislao Pointeau – A Tuscan Macchiaiolo of French Descent”. The exhibition is curated by Michele Amedei and organised by the Comune di San Casciano in Val di Pesa as part of the Fondazione CR Firenze and Gallerie degli Uffizi exhibition programme, in the context of their respective Piccoli Grandi Musei and Uffizi Diffusi schemes. After the exhibition devoted to Jacopo Vignali, this is once again a tribute to Carlo del Bravo, the diligent art historian from San Casciano whose research in the late 1970s led to Stanislao Pointeau’s rediscovery. Stanislao was born in Florence to Jean Louis Pointeau, a wine salesman from Blois in the Loire Valley, and his Florentine wife Giovanna Piacenti. He enrolled at the local Academy of Fine Arts in the early 1850s, but while studying there, he also frequented the Caffè Michelangiolo where he, Telemaco Signorini and other artists founded the Macchiaioli group. In their company, he not only rubbed shoulders with the French community in the city but also explored Florence and its surroundings. He focused in particular on the banks of the Arno, which were to become the source of inspiration for his Renaioli d’Arno (Arno Sand-dredgers), a painting that attracted praise when it was shown at the Italian National Exhibition held in Florence in 1861. After his Macchiaiolo period, Pointeau moved to Pisa in 1867, where he was isolated from his Florentine friends but he managed to stay in touch with them, and with Diego Martelli in particular, all the same. The final phase in his artistic career was influenced by the Symbolist climate represented, in the Pisa area, by a community o",https://www.uffizi.it/en/events/stanislao-pointeau,"Found on the venue's ""past 2024"" listing page.",2026-10-04T14:57:37.443Z
uffizi,"Tuscan Tournaments. The Saracen Joust, the Crossbow Palio and the Game of the Bridge",2024-09-12,2025-01-12,"The Casa Museo dell’Antiquariato Ivan Bruschi in Arezzo, part of the Intesa Sanpaolo portfolio, is hosting an exhibition until 12 January 2025 entitled “Tuscan Tournaments: The Saracen Joust, the Crossbow Palio and the Game of the Bridge” curated by Museo Stibbert Curator of Armouries Riccardo Franci. The exhibition is part of the Lands of the Uffizi project devised and produced by the Gallerie degli Uffizi and the Fondazione CR Firenze in the context of their respective Uffizi Diffusi and Piccoli Grandi Musei schemes. Starting with the Saracen Joust, a popular event celebrated in the city of Arezzo, the exhibition sets out to document war games using prints and paintings of various periods from the Gallerie degli Uffizi and, above all, numerous examples of helmets, weapons and armour from the Museo Stibbert’s famous collection. These knightly contests, which became fashionable in the Middle Ages and survived well into the Renaissance, included the Crossbow Palio, where precision was the skill required of contestants, and the ancient Game of the Bridge, a trial of strength on foot to conquer the Old Bridge in Pisa. Visitors are greeted by the most iconic exhibit in the show, a 16th century Buratto or Saracen quintain on loan from the Museo Nazionale del Bargello. Likely to have been made for celebrations held to mark the marriage of Francesco I and Bianca Cappello in 1579, alterations over the centuries have transformed it from a Saracen noble into the European warrior we see today. The exhibition logo is another prestigious work of art, Stefano Della Bella’s Knight in Armour made for a parade, on loan from the Gallerie degli Uffizi. The rich, sumptuous attire and caparison conjure up an image of the sheer splendour that attended these spectacular events designed to celebrate the great and good. In another painting, on loan from the Fondazione CR Firenze, Stefano Della Bella illustrated one such event, a nighttime parade in the Boboli Garden in 1637. Arms and armour",https://www.uffizi.it/en/events/tornei-di-toscana-la-giostra-del-saracino-il-palio-della-balestra-e-il-gioco-del,"Found on the venue's ""past 2024"" listing page. Opening and closing dates read from a sentence, not a date field: ""12 September 2024 - 12 January 2025"".",2026-10-04T14:57:37.443Z
uffizi,Carlo Maria Mariani. Arte oltre il tempo,,,"""Carlo Maria Mariani. Arte beyond time"" is the title of the exhibition hosted in the Andito degli Angiolini in Palazzo Pitti untill the 1st of December 2024. The exhibition consists of sixteen works by the Italian painter and internationally recognized contemporary master, who passed away in 2021 at the age of 90 in New York, and is curated by Clayton Calvert, executive director of The Carlo Maria Mariani and Carol Lane Mariani Foundation of New York and the art critic Vittorio Sgarbi. The exhibition covers a time span of over 50 years of the artist's production from 1968 to 2019 and includes contributions from the Foundation that bears his name, from the MART of Trento and Rovereto, from the Achille Forti Modern Art Gallery Collection of Verona, from Museo del Novecento in Milan and from the Antonio Martino Collection in Rome. “It is integral and implacable, positioning itself between Canova and Winkelmann, the return in Carlo Maria Mariani, the nostos: it is no longer a return to order, it is the recomposition of a lost world, an anastylosis in painting – states Vittorio Sgarbi. Mariani goes beyond David and concedes nothing to the present. His neoclassicism is reconstructed in the light of Surrealism, in a continuous projection of the dream [...]. His neoclassicism is not ideological, it is sentimental, it is Italy seen by a traveler who comes from afar, in his case who goes away to see it again"".",https://www.uffizi.it/en/events/carlo-maria-mariani,"Found on the venue's ""past 2024"" listing page. No closing date found anywhere on the venue's pages.",2026-10-04T14:57:37.443Z
uffizi,Self-portraits on paper by 19th-century Masters,2024-08-06,2024-10-27,"In the rooms frescoed by Luigi Ademollo on the first floor of the Uffizi, self-portraits on paper by great Masters from the Department of Prints and Drawings' collections undergo a new rotation. The new arrangements is dedicated to the nineteenth century, a century in which self-awareness and the urgency to spread one's effigy became stronger among artists, who therefore used all the means, especially drawing and engraving. The exhibition takes account of the different techniques and forms of self-representation, examining the artists who taught at the Academy of Florence or attended it - such as Baldassarre Calamai, who in 1844 portrayed himself in a pencil sketch, or more controversial characters - such as the counterfeiter Egisto Rossi, here represented with three drawings. Among the most significant self-portraits drawn at the end of the century, undoubtedly worth mentioning are the two carried out by the Florentine sculptor Adriano Cecioni (pen) and by the Ticino painter Antonio Ciseri (pencil), who moved to Florence at a very young age. In art prints, the 19th century is represented by three great names: Domenico Morelli, with a recently purchased rare engraving executed during his stay in Florence in 1852 on view next to another unpublished version of the same subject; Federico Faruffini, with his singular and tormented self-portrait; and Giovanni Fattori, who closes the century with his famous etching on zinc here on display with the print and the engraved matrix. Finally, a tribute to a character who played a significant role in the history and formation of the Uffizi collection of works on paper: Anthony De Witt, whose self-portrait dating back to 1897 is exhibited in a captivating etching corrected with black pencil.",https://www.uffizi.it/en/events/self-portraits-on-paper-by-18th-century-masters,"Found on the venue's ""past 2024"" listing page.",2026-10-04T14:57:37.443Z
uffizi,Self-portraits on paper by 18th- and early 19th-century masters,2024-05-07,2024-08-04,"On display on the first floor of the Uffizi are a series of drawings and prints by artists from the late 18th and early 19th centuries like Benedetto Vincenzo De Greyss (Livorno 1724-Venezia 1759), Raffaello Morghen and Luigi Sabatelli. Curated by Luisa Berretti, Laura Donati and Donatella Fratini, the selection of works is part of the rotating exhibition programme of works on paper from the Department of Prints and Drawings, which due to their fragile nature, and in order not to alter their state of preservation, can only be exhibited for short periods of time and under constant and monitored conditions of light, temperature and humidity. The collection of the Uffizi's Department of Prints and Drawings is one of the most important collections of graphic art in the world in terms of artistic value and number of works preserved (about 180,000 sheets). curated by Luisa Berretti, Laura Donati and Donatella Fratini",https://www.uffizi.it/en/events/self-portraits-on-paper-18th-and-early-19th-centuries,"Found on the venue's ""past 2024"" listing page. Opening and closing dates read from a sentence, not a date field: ""7 May to 4 August 2024"".",2026-10-04T14:57:37.443Z
uffizi,Uffizi: on display two masterpieces damaged by the 1993 Georgofili mafia attack,2024-05-26,2024-07-28,"The exhibition is open from 26 May to 28 July 2024, on the ground floor of the Gallery, in a large room located at the beginning of the museum itinerary. Alongside, the projection of a video with the testimonies of the firefighters who provided first aid, and of the museum staff that on the very night of the attack hastened to limit the damages caused by the explosion. On the occasion of the 31st anniversary of the mafia bombing in Via dei Georgofili, two canvases by the Caravaggesque painter Bartolomeo Manfredi, which were damaged by the blast, are put on display.",https://www.uffizi.it/en/events/georgofili-commemoration-2024,"Found on the venue's ""past 2024"" listing page.",2026-10-04T14:57:37.443Z
brera,Beauty and the Ideal,2025-05-16,2027-05-17,"From May 16, 2025, Room 1 of the Pinacoteca di Brera will be transformed to host “Beauty and the Ideal,” an unmissable exhibition dedicated to Antonio Canova. Twelve plaster busts restored by Banca Ifis, including the marble Vestal and enameled miniatures from the Sommariva collection, offer a unique journey into Neoclassicism, the founding heart of the Milanese museum. The Pinacoteca di Brera opens to the public, from May 16, 2025, “Beauty and the Ideal,” a new exhibition entirely dedicated to Antonio Canova. Protagonists are 12 plaster busts restored and lent by Banca Ifis, presented for the first time in Milan in the renovated Room 1. Alongside these masterpieces, the Vestal, a precious marble bust by the neoclassical master, returns to Brera after more than a century, along with a selection of enameled miniatures from the collection of Giovanni Battista Sommariva, a key figure in Napoleonic art. The rearrangement enhances the sculpture as an integral part of the museum itinerary and celebrates the link between Brera and Neoclassicism.",https://pinacotecabrera.org/en/news/mostra/beauty-and-the-ideal/,"Found on the venue's ""current"" listing page. Also listed on the venue's ""past"" page.",2026-10-04T14:57:47.271Z
brera,Pinacoteca viaggiante,2025-05-16,2027-05-17,"The exhibition presents the extraordinary collection of 99 miniatures on enamel commissioned by Count Giovanni Battista Sommariva, a patron and neoclassical collector. Created between 1810 and 1825, the “traveling Pinacoteca” reproduces the masterpieces of his collection, transforming art into an elegant tool for personal representation. The wealthy Count Giovanni Battista Sommariva (1757-1826), a fervent supporter of Napoleon, was the greatest collector of the Neoclassical era, as well as a great patron, commissioner, and protector of artists, especially French ones. Between 1810 and 1825, the count commissioned five highly skilled miniaturists of the time (Adèle Chavassieu d’Haudebert, Henri L’Evêque, Pierre Édouard Gautier Dagoty, Giambattista Gigola, and Abraham Constantin) to reproduce many of the paintings in his collection on enamel. He thus created a “portable pinacoteca” that accompanied him on his numerous trips around Europe, proudly displaying it as his personal calling card. Nobles, princes, diplomats, ambassadors, intellectuals, and ladies who frequented the salons of the European nobility of his time observed the small paintings with wonder and amazement: a veritable “traveling pinacoteca.” Consisting of 99 beautiful miniatures in enamel on copper framed by fine gilded bronze frames, the “catalog” made great art prêt-à-porter.",https://pinacotecabrera.org/en/news/mostra/pinacoteca-viaggiante/,"Found on the venue's ""current"" listing page. Also listed on the venue's ""past"" page.",2026-10-04T14:57:47.271Z
brera,[upcoming page],,,,https://pinacotecabrera.org/en/exhibitions-and-events/exhibitions/?current_page=1&date=scheduled,"The venue's ""upcoming"" listing page loaded but no exhibitions could be read from it. Marker row, not an exhibition.",2026-10-04T14:57:47.271Z
brera,Oman and Italy: Two Millennia of Cross-Civilisational Dialogue,2026-06-18,2026-09-13,"Through a selection of 59 works, artifacts, manuscripts, maps, and historical documents spanning from the Iron Age to the present day, the exhibition traces the history of trade and relations that, for over two millennia, have linked the Sultanate of Oman to the Mediterranean, Italy, and the major cultural and commercial networks of the ancient and modern worlds. Where Biblioteca Nazionale Braidense, Sala Maria Teresa When June 18–September 13, 2026 Hours Monday: 9:30 AM – 6:00 PM (access via the Library only; last admission at 5:30 PM) Tuesday through Friday: 9:30 AM – 6:00 PM (last admission at 5:30 PM)",https://pinacotecabrera.org/en/news/mostra/oman-and-italy-two-millennia-of-cross-civilisational-dialogue/,"Found on the venue's ""past"" listing page.",2026-10-04T14:57:47.271Z
brera,Giovanni Agostino da Lodi. An itinerant painter between Leonardo and Giorgione,2026-05-26,2026-09-13,"For the first time, an exhibition traces the career of one of the most original artists working in Italy during the decades spanning the 1500s. The exhibition captures the complexity of this artist through 46 works by him and by artists such as Bramantino, Alvise Vivarini, Giovanni Bellini, Giorgione, and Dürer, housed at Brera and on loan from museums including the Musée du Louvre in Paris, the Gallerie dell’Accademia in Venice, the Kunsthistorisches Museum in Vienna, the Galleria Borghese in Rome, the Museo del Prado in Madrid, and the National Gallery in London. 46 works brought together for the first time reconstruct his career and the context in which it developed. Alongside his paintings, masterworks by Bramantino, Giovanni Bellini, Giorgione, Dürer, Lorenzo Lotto and Girolamo Romanino, the masters with whom Giovanni Agostino engaged, reinterpreting them in an entirely personal way. Giovanni Agostino da Lodi. Born in Lodi, he trained in Milan in the circle of Bramante and Bramantino before moving to Venice at the end of the fifteenth century, where he worked for over a decade absorbing the language of the city’s great masters. He returned to Milan around 1510, where he worked on major commissions including Santa Maria della Pace and the Certosa di Pavia. His is a story of belated recognition. For centuries his works were attributed to other painters. It was only in the early twentieth century that the art historian Wilhelm von Bode began grouping together, under the provisional name “Pseudo Boccaccino”, a set of paintings with an unmistakable style. The painter’s true identity emerged thanks to a signature on a small panel held at Brera, published in 1912, though his full critical rehabilitation only came at the end of the last century. What makes Giovanni Agostino da Lodi unique is his ability to move between two distinct pictorial culturesm Milanese and Venetianm without fully belonging to either. In Venice he absorbed the influence of Alvise Vivarini, then",https://pinacotecabrera.org/en/news/mostra/giovanni-agostino-da-lodi-a-traveling-painter-between-leonardo-and-giorgione/,"Found on the venue's ""past"" listing page.",2026-10-04T14:57:47.271Z
brera,Giovanni Agostino da Lodi. An itinerant painter between Leonardo and Giorgione,2026-05-26,2026-09-13,"Comitato scientifico: Alessandro Ballarin, Francesco Frangi, Mauro Natale, Maria Cristina Passoni, Cristina Quattrini, Edoardo Rossetti Il percorso espositivo riunisce 46 opere, in parte conservate a Brera, in parte prestate dai più importanti musei del mondo, che ricostruiscono per la prima volta la sua carriera e il contesto in cui si formò. Accanto ai suoi dipinti, capolavori di Bramantino, Giovanni Bellini, Giorgione, Dürer, Lorenzo Lotto e Girolamo Romanino: i maestri con cui Giovanni Agostino si confrontò, rielaborandoli in modo del tutto personale. Giovanni Agostino da Lodi. Nato a Lodi, si formò presumibilmente a Milano nella cerchia di Bramante e Bramantino, per poi spostarsi a Venezia alla fine del Quattrocento, città dove lavorò per oltre un decennio assorbendo i linguaggi dei grandi maestri della Laguna. Rientrò a Milano intorno al 1510, dove lavorò per cantieri di primo piano come Santa Maria della Pace e la Certosa di Pavia. La sua è una storia di riconoscimento tardivo. Per secoli le sue opere furono attribuite ad altri pittori. Fu solo all’inizio del Novecento che lo storico dell’arte Wilhelm von Bode cominciò a riunire sotto un unico nome, inizialmente “Pseudo Boccaccino”, un gruppo di dipinti dallo stile inconfondibile. L’identità vera dell’autore emerse grazie alla firma su una tavoletta conservata proprio a Brera, resa nota nel 1912, ma la piena rivalutazione critica arrivò solo alla fine del secolo scorso. Ciò che rende Giovanni Agostino da Lodi unico è la capacità di muoversi tra due culture pittoriche distinte, quella milanese e quella veneziana, senza appartenere pienamente a nessuna delle due. A Venezia assimilò l’influenza di Alvise Vivarini prima, di Giorgione poi. L’eco di Leonardo, evidente anche nei suoi rari disegni, tradisce i ritorni in patria. E tra tutti i pittori del suo tempo, fu uno dei più profondamente segnati dal secondo soggiorno veneziano di Dürer, tra il 1505 e il 1507.",https://pinacotecabrera.org/en/news/mostra/giovanni-agostino-da-lodi-an-itinerant-painter-between-leonardo-and-giorgione/,"Found on the venue's ""past"" listing page.",2026-10-04T14:57:47.271Z
brera,"Giorgio Armani. Milano, per amore",2025-09-24,2026-05-03,"Over 120 creations trace Armani’s style while reimagining the path through the museum. Painting and fashion intertwine, inviting visitors to engage with unexpected visual and material juxtapositions. Giorgio Armani has often spoken of his love for Brera, the neighbourhood he chose to live and work in, and whose dual soul, both cultured and deeply vital, he admired, with its blend of elegance and artistic freedom. When From September 24, 2025, to January 11, 2026 Extended until May 3, 2026 Hours Tuesday to Sunday: 8:30 a.m. to 7:15 p.m. (last admission at 6:00 p.m.)",https://pinacotecabrera.org/en/news/mostra/giorgio-armani-milano-per-amore/,"Found on the venue's ""past"" listing page. Opening date read from a sentence, not a date field: ""September 24, 2025, to January 11, 2026"".",2026-10-04T14:57:47.271Z
brera,La grande pittura italiana,2025-05-24,2025-07-27,"La Pinacoteca di Brera e il Comune di Arcore presentano una privata raccolta di dipinti, realizzati da maestri del secondo Novecento, provenienti da una vasta operazione di confisca di 52 opere, condotta da Corte d’Appello, Carabinieri, Guardia di Finanza e Nucleo Polizia Economico – Finanziaria di Milano. La Pinacoteca di Brera, in collaborazione con il Comune di Arcore, presenta una mostra eccezionale che riunisce per la prima volta 25 dipinti di maestri del secondo Novecento, selezionati nell’ambito di una significativa operazione di confisca condotta da Corte d’Appello, Carabinieri, Guardia di Finanza e Nucleo di Polizia Economico-Finanziaria di Milano. Frutto di un’attenta selezione a cura della Soprintendenza di Milano, le opere esposte fanno parte di un nucleo più ampio di 52 opere sottoposte a sequestro, oggi in fase di assegnazione a sei prestigiose istituzioni museali italiane: Pinacoteca di Brera, Museo del Novecento (Milano), Complesso Monumentale della Pilotta (Parma), Galleria Civica d’Arte Moderna e Contemporanea (Torino), Galleria Internazionale d’Arte Moderna “Ca’ Pesaro” (Venezia) e Galleria Nazionale d’Arte Moderna e Contemporanea (Roma). La mostra si configura come un viaggio nella pittura italiana (e non solo) dagli anni ’40 ai primi anni 2000, articolato in nuclei tematici e cronologici: dalle figure dal vero di Guttuso e de Pisis, alle sperimentazioni astratte di Tancredi, Dorazio e Afro; dalle strutture simboliche e segni grafici di Tobey, Capogrossi, Scialoja e Licata, fino ai giochi iconografici di Novelli. Un caso virtuoso di cooperazione tra istituzioni pubbliche, quello sancito dal protocollo d’intesa firmato nel 2024 da Brera e Comune di Arcore, che ha reso Villa Borromeo sede di custodia per tutte le opere confiscate, sotto la vigilanza scientifica della Pinacoteca. La mostra è un’occasione rara per scoprire opere mai viste prima, restituite alla collettività e in procinto di entrare stabilmente nelle collezioni pubbliche del Paese. Un",https://pinacotecabrera.org/en/news/mostra/la-grande-pittura-italiana/,"Found on the venue's ""past"" listing page.",2026-10-04T14:57:47.271Z
brera,Buon Compleanno Linus,2025-06-03,2025-09-09,"1965–2025: 60 anni di fumetto d’autore a Milano. Una mostra-evento che ripercorre sei decenni di storia della rivista linus, tra tavole originali, copertine iconiche e un omaggio speciale ad Altan, nel 50° anniversario della Pimpa e di Cipputi. a cura di Elisabetta Sgarbi, Marcello Garofalo con la collaborazione di Igort Il Cortile d’Onore della Pinacoteca di Brera si apre al mondo del fumetto d’autore con la mostra Buon Compleanno linus. 1965–2025: 60 anni di fumetto d’autore a Milano. Con un omaggio ad Altan. L’iniziativa, parte del programma de La Milanesiana, ideata e diretta da Elisabetta Sgarbi, celebra i sessant’anni di linus, la rivista che ha rivoluzionato il panorama culturale italiano e internazionale, portando il fumetto a nuovi livelli di espressione artistica e intellettuale. Nata a Milano nell’aprile del 1965, linus è stata una vera e propria fucina di cultura pop e pensiero critico. Tra le sue pagine hanno trovato spazio non solo i celebri Peanuts di Charles M. Schulz – a cui si deve anche la scintilla originaria del progetto – ma anche personaggi entrati nell’immaginario collettivo: da Popeye di Segar a Valentina di Guido Crepax, da Corto Maltese di Hugo Pratt a Mafalda di Quino, fino a eroi contemporanei come Dylan Dog di Tiziano Sclavi e Zerocalcare. Curata da Elisabetta Sgarbi e Marcello Garofalo, con la collaborazione di Igort e l’allestimento firmato da Luca Volpatti, la mostra si propone come un vero e proprio “viaggio nella storia d’Italia”, accompagnato dal segno grafico e dalla voce spesso irriverente del fumetto. Dai fondatori Giovanni Gandini, Umberto Eco e Oreste del Buono fino all’attuale direzione di Sgarbi e Igort, il percorso espositivo racconta decenni di cultura attraverso disegni, copertine e documenti d’archivio.",https://pinacotecabrera.org/en/news/mostra/buon-compleanno-linus/,"Found on the venue's ""past"" listing page.",2026-10-04T14:57:47.271Z
mam,Kerry James Marshall: The Histories,2026-09-18,2027-01-24,"Organized with the artist’s support, the exhibition covers over four decades of his career. It brings together many bodies of his work, with primarily paintings, as well as examples of the artist's prints, drawings and sculpture, from museums and private collections across North America and Europe. The exhibition opens with the artist’s early mature works, created in the 1980s, including Invisible Man (1986), inspired by Ralph Ellison’s eponymous novel (1952). This section establishes Kerry James Marshall's concern with depicting Black figures, while also raising questions about representation in art history and who and what has been excluded. The artist’s radical approach—using a range of black pigments mixed with other colors—affects the viewer’s perception of his figures. The second gallery displays large canvases dealing with the history of the “Middle Passage,” an expression designating the journey of captured Africans across the Atlantic to be sold as slaves. The exhibition continues with a presentation of monumental works illustrating scenes of contemporary life in settings ranging from hair and beauty salons to parks and outdoor spaces. Referencing artists such as Édouard Manet, Gustave Caillebotte, Georges Seurat, and other painters of modern life, Marshall offers a corrective to the absence of large scale images portraying the everyday experience of Black people in the history of Western art.",https://www.mam.paris.fr/en/expositions/exhibitions-kerry-james-marshall,"Found on the venue's ""current"" listing page.",2026-10-04T15:00:59.174Z
mam,Simone Fattal: Cities at the Bottom of a Lake,2026-09-18,2027-01-24,"In fall 2026, the Musée d’Art Moderne de Paris is devoting a major exhibition to Simone Fattal, a Lebanese American artist born in Damas, Syria, in 1942 and based in Paris for many years. Bringing together some one hundred works, the exhibition covers over fifty years of her artistic trajectory—from early landscape paintings to ceramics and collages. Organized into successive groupings rather than chronologically, the exhibition sequence invites visitors to explore the key themes of a constantly renewed diverse body of work. Enthralled with literature and archeology, Simone Fattal initially studied philosophy at the School of Letters in Beirut, then at the Sorbonne, complementing her training with classes at the École du Louvre. In the late 1960s, it was in Beirut that she took up painting, endlessly depicting trees, the seaside and mountains, and pushing the limits of figuration. In 1972, she met the Lebanese poet and painter Etel Adnan (1925-2021), with whom she shared nearly fifty years of life and creative complicity. Forced to leave Lebanon in 1980 because of the civil war, Simone Fattal moved to Sausalito, California, north of San Francisco Bay. She temporarily gave up painting to devote herself fully to founding The Post-Apollo Press publishing house (1982-2017), whose name was inspired by the Apollo space program that she perceived as the beginning of a new era in the history of humanity.",https://www.mam.paris.fr/en/expositions/exhibitions-simone-fattal,"Found on the venue's ""current"" listing page.",2026-10-04T15:00:59.174Z
mam,Florian Krewer: woven thin,2026-06-19,2027-01-04,"The Musée d’Art Moderne de Paris presents Florian Krewer: woven thin, the artist’s first solo exhibition in France. The exhibition brings together sixteen monumental paintings installed inside the permanent collection display, including several previously unseen works. Florian Krewer: woven thin follows the donation of several of the artist's works to the museum. Hung in a dense and closely conceived display, they form a rich pictorial panorama reflecting the intensity of the artist’s practice, offering a sense of total immersion into his pictorial universe. Krewer’s practice is deeply autobiographical, shaped by a direct engagement with the world around him in all its raw beauty and brutality. Drawing from lived experience as well as fantasy, the wide-ranging cast of characters that inhabit his ethereal landscapes and interiors are stripped of context and assume lives of their own. Dancers, performers, animals, and solitary figures drift through shifting cityscapes. They appear weightless and untethered, as though released from the gravity of the physical world and its social constraints. Within these suspended worlds, Krewer’s paintings celebrate moments of intimacy and the resilience of community against often hostile environments. Florian Krewer (born in Gerolstein, Germany in 1986) studied painting at the Kunstakademie Düsseldorf. Recent museum exhibitions include Nice Dog, M WOODS Museum, Beijing (2023); everybody rise, Aspen Art Museum (2023); and Es liebt Dich und Deine Körperlichkeit ein Verwirrter, Kunsthalle Düsseldorf (2022). His work can be found in the collections of the Musée d’Art Moderne de Paris; Musée national d'art moderne - Centre Georges Pompidou, Paris; the Metropolitan Museum of Art, New York; the Hammer Museum, Los Angeles; the Los Angeles County Museum of Art; and the Albertina Museum, Vienna. In 2022, Krewer was awarded the Prix Jean-François Prat by the Bredin Prat Foundation. He lives and works in the South Bronx, New York. The exhibitio",https://www.mam.paris.fr/en/expositions/exhibitions-florian-krewer,"Found on the venue's ""current"" listing page.",2026-10-04T15:00:59.174Z
mam,[upcoming page],,,,https://www.mam.paris.fr/en/upcoming,"The venue's ""upcoming"" listing page loaded but no exhibitions could be read from it. Marker row, not an exhibition.",2026-10-04T15:00:59.174Z
mam,Lee Miller,2026-04-10,2026-08-02,"Initiated by the Tate Britain and in collaboration with the Art Institute of Chicago, the exhibition brings together roughly 250 vintage and modern prints, some of which have never been exhibited, offering a fresh perspective on her oeuvre. A key figure of the international avant-garde, Lee Miller (1907, Poughkeepsie, United States - 1977, Chiddingly, United Kingdom) was by turns a fashion model, surrealist artist, portraitist, fashion photographer, and war correspondent accredited by the U.S. army. Long relegated to the role of muse, she is now recognized as one of the major twentieth-century photographers. The exhibition follows her entire career, from her beginnings in New York to the war years in Europe, including her stint in Egypt and her life in London. It showcases the breadth of a body of work in which formal experimentation, visual boldness, and political engagement coexist. Eighteen years after the last French retrospective at the Jeu de Paume, the Musée d’Art Moderne de Paris proposes an exhibition in six sections, combining both chronological and thematic approaches",https://www.mam.paris.fr/en/expositions/exhibitions-lee-miller,"Found on the venue's ""past"" listing page.",2026-10-04T15:00:59.174Z
mam,Estonian Realities,2026-04-03,2026-07-19,"The exhibition showcases the diversity and vitality of the Estonian art scene through the eyes of these three artists from different generations. They all reflect, in their own way, a creative moment in this country whose history is both enthralling and tormented. Marked by the tension between European and Russian spheres of influence, Estonia has been able to preserve a unique, fertile, and vibrant culture, which has produced the works on view in the exhibition. The treatment of the human body operates as a common thread between the work of the three creators: a body at times abandoned, fragmented, expanded, transformed, exuberant, or combative. Anu Põder, a central figure (1947-2013) Anu Põder has been a major art historical rediscovery in recent years. The exhibition features about fifteen works revealing the singular world of this artist whose practice developed outside the rigid academic framework of her era. The materials used by Anu Põder—burlap, plastic, soap, aluminum—convey the precariousness of her condition under Soviet rule, while revealing the upheavals in Estonian society at the moment of the country’s regained independence. The artist’s body is often implicitly present in her vulnerable, fragile sculptures that defy the boundaries of traditional figurative conventions. Olga Terri, postwar painting (1916-2011) A series of portraits that Olga Terri painted from 1945 to 1950 are gathered in one room. This space bears witness to the personal and collective hardships experienced during the Nazi occupation and the Soviet occupation that followed after 1944. Imbued with a feeling of melancholy, the slouching posture of her silent figures, painted in muted colors, expresses an impending instability.",https://www.mam.paris.fr/en/expositions/exhibitions-estonian-realities,"Found on the venue's ""past"" listing page.",2026-10-04T15:00:59.174Z
mam,Brion Gysin: The Last Museum,2026-04-10,2026-07-12,"Born in Great Britain in 1916, Brion Gysin was a multifaceted artist, painter, poet, performer, photographer, and musician, often associated with the Beat Generation. Inventor of the Cut-up and the Dreamachine, his oeuvre unfolds at the conjunction of painting and writing, enlisting a always renewed array of visual languages. Drawn to alterity and marginality, Brion Gysin roamed the world, mingling with alternative and underground movements. His travels brought him into contact with wide-ranging creative and intellectual circles, within which his work often finds unexpected resonance and enjoys an almost magical aura. Inspired by these encounters, his ceaseless creative drive found expression through a variety of forms such as sound and visual poetry, experimental film, performance, novels, and music, not to mention painting and photography. The exhibition retraces the major stages of this uncommon career encompassing all the twentieth-century avant-garde movements, and in counterpoint, showcases the works of artists with whom he forged close ties and whom he inspired: William Burroughs, Françoise Janicot and Bernard Heidsieck, John Giorno, Keith Haring, Patti Smith, Ramuntcho Matta, and so on. It also bears witness to the strong connections between Brion Gysin and Paris, where he lived for a large part of his life. He spent time in the French capital during the 1930s when he was a student at the Sorbonne. At the turn of the 1960s, he gravitated toward the artists of the Beat Generation at the famous Beat Hotel (9, rue Gîtle-Cœur, Paris 6th). From the 1970s until his death in 1986, he was living in an apartment located opposite the Pompidou Center. Shortly before his death, he bequeathed his entire estate to the city of Paris. The exhibition, comprising over 140 of the artist’s works, builds on the Gysin collection at the Musée d’Art Moderne de Paris, the most extensive in the world, complemented by exceptional loans from public and private collections in France and",https://www.mam.paris.fr/en/expositions/exhibitions-brion-gysin,"Found on the venue's ""past"" listing page.",2026-10-04T15:00:59.174Z
mam,"Otobong Nkanga: ""I dreamt of you in colours""",2025-10-10,2026-02-22,"“I think of the Earth as a being, like our body: water, air, tree, stone, plant are beings like our body.” The Musée d’Art Moderne de Paris is featuring the artist Otobong Nkanga’s first monographic exhibition in a Parisian museum in fall 2025. Since the late 1990s, Otobong Nkanga (born in Kano, Nigeria in 1974 and now living in Antwerp, Belgium) has been addressing themes related to ecology and relationships between the body and the territory in her practice, creating powerful and visually impressive artworks. Drawing upon her own personal history and her research bearing witness to an array of transhistorical influences, she creates networks and constellations between humans and landscapes, while broaching the reparative capacity of natural and relational systems.",https://www.mam.paris.fr/en/expositions/exhibitions-otobong-nkanga-0,"Found on the venue's ""past"" listing page.",2026-10-04T15:00:59.174Z
mam,George Condo,2025-10-10,2026-02-15,"Born in 1957 in Concord, New Hampshire, George Condo moved to New York in 1979. He quickly became part of the local art scene, working notably for Andy Warhol’s silkscreen studio. Subsequently, he went to Cologne and then Paris, his primary place of residence from 1985 to 1995. His broad knowledge of European art led him to develop a personal approach to figurative painting and a fierce take on his times. Following the museum’s two retrospectives devoted to Jean-Michel Basquiat in 2010 and Keith Haring in 2013, both artists with whom George Condo shared a true artistic friendship, this exhibition has been conceived as the last chapter of a New York trilogy, exploring the emergence of a new generation of painters in the 1980s. All of them, each in their own way, have contributed to reassessing the medium of painting, a direction which George Condo, the only one to have survived that decade, has been pursuing ever since. Organized in dialogue with the artist, the exhibition aims to revisit over four decades of George Condo’s career by presenting his most emblematic works. Many works from major American and European museums (MoMA, the MET, the Whitney Museum of American Art, and the Louisiana Museum of Modern Art) and private collections are brought together for the first time in Paris thanks to this project. The exhibition features roughly 80 paintings, 110 drawings—grouped together in a space devoted to graphic arts—and some twenty sculptures interspersed throughout the exhibition.",https://www.mam.paris.fr/en/expositions/exhibitions-george-condo,"Found on the venue's ""past"" listing page.",2026-10-04T15:00:59.174Z
mam,Matisse and Marguerite: Through Her Father's Eyes,2025-04-04,2025-08-24,"From Matisse’s images of her childhood to the end of the Second World War, Marguerite remained his most constant model and the only one to have featured in his work over several decades. Remarkably frank and intense, his portraits of her convey an emotion that reflects the depth of the artist's affection for his daughter. Matisse seemed to see in her a kind of mirror of himself, as if in his depictions he was finally achieving the ""almost complete identification of painter and model"" to which he aspired. This chronologically organised exhibition bears witness to the strength of the bond between the artist and his daughter. Revealing an immense mutual trust and respect, it also offers an insight into the fascinating destiny of a highly singular woman who played a leading role in her father's career. Alongside the exhibition, a virtual reality experience created by Agnès Molia & Gordon (a Lucid Realities/TSVP production) is offered on the theme of dance, echoing ""La Danse"" by Matisse — a masterpiece from our collection. ""Danse Danse Danse – Matisse"" features an original choreography by Sarah Silverblatt-Buser, in which the viewer actively takes part. It is a tribute to the movement and vibrant colors so powerfully expressed in Matisse’s work — a journey through dance and painting, and an immersion into the artist’s creative universe, as you witness the making of some of his most iconic works, such as La Danse (I) (1909, The Museum of Modern Art, New York), La Danse de Merion (Barnes Foundation, Philadelphia), The Unfinished Dance, and The Dance of Paris (Musée d’Art Moderne de Paris).",https://www.mam.paris.fr/en/expositions/exhibitions-matisse-and-marguerite,"Found on the venue's ""past"" listing page.",2026-10-04T15:00:59.174Z
mam,Gabriele Münter: Painting to the point,2025-04-04,2025-08-24,"The Musée d'Art Moderne de Paris is presenting the first retrospective in France devoted to the German artist Gabriele Münter (1877–1962). Cofounder of the Munich-based Blaue Reiter (Blue Rider) circle, Gabriele Münter was one of the most outstanding women exponents of German Expressionism. In a male-dominated art world she created an extremely personal and diverse body of work spanning six decades. Although her name is often associated with that of Kandinsky, her companion during her Munich years (1903-1914), Gabriele Münter never ceased to innovate, bringing astonishing modernity to a wide range of media and leaving a prolific body of work. Following its highly acclaimed series of retrospectives — Sonia Delaunay in 2014-2015, Paula Modersohn-Becker in 2016 and Anna-Eva Bergman in 2023 — MAM is continuing its policy of presenting major female figures in modern art with close ties to France's capital. Here visitors are invited to discover a modernist pioneer who began her career in Paris, where she exhibited for the first time in 1907 at the Salon des Indépendants. Through a selection of 150 works in a variety of media including painting, engraving, photography and embroidery, the exhibition provides a detailed chronological overview of Gabriele Münter's work, covering a career of more than 60 years and its importance for the history of 20thcentury art.",https://www.mam.paris.fr/en/expositions/exhibitions-gabriele-munter,"Found on the venue's ""past"" listing page.",2026-10-04T15:00:59.174Z
mam,Pierre Bonnard: Bonnard at Le Cannet,2024-10-20,2025-03-03,"In an unprecedented collaboration with the Kimbell Art Museum in Fort Worth, Texas, the Musée d’Art Moderne de Paris is, for the first time, exhibiting the important Paysage au Cannet (Landscape at Le Cannet) by Pierre Bonnard alongside the artist's portrait by Édouard Vuillard, acquired by the City of Paris in 1937. These two works owe their connection to the attentive eye of Vuillard, who chose to depict his friend beside the Paysage au Cannet in a remarkable mise en abyme painting. While Bonnard himself is clearly recognisable, the representation of his painting in this portrait acts as a powerful artistic signature. Vuillard paid tribute to his friend by skillfully depicting the Paysage au Cannet in great detail, capturing the painter's colourful, sensitive touch. This exceptional presentation of the two artworks is accompanied by other paintings by Bonnard belonging to the Musée d’Art Moderne de Paris, and a loan from the Centre Pompidou. Together, these paintings evoke the time Bonnard and his wife Marthe – who was the model for Nu dans le bain (Nude in the Bath) and Femme à sa toilette (Woman at Her Toilette) – lived at the villa “Le Bosquet” in Le Cannet. The house and surrounding garden became a limitless source of inspiration for the painter. Bonnard immortalises the view above the villa in Paysage au Cannet, while in L'Atelier au Mimosa, he invites us to contemplate the same landscape from the window of his studio, revealing another perspective of this beloved place. The abundant greenery around the house is also evident in Le Jardin (The Garden), where the vibrant colours of the different flowers and plants, combined with the depth of the canvas, invite us to follow in the artist's footsteps.",https://www.mam.paris.fr/en/expositions/exhibitions-pierre-bonnard,"Found on the venue's ""past"" listing page.",2026-10-04T15:00:59.174Z
mam,Josephsohn: as seen by Albert Oehlen,2024-10-11,2025-02-16,"For this first retrospective in France devoted to Swiss sculptor Hans Josephsohn (1920–2012), the Musée d'Art Moderne de Paris has entrusted the curatorship to artist Albert Oehlen, who offers a free-wheeling exploration of the artist's work. Born in 1954, Albert Oehlen is a major artist and contributor to the revival of German painting in the 1980s. An exhibition of his work was held at the Musée d'Art Moderne de Paris in 2009. A great admirer of Hans Josephsohn, Oehlen discovered his work at the Kesselhaus Josephsohn in St Gallen, in Switzerland, where he lives. Both an exhibition and conservation venue dedicated to the sculptor's work, the Kesselhaus which have provided most of the sculptures loaned for this exhibition. Out of his examination of Josephsohn's creative process – interaction with materials, the role of gesture, detail and tireless research – and its resonance with his own explorations, Oehlen draws a spirited experience of the oeuvre. Hans Josephsohn's work fascinates other artists with the sheer power of its visual language. Peter Fischli and David Weiss were among his early supporters, and in 2007 Ugo Rondinone included several of his reclining nudes in his exhibition The Third Mind, at the Palais de Tokyo. Artist biography : The intensity of Josephsohn's work is rooted in a life tormented by history, and a vocation that would lock him into his studio for over sixty years. Born in 1920 in Königsberg (then part of the German province of East Prussia, now Kaliningrad in Russia), Hans Josephsohn grew up in a Jewish family in the 1930s. His firsthand experience of the rise of Nazism and its attendant persecutions was a trauma that marked him for life. Attracted to sculpture from an early age, he was denied access to art school because of his origin. In 1938 he obtained a scholarship to study art in Florence, but in the autumn of that year the promulgation of Italy's racial laws forced him to flee in short order. Arriving in Switzerland, Josephsohn set",https://www.mam.paris.fr/en/expositions/exhibitions-josephsohn,"Found on the venue's ""past"" listing page.",2026-10-04T15:00:59.174Z
mam,The Atomic age: Artists put to the test of history,2024-10-11,2025-02-09,"The Musée d'Art Moderne de Paris is inviting visitors to take a new look at the history of modernity in the 20th century via the imaginary world of the atom. The exhibition is an opportunity to explore the artistic representations sparked by the scientific discovery of the atom and its applications, in particular the nuclear bomb, whose devastating consequences changed the fate of humanity. Bringing together some 250 works – paintings, drawings, photographs, videos and installations – as well as documentation that has often been previously unpublished, the exhibition shows, for the first time in a French museum, the widely differing different stances adopted by artists in the face of scientific advances and the controversies they have given rise to. Dealing with a subject now more topical than ever, the exhibition is in keeping with the museum's desire to reflect contemporary cultural and social concerns in its programming. 1- The disintegration of matter : At the dawn of the twentieth century, scientific discoveries regarding the composition of the atom and the radioactivity it emanated radically changed the relationship to matter underpinning art's representations of reality. Matter was henceforth understood as energy, making it possible to imagine an art liberated from gravity and from the opacity of nature as it appeared to us. Two approaches emerged: the mystical abstraction sought by Vassily Kandinsky and Hilma af Klint on the one hand, and the conceptual art of Marcel Duchamp, inspired by infra-sensible phenomena, on the other. 2- The bomb : The invention of the atomic bomb and its devastating use against Japan by the United States in August 1945 marked a tipping point in the modern history of the atom, ushering in a new ""Atomic Age"". Artists in the West offered a wide range of interpretations: some opted for aesthetic neutrality and a fascination with the unknown worlds revealed by physics, others criticised the ""spectacularisation"" of nuclear explosions, an",https://www.mam.paris.fr/en/expositions/exhibitions-atomic-age,"Found on the venue's ""past p1"" listing page.",2026-10-04T15:00:59.174Z
mam,Arab Presences: Modern Art and Decolonisation: Paris 1908-1988,2024-04-05,2024-08-25,"The Musée d'Art Moderne de Paris is inviting visitors to rediscover the diversity of 20th-century Arab modernism and to take a fresh look at the history of art scenes still little known in Europe. Through a selection of over 200 works, most of whichhave never before been exhibited in France, the exhibition Modern Art and Decolonization: Paris 1908 – 1988 focuses on the relationship between Arab artists and Paris throughout the 20th century. The exhibition explores a different history of modern art, illuminated by a wealth ofhistorical audio and visual archive material. Organised chronologically, it begins in 1908, the year in which the Lebanese poet and artist Gibran Khalil Gibran arrived in Paris and the opening of the Ecole des Beaux-Arts in Cairo. The period ended in 1988, with the first exhibition devoted to contemporary Arab artists at the Institut du Monde Arabe (officially opened a few months earlier) in Paris and with the exhibition Singuliers: bruts ou naïfs, featuring among others Moroccan artist Chaïbia Tallal and Tunisian artist Jaber Al-Mahjoub, at the Musée d'Art Moderne in Paris. As art historian Silvia Naef writes in the catalogue for the Arab Presences exhibition at the MAM, ""How can we create a modern Arab art? A real aesthetic project was set up in the course of the 20th century, one that broke away from academic art, echoed the Western avant-gardes and was conceived within the framework of a specific national identity, without returning to an Islamic art form."" The exhibition foregrounds over 130 rarely shown artists whose works make an essential contribution to the Arab avant-garde and the history of modern art in the 20th century. It also highlights the essential role played by Paris. Described as the ""capital of the Third World"" by the historian Michael Goebel, the city was seen from the 1920s onwards as a breeding ground for anti-colonial networks and the home of the new cosmopolitan modernities. The exhibition is structured around the differ",https://www.mam.paris.fr/en/expositions/exhibitions-arab-presences,"Found on the venue's ""past p1"" listing page.",2026-10-04T15:00:59.174Z
mam,Carte blanche for Ari Marcopoulos: Beware,2024-04-05,2024-08-25,"The Musée d'Art Moderne de Paris is giving carte blanche to artist Ari Marcopoulos,a photographer and filmmaker emblematic of the New York underground, dedicated to offer a fresh view on the world of skateboarding. For the first time at the Museum, his work Brown Bag is being presented in a special installation. In the same way that he looks at his subjects from both an insider's and an artist’s perspective, Ari Marcopoulos is also proposing a fresh reading of certain works in the MAM collections, through the filter of the counter-cultures he is so familiar with. In addition to its role on the modern and contemporary art scene, the Palais de Tokyo site – and its esplanade in particular – is also a world skateboarding centre. From the 1990s onwards, its distinctive architecture and ground surface rapidly made the area known as the ""Dôme"" a hot spot for local and then international skateboarders. The Musée d'Art Moderne de Paris wanted to pay tribute to an activity that has become a feature of its everyday existence and is being promoted as part of the Paris 2024 Olympic Games. After making its debut as a ""new sport"" at the Tokyo Olympics in 2021, skateboarding is now one of the four additional sports in the events scheduled for Paris this summer. To mark the occasion, the Musée has given carte blanche to the artist Ari Marcopoulos, known for his work on youth culture including and beyond skateboarding. In 2021, the museum acquired his film Brown Bag (1994/2020), featuring shots of skateboarders filmed by the artist in mid-1990s New York and now being shown for the first time. The screening will be accompanied by a rereading of the Musée d'Art Moderne collection through a selection of works that Marcopoulos compares with his own photographs. His portraits – visual embodiments of the different points of view he proposes in relation to the works in the museum – interact with contributions from artists including Hans Bellmer, Brassaï, Giorgio de Chirico, César, Isa Genzk",https://www.mam.paris.fr/en/expositions/exhibitions-carte-blanche-ari-marcopoulos,"Found on the venue's ""past p1"" listing page.",2026-10-04T15:00:59.174Z
mam,Jean Hélion: The Prose of the World,2024-03-22,2024-08-18,"The Musée d’Art Moderne de Paris is presenting a retrospective of the painter and intellectual Jean Hélion (1904–1987), whose oeuvre spans the whole of the 20th century. Hélion was one of the pioneers of abstraction, which he brought to America in the 1930s before moving on to a personal form of figuration just prior to the Second World War. Born in Normandy in 1904, Hélion initially opted for architectural studies in Paris. After a brief spell as a painter in Montmartre in 1929, he joined Théo van Doesburg and Piet Mondrian in a move towards geometric abstraction. A member of the Art Concret group, he also helped found the Abstraction-Création collective, home to the leading abstractionists of the interwar period. A friend of Calder, Arp and Giacometti, he was also close to Max Ernst, Marcel Duchamp and Victor Brauner. In 1929 he began his series of Notebooks, reflections on painting that he kept up until 1984. He was also close to the writers of his time: Francis Ponge, Raymond Queneau, René Char, André du Bouchet and others, who remained part of his artistic vocation. In 1934 Hélion moved to the United States, where he became friends with Duchamp and one of the country's foremost abstractionists. A leading figure on the American art scene, he also served as an advisor to America's most eminent collectors.",https://www.mam.paris.fr/en/expositions/exhibitions-jean-helion,"Found on the venue's ""past p1"" listing page.",2026-10-04T15:00:59.174Z
ashmolean,Aphrodite: The Making of a Goddess,2026-10-08,2027-04-11,"Step into the world of Aphrodite, the Greek goddess of love, beauty, and desire – later worshipped by the Romans as Venus. Today she is thought of as a symbol of passion and beauty, but her story is far older and more complex. This major exhibition will explore Aphrodite’s beginnings on the island of Cyprus, where she was worshipped as an all-powerful goddess over 3,000 years ago, and will trace her journey through the Greek and into the Roman world, where she became Venus. The exhibition will reveal how, over the centuries, Aphrodite evolved into an iconic figure symbolising love and beauty as her myths and images flourished – inspiring art, literature, and imagination from the Renaissance to the present day.",https://www.ashmolean.org/exhibition/aphrodite-the-making-of-a-goddess,"Found on the venue's ""current/upcoming"" listing page. Opening and closing dates read from a sentence, not a date field: ""8 Oct 2026 - 11 Apr 2027"".",2026-10-04T15:02:28.655Z
ashmolean,Renaissance Worlds: Art and the Senses,2027-06-04,2027-10-10,"This major new exhibition explores how art and objects created between 1450 and 1650 delighted the senses and revealed an increasingly connected world. Featuring works by artists including Raphael, Uccello, Dürer, Sofonisba Anguissola, and Antonello da Messina, alongside sculpture, textiles, musical instruments, and exquisite objects from Europe and beyond, Renaissance Worlds reveals a period shaped by global exchanges and alive with colour, texture, music, food, and fragrance. Iridescent images fashioned from hummingbird feathers, the taste of chocolate, the sounds of Renaissance drums and lutes, the scent of incense and spices, and the textures of velvet and silk reveal how Renaissance beholders experienced a multi-sensory and globally-connected world. Ashmolean Members enjoy unlimited free access to all exhibitions, exclusive preview days and special events, our Members' Magazine sent twice a year, plus shop, café and restaurant discounts. Every Membership supports the Museum.",https://www.ashmolean.org/exhibition/renaissance-worlds-art-and-the-senses,"Found on the venue's ""current/upcoming"" listing page. Opening and closing dates read from a sentence, not a date field: ""4 JUN - 10 OCT 2027"".",2026-10-04T15:02:28.655Z
ashmolean,Ashmolean Now: Soma Surovi Jannat,2026-03-28,2026-11-01,"This is the fifth in the Ashmolean NOW exhibition series, where contemporary artists are invited to create new work inspired by the Ashmolean’s historical collections. This exhibition showcases the work of Bangladeshi artist Soma Surovi Jannat, who draws inspiration from the Sundarbans, the largest mangrove forest in the world, and the Ashmolean collections to address the climate crisis. Her art reflects on environmental issues and the interconnectedness of nature and humanity, especially in Bangladesh, where the Sundarbans, faces threats from climate change. In her paintings and drawings, capturing urgent global and environmental issues, Surovi critiques the link between natural disasters and social inequalities. As the first Bangladeshi artist-in-residence at the Ashmolean, this exhibition marks Surovi's debut solo show in the UK and also the first solo exhibition of a Bangladesh-based artist in a museum in the UK.",https://www.ashmolean.org/exhibition/ashmolean-now-soma-surovi-jannat,"Found on the venue's ""current/upcoming"" listing page. Opening and closing dates read from a sentence, not a date field: ""28 Mar - 1 Nov 2026"".",2026-10-04T15:02:28.655Z
ashmolean,Restoring Rome: Roman Oxfordshire Coins Display,2025-12-06,2026-11-29,"Coinage remains one of the best represented and most recognisable elements of Roman material culture. This display will showcase a selection of Roman coins in the Ashmolean collection that were found in Oxfordshire and tell the story of the region from the Roman conquest in 43 CE to the end of Roman Britain, around 410 CE. Some of the coins reflect everyday life through trade, soldiers’ pay, or the collection of taxes. Others tell us about Britain’s position in the empire or served as offerings people made to the gods. Discover a group of Iron Age gold staters buried in a flint nodule around the time of the Roman invasion, known as the Henley Hoard, and various Roman coins from Claudius I to the end of Roman Britain. These historic finds were discovered in local towns and villages, such as Cowley, Dorchester, Asthall, Horton, Shiplake and Childrey, and add to the evidence for coin use and circulation in Roman Oxfordshire.",https://www.ashmolean.org/display/roman-oxfordshire-coins-display,"Found on the venue's ""current/upcoming"" listing page. Opening date read from a sentence, not a date field: ""6 Dec 2025 - 29 Nov 2026"".",2026-10-04T15:02:28.655Z
ashmolean,Colonial Views of India: Photographs by Eugene Clutterbuck Impey,2026-04-11,2026-12-13,"This is the first exhibition to focus on photographs and negatives in the Ashmolean, and as such features previously unseen photographs of India by Colonel Eugene Clutterbuck Impey (1830–1904). A member of the East India Company, Impey arrived in India in 1851 and took part in military actions during the Indian Uprising of 1857. After the British Crown took control in 1858 following the Uprising, he worked as a political agent until returning to Britain in 1878. Impey’s photographs reflect British imperial interests, showcasing portraits of colonial officers and Indians, as well as staged scenes of daily life, clothing, religious sites, animals, and landscapes. These images often reinforced stereotypes with the aim to justify colonial efforts. Photography, which gained popularity after its debut in 1839, was used to highlight cultural differences. From the mid-1800s British officials documented various social groups in India, often categorising people by ethnicity.",https://www.ashmolean.org/exhibition/colonial-views-of-india-impey-photographs,"Found on the venue's ""current/upcoming"" listing page. Opening date read from a sentence, not a date field: ""11 Apr - 13 Dec 2026"".",2026-10-04T15:02:28.655Z
ashmolean,"Sisters, Brothers, Others: Nationality and 20th-Century Chinese Art",2026-07-11,2027-03-07,"Most citizens of the People’s Republic of China are Han, an ethnicity often translated as ‘Chinese.’ Officially, however, 56 different ‘brother and sister nationalities’ make up the country. The Sisters, Brothers, Others exhibition showcases how both Han and non-Han artists in the People's Republic of China have approached notions of 'self' and 'other' in their depictions of nationality and ethnicity. Through artworks and objects ranging from political propaganda posters to intimate self-portraits, the show explores questions of identity and the relationship between artistic and political representation. After the Manchu Qing dynasty fell in 1912, China transformed from an empire representing the power of an emperor into a state representing a nation. How could the diverse population of the former empire be united into a single national identity?",https://www.ashmolean.org/exhibition/sisters-brothers-others-nationality-and-20th-century-chinese-art,"Found on the venue's ""current/upcoming"" listing page. Opening date read from a sentence, not a date field: ""11 Jul 2026 - 7 Mar 2027"".",2026-10-04T15:02:28.655Z
ashmolean,Ashmolean Now: Garry Fabian Miller,2026-11-26,2027-06-13,"This is the sixth in the Ashmolean NOW exhibition series, where contemporary artists are invited to create new work inspired by the Ashmolean’s historical collections. This exhibition brings together two British artists separated by nearly two centuries, but united by a shared commitment to landscape, light, and the transformative power of place: Garry Fabian Miller and the 19th-century Romantic painter Samuel Palmer. Garry Fabian Miller is one of the most progressive figures in contemporary photography. He has worked without a camera since the 1980s, to explore the possibilities of light as both medium and subject. Living on Dartmoor, his work has evolved out of daily walks in nature. Mainly working with Cibachrome paper and traditional darkroom chemistry throughout his career, Fabian Miller has experimented with extremely long exposure times that can last for many hours, with time itself becoming a key artistic focus.",https://www.ashmolean.org/exhibition/ashmolean-now-garry-fabian-miller,"Found on the venue's ""current/upcoming"" listing page.",2026-10-04T15:02:28.655Z
ashmolean,In Bloom: How Plants Changed Our World,2026-03-19,2026-08-16,"What do we really know about the plants and flowers in our gardens and window boxes? Beyond their beauty, many have hidden histories – tales of exploration, obsession, and knowledge. This major new exhibition took visitors on a journey from Oxford to the farthest corners of the world and back, uncovering the global stories behind some of Britain’s most beloved blooms – from roses and tulips to camellias and peonies. Featuring over 100 artworks and objects, including drawings, paintings, rare prints, and ceramics, In Bloom explored our changing relationship with the natural world.",https://www.ashmolean.org/exhibition/in-bloom-how-plants-changed-our-world,"Found on the venue's ""past"" listing page. Also listed on the venue's ""past p1"" page. Also listed on the venue's ""past p2"" page.",2026-10-04T15:02:28.655Z
ashmolean,This Is What You Get: Stanley Donwood | Radiohead | Thom Yorke,2025-08-06,2026-01-18,"This major exhibition explored the visual art of Stanley Donwood and Thom Yorke and the iconic images of Radiohead. More than 180 objects were on display from the artists’ 30-year collaboration, including original paintings for album covers, digital compositions, etchings, unpublished drawings, and lyrics in their sketchbooks. This Is What You Get revealed how the artists experimented with early technology, and explores the evolution of the images for Radiohead’s legendary albums and Yorke’s later projects. To date the band, which was formed in Oxfordshire in the mid-1980s, has sold 30 million records worldwide. Developed and curated with Stanley Donwood and Thom Yorke, the show offered a unique opportunity to look at the creative forces behind some of the most important and influential music of the past few decades.",https://www.ashmolean.org/exhibition/this-is-what-you-get-stanley-donwood-radiohead-thom-yorke,"Found on the venue's ""past"" listing page. Also listed on the venue's ""past p1"" page. Also listed on the venue's ""past p2"" page.",2026-10-04T15:02:28.655Z
ashmolean,Anselm Kiefer: Early Works,2025-02-14,2025-06-15,"Anselm Kiefer: Early Works was a landmark exhibition of one of the world's most important living artists, organised in collaboration with the Hall Art Foundation and drawn from the Hall Collection. Featuring paintings, watercolours, artist books, photos and woodcuts, all rarely displayed in the UK, this major exhibition took us back to the origins of Anselm Kiefer. With 45 works made during the period 1969–82, the show explored the artist’s roots, covering an array of cultural, literary and philosophical subjects including recent German history. Best known for his monumental paintings and installations, Anselm Kiefer has become a towering figure of post-war art, and this exhibition was a unique chance for you to see his multi-layered and poignant early works. The exhibition also featured three new paintings chosen by Kiefer from his own collection.",https://www.ashmolean.org/exhibition/anselm-kiefer-early-works,"Found on the venue's ""past"" listing page. Also listed on the venue's ""past p1"" page. Also listed on the venue's ""past p2"" page.",2026-10-04T15:02:28.655Z
ashmolean,"Money Talks: Art, Society & Power",2024-08-09,2025-01-05,"Exploring the place of money in our world through different artistic lenses. Money Talks featured more than 100 objects from across the globe, including artworks by Rembrandt, Andy Warhol, Guerrilla Girls, Grayson Perry and Bansky, and the new phenomenon of cryptocurrency and NFTs. https://www.youtube.com/embed/-TBggQswqJQ?si=K_12bgOydRSkkkY7 Mr Barrie and Mrs Deedee Wigmore The Patrons of the Ashmolean Museum",https://www.ashmolean.org/exhibition/money-talks-art-power-and-society,"Found on the venue's ""past"" listing page. Also listed on the venue's ""past p1"" page. Also listed on the venue's ""past p2"" page.",2026-10-04T15:02:28.655Z
ashmolean,"Pat Suet-Bik Hui & the Three Perfections: Poetry, Calligraphy, Painting",2025-09-20,2026-06-28,"Pat Suet-Bik Hui 許雪碧 (b. 1943) is a US-based Hong Kong artist. This exhibition showcases her work alongside others who engage with the tradition of the 'three perfections' 三絕, which brings together the three art forms of poetry, calligraphy, and painting. The exhibition included works by Hui, her contemporaries, her teacher Lui Shou-Kwan and others of his generation, as well as earlier examples from the 17th, 18th, and 19th centuries. Seeing Hui alongside these other artists gave the context to understand her as both innovator and standard-bearer of tradition. In this tradition, calligraphic brushstrokes are as integral to compositional balance as those used in painting. Likewise, images conjured by a poem and those rendered in a painting combine to create effects neither can achieve alone. Hui’s modern interpretation fuses abstract and semi-abstract washes of colour and ink with simple, restrained calligraphy inscribing poems reflecting on a variety of themes, from love, to loss, to the pleasures of drinking.",https://www.ashmolean.org/exhibition/pat-suet-bik-hui-and-the-three-perfections,"Found on the venue's ""past"" listing page. Opening date read from a sentence, not a date field: ""20 Sep 2025 to 28 Jun 2026"".",2026-10-04T15:02:28.655Z
ashmolean,Ashmolean Now: Daphne Wright – Deep-Rooted Things,2025-06-13,2026-02-08,"This was the fourth in the Ashmolean NOW exhibition series, where contemporary artists are invited to create new work inspired by the Ashmolean’s historical collections. This exhibition focused on sculptures by Irish artist Daphne Wright and has been curated by Ashmolean director, Xa Sturgis. Conceived in partnership with the Hugh Lane Gallery in Dublin, the exhibition featured several new works which consider the tradition of still lifes and respond to the sculptures in our Cast Gallery. Daphne Wright works in unfired clay and jesmonite and has long experimented with casting.",https://www.ashmolean.org/exhibition/ashmolean-now-daphne-wright,"Found on the venue's ""past"" listing page. Opening date read from a sentence, not a date field: ""13 Jun 2025 to 8 Feb 2026"".",2026-10-04T15:02:28.655Z
ashmolean,Images of Authority: Portraits Between Iran and Europe,2025-03-01,2026-03-15,"As we grapple with the possibilities and excesses of our image-obsessed culture, this free exhibition looked back at the way in which a specific kind of image – portraits – dominated the lives of three contemporaneous rulers: Fath Ali Shah Qajar (1797–1834), King George III (1760–1820), and Napoleon Bonaparte (1799–1814). Juxtaposing portraits on different media from across Iran, Britain and France, the display explored similar and unique strategies developed to convey the personal and political aspirations of these ambitious leaders and astute image-makers. Exhibited for the first time in over a century, are also two recently restored Qajar paintings and some of the discoveries made during their conservation treatment. The Ashmolean Museum gratefully acknowledged the British Institute of Persian Studies, the Flora Foundation, the Pilgrim Trust, the Persian Heritage Foundation, the Yadiran Foundation and additional anonymous donors for supporting the study and restoration of the Qajar paintings.",https://www.ashmolean.org/exhibition/images-of-authority-portraits-between-iran-and-europe,"Found on the venue's ""past"" listing page. Opening date read from a sentence, not a date field: ""1 Mar 2025 - 15 Mar 2026"".",2026-10-04T15:02:28.655Z
ashmolean,Kabuki Kimono: Costumes of Bandō Tamasaburō V,2024-12-14,2025-11-09,"This set of striking kabuki costumes belonging to the kabuki actor Bandō Tamasaburō V was on display in the Ashmolean's Textile Gallery. Tamasaburō is the most popular and celebrated onnagata (male actor who performs female roles) currently on the kabuki stage. The costumes selected reflect the wide variety of roles in this actor's long and celebrated theatre career, from court ladies and courtesans to fairy princesses. These intricately crafted kimonos showcased a range of elaborate textile techniques, including weaving, dyeing, embroidery and hand-painting. The beautiful costumes are adorned with cascading wisteria and cherry blossoms by torchlight, golden peacock feathers and swirling dragons. Two of the most spectacular costumes in the new rotation (above and below) were worn by Tamasaburō in the role of high-ranking courtesan Yūgiri in the hugely popular kabuki play 'Love letters from the Pleasure Quarters' (Kuruwa Bunshō). Set in Osaka, it tells the story of a lover’s tiff between merchant’s son Izaemon and the glamorous Yūgiri.",https://www.ashmolean.org/exhibition/kabuki-kimono-display-costumes-of-bando-tamasaburo-v,"Found on the venue's ""past"" listing page. Opening date read from a sentence, not a date field: ""14 Dec 2024 until 9 Nov 2025"".",2026-10-04T15:02:28.655Z
ashmolean,Cheung Yee and His 1960s Hong Kong Contemporaries,,2025-09-07,"This exhibition showcases newly-acquired works for the Ashmolean by the Hong Kong artist Cheung Yee (1936–2019). It will be the first substantial display of his work outside Hong Kong, including sculpture and works on paper. Cheung Yee was a leading figure of innovation in the Hong Kong art scene, especially during the 1960s, when the city established its own identity as an artistic centre. His work will be shown alongside those by Lui Shou-Kwan (1919–75), Wucius Wong (b.1936), Liu Kuo-sung (b.1932) and others from the avant-garde Circle Art Group. Displayed with his peers, the works highlight Cheung Yee’s connection with a generation of modern art pioneers from Hong Kong and Taiwan in the latter 20th century. Although Cheung Yee is mainly known as a sculptor, the Ashmolean exhibition will include some outstanding examples of his experiments with works on paper.",https://www.ashmolean.org/exhibition/cheung-lee-and-his-1960s-hong-kong-contemporaries,"Found on the venue's ""past"" listing page. Opening date not provided by the venue, even after the exhibition closed.",2026-10-04T15:02:28.655Z
ashmolean,Sir Winston Churchill at 150 Money Gallery Display,,2025-11-30,"To coincide with the 150th anniversary of the birth of Sir Winston Churchill last autumn (Nov 2024), we have been showcasing a selection of coins and medals from our collection in the Money Gallery. These include a rare proof of a commemorative £2 coin by the Royal Mint, specially produced for the anniversary. The Heberden Coin Room at the Ashmolean has a world-class collection of medals relating to Churchill, mostly thanks to a gift from J. Eric Engstrom of his Churchill Medal Collection in 2020. The display reveals how Churchill has become a key figure in the medallic art of the 20th century. The display explores the range of media in which Churchill finds himself remembered. Alongside the coins and medals are several other objects, including a pamphlet of John Maynard Keynes – on show for the first time – and a striking commemorative mug. This display was supported by a gift given in loving memory of Harry Clay Blaney III",https://www.ashmolean.org/exhibition/churchill-money-gallery-display,"Found on the venue's ""past"" listing page. Opening date not provided by the venue, even after the exhibition closed.",2026-10-04T15:02:28.655Z
ashmolean,Ashmolean Now: Bettina von Zwehl – The Flood,2024-10-18,2025-05-11,"The third in the Ashmolean NOW exhibition series, where contemporary artists are invited to create new work inspired by the Ashmolean’s historical collections. This exhibition featured photographs by London-based artist, Bettina von Zwehl (b. 1971). Von Zwehl's aim is to rekindle wonder and curiosity as critical tools for exploring new ideas and practices. During a residency in Oxford from 2022–23, von Zwehl spent time researching the Ashmolean’s founding collections – the wonderfully diverse objects and works of art which were displayed when the Museum first opened in the 17th century. The artist's time at the Ashmolean served as inspiration for a unique photographic 'Wunderkammer' installation that moves between portraiture, silhouetted fragments, still-life, monumental and miniature elements, as well as non-art objects and specimens from natural history collections.",https://www.ashmolean.org/exhibition/ashmolean-now-bettina-von-zwehl,"Found on the venue's ""past"" listing page. Opening date read from a sentence, not a date field: ""18 Oct 2024 - 11 May 2025"".",2026-10-04T15:02:28.655Z
ashmolean,"Demon, Mother, Maker of Kings",2024-06-21,2025-06-15,"In ancient and medieval societies, gods and goddesses were central to how people saw the world. In this display you will discover a group of female divinities of the ancient world offering a glimpse into the many surprising forms of their power, from motherhood, love and fertility, to being fiercely violent and asserting political authority. Each has many different roles and functions in war, battle and death, politics, intelligence, and even navigation. Many scholars in the late Victorian period saw these goddesses as evidence of an ancient ‘Great Goddess’ cult, which they mistakenly interpreted as evidence of matriarchy – a society led by women. These ideas, though useful to feminists, were used by their critics to argue that female power was ‘primitive’ and ‘uncivilised’. Header image: Durga slays the buffalo demon Mahishasuramardini, illustration (detail), 17th century, gouache on paper",https://www.ashmolean.org/exhibition/demon-mother-maker-of-kings-display,"Found on the venue's ""past"" listing page. Opening date read from a sentence, not a date field: ""21 Jun 2024 to 15 Jun 2025"".",2026-10-04T15:02:28.655Z
ashmolean,National Treasures: The Wilton Diptych in Oxford,2024-05-10,2024-09-01,"The Ashmolean is proud to have been a partner venue for the National Treasures displays in 2024. As part of its 200th birthday celebrations, the National Gallery loaned 12 paintings to venues around the UK, with the displays all opening on 10 May 2024. The Ashmolean displayed the Wilton Diptych, painted about 1395-9 and made for Richard II, King of England from 1377 to 1399. The small, portable altarpiece is one of a handful of English panel paintings to have survived from the Middle Ages. The Wilton Diptych English or French, painted about 1395-9. Egg on oak.",https://www.ashmolean.org/exhibition/national-treasures-wilton-diptych-in-oxford,"Found on the venue's ""past p1"" listing page. Opening date read from a sentence, not a date field: ""10 May 2024 - 1 Sep 2024"".",2026-10-04T15:02:28.655Z
ashmolean,Simple Pleasures: Li Jin with Roger Law,2024-05-04,2024-11-17,"'We are good friends and share the same path in art' – Letter from Li Jin to Roger Law, 2003 This exhibition showcased work by the contemporary Chinese ink master Li Jin – his first solo show in the UK – alongside a selection of drawings and ceramic work by the British caricaturist Roger Law and some of their correspondence. The two artists have been friends for many years. Both share a sense of humour and sharp observation in their artistic endeavours and appreciation of each other's art. Active since the 1980s, Li Jin is best known for his playful and witty depictions of the sensory pleasure of the ordinaries, which subvert the classical themes of an ideal, elegant, and serene life in Chinese literati painting. Li Jin often accompanies his artworks with calligraphy of Buddhist texts.",https://www.ashmolean.org/exhibition/li-jin-with-roger-law-simple-pleasures,"Found on the venue's ""past p1"" listing page. Opening date read from a sentence, not a date field: ""4 May - 17 Nov 2024"".",2026-10-04T15:02:28.655Z
ashmolean,Kabuki Legends: Part Two – Stencil Prints by Takahashi Hiromitsu,2024-02-16,2025-02-23,"Japanese artist Takahashi Hiromitsu creates dynamic, colourful prints showing exciting moments in kabuki, a traditional form of dance-drama. This was the second show in a two-part exhibition of his works in Gallery 29. Hiromitsu’s striking designs are not portraits of actual actors, but visualisations of famous kabuki roles. In kabuki, performers wearing elaborate costumes and make-up use stylised movement and song to enact melodramatic stories about love, loyalty and the clash between duty and emotion. The works recall Japan’s traditional ukiyo-e woodblock actor prints, but are made using a different technique – kappazuri, or stencil printing, originally used for dyeing kimono. This process is complex and labour-intensive and Hiromitsu is one of very few artists working in this way today.",https://www.ashmolean.org/exhibition/kabuki-legends-part-two-stencil-prints-of-takahashi-hiromitsu,"Found on the venue's ""past p1"" listing page. Opening date read from a sentence, not a date field: ""16 Feb 2024 - 23 Feb 2025"".",2026-10-04T15:02:28.655Z
ashmolean,Ashmolean Now: Pio Abad,2024-02-10,2024-09-08,"Our Pio Abad exhibition, which closed at the Ashmolean in Sep 2024, was one of four nominated for the Turner Prize 2024. Congratulations to the winner Jasleen Kaur for her exhibition Alter Altar, at Tramway in Glasgow. The second in the Ashmolean NOW exhibition series, where contemporary artists are invited to create new work inspired by the Ashmolean’s historical collections. This exhibition, entitled To Those Sitting in Darkness, featured new drawings and objects by London-based artist Pio Abad (b.1983).",https://www.ashmolean.org/exhibition/ashmolean-now-pio-abad-those-sitting-in-darkness,"Found on the venue's ""past p1"" listing page. Opening date read from a sentence, not a date field: ""10 Feb - 8 Sep 2024"".",2026-10-04T15:02:28.655Z
ashmolean,Money in Renaissance Germany,2024-01-12,2024-11-10,"This display in the Money Gallery explores the creation of a common currency across the Holy Roman Empire in 1559. It was the first European currency whose units were clearly and consistently marked with their face values in Arab numerals. While the fronts of the coins were harmonised, the backs retained some forms of local reference, which was in some cases quite playfully medieval. Before the adoption of a common silver currency in 1559, parts of the empire faced well-known monetary pressures. In the absence of central control and consensus, different issuing authorities of a similar geographical area minted coins which were superficially the same, but in fact tended to become baser or lighter. This made the currency steadily worse. Images above: Front and back: Silver coin (Leicesterrijksdaalder) of Robert Dudley, Earl of Leicester, Lord of Denbigh, Governor-General of the United Provinces of the Netherlands, 1564-1588 from Harderwijk (Modern), 1587. HCR45928",https://www.ashmolean.org/exhibition/money-in-renaissance-germany,"Found on the venue's ""past p1"" listing page. Opening date read from a sentence, not a date field: ""12 Jan - 10 Nov 2024"".",2026-10-04T15:02:28.655Z
jacquemart,Timeless Tintoretto,2026-09-11,2027-01-24,"From 11 September 2026 to 24 January 2027, the Musée Jacquemart-André is showcasing the work of one of the leading figures of Italian Mannerism, Jacomo Robusti, known as Tintoretto (1518/19–1594). This exhibition presents, for the first time in France, a comprehensive overview of Tintoretto’s entire career and demonstrates how his artistic legacy has transcended temporal and geographic boundaries, establishing him as a key influence on 19th-century French painting. Jacomo Robusti, nicknamed ‘Tintoretto’ in reference to his father’s trade as a dyer, established himself as a major figure in 16th-century painting. In Venice, where he remained for all his life, his ambition found fertile ground. It was in this capital of culture that his remarkably long career unfolded. Although little is known about his training, he began making a name for himself in the late 1540s with prestigious commissions such as Miracle of the Slave (1548). During the second half of the century, at the head of a large workshop, he dominated the market for large-scale decorative cycles commissioned for civic buildings, including the Doge’s Palace (the Paradise fresco, from 1588) and the Scuola Grande di San Rocco (1564–1588). Emphasising the modernity of his art, the exhibition reveals the singularity of an artist endowed with the most incredible creative energy, and described by Vasari as ‘the most formidable mind that painting has ever known’ (1568). A complex artist who defies categorisation, Tintoretto produced a body of work that is admired and controversial in equal measure, characterised by bold compositions, dizzying perspectives, spectacular lighting effects and rapid, bold brushstrokes – the famous prestezza. Combining the sculptural drawing (disegno) of the Tuscan masters — particularly that of Michelangelo, who fascinated him — and the Venetian colorito of Titian, his rival, he brought the Renaissance in Venice to its zenith. Bringing together some forty paintings and graphic works fro",https://www.musee-jacquemart-andre.com/en/timeless-tintoretto,"Found on the venue's ""current/upcoming"" listing page.",2026-10-04T14:59:20.883Z
jacquemart,Baroque Splendors,2026-03-26,2026-08-02,"In spring 2026, the Musée Jacquemart-André, in collaboration with the Hispanic Society of America (New York), will be showcasing Hispanic Baroque art. The exhibition will offer the public the opportunity to admire some forty works from the prestigious American institution, brought together in France for the first time, including paintings by the great masters of the Golden Age such as Velázquez, El Greco, and Zurbarán. Spanning from the early 16th century to the late 17th century, the Golden Age corresponds to the economic, artistic, and literary heyday of the Spanish Habsburg monarchy (1516-1700). With a flourishing colonial empire and political and cultural influence spanning much of Europe and extending to the Americas and Asia (the Philippines), the Kingdom of Spain experienced a period of extraordinary artistic vitality. This period was marked by successive reigns of sovereigns whose royal courts acted as patrons and sponsors of the greatest artists. Between the late Renaissance and the full flowering of the Baroque, Spanish artistic production was distinguished by its expressive intensity, its profound spirituality, and its taste for the exaltation of form. At the crossroads of Italian and Flemish influences, but also nourished by discoveries and exchanges from the newly conquered American territories, Spanish art of the Golden Age is characterized by remarkable aesthetic and thematic richness. This production constitutes one of the most unique chapters in Western art history, although it is proportionally underrepresented in French collections. Artists from all over Europe, such as El Greco (1541-1614) and Antonio Moro (c. 1520-c. 1577), contributed to the renewal of Spanish painting, infusing it with innovation and vitality. Spain thus became fertile ground for the Baroque style to flourish. This term, derived from the Portuguese barroco, originally referred to the shape of an irregular pearl and is characterized in art by abundant, theatrical, and triumphan",https://www.musee-jacquemart-andre.com/en/baroque-splendors,"Found on the venue's ""past"" listing page.",2026-10-04T14:59:20.883Z
jacquemart,Georges de La Tour,2025-09-11,2026-02-22,"From September 11, 2025, to February 22, 2026, the Jacquemart-André Museum will be honoring the painter Georges de La Tour, known for his intimate scenes and intense chiaroscuro. This is a unique opportunity to view the work of this artist, whose output was limited and rarely exhibited. Although there is no evidence of him ever having traveled to Italy, Georges de La Tour was influenced by Caravaggio whose style was then spreading throughout Europe. Inspired by Dutch and Lorraine Caravaggism, he developed a personal and daring interpretation of chiaroscuro that made him truly original. His paintings are notable for their realism and sober compositions, which contrast with the dramatic intensity of Italian Caravaggist works. Fascinated by the play of artificial light, he produced several night scenes lit by candlelight—including Woman Catching Fleas, Job Mocked by His Wife, and The Dice Players—which have become iconic. The flickering flame of a candle became a central theme in his works (The Newborn Child, The Penitent Magdalen). By accentuating the density of the materials, the light gives his paintings an intensity that is at once poetic, fragile, and timeless.",https://www.musee-jacquemart-andre.com/en/georges-tour,"Found on the venue's ""past"" listing page.",2026-10-04T14:59:20.883Z
jacquemart,Artemisia,2025-03-19,2025-08-03,"From March 19 to August 3, 2025, the Musée Jacquemart-André will showcase Artemisia Gentileschi, a major figure in Baroque art and the Caravaggio movement. Discover this great 17th-century Italian artist through essential masterpieces and paintings rarely exhibited in Paris. 1) Artemisia Gentileschi was trained in Rome by her father, the Tuscan artist Orazio Gentileschi, a direct disciple and friend of Caravaggio. 2) She quickly demonstrated exceptional talent for painting and, at just 17 years old, produced Suzanne and the Elders, a large oil painting on canvas. 3) In 1611, she was raped by the Italian painter Agostino Tassi. A trial followed and Tassi was sentenced to exile, but the sentence was never carried out (he remained in Rome under the protection of the pope). During the trial, Artemisia was tortured to prove the veracity of her testimony.",https://www.musee-jacquemart-andre.com/en/artemisia,"Found on the venue's ""past"" listing page.",2026-10-04T14:59:20.883Z
jacquemart,Masterpieces from the Borghese Gallery,2024-09-06,2025-02-09,"For its first exhibition after more than one year of renovation work, the Musée Jacquemart- André will present around forty masterpieces from Rome’s famous Borghese Gallery. This exceptional partnership between the two institutions will give the public a unique opportunity to admire in Paris an ensemble of major works by famous artists from the Renaissance and Baroque periods rarely loaned outside Italy, from Caravaggio to Rubens, along with works by Botticelli, Raphael, Titian, Veronese, Antonello da Messina, and Bernini. The Villa Borghese Pinciana, which now houses the Borghese Gallery, was built between 1607 and 1616 by the powerful Cardinal Scipione Borghese (1577–1633), a nephew of Pope Paul V (1550–1621). Drawing his inspiration from the luxurious Roman villas, Scipione wished to use the palace surrounded by gardens for exhibiting his collections of antique works and contemporary paintings and sculptures, evoking a new golden age. Possessed of great taste in art, an insatiable curiosity, and an extraordinary ability to identify the masterpieces amongst the works of his time, Scipione Borghese completed his collection by every possible means, legal or otherwise. He thus became one of the leading and most prominent collectors and patrons in the history of the art of his time, turning the Villa Borghese into a veritable museum before museums even existed. In accordance with his last wishes, all his collections and properties were passed down from one generation to the next without being dispersed for almost two hundred years, and the Borghese heirs continued to enrich the family’s heritage. At the beginning of the nineteenth century, several hundred antique sculptures were nevertheless given to Napoleon Bonaparte by his brother-in-law, Prince Camille Borghese (1775-1832); they were gradually replaced by new acquisitions. The Borghese family eventually sold the villa and its museum to the Italian State in 1902. The Borghese Gallery remains a symbol of Rome’s econ",https://www.musee-jacquemart-andre.com/en/masterpieces-borghese-gallery,"Found on the venue's ""past"" listing page.",2026-10-04T14:59:20.883Z
khm,[current page],,,,https://www.khm.at/en/exhibitions,"The venue's ""current"" listing page loaded but no exhibitions could be read from it. Marker row, not an exhibition.",2026-10-04T14:59:28.763Z
khm,Cleopatra and Rome. Crime Scene Ephesus,2026-10-20,2027-03-29,"A mysterious tomb, an unexplained murder, a world in turmoil – in Ephesus, one of the most magnificent cities of the ancient world, Cleopatra’s sister Arsinoë was murdered under circumstances that remain unexplained. What role did the big players of the time – Cleopatra, Julius Caesar, Marc Anthony, and Augustus – play in it? Embark on your own investigation and discover the world of antiquity on the threshold of the Roman Imperial period. This exhibition by the Kunsthistorisches Museum is being held at the Neue Hofburg / Weltmuseum Wien. At the beginning of the 20th century, Austrian archaeologists discovered an octagonal tomb structure in Ephesus and a skeleton preserved inside it. To this day, it remains unclear who was buried in the so called “Octagon.” Based on this spectacular discovery, Crime Scene Ephesus combines archaeology, history, and the latest scientific knowledge to create a fascinating cultural and historical panorama. Alongside the “global players” of this era – Cleopatra, her allies (and lovers) Caesar and Marc Antony, and her adversary Augustus – it offers a glimpse into an age of turmoil, splendor, and cultural achievements that continue to fascinate to this day.",https://www.khm.at/en/exhibitions/crime-scene-ephesus,"Found on the venue's ""upcoming"" listing page.",2026-10-04T14:59:28.763Z
khm,Bernini - Painter and Sculptor,2026-12-02,2027-04-04,"An exhibition by the Kunsthistorisches Museum in the Palais Lobkowitz The focus of the exhibition at Palais Lobkowitz is the Portrait of an Old Man, which was previously attributed to an anonymous painter. However, recent research suggests that the painter was none other than Gian Lorenzo Bernini. Known as the designer of St Peter’s Square in Rome and for his masterful sculptures, the Italian Baroque artist Bernini was one of the most outstanding artists of his time. This new discovery from the Kunsthistorisches Museum’s collection is all the more spectacular given that only a few of his once numerous portrait paintings have survived. Around ten prominent international loans invite visitors to rediscover the great artist from a surprising and hitherto little-noticed perspective. Theatermuseum, Palais Lobkowitz Lobkowitzplatz 2, 1010 Wien Google Maps arrow_outward",https://www.khm.at/en/exhibitions/bernini-painter-and-sculptor,"Found on the venue's ""upcoming"" listing page.",2026-10-04T14:59:28.763Z
khm,Prime Time – Travelling with a Roman Portable Sundial,,2027-03-14,"The special presentation Vitrine EXTRA, which periodically showcases different ancient objects as temporary additions to the permanent exhibition of the Kunsthistorisches Museum's Collection of Greek and Roman Antiquities arrow_outward , focuses in its ninth edition on a Roman Portable Sundial. This is how we learn how portable sundials worked and just how accurately – or inaccurately! – they were able to tell the time. Nothingness. Silence. Eternity. Then – a bang. A Big Bang. An inception in space. The beginning of time. Then – movement, matter, stars, planets. Life. In time. Because nothing is without time. Time structures our lives. Since time immemorial, people have orientated themselves by the natural cycles of the sun and moon. Even in antiquity, people sought ways to make the passage of time visible and measurable. One of the oldest forms of timekeeping is the sundial. Whilst this stationary technical achievement worked everywhere, it was of very little use to the travelling Roman in a surprisingly mobile world – so something portable was needed. Collection of Greek and Roman Antiquities, Hochparterre Maria-Theresien-Platz, 1010 Vienna Google Maps arrow_outward",https://www.khm.at/en/exhibitions/prime-time-travelling-with-a-roman-portable-sundial,"Found on the venue's ""upcoming"" listing page. No exhibition name could be read from this link. Web address suggests: ""Prime Time Travelling With A Roman Portable Sundial"". Name read from the exhibition's own page; the listing linked it by image only. Closing date read from a sentence, not a date field: ""until 14 March 2027"". No opening date published while this exhibition is running.",2026-10-04T14:59:28.763Z
khm,Head and Shoulders,,,"Coin images are among the smallest portraits in the world. Making use of extremely confined space, they show finely detailed half-length likenesses, usually in profile. The small size of coin portraits frequently calls for highly symbolic imagery. The hairstyles, garments, and accessories that are depicted go beyond being aesthetically pleasing add-ons: they reflect the Zeitgeist and open a window into the cultures of bygone ages. More than a hundred coin portraits are on show from a cultural history perspective in the exhibition Head & Shoulders, illustrating several millennia of fashion and lifestyle. Like small time capsules, coins and medals preserve the elaborate hairstyles, magnificent beards, and intricate head coverings of each period. The exhibition travels through more than 2,400 years of fashion history with the help of over 100 coins. Coins were minted in large amounts and were in daily use. A coin portrait was therefore the image that was most frequently seen by a ruler’s subjects. Hence, the way the sovereigns styled themselves carried particular importance.",https://www.khm.at/en/exhibitions/head-and-shoulders-coins-in-fashion,"Found on the venue's ""upcoming"" listing page. No exhibition name could be read from this link. Web address suggests: ""Head And Shoulders Coins In Fashion"". Name read from the exhibition's own page; the listing linked it by image only. No closing date found anywhere on the venue's pages.",2026-10-04T14:59:28.763Z
dellav,Transforming Energy: Marina Abramović,2026-05-06,2026-10-18,"Internationally renowned artist Marina Abramović will make history in 2026 as the first living female artist to be honored with a major exhibition at the Gallerie dell’Accademia in Venice. Transforming Energy, presented on the occasion of the 61st Venice Biennale, will be open from May 6, 2026, and remain on view until October 18, 2026. The exhibition marks the artist’s 80th birthday and establishes a profound dialogue between her pioneering performance art and the Renaissance masterpieces that have shaped Venice’s cultural identity. Curated by Shai Baitel, Artistic Director of the Modern Art Museum (MAM) Shanghai, in close collaboration with the artist, the exhibition unfolds both in the permanent collection galleries and in the temporary exhibition spaces—an absolute first in the institution’s history—placing Abramović’s work at the very heart of Venetian heritage. At the heart of Transforming Energy lies the encounter between past and present, the material and the immaterial, body and spirit. Visitors are invited to experience a series of interactive “Transitory Objects”—beds and stone structures embedded with crystals—by lying down, sitting, or standing on them, activating what Marina Abramović defines as a “transmission of energy.” Iconic works such as Imponderabilia (1977), Rhythm 0 (1974), Light/Dark (1977), Balkan Baroque (1997), and Carrying the Skeleton (2008) are presented alongside projections of historical performances, while new creations produced for the occasion highlight her long-standing exploration of endurance, vulnerability, and transformation.",https://www.gallerieaccademia.it/en/exhibition/transforming-energy-marina-abramovic/,"Found on the venue's ""current"" listing page. Opening date read from a sentence, not a date field: ""6 May 2026-18 October 2026"".",2026-10-04T14:59:42.140Z
dellav,TransLucent — The Form of Light,2026-09-10,2026-11-22,"Starting on 10 September, the Gallerie dell'Accademia di Venezia will present Leiko Ikemura. TransLucent — The Form of Light, an exhibition dedicated to the glass sculptures of Leiko Ikemura, one of the most acclaimed contemporary artists on the international art scene. The works are displayed throughout the museum's historic galleries in dialogue with masterpieces from the permanent collection, ranging from Paolo Veneziano and Vittore Carpaccio to Titian and Giambattista Tiepolo. The exhibition brings Ikemura's contemporary artistic research into conversation with the Venetian painting tradition, creating a journey of iconographic, symbolic, and spiritual connections. Building on her extensive experience in painting and sculpture, Leiko Ikemura explores the expressive possibilities of glass, reaffirming the interdisciplinary nature of her artistic practice. The transparency and almost immaterial quality of glass become the medium for exploring universal themes such as transformation, fragility, and transcendence. Her interest in glass emerged during the years of the Covid-19 pandemic, when the luminosity and evanescent nature of this material took on a profound symbolic meaning for the artist. Beyond its technical properties, her works evoke light taking form, suggesting a presence suspended between the visible and the invisible. The exhibition brings together female figures, hybrid creatures, fantastical animals, and sleeping faces—recurring motifs in Ikemura's poetic universe. Nature, humanity, and imagination merge into a delicate and visionary visual language. These works engage in dialogue with the paintings in the Gallerie dell'Accademia's collection, revealing unexpected affinities around themes of motherhood, metamorphosis, contemplation, life, death and transcendence. The exhibition also includes a new work created specifically for Venice in collaboration with a Murano glass furnace, conceived as a tribute to the lagoon's centuries-old glassmaking traditio",https://www.gallerieaccademia.it/en/exhibition/leiko-ikemura-translucent-the-shape-of-light/,"Found on the venue's ""current"" listing page. Opening and closing dates read from a sentence, not a date field: ""10 set 2026 - 22 nov 2026"".",2026-10-04T14:59:42.140Z
tate-modern,Julio Le Parc: Light. Colour. Action.,2026-06-08,2027-05-03,"Discover seven decades of joyful works by Argentinian artist Julio Le Parc, which turns visitors into active participants Playful and mesmerising, this immersive exhibition celebrates the visionary work of Julio Le Parc. Featuring his striking interactive installations, shimmering light sculptures, and large-scale geometric paintings, the show spans an extraordinary career from the late 1950s to the 2020s. He is best known for his pioneering kinetic sculptures, which use light, movement and mirrored surfaces to surprise and draw in the viewer. Le Parc wanted to make viewers feel active, with their acts of looking and experiencing bringing each artwork to life; to make more democratic art that everyone can easily enjoy. The show also explores the depth and diversity of Le Parc’s talent, with trailblazing installation art plus canvases and works on paper experimenting with colour combinations and dynamic visual effects.",https://www.tate.org.uk/whats-on/tate-modern/julio-le-parc,"Found on the venue's ""current/upcoming"" listing page. Opening date read from a sentence, not a date field: ""8 June 2026 - 3 May 2027"".",2026-10-04T14:59:47.399Z
tate-modern,Frida: The Making of an Icon,2026-06-25,2027-01-03,"Step into the life and legacy of Frida Kahlo: revolutionary artist and global icon Discover the extraordinary story of how Frida Kahlo became one of the most influential artists of all time, a cultural phenomenon, and an internationally recognised commercial icon. Frida: The Making of an Icon will showcase over 30 of Kahlo’s most iconic works that introduce her ‘many selves’ – the dedicated wife, the intellectual, the modern artist, and the political activist. Alongside treasured garments, jewellery, photographs and memorabilia, there are over 200 works by her contemporaries and the artists she inspired from later generations, celebrating her lasting impact on those who continue to reimagine and reclaim her remarkable story. The show will culminate by exploring ‘Fridamania’. Kahlo’s transformation into a global brand will feature more than 200 commercial objects that encompass her art, image, style and persona.",https://www.tate.org.uk/whats-on/tate-modern/frida-kahlo-the-making-of-an-icon,"Found on the venue's ""current/upcoming"" listing page. Opening date read from a sentence, not a date field: ""25 June 2026 - 3 January 2027"".",2026-10-04T14:59:47.399Z
tate-modern,Ana Mendieta,2026-07-14,2027-01-17,"Experience the powerful work of Ana Mendieta, whose legacy changed the course of contemporary art This major exhibition dedicated to Ana Mendieta presents many of her iconic works alongside newly remastered films, early paintings, and late sculptural pieces, many of which have never been seen in the UK before. The show will continue outside the gallery walls, embracing Mendieta’s deep relationship with the natural world. Mendieta is best known for her Silueta Series, exploring the presence and absence of the human body, using a number of natural materials including fire, water and flowers. These ephemeral works were recorded as photographs and films. Active in the 1970s and early 80s, the Cuban-born American artist posed profound questions throughout her work around displacement and identity, which remain highly relevant today.",https://www.tate.org.uk/whats-on/tate-modern/ana-mendieta,"Found on the venue's ""current/upcoming"" listing page. Opening date read from a sentence, not a date field: ""14 July 2026 - 17 January 2027"".",2026-10-04T14:59:47.399Z
tate-modern,Light and Magic: The Birth of Art Photography,2026-10-14,2027-02-21,"Light and Magic is the first major exhibition to explore pictorialism as a global movement. Discover how artists became pioneers of the darkroom, transforming our understanding of photography and image making. Bringing together over 200 rare prints by over 80 artists from Seoul to Sydney, New York to Cape Town and Brazil to Singapore, this truly international exhibition takes a fresh and inclusive look at the history of photography. Featuring never-before seen works from around the world alongside pieces from Tate’s Collection, Light and Magic highlights the vast and varied artistic possibilities of photography as a medium. Experience the exhibition then enjoy two courses from our set menu, which focuses on bold, seasonal British dishes with a commitment to sustainable sourcing and simple, thoughtful cooking.",https://www.tate.org.uk/whats-on/tate-modern/light-and-magic,"Found on the venue's ""current/upcoming"" listing page.",2026-10-04T14:59:47.399Z
tate-modern,Monet: Painting Time,2027-02-25,2027-06-27,"Enjoy the exquisite works of one of history’s best-loved artists Tate Modern’s first ever exhibition focusing exclusively on Claude Monet brings together breathtaking paintings from lenders across the globe, including rarely seen works from private collections. Based mainly in France, Monet lived through an era which saw the rise of railways, industrialisation, the modern city, and the adoption of standardised timekeeping. Drawing on new research, the show explores how Monet responded to these seismic changes through his work. The exhibition centres on Monet’s profound and evolving relationship with time. We see how he echoed the rapid pace of modern life by capturing the fleeting, instantaneous ‘impressionist’ moment, through works such as Arrival of the Normandy Train, Gare Saint-Lazare (1877). We are also shown, in celebrated series such as Poplars on the Epte (1891–1897), Monet’s attempts, through variations of the same subject, to capture a specific, transient instant in time.",https://www.tate.org.uk/whats-on/tate-modern/monet,"Found on the venue's ""current/upcoming"" listing page.",2026-10-04T14:59:47.399Z
tate-modern,Ink,2027-04-22,2027-08-30,"Ink is Tate’s first ever exhibition dedicated to the enduring and profoundly philosophical practice of ink painting. Serving as an introduction to this beautiful, intricate artform, the show highlights key ideas within the ink tradition, including its sense of historical continuity and relationship to the natural world. Organised around three themes ‘Life’, ‘the Garden’, and ‘Breath’, the exhibition features around 80 works. While ink painting is widely practiced across East Asia and its diasporas, the show focuses on key artists in mainland China, Hong Kong and Taiwan who helped reinvent it for the twentieth century. Each found new ways to honour the tradition while pushing it forward - boldly experimenting, yet staying true to its core principles. By tracing the connections between these artists, Ink reveals a vibrant regional network and challenges familiar Western narratives of modern art, including ideas of originality, expressionism and the avant-garde. Ink is presented in the Eyal Ofer Galleries. Research supported by Hyundai Tate Research Centre: Transnational in partnership with Hyundai Motor. Research supported by Hyundai Tate Research Centre: Transnational",https://www.tate.org.uk/whats-on/tate-modern/ink,"Found on the venue's ""current/upcoming"" listing page.",2026-10-04T14:59:47.399Z
tate-modern,Baya,2027-06-10,2027-10-17,"Witness the bold and beautiful works of leading Algerian artist Tate Modern presents the UK’s first ever solo exhibition of the work of Algerian artist Baya (Mahieddine). Featuring more than 100 of her vivid gouache watercolours, alongside unique ceramic sculptures, this show traces Baya’s groundbreaking impact across cultural landscapes in North Africa and Europe during the 20th century. Forging an artistic and cultural identity in newly independent Algeria, Baya’s geometric patterns and bold colours were rooted in the creative and natural surroundings of her homeland, as well as its storytelling and musical traditions. Throughout her life, she defied attempts to categorise her work in terms like ‘surrealist’ or ‘naive’, instead claiming her distinctly modernist approach as simply ‘Baya-ism’. Baya’s work has been influential on generations of international artists and thinkers, including figures such as Pablo Picasso and André Breton. This exhibition shines a spotlight on her practice, showcasing her extraordinary work on its own terms. It builds on new research to explore the complexity and experimentation at the heart of this hugely significant artist’s career.",https://www.tate.org.uk/whats-on/tate-modern/baya,"Found on the venue's ""current/upcoming"" listing page.",2026-10-04T14:59:47.399Z
tate-modern,Nalini Malani,2027-07-01,2028-01-09,"Witness the powerful work of leading contemporary artist Nalini Malani Surveying the incredible six-decade career of contemporary artist Nalini Malani, this exhibition is characterised by its ability to evoke both beauty and discomfort. As a global storyteller based in Mumbai, Malani’s work is deeply influenced by her own lived experience as a child refugee of India’s Partition. Her practice centres on rewriting Western and Eastern history, myths and literature in a way that prompts viewers to question the world around them. With this exhibition, Malani addresses the complexity of our times and reveals the hopeful conviction that guides her practice: ‘The future is female, there is no other way’. Known in India since the late sixties for her pioneering multidisciplinary approach, Malani gained international recognition with signature monumental multi-media works and installations such as Mother India: Transactions in the Construction of Pain, and In Search of Vanished Blood. These works will be presented in the show alongside her recent iPad animation series Can You Hear Me?",https://www.tate.org.uk/whats-on/tate-modern/nalini-malani,"Found on the venue's ""current/upcoming"" listing page.",2026-10-04T14:59:47.399Z
tate-modern,Lynda Benglis,2027-09-30,2028-03-05,"Immerse yourself in the electrifying, rule-shattering world of Lynda Benglis Lynda Benglis is renowned for challenging conventions and reinventing materials. This approach is already evident in her celebrated ‘pours’, first made in the late 1960s, when she mixed latex and Day-Glo pigments and poured them directly onto the floor to dramatic effect. Over the following decades, Benglis has continued to push the boundaries of form and material across video, photography, sculpture, and installation, working with substances as varied as polyurethane foam, bronze, ceramic, paper and glitter, to create an oeuvre as surprising as it is radical. Tate Modern will present more than 50 works spanning the late 1960s to the present, showcasing the inventive aesthetic that has cemented the American artist's role as one of the most influential artists of our time. The exhibition is organised by the Kunstmuseum Basel, in collaboration with Tate Modern and the Louisiana Museum of Modern Art.",https://www.tate.org.uk/whats-on/tate-modern/lynda-benglis,"Found on the venue's ""current/upcoming"" listing page.",2026-10-04T14:59:47.399Z
tate-modern,Edvard Munch,2027-11-11,2028-04-23,"Edvard Munch once described his famous painting series The Frieze of Life as ‘impressions from the life of the soul’. Through powerful images, Munch explored feelings we all recognise - love, loss, and loneliness in a changing world. This compelling new exhibition, organised in collaboration with the MUNCH museum, looks at Munch’s ‘soul paintings’ through the lens of cinema and visual storytelling. With unique input from contemporary filmmakers and academics, the exhibition will bring unprecedented insight into his radical tales of identity and desire. The exhibition includes key works from The Frieze of Life, alongside large-scale paintings, prints, photographs, Munch’s experimental film and rare archival material. By exploring universal themes of passion, pain, and inner turmoil, the show reveals why Munch’s work still feels so relevant in an era shaped by online sharing, self-expression and emotional honesty. Exhibition organised by Tate Modern in collaboration with MUNCH.",https://www.tate.org.uk/whats-on/tate-modern/edvard-munch,"Found on the venue's ""current/upcoming"" listing page.",2026-10-04T14:59:47.399Z
tate-modern,Gathering Ground,2025-01-29,2027-03-07,"Explore the power of art to inspire change in today’s ecological crisis Bringing together art from across Tate’s Collection, this exhibition highlights the connection between environmental and social justice, inviting us to reimagine our relationships with the natural world and each other. Artists Outi Pieski, Abbas Akhavan, Bruce Conner, Zheng Bo, Joydeb Roaja, Abel Rodriguez, Munem Wasif, Minerva Cuevas and Carolina Caycedo feature, as well as a new commission by Abbas Zahedi. Through their work, these artists honor Indigenous knowledge, nurture queer multispecies relations and document issues such as displacement and destruction of land and waterways. Set in a former oil and coal power station, Gathering Ground offers a shared space to reflect on our role in creating a more equal world. At a critical moment in our history, this powerful exhibition asks: how can we be good Ancestors for future generations?",https://www.tate.org.uk/whats-on/tate-modern/gathering-ground,"Found on the venue's ""current/upcoming"" listing page. Opening date read from a sentence, not a date field: ""29 January 2025 - 7 March 2027"".",2026-10-04T14:59:47.399Z
tate-modern,Hyundai Commission: Tarek Atoui,2026-10-13,2027-04-11,"Tarek Atoui to create exciting new work for Tate Modern’s iconic Turbine Hall Tarek Atoui is an artist and composer celebrated for his innovative performances and installations that explore and challenge perceptions of sound. Drawing on his extensive research into music history, instrumentation and production, Atoui creates multisensory environments that blend music, technology, sculpture and performance. Central to his practice is the invention of intricately engineered instruments, made in collaboration with other artists, composers and makers, which double as sculptural objects. Tarek Atoui’s site-specific work for Tate Modern’s Turbine Hall will be the 11th in the series of commissions supported by Hyundai Motor. Over the past decade, the annual Hyundai Commission has welcomed over 19 million visitors. Each year an artist is invited to create a new work in the vast industrial space of the Turbine Hall, reshaping public perceptions of contemporary art. Hyundai Commission: Tarek Atoui is in partnership with Hyundai Motor. Supported by the Tarek Atoui Supporters Circle and Tate Americas Foundation.",https://www.tate.org.uk/whats-on/tate-modern/tarek-atoui,"Found on the venue's ""current/upcoming"" listing page.",2026-10-04T14:59:47.399Z
tate-modern,Hyundai Commission 2027,,,"Experience the world-renowned Hyundai Commission in the iconic Turbine Hall Since Tate Modern opened in 2000, the Turbine Hall has hosted some of the most memorable and ambitious works of our time. Each year, an invited artist creates a new site-specific work for the vast industrial space of the Turbine Hall, transforming how audiences encounter contemporary art. Over the past decade, the annual Hyundai Commission has welcomed over 19 million visitors. Each year an artist is invited to create a new work in the vast industrial space of the Turbine Hall, reshaping public perceptions of contemporary art. The Hyundai Commission 2027 will be the 12th in the series. The commissioned artist will be announced in 2027. The Hyundai Commission is made possible through the partnership between Tate and Hyundai Motor. Founded in 2014 as the longest initial commitment from a corporate partner in Tate’s history, the partnership has since been extended until 2036, supporting artists to realise some of the most ambitious installations of the past decade.",https://www.tate.org.uk/whats-on/tate-modern/hyundai-commission-2027,"Found on the venue's ""current/upcoming"" listing page. No closing date found anywhere on the venue's pages.",2026-10-04T14:59:47.399Z
tate-britain,The 90s: Art and Fashion,2026-10-08,2027-02-14,"Explore a decade characterised by its bold creativity and rebellious spirit Curated by fashion industry game changer Edward Enninful OBE, whose lived experience of the decade informs the exhibition The 90s: Art and Fashion examines a defining period in which a groundswell of creativity changed the face of British culture. As Britain began to emerge from recession, a new dawn of optimism, freedom, and rebellion was ushered in, epitomised by a new generation of diverse creative talent. Seen through Edward Enninful’s eyes, this sense of opportunity resulted in art, design, fashion and photography fusing into one potent cultural force, signalling an audacious renewal of British spirit. The exhibition explores how long-held hierarchies were dismantled, with high art and pop culture feeding into one another, and reflects both the energy and the challenges of the decade, looking at the enduring influence of key figures who emerged during this time. The 90s: Art and Fashion brings together photography, fashion, art and design, including iconic images by photographers including Juergen Teller, David Sims and Corinne Day. These are shown alongside the work of artists like Steve McQueen, Damien Hirst, Sarah Lucas, and Yinka Shonibare, as well as fashion film and music culture, including collections by decade defining designers Vivienne Westwood, Alexander McQueen, and John Galliano.",https://www.tate.org.uk/whats-on/tate-britain/the-90s,"Found on the venue's ""current/upcoming"" listing page.",2026-10-04T15:00:14.806Z
tate-britain,Vanessa Bell & Duncan Grant: Inside Bloomsbury,2026-11-12,2027-04-11,"Explore the vivid world of the Bloomsbury Group’s famous artistic duo This major exhibition features the work of two of the most celebrated British artists of the twentieth century. Vanessa Bell & Duncan Grant: Inside Bloomsbury delves into the extraordinary relationship between the artists, while tracing their remarkable creative partnership that spanned more than 50 years. The exhibition explores Bell and Grant’s legacy as core members of the famed Bloomsbury Group. The group’s commitment to living lives centred around freedom and radical experimentation had a significant influence on the course of art, literature, and societal thought in Britain. The exhibition features over 300 works, including vivid portraits, still lives, landscape paintings, decorative works on furniture, ceramics, textiles, and much more. A once-in-a-lifetime restaging of the artists' studio, relocated for the exhibition from their Sussex home, Charleston, is an unmissable highlight. As well as emphasising Bell and Grant’s shared creative endeavours, visitors will see how the artists also forged their own paths. This joyful exhibition celebrates their extraordinary artistic partnership, and the enduring impact these two remarkable artists had on British Art.",https://www.tate.org.uk/whats-on/tate-britain/vanessa-bell-and-duncan-grant,"Found on the venue's ""current/upcoming"" listing page.",2026-10-04T15:00:14.806Z
tate-britain,Art Now: Mohammed Z Rahman,2026-06-05,2026-11-08,"A new body of paintings exploring notions of home and love, displayed alongside Tate works, The Lovers and The Spaghetti House Mohammed Z Rahman’s Art Now display, Never the Same, is staged in two theatrical ‘acts’, conjuring painterly worlds inspired by love letters, songs, poems, recipes, dreams and memories, with a Tate collection work providing an entry point into each. Act One addresses home, play and joy, starting with The Spaghetti House 2024, a painting based on a story the artist created in collaboration with their six-year-old niece. The Lovers 2024 will bring visitors into Act Two. The painting depicts six people in a close embrace, interpreted either as laying down or as standing and dancing. Inspired by the eponymous tarot card, it explores the transformative powers of love and connection. Rahman builds on this work to explore love in its many forms, from sorrow to celebration, in paintings made for the exhibition. In one work, a figure weeps on a bed surrounded by the belongings of ex-lovers, while elsewhere, a humble crate is transformed into a box of chocolates, gifted as an act of love.",https://www.tate.org.uk/whats-on/tate-britain/art-now-mohammed-z-rahman,"Found on the venue's ""current/upcoming"" listing page. Also listed on the venue's ""past and current"" page. Opening date read from a sentence, not a date field: ""5 June - 8 November 2026"".",2026-10-04T15:00:14.806Z
tate-britain,Sonia Boyce,2027-03-24,2027-08-22,"Experience the powerful and playful work of a ground-breaking British artist Tate’s first survey of Sonia Boyce’s forty-year career unfolds across large-scale installations, photography, collage, drawing, film and sculpture, celebrating a practice shaped by fierce experimentation and a refusal to conform. This multi-sensory show traces Boyce’s collaborative and improvisational techniques, inviting visitors on a playful journey into profound questions of collective memory, authorship, and the boundaries between private and public experiences. Celebrated works are reimagined for the exhibition and shown in dialogue with installations never shown before in the UK. Highlights include the Devotional series - Boyce’s living, ever-growing archive created in conversation with the public, and the most extensive presentation to date of her early pastel drawings and collages. Emerging in the 1980s within the British Black Arts Movement, Boyce went on to pioneer photographic, performance and participatory practice. An artist, academic and educator, Boyce gained global recognition when she represented Great Britain at the 2022 Venice Biennale and was awarded the prestigious Golden Lion.",https://www.tate.org.uk/whats-on/tate-britain/sonia-boyce,"Found on the venue's ""current/upcoming"" listing page.",2026-10-04T15:00:14.806Z
tate-britain,Thomas Gainsborough,2027-05-20,2027-10-10,"Step into the glamorous world of Britain’s best loved society portraitist Marking the 300th anniversary of his birth, this landmark exhibition celebrates Thomas Gainsborough’s considerable influence on British art and examines his legacy today. The first major survey exhibition of his work in over 20 years, it brings together 120 paintings and drawings in a once-in-a-generation tribute to this much-loved, quintessentially Georgian artist. Reflecting the full range and variety of Gainsborough’s practice, this exhibition explores the contrast between the glamour and polish of the society portraits that made his name, and the creative chaos in which he worked behind the scenes. It also examines the importance of his wife and daughters to his life and work. The spirit of his studio space, where he experimented with the innovative techniques that elevated him above his peers, will be brought to life along with his passion for music and theatre that is so palpable throughout his work.",https://www.tate.org.uk/whats-on/tate-britain/thomas-gainsborough,"Found on the venue's ""current/upcoming"" listing page.",2026-10-04T15:00:14.806Z
tate-britain,David Hockney,2027-10-07,2028-02-20,"2027 would have marked the 90th birthday of one of Britain’s most celebrated artists, David Hockney. Throughout 2025 and into 2026, Tate Britain was working on a major project with the artist to mark this milestone anniversary. Following David Hockney’s death in June 2026, Tate Britain is honoured to present the culmination of that project: an exhibition charting seven decades of the artist’s work, focusing on the joys and complexities of love and friendship. Visitors will discover the crucial role that family, friends, and lovers played in Hockney’s visual storytelling, and how the artist’s engagement with intimacy, vulnerability and human connection informed the evolution of his art. Featuring over 200 works, the exhibition spans the full breadth of Hockney’s extraordinary career. It ranges from trailblazing 1960s explorations of queer love and desire to tender depictions of his parents, and recent works exploring private moments in Hockney’s home and studio. The exhibition will also delve into Hockney’s close relationships with fellow artists as they play out through creative dialogues.",https://www.tate.org.uk/whats-on/tate-britain/david-hockney,"Found on the venue's ""current/upcoming"" listing page.",2026-10-04T15:00:14.806Z
tate-britain,The Tudors,2027-11-18,2028-04-23,"Tate’s first presentation of Tudor works in 30 years, this exhibition brings an entirely fresh perspective on the development of art in this profoundly transformative period. Made up of around 150 works, the exhibition presents exceptional oil paintings, miniatures, works on paper, sculptures, decorative art, and more. Highlights include key works by leading artists such as Hans Holbein, Nicholas Hilliard, and Isaac Oliver, and rooms dedicated to iconic portraits of Henry VIII and Elizabeth I. Bringing Tudor art to a new generation, this exhibition is underpinned by brand new scientific and technical research, with revelations casting a whole new light on our understanding of art from this time. The Tudor period is often viewed as the age that witnessed the birth of modern Britain, and in turn, that of British painting. The show explores the lives of artists working at the time, examining their journeys from unknown, anonymous figures to celebrated individuals. It will consider questions of art patronage – what was painted and for whom - and will probe how art, and portraiture in particular, reflected both individual as well as national ambitions and concerns.",https://www.tate.org.uk/whats-on/tate-britain/the-tudors,"Found on the venue's ""current/upcoming"" listing page.",2026-10-04T15:00:14.806Z
tate-britain,Art Now: Steph Huang,2024-07-12,2025-01-05,"A new installation of sculptures, film and sound, trace the relationship between the food and land Steph Huang uses techniques such as glass blowing, casting, film and sound to present a new installation of work. Inspired by her investigations into mass production and the history of the food industry, Huang creates poetic installations which question the effects that consumer culture has on our environment. The display will feature a brand-new film exploring scallop diving off the coast of Devon. It also features everyday objects transformed into sculptures that refer to both personal and collective memories. Steph Huang (b.1990, Taiwan) lives and works in London. She received her MA in Sculpture from Royal College of Art in 2021. Recent solo exhibitions include There Is Nothing Old Under The Sun, Standpoint London, UK, 2024; The Water that Bears the Boat, E-WERK Freiburg, Freiburg, Germany, 2024; I will see you when the week ends, Public Gallery, London, UK, 2023; Taipei Art Awards, Taipei Fine Arts Museum, Taipei, Taiwan, 2022; Deep Shallow, Volt, Eastbourne, UK, 2022; A Great Increase In Business Is On Its Way, Goldsmiths CCA, London, UK, 2022. In 2023, Huang was awarded the Mark Tanner Sculpture Award and was a recipient of The Henry Moore Foundation Artist Award. In 2022, Huang was awarded the Grand Prize at the Taipei Art Awards.",https://www.tate.org.uk/whats-on/tate-britain/steph-huang,"Found on the venue's ""past and current"" listing page.",2026-10-04T15:00:14.806Z
tate-britain,Lee Miller,2025-10-02,2026-02-15,"A major exhibition of the trailblazing surrealist photographer Lee Miller With the most extensive retrospective of her photography yet staged in the UK, Tate Britain celebrates Lee Miller as one of the 20th century's most urgent artistic voices. First exposed to a camera by working in front of it, Miller was one of the most sought-after models of the late 1920s. She quickly stepped behind the lens, becoming a leading figure in the avant-garde scenes in New York, Paris, London and Cairo. The exhibition will showcase Miller’s extraordinary career, from her participation in French surrealism to her fashion and war photography. Exploring her artistic collaborations, the exhibition will also shed light on lesser-known sides of her practice, such as her remarkable images of the Egyptian landscape in the 1930s.",https://www.tate.org.uk/whats-on/tate-britain/lee-miller,"Found on the venue's ""past and current"" listing page.",2026-10-04T15:00:14.806Z
tate-britain,Sargent and Fashion,2024-02-22,2024-07-07,"Fashion, identity, painting: explore the unique work of John Singer Sargent Celebrated for his striking portrait paintings, this exhibition sheds new light on John Singer Sargent’s acclaimed works. It explores how he worked like a stylist to craft the image of the sitters he painted, who he often had close relationships with. Sargent used fashion as a powerful tool to express identity and personality. He regularly chose the outfits of his collaborators or manipulated their clothing. This innovative use of costume was central to his artwork – for example, tugging a heavy coat tighter around a man to emphasise his figure or letting a dress strap sensuously slip from a woman’s shoulder. It was these daring sartorial choices that allowed him to express his vision as an artist. Almost 60 of Sargent’s paintings will be on display, including major portraits that rarely travel. Several period garments will also be showcased alongside the portraits they were worn in. The show examines how this remarkable painter used fashion to create portraits of the time, which still captivate today.",https://www.tate.org.uk/whats-on/tate-britain/sargent-and-fashion,"Found on the venue's ""past and current"" listing page.",2026-10-04T15:00:14.806Z
tate-britain,Now You See Us: Women Artists in Britain 1520–1920,2024-05-16,2024-10-13,"Discover the artists who forged a path for generations to come Spanning 400 years, this exhibition follows women on their journeys to becoming professional artists. From Tudor times to the First World War, artists such as Mary Beale, Angelica Kauffman, Elizabeth Butler and Laura Knight paved a new artistic path for generations of women. They challenged what it meant to be a working woman of the time by going against society’s expectations – having commercial careers as artists and taking part in public exhibitions. Including over 150 works, the show dismantles stereotypes surrounding women artists in history, who were often thought of as amateurs. Determined to succeed and refusing to be boxed in, they daringly painted what were usually thought to be subjects for male artists: history pieces, battle scenes and the nude. The exhibition sheds light on how these artists championed equal access to art training and academy membership, breaking boundaries and overcoming many obstacles to establish what it meant to be a woman in the art world.",https://www.tate.org.uk/whats-on/tate-britain/women-artists-in-britain-1520-1920,"Found on the venue's ""past and current"" listing page.",2026-10-04T15:00:14.806Z
tate-britain,The 80s: Photographing Britain,2024-11-21,2025-05-05,"Explore powerful photography in a decade of social and political change Explore one of the UK’s most critical decades, the 1980s. This exhibition traces the work of a diverse community of photographers, collectives and publications –creating radical responses to the turbulent Thatcher years. Set against the backdrop of race uprisings, the miner strikes, section 28, the AIDS pandemic and gentrification – be inspired by stories of protest and change. At the time, photography was used as a tool for social change, political activism, and artistic and photographic experiments. See powerful images that gave voice and visibility to underrepresented groups in society. This includes work depicting the Black arts movement, queer experience, South Asian diaspora and the representation of women in photography. This exhibition examines how photography collectives and publications highlighted these often-unseen stories, featured in innovative photography journals such as Ten 8 and Cameraworks. It will also look at the development of Autograph ABP, Half Moon Photography Workshop, and Hackney Flashers.",https://www.tate.org.uk/whats-on/tate-britain/the-80s-photographing-britain,"Found on the venue's ""past and current"" listing page.",2026-10-04T15:00:14.806Z
tate-britain,Art Now: Hylozoic/Desires,2025-02-28,2025-08-25,"Artist duo Hylozoic/Desires (Himali Singh Soin & David Soin Tappeser) excavate the lost archive of the Inland Customs Line The line stretched 4,000km, of which 2,500km was a planted hedge grown by the British Empire in the Indian subcontinent between 1840 and 1880. It separated the British-occupied Bengal Presidency from independent states to prevent smuggling and enforce the British monopoly on salt. In this new moving image installation, Hylozoic/Desires bring together historical records with speculative imaginings to penetrate the porosity of this barrier. Art Now: Hylozoic/Desires is supported by the Bukhman Foundation.",https://www.tate.org.uk/whats-on/tate-britain/hylozoicdesires,"Found on the venue's ""past and current"" listing page.",2026-10-04T15:00:14.806Z
tate-britain,Ed Atkins,2025-04-02,2025-08-25,"A major new exhibition by one of the most influential British artists working today Ed Atkins is best known for his computer-generated videos and animations. Repurposing contemporary technologies in unexpected ways, his work traces the dwindling gap between the digital world and human feeling. He borrows techniques from literature, cinema, video games, music and theatre to examine the relationship between reality, realism and fiction. This career-spanning exhibition features moving image works from the last 15 years alongside writing, paintings, embroideries and drawings. Together, they pit a weightless digital life against the physical world of heft, craft and touch. Atkins uses his own experiences, feelings and body as models to explore themes of intimacy, love and loss. For Atkins, the exhibition represents a reimagining of the messy, unravelling realities of life. 'My life and my work are inextricable. How do I convey the life-ness that made these works – my life-ness – through the exhibition? Not in some factual, chronological, biographical way, but through sensations. I want it so the more you see, the richer, more complex, less authored, less gettable things become.'",https://www.tate.org.uk/whats-on/tate-britain/ed-atkins,"Found on the venue's ""past and current"" listing page.",2026-10-04T15:00:14.806Z
tate-britain,Edward Burra,2025-06-13,2025-10-19,"Edward Burra is one of the most distinctive British artists of the 20th century, renowned for his vibrant, satirical scenes of the urban underworld and queer culture during the ‘Roaring Twenties.’ A master of watercolour painting, the exhibition shows how Burra pushed the boundaries of the traditionally delicate medium to create bold and vivid scenes. His practice is influenced by everything from music and performance to popular culture, literature, and art history. The first retrospective in London in 40 years, it will showcase Burra’s interest in experiencing society and culture abroad. A keen social documentarian, his scenes also include macabre landscapes that reflect his experience of world events, including the Spanish Civil War and Second World War. Burra’s lived experience of disability influenced his artistic practice and may have informed his portrayal of marginalised communities. Discover an in-depth view of Burra’s career with over 80 paintings and drawings along with material from the Edward Burra archive at Tate, providing visitors an insight into the artist’s creative process. Find out more about the Edward Burra exhibition with our exhibition guide.",https://www.tate.org.uk/whats-on/tate-britain/edward-burra,"Found on the venue's ""past and current"" listing page.",2026-10-04T15:00:14.806Z
tate-britain,Ithell Colquhoun,2025-06-13,2025-10-19,"One of the most radical artists of her generation, Ithell Colquhoun was an important figure in British Surrealism during the 1930s and 1940s. An innovative writer and practicing occultist, Colquhoun charted her own course, investigating surrealist methods of unconscious picture-making and fearlessly delving into the realms of myth and magic. This landmark exhibition of over 140 artworks and archival materials traces Colquhoun’s evolution, from her early student work and engagement with the surrealist movement, to her fascination with the intertwining realms of art, sexual identity, ecology and occultism. It culminates in a room dedicated to Colquhoun’s interpretation of the Taro deck – her most accomplished fusion of her artistic and magical practice. Explore Colquhoun’s enthralling, multi-layered universe through writings, drawings, paintings, many of which have never been shown publicly before. The exhibition debuted at Tate St Ives in February 2025 before arriving at Tate Britain.",https://www.tate.org.uk/whats-on/tate-britain/ithell-colquhoun,"Found on the venue's ""past and current"" listing page.",2026-10-04T15:00:14.806Z
tate-britain,Art Now: Onyeka Igwe,2025-09-19,2026-05-17,"A new body of work consisting of film, projected slides and sculpture, brought together to tell the story of the University of Ibadan Onyeka Igwe’s Art Now display, our generous mother, explores the University of Ibadan, the oldest degree-awarding institution in Nigeria. Moving through the university’s tropical modernist architecture, the film traces the building’s personal and political histories, from its colonial roots through to national independence, civil war and towards the present day. Visitors will enter a dark green space which hosts the film in multiple guises. It first takes the form of a Perspex sculpture that fractures the content, alluding to the multiple ways one place can be understood. Towards the middle of the space, the work takes the form of a slide projection. At the back of the gallery, the film then concludes in digital form, projected upon a large cinematic wall. Across all these different iterations of her work, Igwe draws from her own interest in radical filmmaking to deconstruct the history of the University of Ibadan.",https://www.tate.org.uk/whats-on/tate-britain/art-now-onyeka-igwe,"Found on the venue's ""past and current"" listing page.",2026-10-04T15:00:14.806Z
tate-britain,Turner & Constable: Rivals & Originals,2025-11-27,2026-04-12,"The definitive exhibition of two pivotal British artists in the 250th year of their births Two of Britain’s greatest painters, J.M.W. Turner and John Constable were also the greatest of rivals. Born within a year of each other – Turner in 1775, Constable in 1776 – the art critics of the day compared their paintings to a clash of ‘fire and water’. Raised in the gritty heart of Georgian London, Turner quickly became a young star of the art world despite his humble beginnings. Meanwhile Constable, the son of a wealthy Suffolk merchant, was equally determined to forge his own path as an artist but faced a longer, more arduous rise to acclaim. Though from different worlds, both artists were united in their desire to transform landscape painting for the better. With the two painters vying for success through very different but equally bold approaches, the scene was soon set for a heady rivalry within the competitive world of landscape art. Turner painted blazing sunsets and sublime scenes from his travels, while Constable often returned to depictions of a handful of beloved places, striving for freshness and authenticity in his portrayal of nature.",https://www.tate.org.uk/whats-on/tate-britain/turner-and-constable,"Found on the venue's ""past and current"" listing page.",2026-10-04T15:00:14.806Z
tate-britain,Hurvin Anderson,2026-03-26,2026-08-23,"Experience the intensely colourful work of British artist Hurvin Anderson Hurvin Anderson’s first major solo show brings together more than 80 of his vibrant paintings, spanning the artist’s entire career, from his days as a student to new, never-before-seen paintings. Through colour-drenched landscapes and interiors, Anderson meanders back and forth across the Atlantic, between the UK and the Caribbean. The youngest of eight children, he was the first to be born in the UK after his family left Jamaica for Birmingham in the 1960s. As a result, Anderson’s work reflects on his experiences of belonging and diaspora. His works often feature family members, experiences from his youth and places of individual and cultural significance like the barbershop. By revisiting elements and sometimes layering one location onto another, he engages with the unreliability of memory and tension around cultural heritage.",https://www.tate.org.uk/whats-on/tate-britain/hurvin-anderson,"Found on the venue's ""past and current"" listing page.",2026-10-04T15:00:14.806Z
tate-britain,James McNeill Whistler,2026-05-21,2026-09-27,"Experience the captivating world of rule-breaking American artist James McNeill Whistler A truly global figure, Whistler re-wrote the rules of what it meant to be an artist. He pioneered new and innovative techniques, creating astonishingly beautiful, ethereal visions of modern life that would earn him a place as one of the most influential artists of the 19th and 20th centuries. This retrospective – the first major European exhibition of Whistler’s work in 30 years – brings together the artist’s world-famous paintings alongside rarely, or never seen, works. It includes exquisite portraits, drawings, prints, and designs, from as early as his teens in St. Petersburg to the enigmatic late self-portraits. The exhibition presents both a boldly experimental artist and cosmopolitan celebrity, disrupting the conventions of Victorian society in pursuit of truth, beauty, and progress.",https://www.tate.org.uk/whats-on/tate-britain/whistler,"Found on the venue's ""past and current"" listing page.",2026-10-04T15:00:14.806Z
wallace,Winston Churchill: The Painter,2026-05-23,2026-11-29,"Sir Winston Churchill (1874 – 1965) was one of the great statesmen of the twentieth century – the UK’s Prime Minister during the Second World War, and a Member of Parliament for 62 years. He was also a passionate and prolific painter. In painting, he found respite from public pressures, and a lifelong source of joy. The first major retrospective of Sir Winston Churchill’s paintings since his death, this exhibition brings together more than 50 of his works. More than half are from private collections, rarely accessible to the public. Happy are the painters, for they shall not be lonely. Light and colour, peace and hope, will keep them company to the end. Encounter sombre wartime scenes and radiant Mediterranean views, carefully composed still-lifes and portraits, luminous Moroccan cityscapes, and deeply personal paintings of Chartwell, Churchill’s beloved home and garden.",https://www.wallacecollection.org/whats-on/exhibitions-displays/winston-churchill-the-painter/,"Found on the venue's ""current/upcoming"" listing page. Opening and closing dates read from a sentence, not a date field: ""23 May - 29 November 2026"".",2026-10-04T15:05:50.288Z
wallace,The Wallace Collection at War,2026-04-15,2026-10-25,"Learn more about the Wallace Collection at war in our free display. In 1942, with the museum's treasures evacuated for safety, Hertford House became an unlikely stage for cultural diplomacy. Two exhibitions transformed the empty galleries into a forum for Anglo-Soviet friendship at a critical moment in the conflict. Artists Aid Russia brought together over 900 works by living artists, from Augustus John to Jacob Epstein, with proceeds supporting Clementine Churchill's Red Cross Aid to Russia Fund. Twenty-Five Years of Progress, designed by Ernő Goldfinger, filled the galleries with bold photomontages and banners celebrating Soviet achievements and Allied unity. Launched by Soviet Ambassador Ivan Maisky and his wife Agniya, these exhibitions reveal how art, propaganda and architecture were mobilised to strengthen wartime alliances.",https://www.wallacecollection.org/whats-on/exhibitions-displays/the-wallace-collection-at-war/,"Found on the venue's ""current/upcoming"" listing page. Opening and closing dates read from a sentence, not a date field: ""15 April-25 October 2026"".",2026-10-04T15:05:50.288Z
wallace,Metamorphoses: Porcelain Sculpture by Rachel Kneebone,2026-09-23,2027-04-25,"Discover Rachel Kneebone's striking sculptures in our free display. With the Wallace Collection's decorative interiors as her backdrop, acclaimed artist Rachel Kneebone places nine white porcelain sculptures throughout the galleries. Two of these sculptures, Bower and Temple, are created especially for the display and shown here for the first time. The Wallace Collection has long been a rich resource for me; a place of pleasure, delight and instruction. The works I am placing are responses to the Collection, to forge connections and contrasts within the space. This free display reveals how Kneebone's contemporary sculptures find unexpected kinship with the Collection's historic treasures. Finished with a clear gloss glaze, her surreal, tangled forms invite the viewer to tease out connections between her arresting white sculptures and the masterpieces of the museum.",https://www.wallacecollection.org/whats-on/exhibitions-displays/metamorphoses-porcelain-sculpture-by-rachel-kneebone/,"Found on the venue's ""current/upcoming"" listing page. Opening and closing dates read from a sentence, not a date field: ""23 September 2026-25 April 2027"".",2026-10-04T15:05:50.288Z
wallace,Cosimo I de’ Medici: Art and Dynasty,2026-11-18,2027-03-21,"Discover Cosimo I de' Medici's world of art and power in our upcoming free display. Cosimo I de' Medici (1519-1574) rose from Duke of Florence to become the first Grand Duke of Tuscany, one of the most powerful rulers of Renaissance Italy. From a monumental wine cooler bearing his personal emblem to a ceremonial sword linking him to the mythical hero Hercules, the objects on display reveal how he built and sustained that power. This free display draws on the museum's collection to show how Cosimo used art to strengthen his authority, impress his court, and secure his family's legacy. For the display, the Wallace Collection's Portrait of Eleonora of Toledo has been newly conserved. Eleonora of Toledo (1522-1562) married Cosimo in 1539 and played an active role in government, as well as shaping the fashions and cultures of the Florentine court.",https://www.wallacecollection.org/whats-on/exhibitions-displays/cosimo-i-de-medici-art-and-dynasty/,"Found on the venue's ""current/upcoming"" listing page. Opening and closing dates read from a sentence, not a date field: ""18 November 2026-21 March 2027"".",2026-10-04T15:05:50.288Z
wallace,Caravaggio's Cupid,2025-11-26,2026-04-12,"Victorious Cupid, on special loan from the Gemäldegalerie in Berlin and never-before-seen in public in the UK, was the centrepiece of this exhibition. It was presented with two ancient Roman sculptures that, more than four hundred years ago, belonged to the same distinguished collection. All three works belonged to Marchese Vincenzo Giustiniani (1564–1637), one of the most celebrated collectors of his day. In his grand palazzo near the Pantheon in Rome, Caravaggio's Cupid was displayed with other works by Raphael, Titian and Giorgione, as well as an extensive gallery of classical sculpture. Life-size and painted from nature, Cupid stands with wings spread, arrows in hand and with a playful smile, surrounded by the fallen symbols of human achievement. This free exhibition invited visitors to enter the world of 17th-century Rome, where artists, scholars and collectors debated the merits of painting and sculpture. The exhibition recreated the spirit of Giustiniani's palace, bringing together ancient sculpture and Caravaggio's startling vision in the way his guests would once have experienced it. Explore the exhibition further with our free audio guide, available on Bloomberg Connects.",https://www.wallacecollection.org/explore/past-exhibitions/caravaggios-cupid/,"Found on the venue's ""past"" listing page.",2026-10-04T15:05:50.288Z
wallace,Marie-Antoinette: An Eye for Beauty,2026-02-02,2026-03-31,"Few figures fired the imagination quite like Marie-Antoinette (1755–1793). Born an archduchess at the glittering Austrian court, her destiny was decided by her marriage to the future Louis XVI of France. She soon attuned herself to the French vogue and the glamour of life at Versailles, while also cultivating a discerning eye for the beautiful. Once crowned queen, she used her almost limitless wealth and influence to commission interiors and artworks of unparalleled refinement, right up until the dawn of revolution. The Wallace Collection cared for some of the world's greatest works of art associated with the ill-fated queen. Visitors discovered a selection of these during a special two-month trail, which offered a tantalising glimpse into her sumptuous, lost world.",https://www.wallacecollection.org/explore/past-exhibitions/marie-antoinette-an-eye-for-beauty/,"Found on the venue's ""past"" listing page.",2026-10-04T15:05:50.288Z
wallace,Swords of Lucknow,2025-11-26,2026-03-22,"Nearly a metre long and richly decorated with enamel and gold, these five swords revealed the splendour of eighteenth and nineteenth century Lucknow, a flourishing centre of power, artistry and cultural exchange. They reflected the court of the Nawabs of Awadh, rulers of Iranian Shia heritage who presided over a diverse population and fostered a culture of luxury and ceremony. Swords such as these signified prestige, loyalty and masculine identity, serving as status symbols as well as weapons, and were also exchanged as diplomatic gifts. Acquired by Sir Richard Wallace and the 4th Marquess of Hertford in the later nineteenth century, these swords also told a story of European collecting at a time when military officers and dealers brought South Asian arms to the market. This free display reinterpreted part of the museum's Asian, African and Ottoman collections, informed by new research for a catalogue published in February 2026.",https://www.wallacecollection.org/explore/past-exhibitions/swords-of-lucknow/,"Found on the venue's ""past"" listing page.",2026-10-04T15:05:50.288Z
wallace,Grayson Perry: Delusions of Grandeur,2025-03-28,2025-10-26,"Explore the largest contemporary exhibition ever held at the museum. Grayson Perry: Delusions of Grandeur presented over 40 new works by Sir Grayson Perry (1960). In the largest contemporary exhibition ever held at the museum, visitors encountered ceramics, tapestries, and works on paper, displayed alongside masterpieces from the collection that had helped shape Perry’s vision for this landmark show. Delusions of Grandeur interrogated the very nature of craft-making and our drive for perfectionism. Intricate handcrafted objects sat alongside works made with digital technology – comparing an object that might take thousands of hours to create with one made in a click. Through these contrasting approaches, Perry invited viewers to contemplate questions of authenticity and the artist’s role in the future. As part of this exploration, Delusions of Grandeur focused on ‘outsider art,’ featuring works by Aloïse Corbaz and Madge Gill. Sparked by the discovery that Madge Gill (1882–1961) had exhibited at the Wallace Collection in 1942, the life and work of these outsider artists unlocked Perry’s own response, drawing upon his childhood experiences.",https://www.wallacecollection.org/explore/past-exhibitions/grayson-perry-delusions-of-grandeur/,"Found on the venue's ""past"" listing page.",2026-10-04T15:05:50.288Z
wallace,Keeping Time: Clocks by Boulle,2024-11-27,2025-03-02,"For the first time, the Wallace Collection brought together clocks by André-Charles Boulle (1642–1732), the most famous cabinetmaker to have worked for the court of the Sun King, Louis XIV. Five exceptional timepieces told the story of how Boulle took advantage of scientific discoveries to create unique clock designs in glittering baroque style, the influence of which spread across the world and centuries. The clocks were the work of many hands, involving leading artists and craftspeople from all over 18th-century Paris. Many of Boulle’s contemporaries also drew on the concept of time in their work. This theme was explored in a complementary display in the museum’s Billiard Room, which united two magnificent artworks: The Dance to the Music of Time by Nicolas Poussin (1594–1665) and The Borghese Dancers by Henri Perlan (1597–1656) and François Anguier (1604–1669).",https://www.wallacecollection.org/explore/past-exhibitions/keeping-time-clocks-by-boulle/,"Found on the venue's ""past"" listing page.",2026-10-04T15:05:50.288Z
wallace,Flora Yukhnovich and François Boucher: The Language of the Rococo,2024-06-05,2024-11-03,"Flora Yukhnovich (1990), celebrated for her large-scale, semi-abstract oil paintings, gave the language of the Rococo new life. Two new paintings by the artist, made in response to two exceptional paintings by the celebrated 18th-century French painter François Boucher (1703-1770), occupied gilt frames at the top of our grand staircase. Boucher's paintings were displayed in our Housekeeper’s Room out of their frames, on white walls, like contemporary works of art. Theatrical and tongue-in-cheek, they were prime examples of the Rococo, a decorative and exuberant style favoured across the arts by royal and aristocratic patrons in France and elsewhere from the 1730s. Flora Yukhnovich and François Boucher: The Language of the Rococo prompted visitors to reconsider preconceptions, explore how we could connect with the Rococo today and examine the impact of display on art interpretation and historical re-evaluation. Dive deeper with our series of short films examining key themes that were featured in the display.",https://www.wallacecollection.org/explore/past-exhibitions/flora-yukhnovich-and-francois-boucher-the-language-of-the-rococo/,"Found on the venue's ""past"" listing page.",2026-10-04T15:05:50.288Z
wallace,"Ranjit Singh: Sikh, Warrior, King",2024-04-10,2024-10-20,"Our major exhibition, Ranjit Singh: Sikh, Warrior, King, explored the life of the great Sikh leader Ranjit Singh (1780–1839). With an unwavering sense of destiny, Ranjit Singh conquered the Punjab, an area that today encompasses Pakistan, following a period of anarchy caused by decades of Afghan invasions. By the early 19th century, he emerged as the undisputed Maharaja, establishing the influential Sikh Empire. Ranjit Singh's leadership led to a golden age marked by thriving trade, flourishing arts, and a formidable army. His story was shared through nearly 100 stunning artworks, including jewellery and weaponry from the Sikh Empire drawn from major private and public collections. The exhibition featured historic objects from his court, courtiers, and family, including items owned by the Maharaja and the most famous of his 30 wives, Maharani Jind Kaur. Ranjit Singh: Sikh, Warrior, King showcased our remarkable collection of Sikh arms and armour alongside other Sikh artworks for the first time.",https://www.wallacecollection.org/explore/past-exhibitions/ranjit-singh-sikh-warrior-king/,"Found on the venue's ""past"" listing page.",2026-10-04T15:05:50.288Z
cincinnati,Nancy Rexroth: Secrets of My Power,2026-10-02,2027-01-03,"Nancy Rexroth: Secrets of My Power is the first career retrospective on the work of the American photographer revered for her singular and evocative 1977 photobook, IOWA. The exhibition and accompanying catalogue mark the public debut of The Nancy Rexroth Collection, an archive recently formed at the Cincinnati Art Museum that allows unprecedented and comprehensive insight into the artist’s life and work. Over 150 rare or unique photographs, personal effects, tools, and numerous previously unseen artworks tell a rich and surprising story of Rexroth’s powerful, unique, and steadfastly defiant vision, from the 1960s, 70s, and 80s to the early digital era. Nancy Rexroth: Secrets of My Power is organized by the Cincinnati Art Museum. A fully illustrated exhibition catalogue is available for purchase beginning October 2026.",https://www.cincinnatiartmuseum.org/art/exhibitions/nancy-rexroth-secrets-of-my-power/,"Found on the venue's ""current"" listing page.",2026-10-04T15:01:16.854Z
cincinnati,Yayoi Kusama: All the Eternal Love I Have for the Pumpkins,2026-07-17,2026-10-18,"Yayoi Kusama: All the Eternal Love I Have for the Pumpkins (2016) features an array of yellow gourds of various sizes, adorned with black polka dots, that are surrounded by mirrors. The result is an immersive installation that allows the visitor to become part of the artwork as they seemingly enter an infinite field of glowing pumpkins. All the Eternal Love I Have for the Pumpkins illustrates Kusama’s characteristic themes, including infinity and obsessive repetition. The artist has described the pumpkin—one of her quintessential symbols—as a form of self-portraiture. A rare assemblage of a dozen Pumpkin acrylic paintings on canvas made between 1990-2004 will also greet gallery visitors, courtesy of the Masterworks Foundation. Kusama’s career spans more than seven decades, and her Infinity Mirror Rooms are some of her most experimental and iconic works, often incorporating a variety of illuminated objects. Infinity Mirror Room—Phalli’s Field (1965) was Kusama’s first installation to use mirrors to create a sense of endless space, featuring a floor covered in hundreds of red-spotted, white fabric-stuffed tubes. Kusama’s mirrored installations represented an innovative step in the emergence of an increasingly experiential practice. In each work, the visitor’s reflection seems to extend into infinity while they simultaneously have an intimate and individualized room experience. All the Eternal Love I Have for the Pumpkins draws on Kusama’s seminal pumpkin room, Mirror Room (Pumpkin) (1991), which was shown at for the Japanese Pavilion at the 1993 Biennale Arte in Venice.",https://www.cincinnatiartmuseum.org/art/exhibitions/yayoi-kusama-all-the-eternal-love-i-have-for-the-pumpkins/,"Found on the venue's ""current"" listing page.",2026-10-04T15:01:16.854Z
cincinnati,The Art of Charley Harper: Creatures Wild and Tame,2026-10-16,2027-03-07,"The Art of Charley Harper: Creatures Wild and Tame takes an in-depth look at the work of the beloved mid-century modern artist, designer, illustrator, and nature advocate. Harper’s “minimal realism,” as he called his style, is deceptively simple, reducing nature to essential characteristics in elegant, witty, vividly colored imagery that breathes with life and personality. Deeply committed to wildlife conservation, Harper created dozens of now-iconic posters for the National Park Service and nature organizations. Featuring more than 140 of the artist’s drawings, gouaches, collages, screen prints, paintings, and posters, Creatures Wild and Tame and its accompanying catalogue (published by D. Giles Ltd) reveal the backstories behind Harper’s celebrated work. This exhibition is organized by the Cincinnati Art Museum in partnership with the Charley Harper Art Studio.",https://www.cincinnatiartmuseum.org/art/exhibitions/upcoming-exhibitions/the-art-of-charley-harper-creatures-wild-and-tame/,"Found on the venue's ""upcoming"" listing page.",2026-10-04T15:01:16.854Z
cincinnati,Terence Hammonds: Soul is a Ham Hock in Your Cornflakes,2026-11-20,2027-03-28,"With a title plucked from Funkadelic’s 1970 song What is Soul?, this exhibition featuring the work of Cincinnati-based artist Terence Hammonds throws a proverbial ham hock into the museum’s bowl of cornflakes. As the song’s vivid lyrics suggest, power and meaning often emerge from unlikely combinations, and “nothing is quite good until you play with it.” Pairing historical objects from the museum’s collections with his newly created printed ceramics, wallpaper, and textiles, Hammonds constructs unexpected vignettes that speak to Black history, resilience, and cultural imagination. “By juxtaposing these objects, I aim to create a form of historical fiction—a speculative ‘what if’,” Hammonds explains. “Through pattern, narrative, and material culture, [the exhibition] imagines how the visual language of domestic heirlooms might look if shaped by the histories, stories, and aspirations of Cincinnati’s Black middle class.”",https://www.cincinnatiartmuseum.org/art/exhibitions/upcoming-exhibitions/terence-hammonds-soul-is-a-ham-hock-in-your-cornflakes/,"Found on the venue's ""upcoming"" listing page.",2026-10-04T15:01:16.854Z
cincinnati,Think Big: Large-Scale Works from the Contemporary Collection,2026-04-10,2026-08-23,"Artists throughout history have created in measures from miniature to monumental. The artworks in these galleries, made from 1967–2022, are drawn from the Cincinnati Art Museum’s contemporary collections. These 40 works represent multiple media and styles carried out in expansive scale and vision. Acquired by the museum and its curators over five decades, a number of these works are seldom seen due to space limitations. Working artists from Cincinnati Art Museum’s installation and conservation teams guided the selections from the collection. Responding to these voices, Think Big positions renowned regional artist-educators in dialogue with international gallery artists. New insights arise by way of these interrelationships and their historical context within the museum. An additional 15 works are installed upstairs in the museum’s third-floor galleries (G301-G303) in the former Barnhorn-Duveneck teaching studio.",https://www.cincinnatiartmuseum.org/art/exhibitions/exhibition-archive/2026/think-big-large-scale-works-from-the-contemporary-collection/,"Found on the venue's ""past"" listing page.",2026-10-04T15:01:16.854Z
cincinnati,Fine Lines: Contemporary Japanese Ceramics,2026-01-17,2026-08-10,"The phrase “a fine line” often has an association with a sense of separateness, a choice of “either or.” Yet, a line may represent a point of connection as often as it denotes distinction. Using this interpretation as a guide, this special feature brings together the work of 17 artists by celebrating the “fine lines” of contemporary Japanese ceramics. Many of the featured artists have incorporated linear details into physical elements of their work—evident within precise angles, intricate patterns, and considered decorations. Other artists have explored the “fine lines” of their field through more conceptual approaches, as they intentionally blur and—in some cases—combine boundaries between cultural, geographical, and chronological influences; functional practicalities and sculptural aesthetics; and traditional methods and contemporary approaches.",https://www.cincinnatiartmuseum.org/art/exhibitions/exhibition-archive/2026/fine-lines-contemporary-japanese-ceramics/,"Found on the venue's ""past"" listing page.",2026-10-04T15:01:16.854Z
cincinnati,Elizabeth Hawes: Radical American Fashion,2026-04-24,2026-08-02,"Featuring more than 50 garments made between the 1920s and 1960s as well as original sketches and illustrations, Elizabeth Hawes: Radical American Fashion tells the story of one of the women who helped to shape an American identity within fashion design and personal expression. Elizabeth Hawes was a radical designer, author, and social commentator. She operated her own house in New York from 1928–1940, authored nine books on fashion and its function in society, was at one point blacklisted by the FBI for her progressive socio-political views, and importantly, influenced a generation of American designers who followed her. Largely overlooked by scholars for several decades, this is the first major museum exhibition focused on Hawes’ body of work. Hawes is generally regarded as the first visible and vociferous American couturier. She knew the power of publicity and throughout the 1930s her every move seemed newsworthy. Hawes’ approach to clothing design was to delve into the psyche of the client. She felt that clothing was a direct expression of the self, and that style did not have to follow or be dictated by the fashion industry. She forecasted methods of dress that were not realized until the 1960s or later, including gender neutral designs and an approach to manufacturing that made quality garments more widely available outside the realm of the wealthy elite. This exhibition explores Hawes’ early approach to design and construction and the evolution of her career, particularly pre-WWII; as well as 1920s garments from designers who set the stage for her, and pieces by designers which show her enduring influence.",https://www.cincinnatiartmuseum.org/art/exhibitions/exhibition-archive/2026/elizabeth-hawes-radical-american-fashion/,"Found on the venue's ""past"" listing page.",2026-10-04T15:01:16.854Z
cincinnati,Longing: Painting from the Pahari Kingdoms of the Northwest Himalayas,2026-02-06,2026-06-07,"Featuring more than forty works of art, Longing: Painting from the Pahari Kingdoms of the Northwest Himalayas displays colorful court paintings from present-day India dating between the seventeenth and nineteenth centuries. These small, portable paintings were produced for royal and noble patronage by artists practicing unique artistic techniques. Influenced by the region’s culture and politics, they portray moments of leisure, religious devotion, and political positioning, and were given as gifts between regional nobility, families, and political allies. Many paintings portray devotional acts meant to connect with the divine; others depict individuals and couples who yearn for romantic dalliance; still others portray rulers and noblemen who longed to be at the center of political control. Organized around the theme of “longing,” the exhibition encourages visitors to experience art as multisensorial. Select paintings are paired with olfactory stations, touch opportunities, and musical soundscapes to heighten the work’s bhava (emotion or mood) and to encourage multiple ways to physically, intellectually, and emotionally connect with art. Curated by Ainsley M. Cameron, PhD, Curator of South Asian Art, Islamic Art & Antiquities at the Cincinnati Art Museum.",https://www.cincinnatiartmuseum.org/art/exhibitions/exhibition-archive/2026/longing-painting-from-the-pahari-kingdoms-of-the-northwest-himalayas/,"Found on the venue's ""past"" listing page.",2026-10-04T15:01:16.854Z
cincinnati,"What, Me Worry? The Art and Humor of MAD Magazine",2025-11-21,2026-03-01,"Celebrating more than seven decades of humor, What, Me Worry? The Art and Humor of MAD Magazine examines the unforgettable art and satire of MAD, from its start in 1952 as a popular humor comic book to its evolution into a beloved magazine that spoke truth to power and attracted generations of devoted readers. Always historically and socially timely—and always very funny—MAD’s influence and cultural impact is explored through iconic original illustrations and cartoons created by the magazine’s “Usual Gang of Idiots,” the many artists and writers who have been the publication’s mainstays for decades. Organized by the Norman Rockwell Museum in Stockbridge, Massachusetts, and co-curated by Stephanie Haboush Plunkett, Chief Curator and Rockwell Center Director of the Norman Rockwell Museum, and Steve Brodner, foremost satirical illustrator and caricaturist, What, Me Worry? traces the illustrated history of MAD from its popular humor comic book roots to its status as a mainstream force in American satire. Featuring more than 150 original works of art, the exhibition highlights many fan favorites that made MAD, MAD. These include close looks at the beloved rascal of a mascot, Alfred E. Neuman; the work of longtime illustrator Mort Drucker; MAD’s fabulous Fold-Ins; Spy vs. Spy; and, of course, its satirical views on politics, celebrity, art, movies, and television. Original illustrations and cartoons by Mort Drucker, Sergio Aragonés, Jack Davis, Al Jaffee, Richard Williams, and many others will be on view alongside ephemera, artifacts, media, and rare memorabilia.",https://www.cincinnatiartmuseum.org/art/exhibitions/exhibition-archive/2025/what-me-worry-the-art-and-humor-of-mad-magazine/,"Found on the venue's ""past 2025"" listing page.",2026-10-04T15:01:16.854Z
cincinnati,You and Me and the Space Between: Our Expedition Starts Now,2025-05-03,2025-10-26,"Drawing inspiration from L.A. Roberts’ panoramic landscape painting Yosemite Valley, 2025 Rosenthal Education Center Artist in Residence Karen Saunders’s interactive installation You and Me and the Space Between: Our Expedition Starts Now invites you to step into a landscape painting—a playful space to explore scale and awe. Karen is a multi-disciplinary artist who hopscotched across the Midwest before landing in Cincinnati where she has practiced as an artist and arts educator for nearly three decades. Karen earned a BFA from the University of Wisconsin-Milwaukee with an emphasis on ceramics and an MA in Art Education from Miami University, Oxford, Ohio. For the better part of 20 years, Karen has worked with diverse audiences at local institutions such as the Cincinnati Art Museum and the Kennedy Heights Arts Center while exhibiting her work at the Contemporary Arts Center, Canton Art Museum, Richmond Art Museum, and 21c Museum/Hotel. In addition to exploring You and Me and the Space Between: Our Expedition Starts Now and creating your own artwork inspired by the art installation, roam the REC and learn about artists who have inspired Karen through an exploration into architecture, personal stories, and immersive design. Investigate, explore, and create here, but don’t forget to pick up an activity booklet and find some of these objects in the galleries.",https://www.cincinnatiartmuseum.org/art/exhibitions/special-features/you-and-me-and-the-space-between-our-expedition-starts-now/,"Found on the venue's ""past 2025"" listing page.",2026-10-04T15:01:16.854Z
cincinnati,Recall. Reframe. Respond. The Art of Paul Scott,2025-10-10,2026-01-04,"At first glance, artist Paul Scott’s transfer-printed tableware* may look familiar—like something you have seen in your grandparents’ china cabinet or a second-hand shop. Look closer and you will notice subtle differences that add up to a powerful narrative shift. Scott (British, b. 1953) subverts this seemingly unassuming blue-and-white “cultural wallpaper” to create sharp, thought-provoking social commentary. Working with new ceramic forms or repurposing antique pieces, Scott breaks, reassembles, erases, and adds details using screenprinting, engraving, and collage processes to create new “historical” patterns. Broadly, his works address updated narratives about art, history and American experiences. During a visit to Ohio State University in 1999, Scott encountered a new genre of historical blue-and-white transferware. Beginning in the mid-1800s, manufacturers in Staffordshire, England, produced these objects specifically for American collectors. Long familiar with British transfer-printed ceramics, Scott knew little about those made for export—wares that memorialized certain American figures, landscapes, architecture, industries, and historical events. Since then, Scott has become one of a long line of travelers and observers who have visited and then written about or depicted this country, offering an outsider’s perspective. To this end, the artist’s New American Scenery series reflects his personal experiences of being and traveling in America, and, in his words, the need to “rebalance the narrative with something more contemporary and inclusive.” Ripe for reframing and responding, the museum’s American art collections will serve as a springboard for Scott to present existing and new works, inviting various perspectives and initiating conversations about our shared American experience. *Transfer-printed ware, or transferware, describes industrially produced ceramic tableware that has a decorative pattern applied by transferring a print first from an engraved c",https://www.cincinnatiartmuseum.org/art/exhibitions/exhibition-archive/2025/recall-reframe-respond-the-art-of-paul-scott/,"Found on the venue's ""past 2025"" listing page.",2026-10-04T15:01:16.854Z
cincinnati,Rediscovered Treasures,2025-09-19,2026-01-18,"Rediscovered Treasures features nearly 60 artworks selected from the Cincinnati Art Museum’s East Asian Art collection. Each tells a fascinating story of its rediscovery through scholarship or conservation, fulfilling two key goals of the museum’s mission: interpreting and preserving the cultural objects in our care. The museum acquired the core of its East Asian collection in the late nineteenth century when Cincinnati became a flourishing cultural center in the Midwest. These early acquisitions were often left unidentified, misidentified, or sometimes not accessioned at all due to a lack of information at the time. However, over the past two decades, new research on these works and others in the East Asian collection has led to many exciting discoveries, providing not only new information about the objects themselves, but also their histories and provenances.",https://www.cincinnatiartmuseum.org/art/exhibitions/exhibition-archive/2025/rediscovered-treasures/,"Found on the venue's ""past 2025"" listing page.",2026-10-04T15:01:16.854Z
cincinnati,Robert Rauschenberg: A Celebration,2025-08-05,2025-11-06,"Beginning in the 1950s, Robert Rauschenberg (1925–2008), through his conceptual work and large-scale collages (or “combines”), defined a new era of American art. A painter, photographer, printmaker, sculptor, and set designer, the artist challenged the traditional idea that artists stick to one medium or style. Rauschenberg pioneered a transfer drawing technique, in which he dissolved magazine and newspaper images with a solvent and transferred them by rubbing onto paper. He adapted this technique to canvas, printmaking, and three-dimensional works. Celebrating the centennial of his birth, Robert Rauschenberg: A Celebration brings together 16 large-scale works on paper spanning 30 years of the artist’s career and includes a 16-foot-long screen-printed mirror from 1971, titled Star Quarters, featuring images of the constellations. In 1961, Tatyana Grossman of Universal Limited Art Edition (ULAE), located on Long Island, introduced Rauschenberg to lithography. Tides, created in 1969, recycled his photographs of a hydrant and his turtle, “Rocky.” In 1967, the artist began working with Gemini G.E.L. in Los Angeles. With their assistance, Rauschenberg collaborated with artists and workshops internationally. For his early 1970s series Pages and Fuses, Gemini collaborated with the century-old Moulin à Papier Richard de Bas in Ambert, France, and the oldest paper mill in China in 1982. Rauschenberg’s Glacial Decoy series juxtaposed images from sets designed for choreographer Trisha Brown in 1979. In the 1990s, he focused on prints that utilized his photographs, as seen in Street Sounds from 1992. Throughout his career, Rauschenberg’s ongoing creative enthusiasm for printmaking defied categories and upturned the definition of what was a print, inviting the viewer to find beauty in the unexpected.",https://www.cincinnatiartmuseum.org/art/exhibitions/exhibition-archive/2025/robert-rauschenberg-a-celebration/,"Found on the venue's ""past 2025"" listing page.",2026-10-04T15:01:16.854Z
cincinnati,Transmissions,2025-07-08,2025-11-05,"This Conversations Gallery installation raises questions about communication itself. Alongside centuries-old calligraphic works from present-day Iran and Iraq, a concise selection of prints and photographs by contemporary artists Mehdi Moutashar, Shirin Neshat, and Aaron Siskind invites us to consider the ways artists use symbols—such as letter forms and gestures—to convey meaning. How can simple shapes and the suggestion of movement speak so deeply about transcendent experience and human connection?",https://www.cincinnatiartmuseum.org/art/exhibitions/exhibition-archive/2025/transmissions/,"Found on the venue's ""past 2025"" listing page.",2026-10-04T15:01:16.854Z
cincinnati,Farm to Table: Food and Identity in the Age of Impressionism,2025-06-13,2025-09-21,"Farm to Table: Food and Identity in the Age of Impressionism explores the intersections of art, gastronomy, and national identity in fin-de-siècle France. The exhibition showcases over sixty paintings and sculptures, including the work of Claude Monet, Eva Gonzalès, Victor Gilbert, Paul Gauguin, Jules Dalou, and Vincent van Gogh, artists who examined the nation’s unique relationship with food. The bounty of France’s agriculture and the skill of its chefs had long helped to define its strength and position on the international stage. This self-image as the world’s culinary capital became more important in the late nineteenth century as the country grappled with war, political instability, imperialism, and industrialization. In this climate, France’s culinary traditions signaled notions of its refinement, fortitude, and ingenuity while they also exposed fractures that destabilized national identity. From cultivation to consumption, food was central to notions of glory but also to those of collective pain. Farm to Table puts this history on view through the eyes and hands of the period’s greatest artists, who avidly brought subjects from agricultural fields to Parisian dining rooms into their painting and sculpture, documenting and reinforcing monumental cultural shifts at the heart of European modernity.",https://www.cincinnatiartmuseum.org/art/exhibitions/exhibition-archive/2025/farm-to-table/,"Found on the venue's ""past 2025"" listing page.",2026-10-04T15:01:16.854Z
cincinnati,Tintoretto’s Genesis,2025-04-18,2025-08-31,"In the early 1550s, Jacopo Tintoretto (1518–1594) made a series of large paintings depicting scenes from the Book of Genesis for the Scuola della Trinità, a charitable organization in Venice. Painted just as the artist was coming into his maturity, these canvases display a fusion of Michelangelo’s forceful conception of the figure, Titian’s renowned colorism, and Tintoretto’s own vigorous brushwork, dynamic compositions, and command of the workshop system. The paintings mark the beginning of Tintoretto’s rise as the powerhouse of Venetian Renaissance painting—a position he would hold for the next four decades. Tintoretto’s Genesis is the culmination of a research and conservation project undertaken by the Gallerie dell’Accademia di Venezia, and supported by the Foundation for Italian Art and Culture and the Cincinnati Art Museum. The exhibition in Cincinnati will debut three paintings from Tintoretto’s Trinità cycle—Cain and Abel, The Temptation of Adam, and The Creation of the Animals—following a year-long campaign of imaging, technical analysis and restoration in the conservation facilities of the Gallerie dell’Accademia, Venice. The museum will publish a book detailing the results of the project, including an enriched understanding of this important period in the career of the great Renaissance artist.",https://www.cincinnatiartmuseum.org/art/exhibitions/exhibition-archive/2025/tintorettos-genesis/,"Found on the venue's ""past 2025"" listing page.",2026-10-04T15:01:16.854Z
cincinnati,Cycle Thru! The Art of the Bike,2025-04-04,2025-08-24,"Gear up to see a 1901 Wolff-American Ice Bicycle engineered to traverse a frozen course, a seafoam green 1950s Huffy Radiobike designed so riders could cruise to their tunes of choice, and Pee-wee Herman’s customized 1953 Schwinn DX Cruiser starring in Tim Burton’s 1985 film, Pee-wee’s Big Adventure. These are just a few of the highlights waiting for you to discover in Cycle Thru! The Art of the Bike, an exhibition featuring the bicycle as a way to explore intersections of history, popular culture, design, and modern and contemporary art. Spanning the 1860s to today, over 20 bicycles from The Bicycle Museum of America in New Bremen, Ohio, illustrate the design innovations—both functional and aesthetic—marking the vehicle’s development. Paired with contemporary art by Jarbas Lopes, Bas Jan Ader, and Bari Kumar—as well as selections from the Cincinnati Art Museum’s collections of photographs, fashion, posters and paintings—visitors can pedal thru and ponder the role of the bicycle as an evolving icon, a connector of cultures, and a vehicle for autonomy and freedom to all, regardless of age, gender, and geography. Cycle Thru! The Art of the Bike originated at The Church, Sag Harbor, New York, as Re:Cycle—The Ubiquitous Bike, October 8–December 31, 2023, and is organized in partnership with The Bicycle Museum of America, New Bremen, Ohio.",https://www.cincinnatiartmuseum.org/art/exhibitions/exhibition-archive/2025/cycle-thru-the-art-of-the-bike/,"Found on the venue's ""past 2025"" listing page.",2026-10-04T15:01:16.854Z
cincinnati,Shahzia Sikander: Collective Behavior,2025-02-14,2025-05-04,"The Cincinnati Art Museum presents Shahzia Sikander: Collective Behavior, a career-spanning exhibition of the internationally renowned, New York-based artist. For more than three decades, Shahzia Sikander (born 1969, Lahore, Pakistan) has been reframing South Asian visual histories through a contemporary feminist perspective. Working in a variety of mediums—painting, drawing, print, digital animation, mosaic, sculpture, and glass—she reimagines the past for our present moment. Throughout her practice, she considers diasporic experiences, histories of colonialism, and Western relations with the global south and the wider Islamic world, often through the lens of gender and body politics. Rather than proceeding chronologically, Collective Behavior follows Sikander’s primary ideas and inquiries throughout her work, rooted as they are in a recurring lexicon of forms, figures, and ideas. The exhibition explores Sikander’s role as an American artist, a Pakistani artist, a Muslim artist, a feminist artist, and—perhaps most significantly—as a global citizen engaging with a disrupted historical narrative. Shahzia Sikander: Collective Behavior premiered as a Collateral Event of the 60th International Art Exhibition—La Biennale di Venezia, co-organized by the Cincinnati Art Museum and the Cleveland Museum of Art. After Venice, complementary iterations of the exhibition open across Ohio. CAM’s iteration of Collective Behavior is the largest and most comprehensive presentation of Sikander’s remarkable career. Shahzia Sikander: Collective Behavior is accompanied by a vividly illustrated catalogue featuring scholarly and poetic responses to the artist’s work.",https://www.cincinnatiartmuseum.org/art/exhibitions/exhibition-archive/2025/shahzia-sikander-collective-behavior/,"Found on the venue's ""past 2025"" listing page.",2026-10-04T15:01:16.854Z
cincinnati,Influence(d): Female Innovators in Contemporary Japanese Design,2025-01-14,2026-01-11,"Highlighting the work of 10 contemporary Japanese female artists who are challenging the boundaries of design in ceramics and fashion, this multimedia special feature explores their exceptional achievements through the lens of influence. Each artist simultaneously has influence—through their cultivation of distinctive practices, techniques, and philosophies—and is influenced, drawing inspiration from their teachers and peers, their surroundings and the natural world, and even their own rich interior lives. Equally celebrating these contemporary artists for their roles as vital innovators in their respective fields and as female creatives in historically male-saturated spaces, this new display encourages us to consider their multifaceted experiences and even reflect on our own creative pursuits in a new way.",https://www.cincinnatiartmuseum.org/art/exhibitions/exhibition-archive/2025/influenced-female-innovators-in-contemporary-japanese-design/,"Found on the venue's ""past 2025"" listing page.",2026-10-04T15:01:16.854Z
cincinnati,The Alice F. and Harris K. Weston Collection of Post-World War II Modern and Contemporary Art,,,"In the late 1950s, Alice (1926–2019) and Harris (1918–2009) Weston saw a group of Jackson Pollock paintings exhibited at Cincinnati’s Contemporary Arts Center. These paintings ignited a desire in the couple to obtain and own contemporary art—and showcase it within their home. Over the next several decades, the Westons collected dozens of Contemporary, Pop Art, Minimalist, and Post-Minimalist pieces. Through a lifetime of focused collecting, the Westons’ collection came to encompass the works of many eminent artists, including Hofmann, de Kooning, Wesselmann, Dine, Saar, Dubuffet, Duchamp, LeWitt, and others. A major portion of the Westons’ modern and contemporary art collection was generously bequeathed to the Cincinnati Art Museum in 2019. This contemporary collection complements the institution’s documentation of twentieth-century art history.",https://www.cincinnatiartmuseum.org/art/exhibitions/special-features/the-alice-f-and-harris-k-weston-collection-of-post-world-war-ii-modern-and-contemporary-art/,"Found on the venue's ""past 2025"" listing page. No closing date found anywhere on the venue's pages.",2026-10-04T15:01:16.854Z
cincinnati,The Thing Is: Photographs from the Collection,2025-11-11,2026-03-01,"When photography was invented in 1839, it seemed to engender a new, direct relationship between an object and its image. Early observers remarked, in awe, that a thing placed in front of a camera caused its own likeness to appear. Nearly 190 years later, we understand that photographs are not automatic renditions, but rather images created by humans with specific intentions. Yet, we still sometimes look through photographs rather than at them—as if a photograph of a pepper were a pepper, rather than a carefully shaped representation. Drawn from the museum’s rich collection of photography, this installation invites you to consider how photographers have pictured objects—from enticing advertisements to sophisticated artistic statements. Featured artists include Bernd and Hilla Becher, Ludwig Belitski, Walker Evans, Hans Finsler, Consuelo Kanaga, Laura Letinsky, Guennadi Maslov, Irving Penn, Albert Renger-Patzsch, Aaron Siskind, Sandy Skoglund, Ralph Steiner, and Edward Weston.",https://www.cincinnatiartmuseum.org/art/exhibitions/exhibition-archive/2025/the-thing-is-photographs-from-the-collection/,"Found on the venue's ""past 2025"" listing page.",2026-10-04T15:01:16.854Z
cincinnati,"New Acquisitions in the Department of South Asian Art, Islamic Art, & Antiquities",2025-11-06,2026-03-08,"Recently installed in CAM’s New Acquisitions Gallery (G150) are works by four internationally acclaimed living artists: Samira Abbassy, Kamrooz Aram, Chitra Ganesh, and Reena Saini Kallat. Seen together, these artworks represent the contemporary collecting strategy of the Department of South Asian Art, Islamic Art, and Antiquities. Working with artists and galleries, CAM is building a collection reflective of the vibrant artistic networks across South and West Asia, as well as the region’s diasporic communities in the US, Canada, and UK. In Ghosts of her Migration, Samira Abbassy explores her own Iranian heritage to ask broader questions about identity and belonging through a unique symbolic vocabulary. Kamrooz Aram’s painting Untitled (Arabesque Composition) explores the complicated relationship between Modernism and ornament by activating the “arabesque,” questioning the often-arbitrary distinction between what is considered “ornamentation” and “art.” Chitra Ganesh’s portfolio Sultana’s Dream (12 of which are currently on view) illustrates Rokeya Sakhawat Hossain’s 1905 satirical feminist mani­festo while also drawing upon themes of technology, futurism, environmen­talism, popular culture, and colonialism to upend the gender imbalance faced by Hossain at the turn of the twentieth century. Finally, Reena Saini Kallat’s Cobger and Poppy-Lily of the Valley combine animals, trees, or plants that are considered the national symbols of rival countries to emphasize how the natural world is uncontained by political boundaries. Visit us soon to see these incredible artworks in person.",https://www.cincinnatiartmuseum.org/art/exhibitions/exhibition-archive/2025/new-acquisitions-in-the-department-of-south-asian-art-islamic-art-antiquities/,"Found on the venue's ""past 2025"" listing page.",2026-10-04T15:01:16.854Z
cincinnati,CAMaraderie: Artists of the Cincinnati Art Museum,2024-11-08,2025-01-05,"CAMaraderie will showcase a variety of artworks made by museum staff across different departments. The exhibition will serve as a reminder that within these walls, we are not just our job titles—we are artists and storytellers, united by our love for the arts and our commitment to shaping a brighter future together. The Cincinnati Art Museum is honored to have two esteemed jurors, Dennis Harrington, Director of Weston Art Gallery, and Anissa Lewis, Director of Wave Pool, who will select the exhibited artwork through an anonymous submission process. CAMaraderie will also offer opportunities for staff artists to engage with the community through weeklong residencies, taking place for the duration of the exhibition. During these residencies, selected artists will be in the museum’s galleries performing demonstrations, working on their pieces, and interacting with viewers.",https://www.cincinnatiartmuseum.org/art/exhibitions/exhibition-archive/2024/camaraderie/,"Found on the venue's ""past 2024"" listing page.",2026-10-04T15:01:16.854Z
cincinnati,George Bellows: American Life in Print,2024-10-25,2025-02-09,"George Bellows (1882–1925) was a painter, illustrator, and printmaker. The exhibition will commemorate the 100th anniversary of the artist’s passing and feature 55 lithographs and drawings gifted and lent by Dr. James and Mrs. Lois Sanitato. Bellows chose to leave his native Columbus, Ohio, and moved to New York in 1904 to become a professional artist. He enrolled in the New York School of Art where he became a student of Robert Henri (1865–1929). Henri encouraged his students to move beyond European traditions, to open their eyes to contemporary life and the transformation of the New York urban environment. By the age of 26 Bellows had garnered critical acclaim, becoming the youngest elected member to the National Academy. During his 20-year career, his paintings captured the spirit and character of life in the first quarter of the twentieth century. Financially successful, in 1916, he set up set up a lithograph press in his studio at a time when the medium was associated with ephemeral commercial art and collectors’ favored etchings. Over the next nine years Bellows executed more than 190 prints, almost single-handedly elevating lithography to a fine art in the United States. The inherent flexibility of the process, its potential for drawing in vigorous strokes, and its richness of tone were well suited to his expressive yet journalistic style. The subjects that fascinated him range from intimate studies of his family and friends to snap shots of American life, the atrocities of World War I, and what first caught the public’s attention: boxing. All were new and undeniably American subjects. Today, Bellows is known for his paintings, yet his accomplishments in lithography stand on equal footing.",https://www.cincinnatiartmuseum.org/art/exhibitions/exhibition-archive/2024/george-bellows-american-life-in-print/,"Found on the venue's ""past 2024"" listing page.",2026-10-04T15:01:16.854Z
cincinnati,Discovering Ansel Adams,2024-09-27,2025-01-19,"Ansel Adams (American, 1902–1984), The Tetons and the Snake River, Grand Teton National Park, Wyoming, 1942, gelatin silver print, image 39 15/16 x 51 1/4 in. Ansel Adams (American, 1902–1984) Leaves, Glacier National Park, Montana, 1942, gelatin silver print, image 4 7/16 x 6 1/4 in. Ansel Adams (American, 1902–1984), Yosemite Valley from Tunnel Esplanade, circa 1930, gelatin silver print, image 5 9/16 x 7 3/16 in. Ansel Adams (American, 1902–1984), Helmet Rock, near Land’s End, circa 1918, gelatin silver print, image 2 11/16 x 3 11/16 in.",https://www.cincinnatiartmuseum.org/art/exhibitions/exhibition-archive/2024/discovering-ansel-adams/,"Found on the venue's ""past 2024"" listing page.",2026-10-04T15:01:16.854Z
cincinnati,Words and Photographs: Gauri Gill / Wolf von dem Bussche,2024-08-20,2024-11-21,"Part of a series of small exhibitions highlighting the museum’s rich photography collection, Words and Photographs features two recently-acquired bodies of black and white photography. Wolf von dem Bussche photographed his series O Frabjous Day! in New York in the 1970s, while Gauri Gill made her series Jannat in rural India in the early 2000s. Although working in different times, places, and cultural contexts, both artists reflect on the complex life of a child. Both use the written word as an integral facet of their artwork, and both push the boundaries of documentary photography by exploring their deep personal relationships with those they photograph. Jannat is the most recent addition to the museum’s growing holding of photography by South Asian artists and the third major work by Gill to join the collection since 2018. Photographs by von dem Bussche are drawn from a significant recent gift of the artist’s work from collectors Susan and Jeff Lynn.",https://www.cincinnatiartmuseum.org/art/exhibitions/exhibition-archive/2024/words-and-photographs-gauri-gill-wolf-von-dem-bussche/,"Found on the venue's ""past 2024"" listing page.",2026-10-04T15:01:16.854Z
cincinnati,Modern and Contemporary Craft,2024-07-27,2026-02-22,"Haystack River Basket, 2011, Dorothy Gill Barnes (American, 1927–2020), wood (possibly spruce), Museum Purchase: Gloria W. Cincinnati Art Museum is supported by the tens of thousands of people who give generously to the annual ArtsWave Campaign, the region's primary source for arts funding. Free general admission to the Cincinnati Art Museum is made possible by a gift from the Rosenthal Family Foundation. Exhibition pricing may vary. Parking at the Cincinnati Art Museum is free. Generous support for our extended Thursday hours is provided by Art Bridges Foundation’s Access for All program.",https://www.cincinnatiartmuseum.org/art/exhibitions/exhibition-archive/2024/modern-and-contemporary-craft/,"Found on the venue's ""past 2024"" listing page.",2026-10-04T15:01:16.854Z
cincinnati,The Culture: Hip Hop and Contemporary Art in the 21st Century,2024-06-28,2024-09-29,"In the wake of hip hop’s 50th anniversary, the Cincinnati Art Museum is hosting a groundbreaking exhibition exploring the genre’s extraordinary influence on contemporary society over the past two decades. The Culture: Hip Hop and Contemporary Art in the 21st Century showcases more than 100 works of art by some of today’s most important and celebrated artists—such as Jean-Michel Basquiat, Roberto Lugo, Carrie Mae Weems, William Cordova, Hassan Hajjaj, Hank Willis Thomas—and fashion brands, with looks from Cross Colours and Vivienne Westwood. A range of music ephemera will also be on display. The Culture was originally curated by Asma Naeem, the Dorothy Wagner Wallis Director of the Baltimore Museum of Art; Gamynne Guillotte, former Chief Education Officer at the Baltimore Museum of Art; Andréa Purnell, Audience Development Manager at the Saint Louis Art Museum; and Hannah Klemm, former Associate Curator of Modern and Contemporary Art at the Saint Louis Art Museum. The presentation of the exhibition at the Cincinnati Art Museum was curated by Jason Rawls, EdD. Rawls is an Assistant Professor at The Ohio State University in the Department of African American & African Studies and the School of Music, a DJ himself (aka J. Rawls), an author, and a prolific record producer. The Culture: Hip Hop and Contemporary Art in the 21st Century is accompanied by a comprehensive catalog with contributions from more than 50 artists, writers, scholars, curators, and arts leaders.",https://www.cincinnatiartmuseum.org/art/exhibitions/exhibition-archive/2024/the-culture-hip-hop-and-contemporary-art-in-the-21st-century/,"Found on the venue's ""past 2024"" listing page.",2026-10-04T15:01:16.854Z
cincinnati,Rodin | Response: FIELD family secrets,2024-06-14,2024-09-08,"Posing unexpected questions, Rodin | Response: FIELD family secrets represents the culmination of a research and creative project led by artist and educator Mrin Aggarwal (Supermrin). On view are works by contemporary artists (including Supermrin) and University of Cincinnati (UC) undergraduates, and objects spanning the breadth of CAM’s collections. At the center of the exhibition stand four full-scale bronze figures by renowned sculptor Auguste Rodin (French, 1840–1917) on loan to the museum through the generosity of Iris Cantor. Rodin conceived the statues in the 1880s as part of The Burghers of Calais. In this revered work, the artist reoriented the long tradition of the sculptural monument in Europe by shifting the focus from triumphant glory to human suffering, changing what forms and meanings a public monument can take. Informed by Supermrin’s own practice, titled FIELD, Rodin | Response serves as an artistic reply to Rodin’s Burghers. Supermrin, along with her undergraduate students at UC’s School of Art and consulting artist Laura K. Reeder, created nine works which present contemporary sculpture as inheritances—the “family secrets” embedded within the fragmented legacies of colonialism and the early modernism of Rodin’s era. In addition to the Rodin sculptures, the exhibition also displays an array of objects from CAM’s collections—including an Egyptian mirror circa 2000 BCE and a ball of rubber harvested from the Congo river basin in 1890—all provoking different responses from the artists on view.",https://www.cincinnatiartmuseum.org/art/exhibitions/exhibition-archive/2024/rodin-response-field-family-secrets/,"Found on the venue's ""past 2024"" listing page.",2026-10-04T15:01:16.854Z
cincinnati,From Shanghai to Ohio: Woo Chong Yung,2024-05-10,2024-08-18,"Woo Chong Yung 吳仲熊 (1898–1989), also known in the United States as C.Y. Woo, was a highly accomplished painter, calligrapher, and poet from Shanghai. From the 1920s to 1949, Woo was at the center of China’s cultural world, recognized in the art circles of both Shanghai and Beijing. Faced with political persecution in the 1960s, Woo migrated to Columbus, Ohio right before the Cultural Revolution. Once in the United States, Woo became an active presence in the local community, teaching classes in Chinese painting and martial arts and contributing his talents to local arts councils and ethnic festivals in Columbus and central Ohio. By the end of his life, he had essentially become a living legend in Columbus. From Shanghai to Ohio: Woo Chong Yung (1898–1989) features nearly 100 works, including painting and calligraphy, carved seals, and a Taiji sword drawn from the collections of the Cincinnati Art Museum and The Frank Museum of Art at Otterbein University. Few of these paintings have ever been published or publicly displayed. Woo’s lifetime body of work illustrates how his remarkable experiences of emigrating from China and becoming an American utterly transformed and reshaped both his life and painting.",https://www.cincinnatiartmuseum.org/art/exhibitions/exhibition-archive/2024/from-shanghai-to-ohio-woo-chong-yung/,"Found on the venue's ""past 2024"" listing page.",2026-10-04T15:01:16.854Z
cincinnati,Shapeshifting: Unconventional Approaches in Contemporary Japanese Design,2024-01-13,2025-01-12,"Pairing together ceramics and textiles from the museum’s collection, this special feature explores different processes of ""becoming"" within contemporary Japanese design. During the material creation of artworks, both objects and artists may ""become"" something else: a block of clay may transform into a flower or the wind, while a fashion designer’s artistic identity may shift over the course of their career. A collaboration between the museum’s Decorative Arts & Design and Fashion Arts & Textiles departments, this new display investigates the experimentation and evolution at the center of contemporary Japanese design, regardless of medium.",https://www.cincinnatiartmuseum.org/art/exhibitions/exhibition-archive/2024/shapeshifting-unconventional-approaches-in-contemporary-japanese-design/,"Found on the venue's ""past 2024"" listing page.",2026-10-04T15:01:16.854Z
